ISO-10303-21;
HEADER;
FILE_DESCRIPTION (( 'STEP AP203' ),
    '1' );
FILE_NAME ('Stem_modificiado.STEP',
    '2026-10-06T21:13:58',
    ( '' ),
    ( '' ),
    'SwSTEP 2.0',
    'SolidWorks 2025',
    '' );
FILE_SCHEMA (( 'CONFIG_CONTROL_DESIGN' ));
ENDSEC;

DATA;
#1 = CARTESIAN_POINT ( 'NONE',  ( -7.628753538268564813E-16, -43.31251970071234325, -12.45870000000000033 ) ) ;
#2 = CYLINDRICAL_SURFACE ( 'NONE', #2837, 8.000000000000000000 ) ;
#3 = CARTESIAN_POINT ( 'NONE',  ( 12.45870000000000033, -42.56251970071234325, -1.525750707653712963E-15 ) ) ;
#4 = CARTESIAN_POINT ( 'NONE',  ( 4.332135384791488519, -2.625019700712343251, -10.45870000000000033 ) ) ;
#5 = DIRECTION ( 'NONE',  ( 0.000000000000000000, 0.000000000000000000, 1.000000000000000000 ) ) ;
#6 = CARTESIAN_POINT ( 'NONE',  ( 4.514927829866770992, -10.12980437450572246, -10.89999999999996483 ) ) ;
#7 = CARTESIAN_POINT ( 'NONE',  ( -7.951019343464190656E-16, -39.61637914738683719, -12.98499999999999943 ) ) ;
#8 = CARTESIAN_POINT ( 'NONE',  ( 2.288626061480569049E-15, -43.81251970071234325, 12.45870000000000033 ) ) ;
#9 = VERTEX_POINT ( 'NONE', #3095 ) ;
#10 = DIRECTION ( 'NONE',  ( 0.000000000000000000, 0.000000000000000000, 1.000000000000000000 ) ) ;
#11 = CARTESIAN_POINT ( 'NONE',  ( -10.45870000000000033, -5.625019700712343251, -4.332135384791489408 ) ) ;
#12 = CARTESIAN_POINT ( 'NONE',  ( -4.556349186104045934, -6.187500000000002665, -11.00000000000000000 ) ) ;
#13 = CARTESIAN_POINT ( 'NONE',  ( -7.395417692395742648, -4.437519700712343251, 7.395417692395746201 ) ) ;
#14 = DIRECTION ( 'NONE',  ( 0.000000000000000000, 0.000000000000000000, 1.000000000000000000 ) ) ;
#15 = CARTESIAN_POINT ( 'NONE',  ( -2.319935265782865130, -33.49999999999998579, -12.63107651745580284 ) ) ;
#16 = CARTESIAN_POINT ( 'NONE',  ( -6.674325055353075238E-16, -4.307735026918963150, -10.90000000000000036 ) ) ;
#17 = CARTESIAN_POINT ( 'NONE',  ( 2.288626061480569049E-15, -39.81251970071234325, 12.45870000000000033 ) ) ;
#18 = CARTESIAN_POINT ( 'NONE',  ( -5.160562509537681031, -35.25001970071234325, -12.45870000000000388 ) ) ;
#19 = CARTESIAN_POINT ( 'NONE',  ( 11.82252348474072079, -33.50000000000002132, 4.014050292896948591 ) ) ;
#20 = AXIS2_PLACEMENT_3D ( 'NONE', #5612, #1674, #477 ) ;
#21 = CARTESIAN_POINT ( 'NONE',  ( 7.778174593052023411, -10.50003940142468650, 7.778174593052021635 ) ) ;
#22 = CARTESIAN_POINT ( 'NONE',  ( 7.707463914933369686, -4.682735026918962262, 7.707463914933367022 ) ) ;
#23 = CARTESIAN_POINT ( 'NONE',  ( 13.00000000000000000, -35.81253940142469361, -5.384776310850237557 ) ) ;
#24 = AXIS2_PLACEMENT_3D ( 'NONE', #904, #3579, #10 ) ;
#25 = CARTESIAN_POINT ( 'NONE',  ( -5.384776310850238445, -37.31250000000000000, 12.99999999999999822 ) ) ;
#26 = CARTESIAN_POINT ( 'NONE',  ( -5.160562509537681919, -37.87501970071233615, 12.45870000000000033 ) ) ;
#27 = CARTESIAN_POINT ( 'NONE',  ( -10.90000000000000036, -3.817304374505724684, 0.000000000000000000 ) ) ;
#28 = ADVANCED_FACE ( 'NONE', ( #4912 ), #474, .T. ) ;
#29 = VECTOR ( 'NONE', #1815, 1000.000000000000000 ) ;
#30 = CARTESIAN_POINT ( 'NONE',  ( 7.395417692395743536, -8.937519700712343251, -7.395417692395744425 ) ) ;
#31 = CARTESIAN_POINT ( 'NONE',  ( -8.809631254768840236, -34.93751970071234325, -8.809631254768840236 ) ) ;
#32 = CARTESIAN_POINT ( 'NONE',  ( 8.809631254768838460, -42.43751970071234325, -8.809631254768840236 ) ) ;
#33 = CARTESIAN_POINT ( 'NONE',  ( -8.809631254768838460, -38.68751970071233615, 8.809631254768842012 ) ) ;
#34 =( BOUNDED_CURVE ( )  B_SPLINE_CURVE ( 2, ( #1067, #2865, #4223, #735, #3498, #5659, #5164, #3011, #4306 ),
 .UNSPECIFIED., .F., .T. ) 
 B_SPLINE_CURVE_WITH_KNOTS ( ( 3, 2, 2, 2, 3 ),
 ( 0.02272727272727272790, 0.03409090909090908839, 0.04545454545454545581, 0.05681818181818181629, 0.06818181818181817677 ),
 .UNSPECIFIED. ) 
 CURVE ( )  GEOMETRIC_REPRESENTATION_ITEM ( )  RATIONAL_B_SPLINE_CURVE ( ( 1.000000000000000000, 0.9238795325112867385, 1.000000000000000000, 0.9238795325112867385, 1.000000000000000000, 0.9238795325112867385, 1.000000000000000000, 0.9238795325112867385, 1.000000000000000000 ) ) 
 REPRESENTATION_ITEM ( '' )  );
#35 = CARTESIAN_POINT ( 'NONE',  ( 10.45870000000000033, -6.750019700712345028, -4.332135384791490296 ) ) ;
#36 = CARTESIAN_POINT ( 'NONE',  ( -5.378563107414642275, -40.32116025403784221, 12.98499999999999766 ) ) ;
#37 = DIRECTION ( 'NONE',  ( 0.000000000000000000, 1.000000000000000000, 0.000000000000000000 ) ) ;
#38 = ORIENTED_EDGE ( 'NONE', *, *, #4276, .F. ) ;
#39 = EDGE_CURVE ( 'NONE', #3668, #1451, #5306, .T. ) ;
#40 = CARTESIAN_POINT ( 'NONE',  ( -6.404106739121211359E-16, -6.562519700712344140, -10.45870000000000033 ) ) ;
#41 = CARTESIAN_POINT ( 'NONE',  ( -10.90000000000000036, -2.879804374505723796, -4.514927829866737241 ) ) ;
#42 = AXIS2_PLACEMENT_3D ( 'NONE', #5194, #4477, #468 ) ;
#43 = CARTESIAN_POINT ( 'NONE',  ( -8.809631254768840236, -37.93751970071233615, -8.809631254768840236 ) ) ;
#44 = CARTESIAN_POINT ( 'NONE',  ( 10.45870000000000033, -4.062519700712344140, -1.280821347824242272E-15 ) ) ;
#45 = CARTESIAN_POINT ( 'NONE',  ( 4.556349186104045934, -5.312500000000001776, -11.00000000000000000 ) ) ;
#46 = CARTESIAN_POINT ( 'NONE',  ( 10.45870000000000033, -5.000019700712344140, -4.332135384791490296 ) ) ;
#47 = PLANE ( 'NONE',  #4779 ) ;
#48 = ORIENTED_EDGE ( 'NONE', *, *, #2173, .F. ) ;
#49 = PLANE ( 'NONE',  #2549 ) ;
#50 = CARTESIAN_POINT ( 'NONE',  ( 5.160562509537679254, -37.37501970071234325, -12.45870000000000211 ) ) ;
#51 = CARTESIAN_POINT ( 'NONE',  ( 8.809631254768838460, -36.43751970071234325, -8.809631254768840236 ) ) ;
#52 = CARTESIAN_POINT ( 'NONE',  ( 7.707463914933367022, -9.432735026918962262, -7.707463914933368798 ) ) ;
#53 = CARTESIAN_POINT ( 'NONE',  ( -4.332135384791492072, -2.125019700712343695, 10.45870000000000033 ) ) ;
#54 = CARTESIAN_POINT ( 'NONE',  ( -10.45870000000000033, -0.5000197007123433623, 4.332135384791498289 ) ) ;
#55 = CARTESIAN_POINT ( 'NONE',  ( 2.002297516605922276E-15, -9.567304374505724240, 10.90000000000000036 ) ) ;
#56 = CARTESIAN_POINT ( 'NONE',  ( -10.90000000000000036, -0.8173043745057242404, 0.000000000000000000 ) ) ;
#57 = CARTESIAN_POINT ( 'NONE',  ( -4.556349186104045934, -1.062539401424686059, -11.00000000000000000 ) ) ;
#58 = CARTESIAN_POINT ( 'NONE',  ( 5.384776310850236669, -37.81249999999999289, -13.00000000000000000 ) ) ;
#59 = CARTESIAN_POINT ( 'NONE',  ( 8.809631254768838460, -37.43751970071233615, -8.809631254768840236 ) ) ;
#60 = CARTESIAN_POINT ( 'NONE',  ( 8.885496432048485715, 6.534971050147875989E-18, -5.618623827603053122 ) ) ;
#61 = EDGE_LOOP ( 'NONE', ( #2998, #156, #3296, #5047 ) ) ;
#62 = CARTESIAN_POINT ( 'NONE',  ( 2.288626061480569049E-15, -37.56251970071233615, 12.45870000000000033 ) ) ;
#63 = CARTESIAN_POINT ( 'NONE',  ( -7.960204194457795477E-16, -41.62503940142468650, -13.00000000000000000 ) ) ;
#64 = CARTESIAN_POINT ( 'NONE',  ( -5.160562509537681919, -35.62501970071234325, 12.45870000000000033 ) ) ;
#65 = ADVANCED_FACE ( 'NONE', ( #2652 ), #4517, .T. ) ;
#66 = CARTESIAN_POINT ( 'NONE',  ( 1.590203868692838131E-15, -228.9999999999999716, -12.98499999999999943 ) ) ;
#67 = CARTESIAN_POINT ( 'NONE',  ( 2.002297516605922276E-15, -8.567304374505724240, 10.90000000000000036 ) ) ;
#68 = ORIENTED_EDGE ( 'NONE', *, *, #3356, .T. ) ;
#69 = CARTESIAN_POINT ( 'NONE',  ( 24.78976073560513527, -304.0000000000000000, -10.26974988358772833 ) ) ;
#70 = CARTESIAN_POINT ( 'NONE',  ( 2.288626061480569049E-15, -38.56251970071233615, 12.45870000000000033 ) ) ;
#71 = CARTESIAN_POINT ( 'NONE',  ( 10.45870000000000211, -6.125019700712343251, 4.332135384791487631 ) ) ;
#72 = CARTESIAN_POINT ( 'NONE',  ( 2.020667218593132706E-15, -9.750000000000001776, 11.00000000000000000 ) ) ;
#73 = CARTESIAN_POINT ( 'NONE',  ( -10.45870000000000033, -5.625019700712343251, -4.332135384791489408 ) ) ;
#74 = CARTESIAN_POINT ( 'NONE',  ( 4.769126492209386114, -33.50000000000000000, 11.50976273392751636 ) ) ;
#75 = CARTESIAN_POINT ( 'NONE',  ( 2.385305803039257098E-15, -41.11637914738683719, 12.98499999999999943 ) ) ;
#76 = CARTESIAN_POINT ( 'NONE',  ( -10.90000000000000036, -10.81730437450572424, 0.000000000000000000 ) ) ;
#77 = CARTESIAN_POINT ( 'NONE',  ( 4.514927829866708819, -2.745235026918964039, 10.90000000000003233 ) ) ;
#78 = CARTESIAN_POINT ( 'NONE',  ( -10.45870000000000033, -6.250019700712344140, 4.332135384791498289 ) ) ;
#79 = CARTESIAN_POINT ( 'NONE',  ( -12.45870000000000211, -39.12501970071233615, -5.160562509537680143 ) ) ;
#80 = CARTESIAN_POINT ( 'NONE',  ( -12.45869999999999855, -33.75001970071234325, 5.160562509537688136 ) ) ;
#81 = CARTESIAN_POINT ( 'NONE',  ( -7.395417692395742648, -8.187519700712345028, 7.395417692395746201 ) ) ;
#82 = CARTESIAN_POINT ( 'NONE',  ( 12.45870000000000388, -37.50001970071234325, -5.160562509537681031 ) ) ;
#83 = CARTESIAN_POINT ( 'NONE',  ( 7.599324556843461309, -33.50000000000002132, 9.906131953399050616 ) ) ;
#84 = CARTESIAN_POINT ( 'NONE',  ( -10.45870000000000033, -2.312519700712343695, 0.000000000000000000 ) ) ;
#85 = CARTESIAN_POINT ( 'NONE',  ( -10.45870000000000033, -0.5625197007123434734, 0.000000000000000000 ) ) ;
#86 = CARTESIAN_POINT ( 'NONE',  ( 4.514927829866736353, -9.129804374505724240, -10.90000000000000036 ) ) ;
#87 = CARTESIAN_POINT ( 'NONE',  ( -7.395417692395744425, -9.687519700712345028, -7.395417692395744425 ) ) ;
#88 = CARTESIAN_POINT ( 'NONE',  ( -10.99999999999999822, -1.812539401424686059, 4.556349186104052151 ) ) ;
#89 = CARTESIAN_POINT ( 'NONE',  ( 5.160562509537679254, -36.37501970071234325, -12.45870000000000211 ) ) ;
#90 = CARTESIAN_POINT ( 'NONE',  ( -10.89999999999999858, -3.754804374505724684, 4.514927829866743458 ) ) ;
#91 = EDGE_LOOP ( 'NONE', ( #2167, #4089, #4032, #5159 ) ) ;
#92 = CARTESIAN_POINT ( 'NONE',  ( 1.561424668912875111E-15, -264.0000000000000000, -12.75000000000000000 ) ) ;
#93 = CARTESIAN_POINT ( 'NONE',  ( 8.809631254768838460, -39.18751970071233615, -8.809631254768840236 ) ) ;
#94 = CARTESIAN_POINT ( 'NONE',  ( 13.00000000000000000, -40.81253940142468650, -5.384776310850237557 ) ) ;
#95 = CARTESIAN_POINT ( 'NONE',  ( 12.45870000000000211, -36.25001970071234325, -5.160562509537681031 ) ) ;
#96 = CARTESIAN_POINT ( 'NONE',  ( 12.98499999999999943, -41.94616025403784931, -5.378563107414642275 ) ) ;
#97 = CARTESIAN_POINT ( 'NONE',  ( -12.45870000000000033, -43.93751970071234325, 0.000000000000000000 ) ) ;
#98 = EDGE_LOOP ( 'NONE', ( #383, #2493, #3082, #5117 ) ) ;
#99 = APPROVAL_STATUS ( 'not_yet_approved' ) ;
#100 = ORIENTED_EDGE ( 'NONE', *, *, #4774, .T. ) ;
#101 = CARTESIAN_POINT ( 'NONE',  ( 10.45870000000000211, -7.875019700712345028, 4.332135384791487631 ) ) ;
#102 = CARTESIAN_POINT ( 'NONE',  ( -0.1418383275197682980, -264.0000000000000000, -28.50951388376950746 ) ) ;
#103 = CARTESIAN_POINT ( 'NONE',  ( -8.809631254768840236, -36.93751970071233615, -8.809631254768840236 ) ) ;
#104 = CARTESIAN_POINT ( 'NONE',  ( -7.395417692395742648, -7.437519700712343251, 7.395417692395746201 ) ) ;
#105 = CARTESIAN_POINT ( 'NONE',  ( -11.00000000000000000, -9.062500000000000000, -4.556349186104045934 ) ) ;
#106 = CARTESIAN_POINT ( 'NONE',  ( 12.45870000000000211, -41.37501970071234325, 5.160562509537678366 ) ) ;
#107 = CARTESIAN_POINT ( 'NONE',  ( 0.000000000000000000, -33.50000000000000000, 0.000000000000000000 ) ) ;
#108 = EDGE_LOOP ( 'NONE', ( #377, #1362, #689, #4189, #1530 ) ) ;
#109 = CARTESIAN_POINT ( 'NONE',  ( 1.334865011070615048E-15, -33.50000000000000000, -10.90000000000000036 ) ) ;
#110 = EDGE_CURVE ( 'NONE', #5497, #2957, #4938, .T. ) ;
#111 = B_SPLINE_CURVE_WITH_KNOTS ( 'NONE', 3,
 ( #3364, #1132, #693, #2543, #749, #4022, #1220, #3020, #3850, #4322, #4777, #5374, #1403, #2134, #1841, #2109, #2715, #3050, #5342, #947, #2598, #4748, #3879, #3189, #4346 ),
 .UNSPECIFIED., .F., .F.,
 ( 4, 2, 2, 2, 1, 2, 2, 2, 2, 2, 2, 2, 4 ),
 ( 0.004004766641401921907, 0.006156202240607012988, 0.008307637839812104935, 0.009383355639414650909, 0.01045907343901719688, 0.01153479123861974112, 0.01261050903822228883, 0.01476194463742738078, 0.01583766243702992849, 0.01691338023663247273, 0.01906481583583756467, 0.02014053363544010891, 0.02121625143504265662 ),
 .UNSPECIFIED. ) ;
#112 = CARTESIAN_POINT ( 'NONE',  ( -12.45869999999999855, -37.00001970071234325, 5.160562509537689024 ) ) ;
#113 = CARTESIAN_POINT ( 'NONE',  ( 1.561424668912875111E-15, -228.9999999999999716, -12.75000000000000000 ) ) ;
#114 = CARTESIAN_POINT ( 'NONE',  ( 1.921232021736363210E-15, -7.062519700712344140, 10.45870000000000033 ) ) ;
#115 = CARTESIAN_POINT ( 'NONE',  ( -8.809631254768840236, -38.18751970071233615, -8.809631254768840236 ) ) ;
#116 = CARTESIAN_POINT ( 'NONE',  ( 7.778174593052021635, -10.25003940142468650, -7.778174593052023411 ) ) ;
#117 = CARTESIAN_POINT ( 'NONE',  ( -11.43217321901175687, -264.0000000000000000, -5.645167445745995494 ) ) ;
#118 = CARTESIAN_POINT ( 'NONE',  ( 2.002297516605922276E-15, -3.567304374505724684, 10.90000000000000036 ) ) ;
#119 = CARTESIAN_POINT ( 'NONE',  ( 5.160562509537688136, -38.50001970071233615, 12.45869999999999855 ) ) ;
#120 = CIRCLE ( 'NONE', #1905, 11.90000000000000036 ) ;
#121 = CARTESIAN_POINT ( 'NONE',  ( -5.384776310850237557, -39.56253940142468650, -13.00000000000000000 ) ) ;
#122 =( BOUNDED_CURVE ( )  B_SPLINE_CURVE ( 2, ( #3642, #3207, #2333, #2889, #5391, #5426, #1515, #1891, #4569 ),
 .UNSPECIFIED., .F., .T. ) 
 B_SPLINE_CURVE_WITH_KNOTS ( ( 3, 2, 2, 2, 3 ),
 ( 0.4318181818181816012, 0.4431818181818181213, 0.4545454545454545858, 0.4659090909090911059, 0.4772727272727276815 ),
 .UNSPECIFIED. ) 
 CURVE ( )  GEOMETRIC_REPRESENTATION_ITEM ( )  RATIONAL_B_SPLINE_CURVE ( ( 1.000000000000001554, 0.9238795325112852952, 1.000000000000000000, 0.9238795325112867385, 1.000000000000000000, 0.9238795325112867385, 1.000000000000000000, 0.9238795325112841850, 1.000000000000002665 ) ) 
 REPRESENTATION_ITEM ( '' )  );
#123 = CARTESIAN_POINT ( 'NONE',  ( 12.45870000000000211, -37.37501970071233615, 5.160562509537678366 ) ) ;
#124 = CARTESIAN_POINT ( 'NONE',  ( 12.98499999999999943, -35.00866025403784931, -1.590203868692838328E-15 ) ) ;
#125 = CARTESIAN_POINT ( 'NONE',  ( -7.395417692395742648, -1.187519700712343251, 7.395417692395746201 ) ) ;
#126 = ORIENTED_EDGE ( 'NONE', *, *, #4834, .F. ) ;
#127 = DIRECTION ( 'NONE',  ( 0.000000000000000000, 0.000000000000000000, 1.000000000000000000 ) ) ;
#128 = CARTESIAN_POINT ( 'NONE',  ( -12.45870000000000033, -40.06251970071234325, 0.000000000000000000 ) ) ;
#129 = CARTESIAN_POINT ( 'NONE',  ( 4.332135384791495625, -7.000019700712343251, 10.45870000000000033 ) ) ;
#130 = CYLINDRICAL_SURFACE ( 'NONE', #3846, 12.75000000000000000 ) ;
#131 = CARTESIAN_POINT ( 'NONE',  ( 2.288626061480569049E-15, -40.56251970071234325, 12.45870000000000033 ) ) ;
#132 = CARTESIAN_POINT ( 'NONE',  ( -10.45870000000000033, -8.500019700712345028, 4.332135384791498289 ) ) ;
#133 = VECTOR ( 'NONE', #2299, 1000.000000000000000 ) ;
#134 = CARTESIAN_POINT ( 'NONE',  ( -6.735557395310442023E-16, -8.250000000000000000, -11.00000000000000000 ) ) ;
#135 = CARTESIAN_POINT ( 'NONE',  ( 2.288626061480569049E-15, -43.56251970071234325, 12.45870000000000033 ) ) ;
#136 = DIRECTION ( 'NONE',  ( 0.000000000000000000, 1.000000000000000000, 0.000000000000000000 ) ) ;
#137 = CARTESIAN_POINT ( 'NONE',  ( -7.951019343464190656E-16, -35.61637914738684429, -12.98499999999999943 ) ) ;
#138 = SECURITY_CLASSIFICATION ( '', '', #5124 ) ;
#139 = CARTESIAN_POINT ( 'NONE',  ( -6.404106739121211359E-16, -1.812519700712343695, -10.45870000000000033 ) ) ;
#140 = CARTESIAN_POINT ( 'NONE',  ( -10.90000000000000036, -9.057735026918962262, 0.000000000000000000 ) ) ;
#141 = CARTESIAN_POINT ( 'NONE',  ( 11.50976273389285964, -33.49999999999880629, -4.769126492293024988 ) ) ;
#142 = CARTESIAN_POINT ( 'NONE',  ( -11.00000000000000000, 0.9999999999999991118, 0.000000000000000000 ) ) ;
#143 = EDGE_CURVE ( 'NONE', #5073, #3809, #4886, .T. ) ;
#144 = CARTESIAN_POINT ( 'NONE',  ( 8.809631254768838460, -37.43751970071233615, -8.809631254768840236 ) ) ;
#145 = CARTESIAN_POINT ( 'NONE',  ( 9.192388155425115670, -43.75003940142468650, -9.192388155425117446 ) ) ;
#146 = PLANE ( 'NONE',  #4769 ) ;
#147 = CARTESIAN_POINT ( 'NONE',  ( -6.735557395310442023E-16, -2.125039401424686503, -11.00000000000000000 ) ) ;
#148 = EDGE_CURVE ( 'NONE', #4243, #2323, #2277, .T. ) ;
#149 = CARTESIAN_POINT ( 'NONE',  ( -6.404106739121211359E-16, -9.562519700712345028, -10.45870000000000033 ) ) ;
#150 = CARTESIAN_POINT ( 'NONE',  ( -4.332135384791490296, -7.750019700712343251, -10.45870000000000033 ) ) ;
#151 = CARTESIAN_POINT ( 'NONE',  ( -7.628753538268564813E-16, -37.06251970071233615, -12.45870000000000033 ) ) ;
#152 = PLANE ( 'NONE',  #5132 ) ;
#153 = CARTESIAN_POINT ( 'NONE',  ( -5.384776310850237557, -42.56253940142469361, -13.00000000000000000 ) ) ;
#154 = CARTESIAN_POINT ( 'NONE',  ( -5.160562509537681031, -37.00001970071234325, -12.45870000000000211 ) ) ;
#155 = CARTESIAN_POINT ( 'NONE',  ( 2.385305803039257098E-15, -35.25866025403784221, 12.98499999999999943 ) ) ;
#156 = ORIENTED_EDGE ( 'NONE', *, *, #4387, .T. ) ;
#157 = CARTESIAN_POINT ( 'NONE',  ( -10.90000000000000036, -5.879804374505724240, -4.514927829866737241 ) ) ;
#158 = CARTESIAN_POINT ( 'NONE',  ( -4.332135384791490296, -6.500019700712344140, -10.45870000000000033 ) ) ;
#159 = CARTESIAN_POINT ( 'NONE',  ( 9.181781553707319077, -35.88366025403784931, -9.181781553707320853 ) ) ;
#160 = CARTESIAN_POINT ( 'NONE',  ( -8.809631254768838460, -39.68751970071234325, 8.809631254768842012 ) ) ;
#161 = CARTESIAN_POINT ( 'NONE',  ( 10.45870000000000033, -8.000019700712345028, -4.332135384791490296 ) ) ;
#162 = CARTESIAN_POINT ( 'NONE',  ( -10.90000000000000036, -9.817304374505724240, 0.000000000000000000 ) ) ;
#163 = CARTESIAN_POINT ( 'NONE',  ( -12.98499999999999943, -43.42887914738683719, -5.378563107414639610 ) ) ;
#164 = CARTESIAN_POINT ( 'NONE',  ( -9.181781553707320853, -41.63366025403784221, -9.181781553707320853 ) ) ;
#165 = ORIENTED_EDGE ( 'NONE', *, *, #172, .T. ) ;
#166 = CARTESIAN_POINT ( 'NONE',  ( -7.628753538268564813E-16, -41.31251970071234325, -12.45870000000000033 ) ) ;
#167 = LINE ( 'NONE', #5436, #5591 ) ;
#168 = CARTESIAN_POINT ( 'NONE',  ( 4.332135384791495625, -7.000019700712343251, 10.45870000000000033 ) ) ;
#169 = CARTESIAN_POINT ( 'NONE',  ( -12.99999999999999645, -36.43749999999999289, 5.384776310850244663 ) ) ;
#170 = CARTESIAN_POINT ( 'NONE',  ( -12.45870000000000388, -42.12501970071234325, -5.160562509537680143 ) ) ;
#171 = DIRECTION ( 'NONE',  ( 0.000000000000000000, 0.000000000000000000, 1.000000000000000000 ) ) ;
#172 = EDGE_CURVE ( 'NONE', #1270, #1644, #5658, .T. ) ;
#173 = CARTESIAN_POINT ( 'NONE',  ( -10.45870000000000033, -10.31251970071234325, 0.000000000000000000 ) ) ;
#174 = CARTESIAN_POINT ( 'NONE',  ( 2.020667218593132706E-15, -5.625039401424686503, 11.00000000000000000 ) ) ;
#175 = FACE_OUTER_BOUND ( 'NONE', #4373, .T. ) ;
#176 = CARTESIAN_POINT ( 'NONE',  ( -8.809631254768838460, -36.68751970071233615, 8.809631254768842012 ) ) ;
#177 = CARTESIAN_POINT ( 'NONE',  ( -13.00000000000000000, -41.37503940142468650, 0.000000000000000000 ) ) ;
#178 = CARTESIAN_POINT ( 'NONE',  ( 8.809631254768838460, -40.18751970071234325, -8.809631254768840236 ) ) ;
#179 = CARTESIAN_POINT ( 'NONE',  ( -10.72934999999999839, -10.15625985035617163, 0.000000000000000000 ) ) ;
#180 = DIRECTION ( 'NONE',  ( -0.000000000000000000, -1.000000000000000000, -0.000000000000000000 ) ) ;
#181 = ORIENTED_EDGE ( 'NONE', *, *, #143, .T. ) ;
#182 = CARTESIAN_POINT ( 'NONE',  ( -8.809631254768840236, -40.18751970071234325, -8.809631254768840236 ) ) ;
#183 = CARTESIAN_POINT ( 'NONE',  ( -7.951019343464191642E-16, -38.75866025403784221, -12.98499999999999943 ) ) ;
#184 = CARTESIAN_POINT ( 'NONE',  ( 22.72250811050374253, -264.0000000000000000, -17.21917899227751647 ) ) ;
#185 = CARTESIAN_POINT ( 'NONE',  ( -7.395417692395744425, -9.687519700712345028, -7.395417692395744425 ) ) ;
#186 = CARTESIAN_POINT ( 'NONE',  ( 4.514927829866691944, -5.745235026918964927, 10.90000000000005009 ) ) ;
#187 = CARTESIAN_POINT ( 'NONE',  ( 5.160562509537679254, -42.12501970071234325, -12.45870000000000211 ) ) ;
#188 = CARTESIAN_POINT ( 'NONE',  ( -12.98499999999999943, -41.50866025403784221, 0.000000000000000000 ) ) ;
#189 = EDGE_LOOP ( 'NONE', ( #4889, #5592, #5455, #3521 ) ) ;
#190 =( BOUNDED_CURVE ( )  B_SPLINE_CURVE ( 2, ( #3369, #2054, #1566, #1538, #1110, #2914, #1619, #5122, #2971 ),
 .UNSPECIFIED., .F., .F. ) 
 B_SPLINE_CURVE_WITH_KNOTS ( ( 3, 2, 2, 2, 3 ),
 ( 0.4772727272727283476, 0.4886363636363645901, 0.5000000000000007772, 0.5113636363636370197, 0.5227272727272732622 ),
 .UNSPECIFIED. ) 
 CURVE ( )  GEOMETRIC_REPRESENTATION_ITEM ( )  RATIONAL_B_SPLINE_CURVE ( ( 0.9999999999999928946, 0.9238795325112938439, 1.000000000000000000, 0.9238795325112867385, 1.000000000000000000, 0.9238795325112867385, 1.000000000000000000, 0.9238795325112830747, 1.000000000000003775 ) ) 
 REPRESENTATION_ITEM ( '' )  );
#191 = CARTESIAN_POINT ( 'NONE',  ( 12.45870000000000033, -40.56251970071234325, -1.525750707653712963E-15 ) ) ;
#192 = CARTESIAN_POINT ( 'NONE',  ( 8.809631254768842012, -35.43751970071234325, 8.809631254768838460 ) ) ;
#193 = CARTESIAN_POINT ( 'NONE',  ( 7.395417692395746201, -7.937519700712344140, 7.395417692395743536 ) ) ;
#194 = CARTESIAN_POINT ( 'NONE',  ( 2.388061258337338544E-15, -39.25000000000000000, 13.00000000000000000 ) ) ;
#195 = CARTESIAN_POINT ( 'NONE',  ( 12.45870000000000388, -42.62501970071234325, 5.160562509537677478 ) ) ;
#196 = CARTESIAN_POINT ( 'NONE',  ( 0.000000000000000000, -203.5000000000000000, 0.000000000000000000 ) ) ;
#197 = CARTESIAN_POINT ( 'NONE',  ( 10.90000000000000036, -1.254804374505724462, -4.514927829866737241 ) ) ;
#198 = DIRECTION ( 'NONE',  ( 0.000000000000000000, 1.000000000000000000, 0.000000000000000000 ) ) ;
#199 = EDGE_LOOP ( 'NONE', ( #1928, #2885, #4628, #3241 ) ) ;
#200 = CARTESIAN_POINT ( 'NONE',  ( -4.514927829866772768, -4.870235026918964039, 10.89999999999996305 ) ) ;
#201 = CARTESIAN_POINT ( 'NONE',  ( -8.809631254768840236, -40.93751970071234325, -8.809631254768840236 ) ) ;
#202 = CARTESIAN_POINT ( 'NONE',  ( -2.335335403775313790, -0.03497640200294668822, -10.89999999999999858 ) ) ;
#203 = CARTESIAN_POINT ( 'NONE',  ( 10.45870000000000033, -1.812519700712343473, -1.280821347824242272E-15 ) ) ;
#204 = EDGE_LOOP ( 'NONE', ( #1584, #311, #1798, #3476 ) ) ;
#205 = EDGE_CURVE ( 'NONE', #902, #5644, #1807, .T. ) ;
#206 = AXIS2_PLACEMENT_3D ( 'NONE', #4603, #4078, #3218 ) ;
#207 = CARTESIAN_POINT ( 'NONE',  ( -10.45870000000000033, -9.312519700712343251, 0.000000000000000000 ) ) ;
#208 = CARTESIAN_POINT ( 'NONE',  ( -12.45869999999999855, -40.75001970071234325, 5.160562509537688136 ) ) ;
#209 = CARTESIAN_POINT ( 'NONE',  ( -10.45870000000000033, -0.3125197007123435289, 0.000000000000000000 ) ) ;
#210 = CARTESIAN_POINT ( 'NONE',  ( 10.90000000000000213, -5.620235026918962262, 4.514927829866736353 ) ) ;
#211 = CARTESIAN_POINT ( 'NONE',  ( 8.809631254768842012, -41.43751970071234325, 8.809631254768838460 ) ) ;
#212 = CARTESIAN_POINT ( 'NONE',  ( -6.674325055353075238E-16, -0.3077350269189626508, -10.90000000000000036 ) ) ;
#213 = VERTEX_POINT ( 'NONE', #975 ) ;
#214 = CARTESIAN_POINT ( 'NONE',  ( -4.514927829866775433, -9.870235026918965815, 10.89999999999996305 ) ) ;
#215 = VECTOR ( 'NONE', #1181, 1000.000000000000000 ) ;
#216 = CARTESIAN_POINT ( 'NONE',  ( -4.514927829866691944, -9.245235026918964039, -10.90000000000004654 ) ) ;
#217 = CARTESIAN_POINT ( 'NONE',  ( -12.45869999999999855, -42.00001970071233615, 5.160562509537689024 ) ) ;
#218 = CARTESIAN_POINT ( 'NONE',  ( 4.332135384791488519, -1.875019700712343251, -10.45870000000000033 ) ) ;
#219 = CARTESIAN_POINT ( 'NONE',  ( 11.00000000000000000, 0.4999999999999991673, -1.347111479062088405E-15 ) ) ;
#220 = CARTESIAN_POINT ( 'NONE',  ( 13.00000000000000000, -37.00000000000000711, -1.592040838891559095E-15 ) ) ;
#221 =( BOUNDED_CURVE ( )  B_SPLINE_CURVE ( 2, ( #212, #5652, #1658, #3463, #3007, #1686, #4273 ),
 .UNSPECIFIED., .F., .T. ) 
 B_SPLINE_CURVE_WITH_KNOTS ( ( 3, 2, 2, 3 ),
 ( 0.8863636363636362425, 0.8977272727272725961, 0.9090909090909090606, 0.9143559460981703912 ),
 .UNSPECIFIED. ) 
 CURVE ( )  GEOMETRIC_REPRESENTATION_ITEM ( )  RATIONAL_B_SPLINE_CURVE ( ( 1.000000000000000666, 0.9238795325112859613, 1.000000000000000000, 0.9238795325112867385, 1.000000000000000000, 0.9647316171062463308, 0.9621445582499428273 ) ) 
 REPRESENTATION_ITEM ( '' )  );
#222 = CARTESIAN_POINT ( 'NONE',  ( -5.160562509537681031, -39.25001970071233615, -12.45870000000000388 ) ) ;
#223 = DIRECTION ( 'NONE',  ( 0.000000000000000000, 1.000000000000000000, 0.000000000000000000 ) ) ;
#224 = DIRECTION ( 'NONE',  ( 0.000000000000000000, 1.000000000000000000, 0.000000000000000000 ) ) ;
#225 = VERTEX_POINT ( 'NONE', #2775 ) ;
#226 = CARTESIAN_POINT ( 'NONE',  ( -5.160562509537681031, -43.00001970071233615, -12.45870000000000211 ) ) ;
#227 = CARTESIAN_POINT ( 'NONE',  ( 7.707463914933369686, -1.682735026918962706, 7.707463914933367022 ) ) ;
#228 = CARTESIAN_POINT ( 'NONE',  ( 7.395417692395743536, -3.687519700712343695, -7.395417692395744425 ) ) ;
#229 = ORIENTED_EDGE ( 'NONE', *, *, #527, .F. ) ;
#230 = COORDINATED_UNIVERSAL_TIME_OFFSET ( 1, 0, .AHEAD. ) ;
#231 = CARTESIAN_POINT ( 'NONE',  ( 5.160562509537688136, -42.75001970071235746, 12.45869999999999855 ) ) ;
#232 = FACE_OUTER_BOUND ( 'NONE', #4765, .T. ) ;
#233 = CARTESIAN_POINT ( 'NONE',  ( 8.809631254768838460, -42.18751970071234325, -8.809631254768840236 ) ) ;
#234 = EDGE_CURVE ( 'NONE', #2234, #3068, #1356, .T. ) ;
#235 = CARTESIAN_POINT ( 'NONE',  ( -4.332135384791490296, -0.5000197007123434734, -10.45870000000000033 ) ) ;
#236 = CARTESIAN_POINT ( 'NONE',  ( 10.90000000000000036, -5.495235026918964927, -4.514927829866737241 ) ) ;
#237 = CARTESIAN_POINT ( 'NONE',  ( -10.89999999999999858, -6.754804374505725129, 4.514927829866743458 ) ) ;
#238 = ORIENTED_EDGE ( 'NONE', *, *, #5249, .T. ) ;
#239 = CYLINDRICAL_SURFACE ( 'NONE', #2094, 8.000000000000000000 ) ;
#240 = ADVANCED_FACE ( 'NONE', ( #3814 ), #1208, .T. ) ;
#241 = CARTESIAN_POINT ( 'NONE',  ( 8.809631254768838460, -41.43751970071234325, -8.809631254768840236 ) ) ;
#242 = CARTESIAN_POINT ( 'NONE',  ( -10.45870000000000033, -0.6250197007123434734, -4.332135384791489408 ) ) ;
#243 = CARTESIAN_POINT ( 'NONE',  ( 11.00000000000000355, -2.562500000000000444, 4.556349186104045046 ) ) ;
#244 = CARTESIAN_POINT ( 'NONE',  ( -4.332135384791492072, -0.3750197007123434734, 10.45870000000000033 ) ) ;
#245 = CARTESIAN_POINT ( 'NONE',  ( -9.192388155425117446, -42.62500000000000000, -9.192388155425117446 ) ) ;
#246 = CARTESIAN_POINT ( 'NONE',  ( -12.45869999999999855, -40.00001970071234325, 5.160562509537688136 ) ) ;
#247 = CC_DESIGN_PERSON_AND_ORGANIZATION_ASSIGNMENT ( #1140, #3778, ( #2292 ) ) ;
#248 = CARTESIAN_POINT ( 'NONE',  ( -4.556349186104045934, -4.062539401424686503, -11.00000000000000000 ) ) ;
#249 = CARTESIAN_POINT ( 'NONE',  ( -7.395417692395744425, -6.437519700712344140, -7.395417692395744425 ) ) ;
#250 = CARTESIAN_POINT ( 'NONE',  ( -4.138860142875093295, -1.399766399074182460E-16, -10.07993381145938550 ) ) ;
#251 = ORIENTED_EDGE ( 'NONE', *, *, #4562, .T. ) ;
#252 = CARTESIAN_POINT ( 'NONE',  ( -10.90000000000000036, -5.057735026918962262, 0.000000000000000000 ) ) ;
#253 = CARTESIAN_POINT ( 'NONE',  ( -5.160562509537681919, -39.62501970071234325, 12.45870000000000033 ) ) ;
#254 = DIRECTION ( 'NONE',  ( 0.000000000000000000, 1.000000000000000000, 0.000000000000000000 ) ) ;
#255 = CARTESIAN_POINT ( 'NONE',  ( 10.45870000000000033, -2.750019700712343251, -4.332135384791490296 ) ) ;
#256 = ORIENTED_EDGE ( 'NONE', *, *, #4493, .T. ) ;
#257 = CALENDAR_DATE ( 2026, 6, 10 ) ;
#258 = CARTESIAN_POINT ( 'NONE',  ( -7.395417692395742648, -2.437519700712343251, 7.395417692395746201 ) ) ;
#259 = CARTESIAN_POINT ( 'NONE',  ( 12.45870000000000211, -41.62501970071233615, 5.160562509537678366 ) ) ;
#260 = CARTESIAN_POINT ( 'NONE',  ( 10.45870000000000033, -9.812519700712345028, -1.280821347824242272E-15 ) ) ;
#261 = CARTESIAN_POINT ( 'NONE',  ( 0.000000000000000000, -57.50000000000000000, 0.000000000000000000 ) ) ;
#262 = CARTESIAN_POINT ( 'NONE',  ( -4.332135384791490296, -1.500019700712343695, -10.45870000000000033 ) ) ;
#263 = CARTESIAN_POINT ( 'NONE',  ( -9.181781553707320853, -40.49137914738683719, -9.181781553707320853 ) ) ;
#264 = CARTESIAN_POINT ( 'NONE',  ( -10.90000000000000036, -6.879804374505725129, -4.514927829866737241 ) ) ;
#265 = ORIENTED_EDGE ( 'NONE', *, *, #1967, .T. ) ;
#266 = EDGE_CURVE ( 'NONE', #4019, #1149, #4115, .T. ) ;
#267 = CARTESIAN_POINT ( 'NONE',  ( -6.674325055353075238E-16, -8.067304374505724240, -10.90000000000000036 ) ) ;
#268 = CARTESIAN_POINT ( 'NONE',  ( 0.000000000000000000, -33.50000000000000000, 10.90000000000000036 ) ) ;
#269 = CARTESIAN_POINT ( 'NONE',  ( 10.45870000000000033, -1.062519700712343473, -1.280821347824242272E-15 ) ) ;
#270 = CARTESIAN_POINT ( 'NONE',  ( -6.735557395310442023E-16, -3.250000000000001332, -11.00000000000000000 ) ) ;
#271 = CARTESIAN_POINT ( 'NONE',  ( -7.395417692395742648, -0.4375197007123434179, 7.395417692395746201 ) ) ;
#272 = ORIENTED_EDGE ( 'NONE', *, *, #3505, .T. ) ;
#273 = CARTESIAN_POINT ( 'NONE',  ( 13.00000000000000533, -41.06250000000000711, 5.384776310850233116 ) ) ;
#274 = CARTESIAN_POINT ( 'NONE',  ( 5.160562509537688136, -38.75001970071233615, 12.45869999999999855 ) ) ;
#275 = ADVANCED_FACE ( 'NONE', ( #708 ), #931, .T. ) ;
#276 = CARTESIAN_POINT ( 'NONE',  ( -7.395417692395744425, -0.4375197007123436399, -7.395417692395744425 ) ) ;
#277 = CARTESIAN_POINT ( 'NONE',  ( 12.45870000000000033, -34.56251970071234325, -1.525750707653712963E-15 ) ) ;
#278 = CARTESIAN_POINT ( 'NONE',  ( -6.674325055353075238E-16, -2.307735026918962706, -10.90000000000000036 ) ) ;
#279 = DIRECTION ( 'NONE',  ( 0.000000000000000000, 1.000000000000000000, 0.000000000000000000 ) ) ;
#280 = CARTESIAN_POINT ( 'NONE',  ( -4.332135384791490296, -8.750019700712341475, -10.45870000000000033 ) ) ;
#281 = CARTESIAN_POINT ( 'NONE',  ( -4.556349186104047710, -6.687539401424686503, 10.99999999999999822 ) ) ;
#282 = CARTESIAN_POINT ( 'NONE',  ( 12.45870000000000033, -39.31251970071233615, -1.525750707653712963E-15 ) ) ;
#283 = CARTESIAN_POINT ( 'NONE',  ( -7.960204194457795477E-16, -35.62503940142468650, -13.00000000000000000 ) ) ;
#284 = CARTESIAN_POINT ( 'NONE',  ( -12.45870000000000033, -40.81251970071234325, 0.000000000000000000 ) ) ;
#285 = CARTESIAN_POINT ( 'NONE',  ( 5.378563107414445987, -39.19616025403784221, 12.98500000000019483 ) ) ;
#286 = CARTESIAN_POINT ( 'NONE',  ( -4.332135384791492072, -5.125019700712345028, 10.45870000000000033 ) ) ;
#287 = EDGE_LOOP ( 'NONE', ( #354, #4717, #4281, #1703 ) ) ;
#288 = CARTESIAN_POINT ( 'NONE',  ( -4.332135384791492072, -2.375019700712343251, 10.45870000000000033 ) ) ;
#289 = CARTESIAN_POINT ( 'NONE',  ( -10.45870000000000033, -9.375019700712345028, -4.332135384791489408 ) ) ;
#290 = CARTESIAN_POINT ( 'NONE',  ( -7.951019343464190656E-16, -40.61637914738683719, -12.98499999999999943 ) ) ;
#291 = CARTESIAN_POINT ( 'NONE',  ( 4.332135384791488519, -1.625019700712343029, -10.45870000000000033 ) ) ;
#292 = CARTESIAN_POINT ( 'NONE',  ( -12.98499999999999943, -40.42887914738683719, -5.378563107414639610 ) ) ;
#293 = DIRECTION ( 'NONE',  ( 0.000000000000000000, 0.000000000000000000, 1.000000000000000000 ) ) ;
#294 = AXIS2_PLACEMENT_3D ( 'NONE', #1018, #1411, #2815 ) ;
#295 = ORIENTED_EDGE ( 'NONE', *, *, #1483, .F. ) ;
#296 = LINE ( 'NONE', #268, #5141 ) ;
#297 = CARTESIAN_POINT ( 'NONE',  ( 7.395417692395743536, -1.937519700712343251, -7.395417692395744425 ) ) ;
#298 = AXIS2_PLACEMENT_3D ( 'NONE', #1777, #2654, #2686 ) ;
#299 = CARTESIAN_POINT ( 'NONE',  ( -6.735557395310442023E-16, -1.250000000000001110, -11.00000000000000000 ) ) ;
#300 =( BOUNDED_SURFACE ( )  B_SPLINE_SURFACE ( 1, 2, ( 
 ( #4119, #955, #3257, #4984, #1379, #2320, #2721, #515, #4492, #4529, #485, #5009, #1908, #2349, #547, #3691, #604, #1936, #5346, #57, #2287, #986, #4058, #4579, #573, #1847, #4948, #4085, #5379, #3197, #3944, #88, #1875, #5706, #2381, #4151, #147, #3658, #5410, #3286, #3718, #1446, #2788, #5470, #1738, #4555, #3166, #1504, #5036, #1045, #2844, #4610, #3596, #657, #2930, #2434, #4177, #1557, #2877, #2961, #5522, #4287, #2048, #5171, #4687, #629, #4205, #248, #3820, #3335, #5548, #1964, #2075, #5089, #1102, #5604, #2904, #4659, #4235, #3794, #3359, #1640, #2990, #4742, #1049, #2413, #4691, #5092, #690, #2849, #5526, #4181, #174, #1968, #3742, #5498, #1531, #2909, #662, #3903, #2662, #4835, #4344, #2162, #3477, #5284, #801, #5200, #1310, #281, #393, #1219, #2080, #2107, #4747, #1646, #1673, #3075, #4776, #777, #3049, #2572, #3449, #3019, #336, #5695, #363, #1698, #1280, #3533, #3507, #3848, #3422, #2541, #3102, #5610, #2133, #5258, #4808, #2597, #3931, #859, #4320, #5175, #1191, #2628, #4402, #2196, #3968, #2993, #5729, #1016, #4980, #5313, #3625, #4553, #3594, #428, #1343, #5759, #2229, #5344, #3223, #4116, #4432, #513, #116, #3688, #2259, #3164, #21, #919, #3133, #482, #4490, #4893, #984 ),
 ( #888, #2284, #2692, #1443, #4056, #2786, #4082, #1477, #4946, #4464, #457, #2755, #4527, #4025, #1845, #54, #85, #1408, #953, #2317, #1874, #3656, #5408, #544, #2346, #1906, #5442, #3255, #5007, #4142, #726, #5126, #5154, #755, #2943, #1199, #139, #1011, #2521, #3000, #4298, #3402, #4327, #4699, #1470, #288, #258, #1172, #5619, #3250, #2009, #2916, #3779, #5532, #1568, #4668, #1113, #669, #2471, #3456, #3485, #4869, #810, #2605, #1288, #4379, #5672, #3907, #5233, #1761, #402, #1735, #3108, #5321, #5292, #5646, #5206, #4353, #4898, #2116, #1704, #3540, #1259, #368, #3939, #1352, #2578, #1227, #3569, #3056, #4841, #863, #2668, #1679, #343, #4470, #4440, #3027, #3084, #2236, #4814, #3884, #4786, #784, #2142, #2168, #435, #1791, #5703, #3975, #3140, #895, #3513, #5265, #2699, #836, #5737, #2633, #4408, #2204, #1318, #4004, #5768, #4035, #4535, #1823, #5383, #2728, #1417, #991, #2792, #150, #2324, #4558, #491, #2264, #3200, #1384, #3262, #4954, #5013, #1021, #5040, #551, #3602, #928, #2353, #2817, #4500, #1940, #30, #3722, #2294, #4064, #1051, #1851, #4091, #5353, #2852, #2408, #3285, #1044, #87, #5469, #2285, #1017, #1445, #3256, #4608, #3657, #2843, #484, #921, #4578, #1503, #572, #5443 ) ),
 .UNSPECIFIED., .F., .F., .F. ) 
 B_SPLINE_SURFACE_WITH_KNOTS ( ( 2, 2 ),
 ( 3, 2, 2, 2, 2, 2, 2, 2, 2, 2, 2, 2, 2, 2, 2, 2, 2, 2, 2, 2, 2, 2, 2, 2, 2, 2, 2, 2, 2, 2, 2, 2, 2, 2, 2, 2, 2, 2, 2, 2, 2, 2, 2, 2, 2, 2, 2, 2, 2, 2, 2, 2, 2, 2, 2, 2, 2, 2, 2, 2, 2, 2, 2, 2, 2, 2, 2, 2, 2, 2, 2, 2, 2, 2, 2, 2, 2, 2, 2, 2, 2, 2, 2, 2, 2, 2, 2, 2, 3 ),
 ( 0.000000000000000000, 1.000000000000000000 ),
 ( 0.000000000000000000, 0.01136363636363636395, 0.02272727272727272790, 0.03409090909090908839, 0.04545454545454545581, 0.05681818181818181629, 0.06818181818181817677, 0.07954545454545454419, 0.09090909090909091161, 0.1022727272727272790, 0.1136363636363636326, 0.1250000000000000000, 0.1363636363636363535, 0.1477272727272727348, 0.1590909090909090884, 0.1704545454545454419, 0.1818181818181818232, 0.1931818181818181768, 0.2045454545454545581, 0.2159090909090909116, 0.2272727272727272652, 0.2386363636363636465, 0.2500000000000000000, 0.2613636363636363535, 0.2727272727272727071, 0.2840909090909091161, 0.2954545454545454697, 0.3068181818181818232, 0.3181818181818181768, 0.3295454545454545303, 0.3409090909090908839, 0.3522727272727272929, 0.3636363636363636465, 0.3750000000000000000, 0.3863636363636363535, 0.3977272727272727071, 0.4090909090909091161, 0.4204545454545454697, 0.4318181818181818232, 0.4431818181818181768, 0.4545454545454545303, 0.4659090909090908839, 0.4772727272727272929, 0.4886363636363636465, 0.5000000000000000000, 0.5113636363636363535, 0.5227272727272727071, 0.5340909090909090606, 0.5454545454545454142, 0.5568181818181817677, 0.5681818181818182323, 0.5795454545454545858, 0.5909090909090909394, 0.6022727272727272929, 0.6136363636363636465, 0.6250000000000000000, 0.6363636363636363535, 0.6477272727272727071, 0.6590909090909090606, 0.6704545454545454142, 0.6818181818181817677, 0.6931818181818182323, 0.7045454545454545858, 0.7159090909090909394, 0.7272727272727272929, 0.7386363636363636465, 0.7500000000000000000, 0.7613636363636363535, 0.7727272727272727071, 0.7840909090909090606, 0.7954545454545454142, 0.8068181818181817677, 0.8181818181818182323, 0.8295454545454545858, 0.8409090909090909394, 0.8522727272727272929, 0.8636363636363636465, 0.8750000000000000000, 0.8863636363636363535, 0.8977272727272727071, 0.9090909090909090606, 0.9204545454545454142, 0.9318181818181817677, 0.9431818181818182323, 0.9545454545454545858, 0.9659090909090909394, 0.9772727272727272929, 0.9886363636363636465, 1.000000000000000000 ),
 .UNSPECIFIED. ) 
 GEOMETRIC_REPRESENTATION_ITEM ( )  RATIONAL_B_SPLINE_SURFACE ( (
 ( 1.000000000000000000, 0.9238795325112867385, 1.000000000000000000, 0.9238795325112867385, 1.000000000000000000, 0.9238795325112867385, 1.000000000000000000, 0.9238795325112867385, 1.000000000000000000, 0.9238795325112867385, 1.000000000000000000, 0.9238795325112867385, 1.000000000000000000, 0.9238795325112867385, 1.000000000000000000, 0.9238795325112867385, 1.000000000000000000, 0.9238795325112867385, 1.000000000000000000, 0.9238795325112867385, 1.000000000000000000, 0.9238795325112867385, 1.000000000000000000, 0.9238795325112867385, 1.000000000000000000, 0.9238795325112867385, 1.000000000000000000, 0.9238795325112867385, 1.000000000000000000, 0.9238795325112867385, 1.000000000000000000, 0.9238795325112867385, 1.000000000000000000, 0.9238795325112867385, 1.000000000000000000, 0.9238795325112867385, 1.000000000000000000, 0.9238795325112867385, 1.000000000000000000, 0.9238795325112867385, 1.000000000000000000, 0.9238795325112867385, 1.000000000000000000, 0.9238795325112867385, 1.000000000000000000, 0.9238795325112867385, 1.000000000000000000, 0.9238795325112867385, 1.000000000000000000, 0.9238795325112867385, 1.000000000000000000, 0.9238795325112867385, 1.000000000000000000, 0.9238795325112867385, 1.000000000000000000, 0.9238795325112867385, 1.000000000000000000, 0.9238795325112867385, 1.000000000000000000, 0.9238795325112867385, 1.000000000000000000, 0.9238795325112867385, 1.000000000000000000, 0.9238795325112867385, 1.000000000000000000, 0.9238795325112867385, 1.000000000000000000, 0.9238795325112867385, 1.000000000000000000, 0.9238795325112867385, 1.000000000000000000, 0.9238795325112867385, 1.000000000000000000, 0.9238795325112867385, 1.000000000000000000, 0.9238795325112867385, 1.000000000000000000, 0.9238795325112867385, 1.000000000000000000, 0.9238795325112867385, 1.000000000000000000, 0.9238795325112867385, 1.000000000000000000, 0.9238795325112867385, 1.000000000000000000, 0.9238795325112867385, 1.000000000000000000, 0.9238795325112867385, 1.000000000000000000, 0.9238795325112867385, 1.000000000000000000, 0.9238795325112867385, 1.000000000000000000, 0.9238795325112867385, 1.000000000000000000, 0.9238795325112867385, 1.000000000000000000, 0.9238795325112867385, 1.000000000000000000, 0.9238795325112867385, 1.000000000000000000, 0.9238795325112867385, 1.000000000000000000, 0.9238795325112867385, 1.000000000000000000, 0.9238795325112867385, 1.000000000000000000, 0.9238795325112867385, 1.000000000000000000, 0.9238795325112867385, 1.000000000000000000, 0.9238795325112867385, 1.000000000000000000, 0.9238795325112867385, 1.000000000000000000, 0.9238795325112867385, 1.000000000000000000, 0.9238795325112867385, 1.000000000000000000, 0.9238795325112867385, 1.000000000000000000, 0.9238795325112867385, 1.000000000000000000, 0.9238795325112867385, 1.000000000000000000, 0.9238795325112867385, 1.000000000000000000, 0.9238795325112867385, 1.000000000000000000, 0.9238795325112867385, 1.000000000000000000, 0.9238795325112867385, 1.000000000000000000, 0.9238795325112867385, 1.000000000000000000, 0.9238795325112867385, 1.000000000000000000, 0.9238795325112867385, 1.000000000000000000, 0.9238795325112867385, 1.000000000000000000, 0.9238795325112867385, 1.000000000000000000, 0.9238795325112867385, 1.000000000000000000, 0.9238795325112867385, 1.000000000000000000, 0.9238795325112867385, 1.000000000000000000, 0.9238795325112867385, 1.000000000000000000, 0.9238795325112867385, 1.000000000000000000, 0.9238795325112867385, 1.000000000000000000, 0.9238795325112867385, 1.000000000000000000, 0.9238795325112867385, 1.000000000000000000, 0.9238795325112867385, 1.000000000000000000, 0.9238795325112867385, 1.000000000000000000, 0.9238795325112867385, 1.000000000000000000, 0.9238795325112867385, 1.000000000000000000, 0.9238795325112867385, 1.000000000000000000, 0.9238795325112867385, 1.000000000000000000, 0.9238795325112867385, 1.000000000000000000, 0.9238795325112867385, 1.000000000000000000, 0.9238795325112867385, 1.000000000000000000),
 ( 1.000000000000000000, 0.9238795325112867385, 1.000000000000000000, 0.9238795325112867385, 1.000000000000000000, 0.9238795325112867385, 1.000000000000000000, 0.9238795325112867385, 1.000000000000000000, 0.9238795325112867385, 1.000000000000000000, 0.9238795325112867385, 1.000000000000000000, 0.9238795325112867385, 1.000000000000000000, 0.9238795325112867385, 1.000000000000000000, 0.9238795325112867385, 1.000000000000000000, 0.9238795325112867385, 1.000000000000000000, 0.9238795325112867385, 1.000000000000000000, 0.9238795325112867385, 1.000000000000000000, 0.9238795325112867385, 1.000000000000000000, 0.9238795325112867385, 1.000000000000000000, 0.9238795325112867385, 1.000000000000000000, 0.9238795325112867385, 1.000000000000000000, 0.9238795325112867385, 1.000000000000000000, 0.9238795325112867385, 1.000000000000000000, 0.9238795325112867385, 1.000000000000000000, 0.9238795325112867385, 1.000000000000000000, 0.9238795325112867385, 1.000000000000000000, 0.9238795325112867385, 1.000000000000000000, 0.9238795325112867385, 1.000000000000000000, 0.9238795325112867385, 1.000000000000000000, 0.9238795325112867385, 1.000000000000000000, 0.9238795325112867385, 1.000000000000000000, 0.9238795325112867385, 1.000000000000000000, 0.9238795325112867385, 1.000000000000000000, 0.9238795325112867385, 1.000000000000000000, 0.9238795325112867385, 1.000000000000000000, 0.9238795325112867385, 1.000000000000000000, 0.9238795325112867385, 1.000000000000000000, 0.9238795325112867385, 1.000000000000000000, 0.9238795325112867385, 1.000000000000000000, 0.9238795325112867385, 1.000000000000000000, 0.9238795325112867385, 1.000000000000000000, 0.9238795325112867385, 1.000000000000000000, 0.9238795325112867385, 1.000000000000000000, 0.9238795325112867385, 1.000000000000000000, 0.9238795325112867385, 1.000000000000000000, 0.9238795325112867385, 1.000000000000000000, 0.9238795325112867385, 1.000000000000000000, 0.9238795325112867385, 1.000000000000000000, 0.9238795325112867385, 1.000000000000000000, 0.9238795325112867385, 1.000000000000000000, 0.9238795325112867385, 1.000000000000000000, 0.9238795325112867385, 1.000000000000000000, 0.9238795325112867385, 1.000000000000000000, 0.9238795325112867385, 1.000000000000000000, 0.9238795325112867385, 1.000000000000000000, 0.9238795325112867385, 1.000000000000000000, 0.9238795325112867385, 1.000000000000000000, 0.9238795325112867385, 1.000000000000000000, 0.9238795325112867385, 1.000000000000000000, 0.9238795325112867385, 1.000000000000000000, 0.9238795325112867385, 1.000000000000000000, 0.9238795325112867385, 1.000000000000000000, 0.9238795325112867385, 1.000000000000000000, 0.9238795325112867385, 1.000000000000000000, 0.9238795325112867385, 1.000000000000000000, 0.9238795325112867385, 1.000000000000000000, 0.9238795325112867385, 1.000000000000000000, 0.9238795325112867385, 1.000000000000000000, 0.9238795325112867385, 1.000000000000000000, 0.9238795325112867385, 1.000000000000000000, 0.9238795325112867385, 1.000000000000000000, 0.9238795325112867385, 1.000000000000000000, 0.9238795325112867385, 1.000000000000000000, 0.9238795325112867385, 1.000000000000000000, 0.9238795325112867385, 1.000000000000000000, 0.9238795325112867385, 1.000000000000000000, 0.9238795325112867385, 1.000000000000000000, 0.9238795325112867385, 1.000000000000000000, 0.9238795325112867385, 1.000000000000000000, 0.9238795325112867385, 1.000000000000000000, 0.9238795325112867385, 1.000000000000000000, 0.9238795325112867385, 1.000000000000000000, 0.9238795325112867385, 1.000000000000000000, 0.9238795325112867385, 1.000000000000000000, 0.9238795325112867385, 1.000000000000000000, 0.9238795325112867385, 1.000000000000000000, 0.9238795325112867385, 1.000000000000000000, 0.9238795325112867385, 1.000000000000000000, 0.9238795325112867385, 1.000000000000000000, 0.9238795325112867385, 1.000000000000000000, 0.9238795325112867385, 1.000000000000000000, 0.9238795325112867385, 1.000000000000000000, 0.9238795325112867385, 1.000000000000000000) ) ) 
 REPRESENTATION_ITEM ( '' )  SURFACE ( )  );
#301 = LINE ( 'NONE', #1693, #215 ) ;
#302 = ORIENTED_EDGE ( 'NONE', *, *, #809, .T. ) ;
#303 = CARTESIAN_POINT ( 'NONE',  ( 9.192388155425119223, -43.12500000000000711, 9.192388155425115670 ) ) ;
#304 = CARTESIAN_POINT ( 'NONE',  ( 1.334865011070615048E-15, -33.50000000000000000, -10.90000000000000036 ) ) ;
#305 = AXIS2_PLACEMENT_3D ( 'NONE', #196, #4113, #171 ) ;
#306 = CARTESIAN_POINT ( 'NONE',  ( -12.45869999999999855, -35.00001970071234325, 5.160562509537689024 ) ) ;
#307 = EDGE_CURVE ( 'NONE', #5516, #3025, #3917, .T. ) ;
#308 = AXIS2_PLACEMENT_3D ( 'NONE', #4731, #2526, #293 ) ;
#309 = CARTESIAN_POINT ( 'NONE',  ( 10.90000000000000036, -3.254804374505723352, -4.514927829866737241 ) ) ;
#310 = CARTESIAN_POINT ( 'NONE',  ( 4.332135384791495625, -9.250019700712343251, 10.45870000000000033 ) ) ;
#311 = ORIENTED_EDGE ( 'NONE', *, *, #4034, .T. ) ;
#312 = EDGE_CURVE ( 'NONE', #3512, #5504, #1554, .T. ) ;
#313 = CARTESIAN_POINT ( 'NONE',  ( -12.99999999999999645, -34.43750000000000000, 5.384776310850244663 ) ) ;
#314 = CARTESIAN_POINT ( 'NONE',  ( -8.809631254768838460, -34.93751970071234325, 8.809631254768842012 ) ) ;
#315 = CARTESIAN_POINT ( 'NONE',  ( 10.45870000000000211, -1.875019700712343473, 4.332135384791487631 ) ) ;
#316 = ORIENTED_EDGE ( 'NONE', *, *, #5220, .T. ) ;
#317 = CARTESIAN_POINT ( 'NONE',  ( 0.000000000000000000, -33.50000000000000000, 0.000000000000000000 ) ) ;
#318 = CARTESIAN_POINT ( 'NONE',  ( 2.002297516605922276E-15, -4.567304374505723352, 10.90000000000000036 ) ) ;
#319 = CARTESIAN_POINT ( 'NONE',  ( -10.45870000000000033, -2.375019700712343695, -4.332135384791489408 ) ) ;
#320 = CARTESIAN_POINT ( 'NONE',  ( 12.98499999999999943, -34.80387914738684429, -5.378563107414641387 ) ) ;
#321 = DIRECTION ( 'NONE',  ( 0.000000000000000000, 0.000000000000000000, 1.000000000000000000 ) ) ;
#322 = CARTESIAN_POINT ( 'NONE',  ( 1.590203868692838131E-15, -57.50000000000000000, -12.98499999999999943 ) ) ;
#323 = ORIENTED_EDGE ( 'NONE', *, *, #1977, .T. ) ;
#324 = CARTESIAN_POINT ( 'NONE',  ( -7.395417692395742648, -5.187519700712344140, 7.395417692395746201 ) ) ;
#325 = CARTESIAN_POINT ( 'NONE',  ( 10.45870000000000033, -1.000019700712343473, -4.332135384791490296 ) ) ;
#326 = CARTESIAN_POINT ( 'NONE',  ( 11.00000000000000000, -2.437500000000000444, -4.556349186104045934 ) ) ;
#327 = CARTESIAN_POINT ( 'NONE',  ( 4.332135384791495625, -1.250019700712343473, 10.45870000000000033 ) ) ;
#328 = EDGE_LOOP ( 'NONE', ( #512, #5630, #3185, #2981 ) ) ;
#329 = CARTESIAN_POINT ( 'NONE',  ( -5.384776310850237557, -42.68750000000000711, -13.00000000000000000 ) ) ;
#330 = MANIFOLD_SOLID_BREP ( 'Cortar-Extruir3', #1995 ) ;
#331 = CARTESIAN_POINT ( 'NONE',  ( 12.45870000000000033, -35.56251970071234325, -1.525750707653712963E-15 ) ) ;
#332 = CARTESIAN_POINT ( 'NONE',  ( 5.378563107414759514, -36.82116025403784221, -12.98499999999987864 ) ) ;
#333 = CARTESIAN_POINT ( 'NONE',  ( 1.921232021736363210E-15, -9.312519700712343251, 10.45870000000000033 ) ) ;
#334 = ORIENTED_EDGE ( 'NONE', *, *, #2260, .T. ) ;
#335 = ADVANCED_FACE ( 'NONE', ( #232 ), #5558, .T. ) ;
#336 = CARTESIAN_POINT ( 'NONE',  ( 2.020667218593132706E-15, -7.625039401424686503, 11.00000000000000000 ) ) ;
#337 = CARTESIAN_POINT ( 'NONE',  ( 0.000000000000000000, 0.000000000000000000, 0.000000000000000000 ) ) ;
#338 = CARTESIAN_POINT ( 'NONE',  ( -5.384776310850238445, -37.18753940142469361, 12.99999999999999822 ) ) ;
#339 = CARTESIAN_POINT ( 'NONE',  ( 9.192388155425119223, -33.12500000000000000, 9.192388155425115670 ) ) ;
#340 = CARTESIAN_POINT ( 'NONE',  ( 12.98499999999999943, -39.00866025403784931, -1.590203868692838328E-15 ) ) ;
#341 = CARTESIAN_POINT ( 'NONE',  ( -6.404106739121211359E-16, -6.562519700712344140, -10.45870000000000033 ) ) ;
#342 = ORIENTED_EDGE ( 'NONE', *, *, #3615, .T. ) ;
#343 = CARTESIAN_POINT ( 'NONE',  ( -7.395417692395742648, -5.437519700712343251, 7.395417692395746201 ) ) ;
#344 = CARTESIAN_POINT ( 'NONE',  ( 2.288626061480569049E-15, -33.56251970071234325, 12.45870000000000033 ) ) ;
#345 = CARTESIAN_POINT ( 'NONE',  ( 0.000000000000000000, -33.50000000000000000, 0.000000000000000000 ) ) ;
#346 = CARTESIAN_POINT ( 'NONE',  ( -5.160562509537681919, -43.87501970071234325, 12.45870000000000033 ) ) ;
#347 = CARTESIAN_POINT ( 'NONE',  ( 10.90000000000000213, -4.379804374505723352, 4.514927829866736353 ) ) ;
#348 = PLANE ( 'NONE',  #1342 ) ;
#349 = CARTESIAN_POINT ( 'NONE',  ( 9.181781553707319077, -39.74137914738683719, -9.181781553707320853 ) ) ;
#350 = ORIENTED_EDGE ( 'NONE', *, *, #3467, .F. ) ;
#351 = CARTESIAN_POINT ( 'NONE',  ( 2.002297516605922276E-15, -7.567304374505723352, 10.90000000000000036 ) ) ;
#352 = CARTESIAN_POINT ( 'NONE',  ( 4.332135384791495625, -2.250019700712344584, 10.45870000000000033 ) ) ;
#353 = CARTESIAN_POINT ( 'NONE',  ( 2.020667218593132706E-15, -5.750000000000000888, 11.00000000000000000 ) ) ;
#354 = ORIENTED_EDGE ( 'NONE', *, *, #4774, .F. ) ;
#355 = CARTESIAN_POINT ( 'NONE',  ( 5.378563107414960243, -42.82116025403784221, -12.98499999999967613 ) ) ;
#356 = CARTESIAN_POINT ( 'NONE',  ( 2.385305803039257098E-15, -37.11637914738683719, 12.98499999999999943 ) ) ;
#357 = DIRECTION ( 'NONE',  ( 0.000000000000000000, 1.000000000000000000, 0.000000000000000000 ) ) ;
#358 = CARTESIAN_POINT ( 'NONE',  ( 5.160562509537679254, -33.37501970071233615, -12.45870000000000211 ) ) ;
#359 = CARTESIAN_POINT ( 'NONE',  ( 5.378563107414727540, -37.19616025403783510, 12.98499999999991417 ) ) ;
#360 = CARTESIAN_POINT ( 'NONE',  ( -10.45870000000000033, -7.625019700712343251, -4.332135384791489408 ) ) ;
#361 = ORIENTED_EDGE ( 'NONE', *, *, #5512, .F. ) ;
#362 =( BOUNDED_CURVE ( )  B_SPLINE_CURVE ( 2, ( #2266, #5295, #2171, #439, #3543, #4277, #1321, #2144, #1707 ),
 .UNSPECIFIED., .F., .T. ) 
 B_SPLINE_CURVE_WITH_KNOTS ( ( 3, 2, 2, 2, 3 ),
 ( 0.02272727272727338016, 0.03409090909090972676, 0.04545454545454606643, 0.05681818181818241303, 0.06818181818181887066 ),
 .UNSPECIFIED. ) 
 CURVE ( )  GEOMETRIC_REPRESENTATION_ITEM ( )  RATIONAL_B_SPLINE_CURVE ( ( 0.9999999999999954481, 0.9238795325112912904, 1.000000000000000000, 0.9238795325112867385, 1.000000000000000000, 0.9238795325112867385, 1.000000000000000000, 0.9238795325112824086, 1.000000000000004219 ) ) 
 REPRESENTATION_ITEM ( '' )  );
#363 = CARTESIAN_POINT ( 'NONE',  ( -7.778174593052020747, -7.750039401424686503, 7.778174593052023411 ) ) ;
#364 = CARTESIAN_POINT ( 'NONE',  ( 13.00000000000000000, -37.81253940142468650, -5.384776310850237557 ) ) ;
#365 = CARTESIAN_POINT ( 'NONE',  ( 9.192388155425119223, -35.12500000000000000, 9.192388155425115670 ) ) ;
#366 = CARTESIAN_POINT ( 'NONE',  ( -12.45869999999999855, -35.00001970071234325, 5.160562509537689024 ) ) ;
#367 = CARTESIAN_POINT ( 'NONE',  ( 10.45870000000000033, -7.750019700712344140, -4.332135384791490296 ) ) ;
#368 = CARTESIAN_POINT ( 'NONE',  ( -4.332135384791490296, -4.750019700712344140, -10.45870000000000033 ) ) ;
#369 = CARTESIAN_POINT ( 'NONE',  ( 5.160562509537688136, -43.75001970071235746, 12.45869999999999855 ) ) ;
#370 = CYLINDRICAL_SURFACE ( 'NONE', #957, 12.98499999999999943 ) ;
#371 = CARTESIAN_POINT ( 'NONE',  ( 2.385305803039257098E-15, -35.11637914738684429, 12.98499999999999943 ) ) ;
#372 = CARTESIAN_POINT ( 'NONE',  ( -7.395417692395742648, -3.187519700712343251, 7.395417692395746201 ) ) ;
#373 = CARTESIAN_POINT ( 'NONE',  ( -12.45869999999999855, -34.75001970071233615, 5.160562509537689024 ) ) ;
#374 = EDGE_CURVE ( 'NONE', #4753, #5701, #5413, .T. ) ;
#375 = CARTESIAN_POINT ( 'NONE',  ( 7.707463914933369686, -3.682735026918962262, 7.707463914933367022 ) ) ;
#376 = CARTESIAN_POINT ( 'NONE',  ( -9.181781553707320853, -36.49137914738684429, -9.181781553707320853 ) ) ;
#377 = ORIENTED_EDGE ( 'NONE', *, *, #3606, .F. ) ;
#378 = CYLINDRICAL_SURFACE ( 'NONE', #24, 12.98499999999999943 ) ;
#379 = CARTESIAN_POINT ( 'NONE',  ( 10.45870000000000033, -5.062519700712343251, -1.280821347824242272E-15 ) ) ;
#380 = CARTESIAN_POINT ( 'NONE',  ( 7.778174593052023411, -6.625000000000000888, 7.778174593052021635 ) ) ;
#381 = EDGE_CURVE ( 'NONE', #3074, #3048, #2137, .T. ) ;
#382 = CARTESIAN_POINT ( 'NONE',  ( -10.45870000000000033, -2.562519700712343251, 0.000000000000000000 ) ) ;
#383 = ORIENTED_EDGE ( 'NONE', *, *, #2301, .F. ) ;
#384 = FACE_BOUND ( 'NONE', #4351, .T. ) ;
#385 = AXIS2_PLACEMENT_3D ( 'NONE', #2836, #5003, #3330 ) ;
#386 = AXIS2_PLACEMENT_3D ( 'NONE', #2826, #2365, #2803 ) ;
#387 = CARTESIAN_POINT ( 'NONE',  ( -5.160562509537681919, -34.87501970071234325, 12.45870000000000033 ) ) ;
#388 = CARTESIAN_POINT ( 'NONE',  ( -7.395417692395744425, -5.437519700712344140, -7.395417692395744425 ) ) ;
#389 = DIRECTION ( 'NONE',  ( 0.000000000000000000, 0.000000000000000000, -1.000000000000000000 ) ) ;
#390 = CARTESIAN_POINT ( 'NONE',  ( 4.332135384791495625, -7.250019700712343251, 10.45870000000000033 ) ) ;
#391 = VECTOR ( 'NONE', #4136, 1000.000000000000000 ) ;
#392 = EDGE_LOOP ( 'NONE', ( #5144, #2436 ) ) ;
#393 = CARTESIAN_POINT ( 'NONE',  ( -7.778174593052020747, -6.750039401424686503, 7.778174593052023411 ) ) ;
#394 = CARTESIAN_POINT ( 'NONE',  ( 13.00000000000000000, -38.81253940142468650, -5.384776310850237557 ) ) ;
#395 = AXIS2_PLACEMENT_3D ( 'NONE', #1284, #1616, #3079 ) ;
#396 = CARTESIAN_POINT ( 'NONE',  ( 5.160562509537688136, -43.50001970071234325, 12.45869999999999855 ) ) ;
#397 = CARTESIAN_POINT ( 'NONE',  ( -12.45870000000000033, -37.06251970071233615, 0.000000000000000000 ) ) ;
#398 = CARTESIAN_POINT ( 'NONE',  ( -7.395417692395742648, -8.187519700712345028, 7.395417692395746201 ) ) ;
#399 = EDGE_LOOP ( 'NONE', ( #5389, #725, #4565, #2384 ) ) ;
#400 =( BOUNDED_CURVE ( )  B_SPLINE_CURVE ( 2, ( #2400, #216, #2452, #3682, #140, #1956, #4199, #1985, #1072 ),
 .UNSPECIFIED., .F., .T. ) 
 B_SPLINE_CURVE_WITH_KNOTS ( ( 3, 2, 2, 2, 3 ),
 ( 0.06818181818181807963, 0.07954545454545444705, 0.09090909090909082835, 0.1022727272727272096, 0.1136363636363635771 ),
 .UNSPECIFIED. ) 
 CURVE ( )  GEOMETRIC_REPRESENTATION_ITEM ( )  RATIONAL_B_SPLINE_CURVE ( ( 1.000000000000001110, 0.9238795325112858503, 1.000000000000000000, 0.9238795325112867385, 1.000000000000000000, 0.9238795325112867385, 1.000000000000000000, 0.9238795325112871826, 0.9999999999999995559 ) ) 
 REPRESENTATION_ITEM ( '' )  );
#401 = CIRCLE ( 'NONE', #4877, 8.000000000000000000 ) ;
#402 = CARTESIAN_POINT ( 'NONE',  ( 7.395417692395743536, -3.937519700712343695, -7.395417692395744425 ) ) ;
#403 = CARTESIAN_POINT ( 'NONE',  ( -12.45870000000000211, -33.87501970071234325, -5.160562509537680143 ) ) ;
#404 = CARTESIAN_POINT ( 'NONE',  ( 12.98499999999999943, -40.86637914738683719, -1.590203868692838131E-15 ) ) ;
#405 = CARTESIAN_POINT ( 'NONE',  ( 12.45870000000000211, -42.62501970071233615, 5.160562509537678366 ) ) ;
#406 = CARTESIAN_POINT ( 'NONE',  ( 1.921232021736363210E-15, -5.062519700712344140, 10.45870000000000033 ) ) ;
#407 = LOCAL_TIME ( 23, 13, 58.00000000000000000, #5618 ) ;
#408 = DIRECTION ( 'NONE',  ( 0.000000000000000000, 1.000000000000000000, 0.000000000000000000 ) ) ;
#409 = CARTESIAN_POINT ( 'NONE',  ( 2.385305803039257098E-15, -43.25866025403784221, 12.98499999999999943 ) ) ;
#410 = CARTESIAN_POINT ( 'NONE',  ( -7.707463914933366134, -8.692304374505724240, 7.707463914933369686 ) ) ;
#411 = CARTESIAN_POINT ( 'NONE',  ( 12.45870000000000388, -43.50001970071234325, -5.160562509537681031 ) ) ;
#412 = ADVANCED_BREP_SHAPE_REPRESENTATION ( 'Stem_modificiado', ( #330, #5151 ), #2197 ) ;
#413 = VERTEX_POINT ( 'NONE', #3749 ) ;
#414 = ADVANCED_FACE ( 'NONE', ( #5507 ), #2169, .T. ) ;
#415 = CARTESIAN_POINT ( 'NONE',  ( -12.98499999999999943, -42.50866025403784931, 0.000000000000000000 ) ) ;
#416 = CARTESIAN_POINT ( 'NONE',  ( -7.395417692395744425, -3.687519700712343251, -7.395417692395744425 ) ) ;
#417 = CARTESIAN_POINT ( 'NONE',  ( -11.00000000000000000, -5.000000000000000888, 0.000000000000000000 ) ) ;
#418 = CARTESIAN_POINT ( 'NONE',  ( 7.395417692395746201, -2.187519700712343695, 7.395417692395743536 ) ) ;
#419 = CARTESIAN_POINT ( 'NONE',  ( -3.166608502772586764, -33.50000000000000711, 12.27419913690125597 ) ) ;
#420 = DIRECTION ( 'NONE',  ( 0.000000000000000000, 1.000000000000000000, 0.000000000000000000 ) ) ;
#421 = CARTESIAN_POINT ( 'NONE',  ( -4.514927829866739017, -10.62980437450572424, 10.89999999999999858 ) ) ;
#422 = ADVANCED_FACE ( 'NONE', ( #5266 ), #1320, .T. ) ;
#423 = CARTESIAN_POINT ( 'NONE',  ( -7.395417692395744425, -3.437519700712343695, -7.395417692395744425 ) ) ;
#424 = CARTESIAN_POINT ( 'NONE',  ( 8.809631254768842012, -37.68751970071233615, 8.809631254768838460 ) ) ;
#425 = CARTESIAN_POINT ( 'NONE',  ( 2.385305803039257098E-15, -39.25866025403784931, 12.98499999999999943 ) ) ;
#426 = DIRECTION ( 'NONE',  ( 0.000000000000000000, 1.000000000000000000, 0.000000000000000000 ) ) ;
#427 = ORIENTED_EDGE ( 'NONE', *, *, #5541, .T. ) ;
#428 = CARTESIAN_POINT ( 'NONE',  ( -4.556349186104047710, -9.687539401424684726, 10.99999999999999822 ) ) ;
#429 = CARTESIAN_POINT ( 'NONE',  ( 0.000000000000000000, -57.50000000000000000, 12.98499999999999943 ) ) ;
#430 = CARTESIAN_POINT ( 'NONE',  ( 2.388061258337338544E-15, -36.12503940142468650, 13.00000000000000000 ) ) ;
#431 = CARTESIAN_POINT ( 'NONE',  ( -9.192388155425117446, -35.62500000000000711, -9.192388155425117446 ) ) ;
#432 = CARTESIAN_POINT ( 'NONE',  ( 2.288626061480569049E-15, -38.81251970071233615, 12.45870000000000033 ) ) ;
#433 = CARTESIAN_POINT ( 'NONE',  ( 1.921232021736363210E-15, -9.062519700712343251, 10.45870000000000033 ) ) ;
#434 = ORIENTED_EDGE ( 'NONE', *, *, #2979, .F. ) ;
#435 = CARTESIAN_POINT ( 'NONE',  ( 7.395417692395746201, -6.187519700712343251, 7.395417692395743536 ) ) ;
#436 = CARTESIAN_POINT ( 'NONE',  ( 4.514927829866742570, -9.504804374505724240, 10.89999999999999858 ) ) ;
#437 = CARTESIAN_POINT ( 'NONE',  ( -5.160562509537681031, -34.00001970071234325, -12.45870000000000211 ) ) ;
#438 = CARTESIAN_POINT ( 'NONE',  ( -5.378563107414199074, -38.17887914738683719, 12.98500000000043819 ) ) ;
#439 = CARTESIAN_POINT ( 'NONE',  ( 12.98500000000000298, -43.92887914738684429, 5.378563107414636946 ) ) ;
#440 = CARTESIAN_POINT ( 'NONE',  ( -6.404106739121211359E-16, -3.562519700712343695, -10.45870000000000033 ) ) ;
#441 = CARTESIAN_POINT ( 'NONE',  ( -5.160562509537681031, -34.00001970071234325, -12.45870000000000211 ) ) ;
#442 =( BOUNDED_CURVE ( )  B_SPLINE_CURVE ( 2, ( #5369, #1400, #2278, #4048, #3186, #4939, #943, #5001, #75 ),
 .UNSPECIFIED., .F., .F. ) 
 B_SPLINE_CURVE_WITH_KNOTS ( ( 3, 2, 2, 2, 3 ),
 ( 0.2500000000000002220, 0.2613636363636367421, 0.2727272727272732622, 0.2840909090909098378, 0.2954545454545463579 ),
 .UNSPECIFIED. ) 
 CURVE ( )  GEOMETRIC_REPRESENTATION_ITEM ( )  RATIONAL_B_SPLINE_CURVE ( ( 0.9999999999999985567, 0.9238795325112881818, 1.000000000000000000, 0.9238795325112867385, 1.000000000000000000, 0.9238795325112867385, 1.000000000000000000, 0.9238795325112804102, 1.000000000000006217 ) ) 
 REPRESENTATION_ITEM ( '' )  );
#443 = CARTESIAN_POINT ( 'NONE',  ( -6.674325055353075238E-16, -10.06730437450572424, -10.90000000000000036 ) ) ;
#444 = CARTESIAN_POINT ( 'NONE',  ( 12.98499999999999943, -40.94616025403784931, -5.378563107414642275 ) ) ;
#445 = CARTESIAN_POINT ( 'NONE',  ( -8.809631254768838460, -43.93751970071234325, 8.809631254768842012 ) ) ;
#446 = CARTESIAN_POINT ( 'NONE',  ( -7.951019343464191642E-16, -33.75866025403784221, -12.98499999999999943 ) ) ;
#447 = CARTESIAN_POINT ( 'NONE',  ( 10.45870000000000033, -2.062519700712343695, -1.280821347824242272E-15 ) ) ;
#448 = CARTESIAN_POINT ( 'NONE',  ( -7.778174593052023411, -5.125000000000000888, -7.778174593052023411 ) ) ;
#449 = CARTESIAN_POINT ( 'NONE',  ( 7.395417692395746201, -4.187519700712343251, 7.395417692395743536 ) ) ;
#450 = CARTESIAN_POINT ( 'NONE',  ( -9.973692256376020637, -33.50000000000000000, 8.103453330652154563 ) ) ;
#451 = CARTESIAN_POINT ( 'NONE',  ( 0.000000000000000000, -57.50000000000000000, 0.000000000000000000 ) ) ;
#452 = CARTESIAN_POINT ( 'NONE',  ( -4.514927829866772768, -1.870235026918963150, 10.89999999999996305 ) ) ;
#453 = CARTESIAN_POINT ( 'NONE',  ( 12.45870000000000211, -39.62501970071234325, 5.160562509537678366 ) ) ;
#454 = EDGE_CURVE ( 'NONE', #2698, #4509, #1233, .T. ) ;
#455 = CARTESIAN_POINT ( 'NONE',  ( -5.160562509537681031, -37.25001970071233615, -12.45870000000000388 ) ) ;
#456 = CARTESIAN_POINT ( 'NONE',  ( -4.332135384791490296, -9.750019700712345028, -10.45870000000000033 ) ) ;
#457 = CARTESIAN_POINT ( 'NONE',  ( 7.395417692395746201, -0.1875197007123434456, 7.395417692395743536 ) ) ;
#458 = CARTESIAN_POINT ( 'NONE',  ( -5.384776310850238445, -36.18753940142470071, 12.99999999999999822 ) ) ;
#459 = CARTESIAN_POINT ( 'NONE',  ( 5.384776310850242886, -36.18750000000000711, 12.99999999999999645 ) ) ;
#460 = CARTESIAN_POINT ( 'NONE',  ( -7.628753538268564813E-16, -37.31251970071233615, -12.45870000000000033 ) ) ;
#461 = CARTESIAN_POINT ( 'NONE',  ( -7.707463914933366134, -3.692304374505724684, 7.707463914933369686 ) ) ;
#462 = ORIENTED_EDGE ( 'NONE', *, *, #2799, .F. ) ;
#463 = CARTESIAN_POINT ( 'NONE',  ( -12.45870000000000033, -44.06251970071234325, 0.000000000000000000 ) ) ;
#464 = CARTESIAN_POINT ( 'NONE',  ( -12.45869999999999855, -44.00001970071234325, 5.160562509537689024 ) ) ;
#465 = CARTESIAN_POINT ( 'NONE',  ( 7.395417692395743536, -4.687519700712344140, -7.395417692395744425 ) ) ;
#466 = CARTESIAN_POINT ( 'NONE',  ( 5.160562509537679254, -38.12501970071233615, -12.45870000000000211 ) ) ;
#467 = CARTESIAN_POINT ( 'NONE',  ( 2.385305803039257098E-15, -40.11637914738684429, 12.98499999999999943 ) ) ;
#468 = DIRECTION ( 'NONE',  ( 0.000000000000000000, 0.000000000000000000, 1.000000000000000000 ) ) ;
#469 = ORIENTED_EDGE ( 'NONE', *, *, #374, .F. ) ;
#470 = CARTESIAN_POINT ( 'NONE',  ( 2.002297516605922276E-15, -2.567304374505724240, 10.90000000000000036 ) ) ;
#471 = CARTESIAN_POINT ( 'NONE',  ( -10.45870000000000033, -2.625019700712343251, -4.332135384791489408 ) ) ;
#472 = CARTESIAN_POINT ( 'NONE',  ( -6.735557395310442023E-16, -4.250000000000000888, -11.00000000000000000 ) ) ;
#473 = CARTESIAN_POINT ( 'NONE',  ( -4.332135384791492072, -2.375019700712343251, 10.45870000000000033 ) ) ;
#474 = CYLINDRICAL_SURFACE ( 'NONE', #3214, 12.98499999999999943 ) ;
#475 = CARTESIAN_POINT ( 'NONE',  ( 10.90000000000000036, -2.557735026918963150, -1.334865011070615048E-15 ) ) ;
#476 = CARTESIAN_POINT ( 'NONE',  ( -12.45870000000000033, -37.06251970071233615, 0.000000000000000000 ) ) ;
#477 = DIRECTION ( 'NONE',  ( 0.000000000000000000, 0.000000000000000000, 1.000000000000000000 ) ) ;
#478 = CARTESIAN_POINT ( 'NONE',  ( -5.160562509537681031, -36.25001970071233615, -12.45870000000000388 ) ) ;
#479 = CARTESIAN_POINT ( 'NONE',  ( 10.90000000000000213, -9.620235026918962262, 4.514927829866736353 ) ) ;
#480 = CARTESIAN_POINT ( 'NONE',  ( 10.45870000000000033, -1.750019700712343251, -4.332135384791490296 ) ) ;
#481 = AXIS2_PLACEMENT_3D ( 'NONE', #1864, #3647, #5396 ) ;
#482 = CARTESIAN_POINT ( 'NONE',  ( -4.556349186104047710, -10.68753940142468650, 10.99999999999999822 ) ) ;
#483 = EDGE_CURVE ( 'NONE', #829, #2957, #4410, .T. ) ;
#484 = CARTESIAN_POINT ( 'NONE',  ( 4.332135384791495625, -10.25001970071234503, 10.45870000000000033 ) ) ;
#485 = CARTESIAN_POINT ( 'NONE',  ( 7.778174593052023411, -0.5000394014246859475, 7.778174593052021635 ) ) ;
#486 = AXIS2_PLACEMENT_3D ( 'NONE', #2348, #1935, #3717 ) ;
#487 = CARTESIAN_POINT ( 'NONE',  ( -9.192388155425117446, -36.62500000000000711, -9.192388155425117446 ) ) ;
#488 = CARTESIAN_POINT ( 'NONE',  ( 12.45870000000000033, -38.56251970071233615, -1.525750707653712963E-15 ) ) ;
#489 = CARTESIAN_POINT ( 'NONE',  ( -4.332135384791490296, -9.500019700712345028, -10.45870000000000033 ) ) ;
#490 = VECTOR ( 'NONE', #1786, 1000.000000000000000 ) ;
#491 = CARTESIAN_POINT ( 'NONE',  ( 7.395417692395743536, -7.937519700712344140, -7.395417692395744425 ) ) ;
#492 = CARTESIAN_POINT ( 'NONE',  ( -12.45870000000000033, -36.81251970071233615, 0.000000000000000000 ) ) ;
#493 = CARTESIAN_POINT ( 'NONE',  ( 9.192388155425115670, -40.75003940142468650, -9.192388155425117446 ) ) ;
#494 = CARTESIAN_POINT ( 'NONE',  ( -8.809631254768838460, -35.68751970071234325, 8.809631254768842012 ) ) ;
#495 = CARTESIAN_POINT ( 'NONE',  ( -7.707463914933368798, -3.182735026918962706, -7.707463914933368798 ) ) ;
#496 = FACE_OUTER_BOUND ( 'NONE', #3421, .T. ) ;
#497 = AXIS2_PLACEMENT_3D ( 'NONE', #107, #4138, #1926 ) ;
#498 = CARTESIAN_POINT ( 'NONE',  ( -12.45870000000000033, -44.06251970071234325, 0.000000000000000000 ) ) ;
#499 = ORIENTED_EDGE ( 'NONE', *, *, #3686, .T. ) ;
#500 = CARTESIAN_POINT ( 'NONE',  ( 0.000000000000000000, -228.9999999999999716, 12.98499999999999943 ) ) ;
#501 = CARTESIAN_POINT ( 'NONE',  ( 10.45870000000000033, -6.812519700712343251, -1.280821347824242272E-15 ) ) ;
#502 = CARTESIAN_POINT ( 'NONE',  ( 12.45870000000000388, -37.37501970071233615, 5.160562509537677478 ) ) ;
#503 = CARTESIAN_POINT ( 'NONE',  ( 10.45870000000000033, -6.000019700712344140, -4.332135384791490296 ) ) ;
#504 = CARTESIAN_POINT ( 'NONE',  ( 11.00000000000000000, -7.500000000000001776, -1.347111479062088405E-15 ) ) ;
#505 = CARTESIAN_POINT ( 'NONE',  ( 4.332135384791488519, -5.875019700712343251, -10.45870000000000033 ) ) ;
#506 = CARTESIAN_POINT ( 'NONE',  ( 2.863149864347558804, -33.49999999999998579, 12.18265472951476269 ) ) ;
#507 = LINE ( 'NONE', #5397, #5065 ) ;
#508 = CARTESIAN_POINT ( 'NONE',  ( 8.809631254768838460, -37.43751970071233615, -8.809631254768840236 ) ) ;
#509 = CARTESIAN_POINT ( 'NONE',  ( -6.404106739121211359E-16, -9.562519700712345028, -10.45870000000000033 ) ) ;
#510 = CARTESIAN_POINT ( 'NONE',  ( -12.45869999999999855, -35.00001970071234325, 5.160562509537688136 ) ) ;
#511 = CARTESIAN_POINT ( 'NONE',  ( 11.50976273389285964, -33.49999999999880629, -4.769126492293024988 ) ) ;
#512 = ORIENTED_EDGE ( 'NONE', *, *, #5611, .F. ) ;
#513 = CARTESIAN_POINT ( 'NONE',  ( 4.556349186104045934, -10.18753940142468473, -11.00000000000000000 ) ) ;
#514 = CARTESIAN_POINT ( 'NONE',  ( -4.953636001680369105, -33.55881688699834342, -12.98499999999974364 ) ) ;
#515 = CARTESIAN_POINT ( 'NONE',  ( 11.00000000000000000, -0.3125394014246861141, -4.556349186104045934 ) ) ;
#516 = CARTESIAN_POINT ( 'NONE',  ( -8.809631254768838460, -35.93751970071234325, 8.809631254768842012 ) ) ;
#517 = CARTESIAN_POINT ( 'NONE',  ( -7.707463914933368798, -3.942304374505723796, -7.707463914933368798 ) ) ;
#518 = ORIENTED_EDGE ( 'NONE', *, *, #4834, .T. ) ;
#519 = EDGE_CURVE ( 'NONE', #5414, #3240, #4952, .T. ) ;
#520 = CARTESIAN_POINT ( 'NONE',  ( -5.160562509537681919, -35.62501970071234325, 12.45870000000000033 ) ) ;
#521 = FACE_OUTER_BOUND ( 'NONE', #4827, .T. ) ;
#522 = CARTESIAN_POINT ( 'NONE',  ( -13.00000000000000000, -40.43753940142468650, -5.384776310850237557 ) ) ;
#523 =( BOUNDED_SURFACE ( )  B_SPLINE_SURFACE ( 3, 1, ( 
 ( #5650, #3030 ),
 ( #787, #5129 ),
 ( #1145, #3459 ),
 ( #5675, #1708 ),
 ( #3488, #1261 ),
 ( #4921, #2759 ),
 ( #1480, #117 ) ),
 .UNSPECIFIED., .T., .F., .F. ) 
 B_SPLINE_SURFACE_WITH_KNOTS ( ( 4, 3, 4 ),
 ( 2, 2 ),
 ( 0.000000000000000000, 0.5000000000000000000, 1.000000000000000000 ),
 ( 0.000000000000000000, 1.000000000000000000 ),
 .UNSPECIFIED. ) 
 GEOMETRIC_REPRESENTATION_ITEM ( )  RATIONAL_B_SPLINE_SURFACE ( (
 ( 1.000000000000000000, 1.000000000000000000),
 ( 0.3333333333333333703, 0.3333333333333333703),
 ( 0.3333333333333333703, 0.3333333333333333703),
 ( 1.000000000000000000, 1.000000000000000000),
 ( 0.3333333333333333703, 0.3333333333333333703),
 ( 0.3333333333333333703, 0.3333333333333333703),
 ( 1.000000000000000000, 1.000000000000000000) ) ) 
 REPRESENTATION_ITEM ( '' )  SURFACE ( )  );
#524 = CARTESIAN_POINT ( 'NONE',  ( -7.628753538268564813E-16, -38.06251970071233615, -12.45870000000000033 ) ) ;
#525 = CARTESIAN_POINT ( 'NONE',  ( 0.000000000000000000, -33.50000000000000000, 0.000000000000000000 ) ) ;
#526 = CARTESIAN_POINT ( 'NONE',  ( 0.000000000000000000, -33.50000000000000000, 0.000000000000000000 ) ) ;
#527 = EDGE_CURVE ( 'NONE', #3154, #969, #4526, .T. ) ;
#528 = VERTEX_POINT ( 'NONE', #5739 ) ;
#529 = CARTESIAN_POINT ( 'NONE',  ( -10.45870000000000033, -7.375019700712344140, -4.332135384791489408 ) ) ;
#530 = FACE_OUTER_BOUND ( 'NONE', #199, .T. ) ;
#531 = CARTESIAN_POINT ( 'NONE',  ( -12.45870000000000388, -35.87501970071234325, -5.160562509537680143 ) ) ;
#532 = CARTESIAN_POINT ( 'NONE',  ( -10.45870000000000033, -7.562519700712343251, 0.000000000000000000 ) ) ;
#533 = CARTESIAN_POINT ( 'NONE',  ( 2.020667218593132706E-15, -7.750000000000001776, 11.00000000000000000 ) ) ;
#534 = CARTESIAN_POINT ( 'NONE',  ( -12.45870000000000211, -41.87501970071234325, -5.160562509537680143 ) ) ;
#535 = CARTESIAN_POINT ( 'NONE',  ( -6.674325055353075238E-16, -5.067304374505724240, -10.90000000000000036 ) ) ;
#536 = DIRECTION ( 'NONE',  ( -0.000000000000000000, -1.000000000000000000, -0.000000000000000000 ) ) ;
#537 = ORIENTED_EDGE ( 'NONE', *, *, #3220, .F. ) ;
#538 = CARTESIAN_POINT ( 'NONE',  ( 7.707463914933367022, -2.432735026918962262, -7.707463914933368798 ) ) ;
#539 = CARTESIAN_POINT ( 'NONE',  ( 12.45870000000000211, -39.50001970071233615, -5.160562509537681031 ) ) ;
#540 = DIRECTION ( 'NONE',  ( 0.000000000000000000, 1.000000000000000000, 0.000000000000000000 ) ) ;
#541 = CARTESIAN_POINT ( 'NONE',  ( -10.45870000000000033, -10.31251970071234325, 0.000000000000000000 ) ) ;
#542 = CARTESIAN_POINT ( 'NONE',  ( 2.288626061480569049E-15, -37.81251970071233615, 12.45870000000000033 ) ) ;
#543 = CARTESIAN_POINT ( 'NONE',  ( 0.000000000000000000, -33.50000000000000000, 10.90000000000000036 ) ) ;
#544 = CARTESIAN_POINT ( 'NONE',  ( 10.45870000000000033, -1.000019700712343473, -4.332135384791490296 ) ) ;
#545 = CARTESIAN_POINT ( 'NONE',  ( 10.90000000000000036, -4.557735026918962262, -1.334865011070615048E-15 ) ) ;
#546 = CYLINDRICAL_SURFACE ( 'NONE', #486, 10.90000000000000036 ) ;
#547 = CARTESIAN_POINT ( 'NONE',  ( -7.778174593052020747, -0.7500394014246860586, 7.778174593052023411 ) ) ;
#548 = CARTESIAN_POINT ( 'NONE',  ( 10.45870000000000211, -9.875019700712345028, 4.332135384791487631 ) ) ;
#549 = ORIENTED_EDGE ( 'NONE', *, *, #3505, .F. ) ;
#550 = CARTESIAN_POINT ( 'NONE',  ( 0.000000000000000000, -57.50000000000000000, 12.98499999999999943 ) ) ;
#551 = CARTESIAN_POINT ( 'NONE',  ( -10.45870000000000033, -8.500019700712345028, 4.332135384791498289 ) ) ;
#552 = CARTESIAN_POINT ( 'NONE',  ( 8.809631254768838460, -37.18751970071233615, -8.809631254768840236 ) ) ;
#553 = CARTESIAN_POINT ( 'NONE',  ( 5.384776310850236669, -41.68753940142469361, -13.00000000000000000 ) ) ;
#554 = CARTESIAN_POINT ( 'NONE',  ( -8.809631254768840236, -37.93751970071233615, -8.809631254768840236 ) ) ;
#555 = CARTESIAN_POINT ( 'NONE',  ( -6.404106739121211359E-16, -0.5625197007123435844, -10.45870000000000033 ) ) ;
#556 = ORIENTED_EDGE ( 'NONE', *, *, #5502, .T. ) ;
#557 = CARTESIAN_POINT ( 'NONE',  ( 12.98499999999999943, -41.86637914738684429, -1.590203868692838131E-15 ) ) ;
#558 = ORIENTED_EDGE ( 'NONE', *, *, #312, .F. ) ;
#559 = CARTESIAN_POINT ( 'NONE',  ( 8.809631254768842012, -39.68751970071234325, 8.809631254768838460 ) ) ;
#560 = CARTESIAN_POINT ( 'NONE',  ( 2.002297516605922276E-15, -5.807735026918963150, 10.90000000000000036 ) ) ;
#561 = CARTESIAN_POINT ( 'NONE',  ( 8.809631254768838460, -40.18751970071234325, -8.809631254768840236 ) ) ;
#562 = EDGE_CURVE ( 'NONE', #3012, #3154, #2551, .T. ) ;
#563 = CARTESIAN_POINT ( 'NONE',  ( 1.921232021736363210E-15, -9.312519700712343251, 10.45870000000000033 ) ) ;
#564 = FACE_OUTER_BOUND ( 'NONE', #3041, .T. ) ;
#565 = CARTESIAN_POINT ( 'NONE',  ( -7.628753538268564813E-16, -42.06251970071234325, -12.45870000000000033 ) ) ;
#566 = CARTESIAN_POINT ( 'NONE',  ( -9.181781553707320853, -39.49137914738683719, -9.181781553707320853 ) ) ;
#567 = DIRECTION ( 'NONE',  ( 0.000000000000000000, 0.000000000000000000, 1.000000000000000000 ) ) ;
#568 = ADVANCED_FACE ( 'NONE', ( #3487 ), #5294, .T. ) ;
#569 = CARTESIAN_POINT ( 'NONE',  ( 12.45870000000000388, -34.25001970071234325, -5.160562509537681031 ) ) ;
#570 = CARTESIAN_POINT ( 'NONE',  ( 7.395417692395743536, -7.687519700712344140, -7.395417692395744425 ) ) ;
#571 = CARTESIAN_POINT ( 'NONE',  ( 8.809631254768842012, -38.68751970071233615, 8.809631254768838460 ) ) ;
#572 = CARTESIAN_POINT ( 'NONE',  ( -10.45870000000000033, -10.50001970071234503, 4.332135384791498289 ) ) ;
#573 = CARTESIAN_POINT ( 'NONE',  ( 11.00000000000000000, -1.375039401424686059, -1.347111479062088405E-15 ) ) ;
#574 = CYLINDRICAL_SURFACE ( 'NONE', #2947, 10.90000000000000036 ) ;
#575 = VECTOR ( 'NONE', #2145, 1000.000000000000000 ) ;
#576 = ORIENTED_EDGE ( 'NONE', *, *, #562, .T. ) ;
#577 = CARTESIAN_POINT ( 'NONE',  ( -7.951019343464190656E-16, -33.61637914738683719, -12.98499999999999943 ) ) ;
#578 = CARTESIAN_POINT ( 'NONE',  ( 2.288626061480569049E-15, -35.56251970071234325, 12.45870000000000033 ) ) ;
#579 = VECTOR ( 'NONE', #2645, 1000.000000000000000 ) ;
#580 = CARTESIAN_POINT ( 'NONE',  ( 5.384776310850242886, -41.06253940142469361, 12.99999999999999645 ) ) ;
#581 = CARTESIAN_POINT ( 'NONE',  ( 5.160562509537679254, -37.12501970071234325, -12.45870000000000211 ) ) ;
#582 = CARTESIAN_POINT ( 'NONE',  ( -6.674325055353075238E-16, -7.307735026918963150, -10.90000000000000036 ) ) ;
#583 = CARTESIAN_POINT ( 'NONE',  ( 0.000000000000000000, -203.5000000000000000, 11.98499999999999943 ) ) ;
#584 = ORIENTED_EDGE ( 'NONE', *, *, #5541, .F. ) ;
#585 = CIRCLE ( 'NONE', #5429, 12.98499999999999943 ) ;
#586 = CARTESIAN_POINT ( 'NONE',  ( 4.332135384791495625, -6.000019700712344140, 10.45870000000000033 ) ) ;
#587 = CARTESIAN_POINT ( 'NONE',  ( 9.065852100556119453, -304.0000000000000000, 7.861954317524507907 ) ) ;
#588 = CARTESIAN_POINT ( 'NONE',  ( 8.809631254768842012, -41.43751970071234325, 8.809631254768838460 ) ) ;
#589 = CARTESIAN_POINT ( 'NONE',  ( -7.395417692395742648, -6.437519700712343251, 7.395417692395746201 ) ) ;
#590 = AXIS2_PLACEMENT_3D ( 'NONE', #3872, #3116, #1666 ) ;
#591 = CARTESIAN_POINT ( 'NONE',  ( 11.00000000000000355, -9.562500000000001776, 4.556349186104045046 ) ) ;
#592 = CARTESIAN_POINT ( 'NONE',  ( 5.160562509537679254, -41.12501970071233615, -12.45870000000000211 ) ) ;
#593 = CARTESIAN_POINT ( 'NONE',  ( -5.378563107414884747, -41.32116025403784221, 12.98499999999975429 ) ) ;
#594 = ADVANCED_FACE ( 'NONE', ( #4005 ), #2, .F. ) ;
#595 =( BOUNDED_CURVE ( )  B_SPLINE_CURVE ( 2, ( #4791, #4414, #2209, #1231, #1739, #320, #5740, #4333, #4873 ),
 .UNSPECIFIED., .F., .T. ) 
 B_SPLINE_CURVE_WITH_KNOTS ( ( 3, 2, 2, 2, 3 ),
 ( 0.8409090909090917165, 0.8522727272727280701, 0.8636363636363644236, 0.8750000000000008882, 0.8863636363636372417 ),
 .UNSPECIFIED. ) 
 CURVE ( )  GEOMETRIC_REPRESENTATION_ITEM ( )  RATIONAL_B_SPLINE_CURVE ( ( 0.9999999999999947820, 0.9238795325112919565, 1.000000000000000000, 0.9238795325112867385, 1.000000000000000000, 0.9238795325112867385, 1.000000000000000000, 0.9238795325112807433, 1.000000000000005995 ) ) 
 REPRESENTATION_ITEM ( '' )  );
#596 = CARTESIAN_POINT ( 'NONE',  ( 12.98499999999999943, -36.86637914738685140, -1.590203868692838131E-15 ) ) ;
#597 = AXIS2_PLACEMENT_3D ( 'NONE', #998, #4129, #5505 ) ;
#598 = CARTESIAN_POINT ( 'NONE',  ( -5.160562509537681031, -41.25001970071234325, -12.45870000000000211 ) ) ;
#599 = CARTESIAN_POINT ( 'NONE',  ( 4.769126492209386114, -33.50000000000000000, 11.50976273392751636 ) ) ;
#600 = CARTESIAN_POINT ( 'NONE',  ( -10.45870000000000033, -8.250019700712345028, 4.332135384791498289 ) ) ;
#601 = CARTESIAN_POINT ( 'NONE',  ( 5.384776310850236669, -38.81249999999999289, -13.00000000000000000 ) ) ;
#602 = CARTESIAN_POINT ( 'NONE',  ( 2.288626061480569049E-15, -41.81251970071234325, 12.45870000000000033 ) ) ;
#603 = CARTESIAN_POINT ( 'NONE',  ( 13.00000000000000000, -43.87503940142468650, -1.592040838891559095E-15 ) ) ;
#604 = CARTESIAN_POINT ( 'NONE',  ( -11.00000000000000000, -0.8750394014246860586, 0.000000000000000000 ) ) ;
#605 = CARTESIAN_POINT ( 'NONE',  ( -3.804894762048382173, 7.915634374477974356E-17, -10.20093749437073072 ) ) ;
#606 = VERTEX_POINT ( 'NONE', #2355 ) ;
#607 = CARTESIAN_POINT ( 'NONE',  ( -12.45869999999999855, -35.75001970071233615, 5.160562509537689024 ) ) ;
#608 = CARTESIAN_POINT ( 'NONE',  ( 13.00000000000000533, -42.93753940142468650, 5.384776310850233116 ) ) ;
#609 = CARTESIAN_POINT ( 'NONE',  ( -5.160562509537681919, -41.62501970071233615, 12.45870000000000033 ) ) ;
#610 = CARTESIAN_POINT ( 'NONE',  ( 0.000000000000000000, -57.50000000000000000, 0.000000000000000000 ) ) ;
#611 = CYLINDRICAL_SURFACE ( 'NONE', #5702, 11.90000000000000036 ) ;
#612 = ORIENTED_EDGE ( 'NONE', *, *, #5114, .F. ) ;
#613 = DATE_TIME_ROLE ( 'creation_date' ) ;
#614 = CARTESIAN_POINT ( 'NONE',  ( 2.288626061480569049E-15, -39.81251970071234325, 12.45870000000000033 ) ) ;
#615 = CARTESIAN_POINT ( 'NONE',  ( 10.90000000000000036, -2.254804374505724240, -4.514927829866737241 ) ) ;
#616 = CYLINDRICAL_SURFACE ( 'NONE', #3313, 10.90000000000000036 ) ;
#617 = CARTESIAN_POINT ( 'NONE',  ( -10.45870000000000033, -9.562519700712345028, 0.000000000000000000 ) ) ;
#618 = CARTESIAN_POINT ( 'NONE',  ( 1.590203868692838131E-15, -57.50000000000000000, -12.98499999999999943 ) ) ;
#619 = CARTESIAN_POINT ( 'NONE',  ( -8.809631254768838460, -43.68751970071234325, 8.809631254768842012 ) ) ;
#620 = CYLINDRICAL_SURFACE ( 'NONE', #4692, 11.98499999999999943 ) ;
#621 = ORIENTED_EDGE ( 'NONE', *, *, #3076, .T. ) ;
#622 = CARTESIAN_POINT ( 'NONE',  ( 12.45870000000000211, -41.62501970071233615, 5.160562509537678366 ) ) ;
#623 = CARTESIAN_POINT ( 'NONE',  ( -5.160562509537681031, -35.00001970071234325, -12.45870000000000388 ) ) ;
#624 = CARTESIAN_POINT ( 'NONE',  ( 7.395417692395746201, -6.937519700712343251, 7.395417692395743536 ) ) ;
#625 = CARTESIAN_POINT ( 'NONE',  ( 5.384776310850242886, -38.18749999999999289, 12.99999999999999645 ) ) ;
#626 =( BOUNDED_SURFACE ( )  B_SPLINE_SURFACE ( 1, 2, ( 
 ( #722, #1701, #2052, #3826, #5262, #3480, #5177, #5230, #3452, #3053, #5203, #4294, #5581, #4811, #2969, #805, #751, #4376, #1617, #2084, #1285, #5149, #4720, #3855, #3080, #2601, #5615, #2996, #2545, #4324, #314, #366, #2112, #5642, #1223, #3972, #3659, #5381, #1449, #958, #5411, #2262, #1414, #1820, #4895, #2696, #516, #2321, #3231, #892, #832, #4087, #4467, #89, #3630, #5763, #2631, #4030, #4497, #2761, #3598, #3168, #4405, #1759, #397, #1877, #861, #2232, #460, #4865, #59, #2201, #5734, #3537, #924, #3565, #1849, #26, #5288, #5348, #1314, #3137, #3105, #5316, #2665, #4060, #2724, #4923, #488, #2289, #4437, #4530, #432, #4001, #1787, #1381, #1347, #3198, #4950, #5575, #2962, #1462, #3242, #1001, #2801, #2363, #559, #2887, #614, #2392, #4191, #4131, #128, #5074, #182, #4161, #1085, #3802, #3860, #1173, #2010, #5620, #2494, #5533, #1143, #4669, #5181, #4269, #3457, #1200, #1569, #700, #5207, #3001, #4755, #1680, #2058, #259, #3885, #3345, #756, #2550, #5100, #4328, #5647, #1228, #3830, #4645, #640, #1623, #671, #3403, #4244, #2973, #5557, #231, #1592, #3373, #5127, #4725, #3057, #1705, #4354, #4380, #1, #1736, #3514, #2205, #1289, #811, #4815, #369, #2669, #1319, #2634, #1792, #463 ),
 ( #2606, #3940, #3085, #5704, #2237, #785, #4787, #2265, #3109, #4842, #3570, #5738, #344, #837, #3486, #4409, #3908, #403, #5234, #437, #4870, #864, #5293, #4441, #5354, #2700, #2143, #1762, #3542, #5322, #1353, #3141, #4899, #4036, #31, #1824, #3603, #3028, #2579, #3236, #1881, #3743, #1941, #3263, #578, #520, #3633, #607, #1052, #4559, #5473, #4536, #2386, #3696, #4501, #5014, #4989, #4927, #3663, #5384, #4154, #992, #176, #2818, #492, #5415, #1969, #4582, #151, #4182, #552, #5449, #2354, #1418, #3172, #1912, #62, #3723, #1454, #3290, #2729, #3201, #2853, #1022, #1506, #1385, #2793, #929, #5041, #4123, #4612, #119, #2414, #1484, #2325, #2295, #4065, #1852, #4092, #4955, #962, #2764, #93, #2910, #282, #5551, #3363, #692, #1131, #3339, #2487, #5579, #5146, #1613, #3849, #1647, #748, #2542, #632, #4210, #1998, #4321, #5500, #1533, #3772, #3952, #903, #4041, #5681, #4105, #2774, #5079, #4574, #592, #2425, #4626, #3211, #106, #211, #4196, #4544, #2831, #3754, #1007, #5395, #534, #4969, #1429, #565, #187, #3325, #3646, #5486, #1092, #2893, #1468, #5027, #5000, #1519, #974, #4137, #2337, #2807, #1895, #2369, #4596, #1035, #5513, #1925, #4167, #3677, #5431, #135, #3248, #619, #3708, #1982 ) ),
 .UNSPECIFIED., .F., .F., .F. ) 
 B_SPLINE_SURFACE_WITH_KNOTS ( ( 2, 2 ),
 ( 3, 2, 2, 2, 2, 2, 2, 2, 2, 2, 2, 2, 2, 2, 2, 2, 2, 2, 2, 2, 2, 2, 2, 2, 2, 2, 2, 2, 2, 2, 2, 2, 2, 2, 2, 2, 2, 2, 2, 2, 2, 2, 2, 2, 2, 2, 2, 2, 2, 2, 2, 2, 2, 2, 2, 2, 2, 2, 2, 2, 2, 2, 2, 2, 2, 2, 2, 2, 2, 2, 2, 2, 2, 2, 2, 2, 2, 2, 2, 2, 2, 2, 2, 2, 2, 2, 2, 2, 3 ),
 ( 0.000000000000000000, 1.000000000000000000 ),
 ( 0.000000000000000000, 0.01136363636363636395, 0.02272727272727272790, 0.03409090909090908839, 0.04545454545454545581, 0.05681818181818181629, 0.06818181818181817677, 0.07954545454545454419, 0.09090909090909091161, 0.1022727272727272790, 0.1136363636363636326, 0.1250000000000000000, 0.1363636363636363535, 0.1477272727272727348, 0.1590909090909090884, 0.1704545454545454419, 0.1818181818181818232, 0.1931818181818181768, 0.2045454545454545581, 0.2159090909090909116, 0.2272727272727272652, 0.2386363636363636465, 0.2500000000000000000, 0.2613636363636363535, 0.2727272727272727071, 0.2840909090909091161, 0.2954545454545454697, 0.3068181818181818232, 0.3181818181818181768, 0.3295454545454545303, 0.3409090909090908839, 0.3522727272727272929, 0.3636363636363636465, 0.3750000000000000000, 0.3863636363636363535, 0.3977272727272727071, 0.4090909090909091161, 0.4204545454545454697, 0.4318181818181818232, 0.4431818181818181768, 0.4545454545454545303, 0.4659090909090908839, 0.4772727272727272929, 0.4886363636363636465, 0.5000000000000000000, 0.5113636363636363535, 0.5227272727272727071, 0.5340909090909090606, 0.5454545454545454142, 0.5568181818181817677, 0.5681818181818182323, 0.5795454545454545858, 0.5909090909090909394, 0.6022727272727272929, 0.6136363636363636465, 0.6250000000000000000, 0.6363636363636363535, 0.6477272727272727071, 0.6590909090909090606, 0.6704545454545454142, 0.6818181818181817677, 0.6931818181818182323, 0.7045454545454545858, 0.7159090909090909394, 0.7272727272727272929, 0.7386363636363636465, 0.7500000000000000000, 0.7613636363636363535, 0.7727272727272727071, 0.7840909090909090606, 0.7954545454545454142, 0.8068181818181817677, 0.8181818181818182323, 0.8295454545454545858, 0.8409090909090909394, 0.8522727272727272929, 0.8636363636363636465, 0.8750000000000000000, 0.8863636363636363535, 0.8977272727272727071, 0.9090909090909090606, 0.9204545454545454142, 0.9318181818181817677, 0.9431818181818182323, 0.9545454545454545858, 0.9659090909090909394, 0.9772727272727272929, 0.9886363636363636465, 1.000000000000000000 ),
 .UNSPECIFIED. ) 
 GEOMETRIC_REPRESENTATION_ITEM ( )  RATIONAL_B_SPLINE_SURFACE ( (
 ( 1.000000000000000000, 0.9238795325112867385, 1.000000000000000000, 0.9238795325112867385, 1.000000000000000000, 0.9238795325112867385, 1.000000000000000000, 0.9238795325112867385, 1.000000000000000000, 0.9238795325112867385, 1.000000000000000000, 0.9238795325112867385, 1.000000000000000000, 0.9238795325112867385, 1.000000000000000000, 0.9238795325112867385, 1.000000000000000000, 0.9238795325112867385, 1.000000000000000000, 0.9238795325112867385, 1.000000000000000000, 0.9238795325112867385, 1.000000000000000000, 0.9238795325112867385, 1.000000000000000000, 0.9238795325112867385, 1.000000000000000000, 0.9238795325112867385, 1.000000000000000000, 0.9238795325112867385, 1.000000000000000000, 0.9238795325112867385, 1.000000000000000000, 0.9238795325112867385, 1.000000000000000000, 0.9238795325112867385, 1.000000000000000000, 0.9238795325112867385, 1.000000000000000000, 0.9238795325112867385, 1.000000000000000000, 0.9238795325112867385, 1.000000000000000000, 0.9238795325112867385, 1.000000000000000000, 0.9238795325112867385, 1.000000000000000000, 0.9238795325112867385, 1.000000000000000000, 0.9238795325112867385, 1.000000000000000000, 0.9238795325112867385, 1.000000000000000000, 0.9238795325112867385, 1.000000000000000000, 0.9238795325112867385, 1.000000000000000000, 0.9238795325112867385, 1.000000000000000000, 0.9238795325112867385, 1.000000000000000000, 0.9238795325112867385, 1.000000000000000000, 0.9238795325112867385, 1.000000000000000000, 0.9238795325112867385, 1.000000000000000000, 0.9238795325112867385, 1.000000000000000000, 0.9238795325112867385, 1.000000000000000000, 0.9238795325112867385, 1.000000000000000000, 0.9238795325112867385, 1.000000000000000000, 0.9238795325112867385, 1.000000000000000000, 0.9238795325112867385, 1.000000000000000000, 0.9238795325112867385, 1.000000000000000000, 0.9238795325112867385, 1.000000000000000000, 0.9238795325112867385, 1.000000000000000000, 0.9238795325112867385, 1.000000000000000000, 0.9238795325112867385, 1.000000000000000000, 0.9238795325112867385, 1.000000000000000000, 0.9238795325112867385, 1.000000000000000000, 0.9238795325112867385, 1.000000000000000000, 0.9238795325112867385, 1.000000000000000000, 0.9238795325112867385, 1.000000000000000000, 0.9238795325112867385, 1.000000000000000000, 0.9238795325112867385, 1.000000000000000000, 0.9238795325112867385, 1.000000000000000000, 0.9238795325112867385, 1.000000000000000000, 0.9238795325112867385, 1.000000000000000000, 0.9238795325112867385, 1.000000000000000000, 0.9238795325112867385, 1.000000000000000000, 0.9238795325112867385, 1.000000000000000000, 0.9238795325112867385, 1.000000000000000000, 0.9238795325112867385, 1.000000000000000000, 0.9238795325112867385, 1.000000000000000000, 0.9238795325112867385, 1.000000000000000000, 0.9238795325112867385, 1.000000000000000000, 0.9238795325112867385, 1.000000000000000000, 0.9238795325112867385, 1.000000000000000000, 0.9238795325112867385, 1.000000000000000000, 0.9238795325112867385, 1.000000000000000000, 0.9238795325112867385, 1.000000000000000000, 0.9238795325112867385, 1.000000000000000000, 0.9238795325112867385, 1.000000000000000000, 0.9238795325112867385, 1.000000000000000000, 0.9238795325112867385, 1.000000000000000000, 0.9238795325112867385, 1.000000000000000000, 0.9238795325112867385, 1.000000000000000000, 0.9238795325112867385, 1.000000000000000000, 0.9238795325112867385, 1.000000000000000000, 0.9238795325112867385, 1.000000000000000000, 0.9238795325112867385, 1.000000000000000000, 0.9238795325112867385, 1.000000000000000000, 0.9238795325112867385, 1.000000000000000000, 0.9238795325112867385, 1.000000000000000000, 0.9238795325112867385, 1.000000000000000000, 0.9238795325112867385, 1.000000000000000000, 0.9238795325112867385, 1.000000000000000000, 0.9238795325112867385, 1.000000000000000000, 0.9238795325112867385, 1.000000000000000000, 0.9238795325112867385, 1.000000000000000000, 0.9238795325112867385, 1.000000000000000000, 0.9238795325112867385, 1.000000000000000000),
 ( 1.000000000000000000, 0.9238795325112867385, 1.000000000000000000, 0.9238795325112867385, 1.000000000000000000, 0.9238795325112867385, 1.000000000000000000, 0.9238795325112867385, 1.000000000000000000, 0.9238795325112867385, 1.000000000000000000, 0.9238795325112867385, 1.000000000000000000, 0.9238795325112867385, 1.000000000000000000, 0.9238795325112867385, 1.000000000000000000, 0.9238795325112867385, 1.000000000000000000, 0.9238795325112867385, 1.000000000000000000, 0.9238795325112867385, 1.000000000000000000, 0.9238795325112867385, 1.000000000000000000, 0.9238795325112867385, 1.000000000000000000, 0.9238795325112867385, 1.000000000000000000, 0.9238795325112867385, 1.000000000000000000, 0.9238795325112867385, 1.000000000000000000, 0.9238795325112867385, 1.000000000000000000, 0.9238795325112867385, 1.000000000000000000, 0.9238795325112867385, 1.000000000000000000, 0.9238795325112867385, 1.000000000000000000, 0.9238795325112867385, 1.000000000000000000, 0.9238795325112867385, 1.000000000000000000, 0.9238795325112867385, 1.000000000000000000, 0.9238795325112867385, 1.000000000000000000, 0.9238795325112867385, 1.000000000000000000, 0.9238795325112867385, 1.000000000000000000, 0.9238795325112867385, 1.000000000000000000, 0.9238795325112867385, 1.000000000000000000, 0.9238795325112867385, 1.000000000000000000, 0.9238795325112867385, 1.000000000000000000, 0.9238795325112867385, 1.000000000000000000, 0.9238795325112867385, 1.000000000000000000, 0.9238795325112867385, 1.000000000000000000, 0.9238795325112867385, 1.000000000000000000, 0.9238795325112867385, 1.000000000000000000, 0.9238795325112867385, 1.000000000000000000, 0.9238795325112867385, 1.000000000000000000, 0.9238795325112867385, 1.000000000000000000, 0.9238795325112867385, 1.000000000000000000, 0.9238795325112867385, 1.000000000000000000, 0.9238795325112867385, 1.000000000000000000, 0.9238795325112867385, 1.000000000000000000, 0.9238795325112867385, 1.000000000000000000, 0.9238795325112867385, 1.000000000000000000, 0.9238795325112867385, 1.000000000000000000, 0.9238795325112867385, 1.000000000000000000, 0.9238795325112867385, 1.000000000000000000, 0.9238795325112867385, 1.000000000000000000, 0.9238795325112867385, 1.000000000000000000, 0.9238795325112867385, 1.000000000000000000, 0.9238795325112867385, 1.000000000000000000, 0.9238795325112867385, 1.000000000000000000, 0.9238795325112867385, 1.000000000000000000, 0.9238795325112867385, 1.000000000000000000, 0.9238795325112867385, 1.000000000000000000, 0.9238795325112867385, 1.000000000000000000, 0.9238795325112867385, 1.000000000000000000, 0.9238795325112867385, 1.000000000000000000, 0.9238795325112867385, 1.000000000000000000, 0.9238795325112867385, 1.000000000000000000, 0.9238795325112867385, 1.000000000000000000, 0.9238795325112867385, 1.000000000000000000, 0.9238795325112867385, 1.000000000000000000, 0.9238795325112867385, 1.000000000000000000, 0.9238795325112867385, 1.000000000000000000, 0.9238795325112867385, 1.000000000000000000, 0.9238795325112867385, 1.000000000000000000, 0.9238795325112867385, 1.000000000000000000, 0.9238795325112867385, 1.000000000000000000, 0.9238795325112867385, 1.000000000000000000, 0.9238795325112867385, 1.000000000000000000, 0.9238795325112867385, 1.000000000000000000, 0.9238795325112867385, 1.000000000000000000, 0.9238795325112867385, 1.000000000000000000, 0.9238795325112867385, 1.000000000000000000, 0.9238795325112867385, 1.000000000000000000, 0.9238795325112867385, 1.000000000000000000, 0.9238795325112867385, 1.000000000000000000, 0.9238795325112867385, 1.000000000000000000, 0.9238795325112867385, 1.000000000000000000, 0.9238795325112867385, 1.000000000000000000, 0.9238795325112867385, 1.000000000000000000, 0.9238795325112867385, 1.000000000000000000, 0.9238795325112867385, 1.000000000000000000, 0.9238795325112867385, 1.000000000000000000, 0.9238795325112867385, 1.000000000000000000, 0.9238795325112867385, 1.000000000000000000, 0.9238795325112867385, 1.000000000000000000) ) ) 
 REPRESENTATION_ITEM ( '' )  SURFACE ( )  );
#627 = CARTESIAN_POINT ( 'NONE',  ( 12.45870000000000033, -39.56251970071234325, -1.525750707653712963E-15 ) ) ;
#628 = CARTESIAN_POINT ( 'NONE',  ( -9.181781553707320853, -37.49137914738683719, -9.181781553707320853 ) ) ;
#629 = CARTESIAN_POINT ( 'NONE',  ( -11.00000000000000000, -3.937539401424686059, -4.556349186104045934 ) ) ;
#630 = EDGE_CURVE ( 'NONE', #9, #2461, #3634, .T. ) ;
#631 = DIRECTION ( 'NONE',  ( 0.000000000000000000, 0.000000000000000000, 1.000000000000000000 ) ) ;
#632 = CARTESIAN_POINT ( 'NONE',  ( 8.809631254768838460, -40.18751970071234325, -8.809631254768840236 ) ) ;
#633 = CARTESIAN_POINT ( 'NONE',  ( -5.384776310850237557, -33.56253940142468650, -13.00000000000000000 ) ) ;
#634 = ADVANCED_FACE ( 'NONE', ( #521 ), #152, .F. ) ;
#635 = CARTESIAN_POINT ( 'NONE',  ( 2.288626061480569049E-15, -42.56251970071234325, 12.45870000000000033 ) ) ;
#636 = CARTESIAN_POINT ( 'NONE',  ( 12.98499999999999943, -34.94616025403784221, -5.378563107414642275 ) ) ;
#637 = CARTESIAN_POINT ( 'NONE',  ( -10.45870000000000033, -2.312519700712343695, 0.000000000000000000 ) ) ;
#638 = ORIENTED_EDGE ( 'NONE', *, *, #5187, .T. ) ;
#639 = PERSON_AND_ORGANIZATION_ROLE ( 'creator' ) ;
#640 = CARTESIAN_POINT ( 'NONE',  ( -7.628753538268564813E-16, -42.31251970071234325, -12.45870000000000033 ) ) ;
#641 = CARTESIAN_POINT ( 'NONE',  ( -12.98499999999999943, -39.50866025403784931, 0.000000000000000000 ) ) ;
#642 = CARTESIAN_POINT ( 'NONE',  ( -11.43217321901175687, -264.0000000000000000, -5.645167445745995494 ) ) ;
#643 = CARTESIAN_POINT ( 'NONE',  ( -7.628753538268564813E-16, -40.06251970071234325, -12.45870000000000033 ) ) ;
#644 = CARTESIAN_POINT ( 'NONE',  ( 7.395417692395743536, 0.3124802992876564711, -7.395417692395744425 ) ) ;
#645 = CARTESIAN_POINT ( 'NONE',  ( 2.002297516605922276E-15, -1.567304374505724240, 10.90000000000000036 ) ) ;
#646 = CARTESIAN_POINT ( 'NONE',  ( -9.181781553707317300, -43.24137914738684429, 9.181781553707322630 ) ) ;
#647 = CARTESIAN_POINT ( 'NONE',  ( 0.000000000000000000, -33.50000000000000000, 0.000000000000000000 ) ) ;
#648 = ORIENTED_EDGE ( 'NONE', *, *, #2041, .F. ) ;
#649 = CARTESIAN_POINT ( 'NONE',  ( 0.000000000000000000, -203.5000000000000000, 12.98499999999999943 ) ) ;
#650 = PERSON ( 'UNSPECIFIED', 'UNSPECIFIED', 'UNSPECIFIED', ('UNSPECIFIED'), ('UNSPECIFIED'), ('UNSPECIFIED') ) ;
#651 = CARTESIAN_POINT ( 'NONE',  ( -5.160562509537681919, -41.87501970071234325, 12.45870000000000033 ) ) ;
#652 = CARTESIAN_POINT ( 'NONE',  ( -10.45870000000000033, -1.562519700712343473, 0.000000000000000000 ) ) ;
#653 = CARTESIAN_POINT ( 'NONE',  ( -10.99999999999999822, 0.06249999999999918815, 4.556349186104052151 ) ) ;
#654 = CARTESIAN_POINT ( 'NONE',  ( 5.384776310850236669, -39.81250000000000000, -13.00000000000000000 ) ) ;
#655 = CARTESIAN_POINT ( 'NONE',  ( -12.45870000000000033, -41.06251970071234325, 0.000000000000000000 ) ) ;
#656 = CARTESIAN_POINT ( 'NONE',  ( -10.45870000000000033, 0.6874802992876565266, 0.000000000000000000 ) ) ;
#657 = CARTESIAN_POINT ( 'NONE',  ( 4.556349186104045934, -3.187539401424685170, -11.00000000000000000 ) ) ;
#658 = CARTESIAN_POINT ( 'NONE',  ( 0.000000000000000000, -33.50000000000000000, 0.000000000000000000 ) ) ;
#659 = CARTESIAN_POINT ( 'NONE',  ( -4.332135384791492072, -3.125019700712343695, 10.45870000000000033 ) ) ;
#660 = ORIENTED_EDGE ( 'NONE', *, *, #4607, .F. ) ;
#661 = EDGE_CURVE ( 'NONE', #1270, #2506, #2745, .T. ) ;
#662 = CARTESIAN_POINT ( 'NONE',  ( -7.778174593052023411, -6.000039401424686503, -7.778174593052023411 ) ) ;
#663 = CARTESIAN_POINT ( 'NONE',  ( 5.384776310850236669, -34.68753940142469361, -13.00000000000000000 ) ) ;
#664 = CARTESIAN_POINT ( 'NONE',  ( -8.809631254768838460, -39.68751970071234325, 8.809631254768842012 ) ) ;
#665 = DIRECTION ( 'NONE',  ( 0.000000000000000000, 1.000000000000000000, 0.000000000000000000 ) ) ;
#666 = CARTESIAN_POINT ( 'NONE',  ( 1.921232021736363210E-15, -3.062519700712343251, 10.45870000000000033 ) ) ;
#667 = EDGE_LOOP ( 'NONE', ( #2186, #4677, #926, #3008, #1620, #2513, #4208, #1211, #2140, #1505, #5736, #621, #3410, #1111, #518, #2511, #3847, #4807, #1234, #794, #4407, #2419, #1407, #5179 ) ) ;
#668 = DATE_AND_TIME ( #754, #4609 ) ;
#669 = CARTESIAN_POINT ( 'NONE',  ( 10.45870000000000211, -3.125019700712344140, 4.332135384791487631 ) ) ;
#670 = CARTESIAN_POINT ( 'NONE',  ( 10.90000000000000036, -9.317304374505724240, -1.334865011070615048E-15 ) ) ;
#671 = CARTESIAN_POINT ( 'NONE',  ( 8.809631254768838460, -42.43751970071234325, -8.809631254768840236 ) ) ;
#672 = CARTESIAN_POINT ( 'NONE',  ( -4.332135384791492072, -4.125019700712344140, 10.45870000000000033 ) ) ;
#673 = CARTESIAN_POINT ( 'NONE',  ( 7.707463914933369686, -2.442304374505724240, 7.707463914933366134 ) ) ;
#674 = CARTESIAN_POINT ( 'NONE',  ( -12.45870000000000388, -39.87501970071234325, -5.160562509537680143 ) ) ;
#675 = CARTESIAN_POINT ( 'NONE',  ( 1.921232021736363210E-15, -10.31251970071234503, 10.45870000000000033 ) ) ;
#676 = CARTESIAN_POINT ( 'NONE',  ( 4.514927829866742570, -0.7452350269189625953, 10.89999999999999858 ) ) ;
#677 = LINE ( 'NONE', #705, #5142 ) ;
#678 = CIRCLE ( 'NONE', #5416, 12.98499999999999943 ) ;
#679 = VERTEX_POINT ( 'NONE', #5527 ) ;
#680 = CARTESIAN_POINT ( 'NONE',  ( 2.385305803039257098E-15, -35.11637914738684429, 12.98499999999999943 ) ) ;
#681 = VECTOR ( 'NONE', #5064, 1000.000000000000000 ) ;
#682 = CARTESIAN_POINT ( 'NONE',  ( -8.809631254768840236, -41.18751970071234325, -8.809631254768840236 ) ) ;
#683 = CARTESIAN_POINT ( 'NONE',  ( -10.45870000000000033, 0.4374802992876565821, 0.000000000000000000 ) ) ;
#684 = CARTESIAN_POINT ( 'NONE',  ( -7.778174593052020747, -0.8750000000000007772, 7.778174593052023411 ) ) ;
#685 = CARTESIAN_POINT ( 'NONE',  ( 13.00000000000000533, -43.06250000000000711, 5.384776310850233116 ) ) ;
#686 = CARTESIAN_POINT ( 'NONE',  ( -12.45870000000000033, -40.06251970071234325, 0.000000000000000000 ) ) ;
#687 = CARTESIAN_POINT ( 'NONE',  ( 10.90000000000000036, -1.317304374505724240, -1.334865011070615048E-15 ) ) ;
#688 = DIRECTION ( 'NONE',  ( 0.000000000000000000, 1.000000000000000000, 0.000000000000000000 ) ) ;
#689 = ORIENTED_EDGE ( 'NONE', *, *, #374, .T. ) ;
#690 = CARTESIAN_POINT ( 'NONE',  ( 11.00000000000000000, -5.375039401424685614, -1.347111479062088405E-15 ) ) ;
#691 = DIRECTION ( 'NONE',  ( 0.000000000000000000, 0.000000000000000000, 1.000000000000000000 ) ) ;
#692 = CARTESIAN_POINT ( 'NONE',  ( 5.160562509537688136, -39.50001970071233615, 12.45869999999999855 ) ) ;
#693 = CARTESIAN_POINT ( 'NONE',  ( -9.578536229740050700, -1.652563032102397461E-16, 5.172553603473958539 ) ) ;
#694 = CARTESIAN_POINT ( 'NONE',  ( 12.45870000000000211, -40.25001970071234325, -5.160562509537681031 ) ) ;
#695 = CARTESIAN_POINT ( 'NONE',  ( 2.002297516605922276E-15, -4.567304374505723352, 10.90000000000000036 ) ) ;
#696 = CARTESIAN_POINT ( 'NONE',  ( -6.404106739121211359E-16, -1.562519700712343695, -10.45870000000000033 ) ) ;
#697 = CARTESIAN_POINT ( 'NONE',  ( -5.378563107414984223, -36.32116025403783510, 12.98499999999965659 ) ) ;
#698 = ORIENTED_EDGE ( 'NONE', *, *, #234, .T. ) ;
#699 = APPROVAL_STATUS ( 'not_yet_approved' ) ;
#700 = CARTESIAN_POINT ( 'NONE',  ( -5.160562509537681031, -41.25001970071234325, -12.45870000000000211 ) ) ;
#701 = CARTESIAN_POINT ( 'NONE',  ( 4.514927829866742570, -2.504804374505724240, 10.89999999999999858 ) ) ;
#702 = CARTESIAN_POINT ( 'NONE',  ( 7.707463914933366134, -4.192304374505724240, -7.707463914933368798 ) ) ;
#703 = CARTESIAN_POINT ( 'NONE',  ( -10.45870000000000033, -10.50001970071234503, 4.332135384791498289 ) ) ;
#704 = EDGE_CURVE ( 'NONE', #3922, #1549, #111, .T. ) ;
#705 = CARTESIAN_POINT ( 'NONE',  ( 1.590203868692838131E-15, -57.50000000000000000, -12.98499999999999943 ) ) ;
#706 = EDGE_LOOP ( 'NONE', ( #2562, #5283, #229, #4567 ) ) ;
#707 = CARTESIAN_POINT ( 'NONE',  ( 9.797174393178825657E-16, -304.0000000000000568, 8.000000000000000000 ) ) ;
#708 = FACE_OUTER_BOUND ( 'NONE', #4799, .T. ) ;
#709 = CARTESIAN_POINT ( 'NONE',  ( -4.556349186104045934, -3.187500000000001332, -11.00000000000000000 ) ) ;
#710 =( BOUNDED_CURVE ( )  B_SPLINE_CURVE ( 2, ( #4592, #4163, #159, #1062, #2861, #2422, #4193, #3750, #5508 ),
 .UNSPECIFIED., .F., .T. ) 
 B_SPLINE_CURVE_WITH_KNOTS ( ( 3, 2, 2, 2, 3 ),
 ( 0.2954545454545456917, 0.3068181818181822118, 0.3181818181818187874, 0.3295454545454553075, 0.3409090909090918275 ),
 .UNSPECIFIED. ) 
 CURVE ( )  GEOMETRIC_REPRESENTATION_ITEM ( )  RATIONAL_B_SPLINE_CURVE ( ( 0.9999999999999985567, 0.9238795325112881818, 1.000000000000000000, 0.9238795325112867385, 1.000000000000000000, 0.9238795325112867385, 1.000000000000000000, 0.9238795325112804102, 1.000000000000006217 ) ) 
 REPRESENTATION_ITEM ( '' )  );
#711 = CARTESIAN_POINT ( 'NONE',  ( -4.332135384791492072, -1.375019700712343473, 10.45870000000000033 ) ) ;
#712 = ORIENTED_EDGE ( 'NONE', *, *, #2227, .F. ) ;
#713 = CARTESIAN_POINT ( 'NONE',  ( 4.003536744931111002, 1.408874815470255307E-17, 9.662096005628718842 ) ) ;
#714 = CARTESIAN_POINT ( 'NONE',  ( 5.160562509537679254, -39.37501970071233615, -12.45870000000000388 ) ) ;
#715 = CARTESIAN_POINT ( 'NONE',  ( 5.384776310850236669, -43.68753940142468650, -13.00000000000000000 ) ) ;
#716 = CARTESIAN_POINT ( 'NONE',  ( -7.707463914933368798, -6.182735026918963150, -7.707463914933368798 ) ) ;
#717 = CARTESIAN_POINT ( 'NONE',  ( -7.395417692395744425, -8.687519700712343251, -7.395417692395744425 ) ) ;
#718 = EDGE_LOOP ( 'NONE', ( #4047, #2095 ) ) ;
#719 = CARTESIAN_POINT ( 'NONE',  ( 2.385305803039257098E-15, -43.25866025403784221, 12.98499999999999943 ) ) ;
#720 = CARTESIAN_POINT ( 'NONE',  ( 9.192388155425115670, -33.75003940142468650, -9.192388155425117446 ) ) ;
#721 = CARTESIAN_POINT ( 'NONE',  ( 8.809631254768842012, -43.43751970071234325, 8.809631254768838460 ) ) ;
#722 = CARTESIAN_POINT ( 'NONE',  ( -12.45870000000000033, -33.06251970071234325, 0.000000000000000000 ) ) ;
#723 = CARTESIAN_POINT ( 'NONE',  ( 10.45870000000000033, -3.812519700712344140, -1.280821347824242272E-15 ) ) ;
#724 = CARTESIAN_POINT ( 'NONE',  ( -7.951019343464191642E-16, -36.75866025403784221, -12.98499999999999943 ) ) ;
#725 = ORIENTED_EDGE ( 'NONE', *, *, #3914, .T. ) ;
#726 = CARTESIAN_POINT ( 'NONE',  ( -7.395417692395742648, -1.437519700712343251, 7.395417692395746201 ) ) ;
#727 = CARTESIAN_POINT ( 'NONE',  ( -9.181781553707320853, -38.63366025403784221, -9.181781553707320853 ) ) ;
#728 = CARTESIAN_POINT ( 'NONE',  ( 4.514927829866718589, -4.129804374505725129, -10.90000000000001634 ) ) ;
#729 = CARTESIAN_POINT ( 'NONE',  ( -4.332135384791492072, -1.125019700712343695, 10.45870000000000033 ) ) ;
#730 = CARTESIAN_POINT ( 'NONE',  ( -5.378563107414522371, -40.17887914738683719, 12.98500000000012022 ) ) ;
#731 = VERTEX_POINT ( 'NONE', #4942 ) ;
#732 = EDGE_CURVE ( 'NONE', #2450, #2213, #4130, .T. ) ;
#733 = CARTESIAN_POINT ( 'NONE',  ( -4.332135384791490296, -0.7500197007123432513, -10.45870000000000033 ) ) ;
#734 = CARTESIAN_POINT ( 'NONE',  ( 7.778174593052021635, -0.3750000000000007772, -7.778174593052023411 ) ) ;
#735 = CARTESIAN_POINT ( 'NONE',  ( 10.90000000000000036, -0.2548043745057242959, -4.514927829866737241 ) ) ;
#736 = ORIENTED_EDGE ( 'NONE', *, *, #2868, .F. ) ;
#737 = CARTESIAN_POINT ( 'NONE',  ( 13.00000000000000000, -43.00000000000000000, -1.592040838891559095E-15 ) ) ;
#738 = CARTESIAN_POINT ( 'NONE',  ( 1.334865011070615048E-15, -33.50000000000000000, -10.90000000000000036 ) ) ;
#739 = LINE ( 'NONE', #2156, #2280 ) ;
#740 = ADVANCED_FACE ( 'NONE', ( #1813 ), #3590, .T. ) ;
#741 = CARTESIAN_POINT ( 'NONE',  ( -4.332135384791490296, 0.4999802992876564156, -10.45870000000000033 ) ) ;
#742 = CARTESIAN_POINT ( 'NONE',  ( -5.384776310850238445, -44.18753940142469361, 12.99999999999999822 ) ) ;
#743 = CARTESIAN_POINT ( 'NONE',  ( 2.385305803039257098E-15, -37.25866025403783510, 12.98499999999999943 ) ) ;
#744 = CARTESIAN_POINT ( 'NONE',  ( 10.45870000000000033, -9.000019700712343251, -4.332135384791490296 ) ) ;
#745 = CARTESIAN_POINT ( 'NONE',  ( 10.45870000000000211, -2.875019700712343695, 4.332135384791487631 ) ) ;
#746 = ORIENTED_EDGE ( 'NONE', *, *, #875, .T. ) ;
#747 = CARTESIAN_POINT ( 'NONE',  ( 2.002297516605922276E-15, -4.807735026918962262, 10.90000000000000036 ) ) ;
#748 = CARTESIAN_POINT ( 'NONE',  ( -7.628753538268564813E-16, -40.06251970071234325, -12.45870000000000033 ) ) ;
#749 = CARTESIAN_POINT ( 'NONE',  ( -8.345928864317551543, -1.763709437283438473E-15, 6.904853545246125712 ) ) ;
#750 = CARTESIAN_POINT ( 'NONE',  ( -9.192388155425117446, -32.62500000000000000, -9.192388155425117446 ) ) ;
#751 = CARTESIAN_POINT ( 'NONE',  ( -12.45870000000000033, -34.06251970071234325, 0.000000000000000000 ) ) ;
#752 = CARTESIAN_POINT ( 'NONE',  ( -6.404106739121211359E-16, -3.562519700712343695, -10.45870000000000033 ) ) ;
#753 = ORIENTED_EDGE ( 'NONE', *, *, #1512, .T. ) ;
#754 = CALENDAR_DATE ( 2026, 6, 10 ) ;
#755 = CARTESIAN_POINT ( 'NONE',  ( -10.45870000000000033, -1.625019700712343473, -4.332135384791489408 ) ) ;
#756 = CARTESIAN_POINT ( 'NONE',  ( 2.288626061480569049E-15, -41.81251970071234325, 12.45870000000000033 ) ) ;
#757 = CYLINDRICAL_SURFACE ( 'NONE', #1134, 12.98499999999999943 ) ;
#758 = CARTESIAN_POINT ( 'NONE',  ( -7.395417692395744425, -1.437519700712343473, -7.395417692395744425 ) ) ;
#759 = FACE_OUTER_BOUND ( 'NONE', #4338, .T. ) ;
#760 = VECTOR ( 'NONE', #4171, 1000.000000000000000 ) ;
#761 = DIRECTION ( 'NONE',  ( 0.000000000000000000, 0.000000000000000000, 1.000000000000000000 ) ) ;
#762 = CIRCLE ( 'NONE', #1622, 12.75000000000000000 ) ;
#763 = CARTESIAN_POINT ( 'NONE',  ( -10.99999999999999822, -0.9375000000000007772, 4.556349186104052151 ) ) ;
#764 = CARTESIAN_POINT ( 'NONE',  ( 10.45870000000000211, -1.125019700712343473, 4.332135384791487631 ) ) ;
#765 = ORIENTED_EDGE ( 'NONE', *, *, #4309, .T. ) ;
#766 = CARTESIAN_POINT ( 'NONE',  ( -9.192388155425117446, -40.62500000000000000, -9.192388155425117446 ) ) ;
#767 = EDGE_CURVE ( 'NONE', #3974, #413, #5279, .T. ) ;
#768 = CIRCLE ( 'NONE', #4044, 12.75000000000000000 ) ;
#769 = CARTESIAN_POINT ( 'NONE',  ( -7.395417692395744425, 0.5624802992876565266, -7.395417692395744425 ) ) ;
#770 = CARTESIAN_POINT ( 'NONE',  ( 12.45870000000000033, -33.56251970071234325, -1.525750707653712963E-15 ) ) ;
#771 = VECTOR ( 'NONE', #3599, 1000.000000000000000 ) ;
#772 = CARTESIAN_POINT ( 'NONE',  ( -6.674325055353075238E-16, -1.067304374505724240, -10.90000000000000036 ) ) ;
#773 = CARTESIAN_POINT ( 'NONE',  ( 12.45870000000000388, -33.62501970071234325, 5.160562509537677478 ) ) ;
#774 = CARTESIAN_POINT ( 'NONE',  ( -7.395417692395742648, -8.437519700712345028, 7.395417692395746201 ) ) ;
#775 = ORIENTED_EDGE ( 'NONE', *, *, #4108, .F. ) ;
#776 =( BOUNDED_CURVE ( )  B_SPLINE_CURVE ( 2, ( #2003, #4241, #5071, #636, #124, #2821, #4126, #3367, #155 ),
 .UNSPECIFIED., .F., .T. ) 
 B_SPLINE_CURVE_WITH_KNOTS ( ( 3, 2, 2, 2, 3 ),
 ( 0.2045454545454553630, 0.2159090909090915777, 0.2272727272727277925, 0.2386363636363640073, 0.2500000000000002220 ),
 .UNSPECIFIED. ) 
 CURVE ( )  GEOMETRIC_REPRESENTATION_ITEM ( )  RATIONAL_B_SPLINE_CURVE ( ( 0.9999999999999945599, 0.9238795325112921786, 1.000000000000000000, 0.9238795325112867385, 1.000000000000000000, 0.9238795325112867385, 1.000000000000000000, 0.9238795325112852952, 1.000000000000001554 ) ) 
 REPRESENTATION_ITEM ( '' )  );
#777 = CARTESIAN_POINT ( 'NONE',  ( 11.00000000000000000, -7.312539401424686503, -4.556349186104045934 ) ) ;
#778 = CARTESIAN_POINT ( 'NONE',  ( 13.00000000000000533, -37.93753940142468650, 5.384776310850233116 ) ) ;
#779 = CARTESIAN_POINT ( 'NONE',  ( 2.388061258337338544E-15, -33.25000000000000000, 13.00000000000000000 ) ) ;
#780 = CARTESIAN_POINT ( 'NONE',  ( -4.514927829866770992, -5.004804374505725129, -10.89999999999996483 ) ) ;
#781 = CARTESIAN_POINT ( 'NONE',  ( -10.45870000000000033, -6.250019700712344140, 4.332135384791497401 ) ) ;
#782 = CC_DESIGN_PERSON_AND_ORGANIZATION_ASSIGNMENT ( #4297, #639, ( #2292 ) ) ;
#783 = ORIENTED_EDGE ( 'NONE', *, *, #519, .F. ) ;
#784 = CARTESIAN_POINT ( 'NONE',  ( 10.45870000000000033, -6.000019700712344140, -4.332135384791490296 ) ) ;
#785 = CARTESIAN_POINT ( 'NONE',  ( 5.160562509537679254, -33.12501970071234325, -12.45870000000000211 ) ) ;
#786 = CARTESIAN_POINT ( 'NONE',  ( 5.378563107414988664, -41.05387914738683719, 12.98499999999965304 ) ) ;
#787 = CARTESIAN_POINT ( 'NONE',  ( -24.78976073560513527, -304.0000000000000000, 10.26974988358772833 ) ) ;
#788 = CARTESIAN_POINT ( 'NONE',  ( 12.45870000000000211, -33.25001970071234325, -5.160562509537681031 ) ) ;
#789 = CARTESIAN_POINT ( 'NONE',  ( 5.378563107414680466, -43.05387914738685851, 12.98499999999995858 ) ) ;
#790 = ORIENTED_EDGE ( 'NONE', *, *, #3260, .T. ) ;
#791 = CARTESIAN_POINT ( 'NONE',  ( 4.332135384791495625, -4.250019700712344140, 10.45870000000000033 ) ) ;
#792 = CARTESIAN_POINT ( 'NONE',  ( -7.778174593052023411, -4.125000000000000888, -7.778174593052023411 ) ) ;
#793 = CARTESIAN_POINT ( 'NONE',  ( 7.395417692395743536, -1.937519700712343251, -7.395417692395744425 ) ) ;
#794 = ORIENTED_EDGE ( 'NONE', *, *, #4276, .T. ) ;
#795 = CARTESIAN_POINT ( 'NONE',  ( 5.384776310850236669, -40.81250000000000000, -13.00000000000000000 ) ) ;
#796 = DIRECTION ( 'NONE',  ( 0.000000000000000000, 0.000000000000000000, 1.000000000000000000 ) ) ;
#797 = CARTESIAN_POINT ( 'NONE',  ( -5.160562509537681031, -33.25001970071234325, -12.45870000000000211 ) ) ;
#798 = CARTESIAN_POINT ( 'NONE',  ( -12.45870000000000388, -34.12501970071234325, -5.160562509537680143 ) ) ;
#799 = CARTESIAN_POINT ( 'NONE',  ( -10.45870000000000033, -8.500019700712345028, 4.332135384791497401 ) ) ;
#800 = EDGE_LOOP ( 'NONE', ( #3392, #2361, #3434, #2179 ) ) ;
#801 = CARTESIAN_POINT ( 'NONE',  ( 7.778174593052023411, -6.500039401424685614, 7.778174593052021635 ) ) ;
#802 = EDGE_CURVE ( 'NONE', #5371, #1611, #3309, .T. ) ;
#803 = CARTESIAN_POINT ( 'NONE',  ( -12.99999999999999645, -37.31253940142469361, 5.384776310850244663 ) ) ;
#804 = CARTESIAN_POINT ( 'NONE',  ( -12.99999999999999645, -35.43750000000000711, 5.384776310850244663 ) ) ;
#805 = CARTESIAN_POINT ( 'NONE',  ( -12.45869999999999855, -34.00001970071234325, 5.160562509537689024 ) ) ;
#806 = CARTESIAN_POINT ( 'NONE',  ( 7.395417692395743536, -6.687519700712344140, -7.395417692395744425 ) ) ;
#807 = EDGE_LOOP ( 'NONE', ( #3440, #4995, #5686, #4879 ) ) ;
#808 =( BOUNDED_CURVE ( )  B_SPLINE_CURVE ( 2, ( #5653, #1295, #410, #5680, #817, #2613, #2177, #3949, #5711 ),
 .UNSPECIFIED., .F., .T. ) 
 B_SPLINE_CURVE_WITH_KNOTS ( ( 3, 2, 2, 2, 3 ),
 ( 0.7954545454545455252, 0.8068181818181818787, 0.8181818181818183433, 0.8295454545454545858, 0.8409090909090909394 ),
 .UNSPECIFIED. ) 
 CURVE ( )  GEOMETRIC_REPRESENTATION_ITEM ( )  RATIONAL_B_SPLINE_CURVE ( ( 0.9999999999999992228, 0.9238795325112875156, 1.000000000000000000, 0.9238795325112867385, 1.000000000000000000, 0.9238795325112867385, 1.000000000000000000, 0.9238795325112867385, 1.000000000000000000 ) ) 
 REPRESENTATION_ITEM ( '' )  );
#809 = EDGE_CURVE ( 'NONE', #1659, #3068, #1986, .T. ) ;
#810 = CARTESIAN_POINT ( 'NONE',  ( -7.395417692395742648, -3.437519700712343251, 7.395417692395746201 ) ) ;
#811 = CARTESIAN_POINT ( 'NONE',  ( 12.45870000000000211, -43.62501970071233615, 5.160562509537678366 ) ) ;
#812 = CARTESIAN_POINT ( 'NONE',  ( -7.707463914933368798, -1.942304374505724240, -7.707463914933368798 ) ) ;
#813 = FACE_OUTER_BOUND ( 'NONE', #2360, .T. ) ;
#814 = CARTESIAN_POINT ( 'NONE',  ( 7.395417692395743536, -2.687519700712343251, -7.395417692395744425 ) ) ;
#815 = CARTESIAN_POINT ( 'NONE',  ( 5.160562509537688136, -34.50001970071234325, 12.45869999999999855 ) ) ;
#816 = CARTESIAN_POINT ( 'NONE',  ( 5.378563107414880307, -40.82116025403783510, -12.98499999999975785 ) ) ;
#817 = CARTESIAN_POINT ( 'NONE',  ( -10.90000000000000036, -8.817304374505724240, 0.000000000000000000 ) ) ;
#818 = ORIENTED_EDGE ( 'NONE', *, *, #4184, .T. ) ;
#819 = CARTESIAN_POINT ( 'NONE',  ( -4.514927829866737241, -8.004804374505724240, -10.90000000000000036 ) ) ;
#820 = CARTESIAN_POINT ( 'NONE',  ( -7.707463914933368798, -2.942304374505724684, -7.707463914933368798 ) ) ;
#821 = CARTESIAN_POINT ( 'NONE',  ( -10.45870000000000033, -4.625019700712344140, -4.332135384791489408 ) ) ;
#822 = CARTESIAN_POINT ( 'NONE',  ( 7.778174593052023411, -3.625000000000000444, 7.778174593052021635 ) ) ;
#823 = CARTESIAN_POINT ( 'NONE',  ( 7.395417692395746201, -3.187519700712343695, 7.395417692395743536 ) ) ;
#824 = ORIENTED_EDGE ( 'NONE', *, *, #3818, .T. ) ;
#825 = FACE_OUTER_BOUND ( 'NONE', #3600, .T. ) ;
#826 = CARTESIAN_POINT ( 'NONE',  ( 5.160562509537688136, -34.75001970071233615, 12.45869999999999855 ) ) ;
#827 = CARTESIAN_POINT ( 'NONE',  ( -7.628753538268564813E-16, -34.31251970071234325, -12.45870000000000033 ) ) ;
#828 = CARTESIAN_POINT ( 'NONE',  ( -10.45870000000000033, -6.562519700712343251, 0.000000000000000000 ) ) ;
#829 = VERTEX_POINT ( 'NONE', #4631 ) ;
#830 = CARTESIAN_POINT ( 'NONE',  ( -9.192388155425113894, -36.25003940142468650, 9.192388155425119223 ) ) ;
#831 = CARTESIAN_POINT ( 'NONE',  ( 5.384776310850236669, -35.81250000000000711, -13.00000000000000000 ) ) ;
#832 = CARTESIAN_POINT ( 'NONE',  ( -8.809631254768840236, -36.18751970071234325, -8.809631254768840236 ) ) ;
#833 = CARTESIAN_POINT ( 'NONE',  ( -6.404106739121211359E-16, -8.562519700712343251, -10.45870000000000033 ) ) ;
#834 = ORIENTED_EDGE ( 'NONE', *, *, #3501, .F. ) ;
#835 = ADVANCED_FACE ( 'NONE', ( #3252 ), #1552, .T. ) ;
#836 = CARTESIAN_POINT ( 'NONE',  ( -4.332135384791490296, -6.750019700712344140, -10.45870000000000033 ) ) ;
#837 = CARTESIAN_POINT ( 'NONE',  ( -5.160562509537681919, -33.62501970071234325, 12.45870000000000033 ) ) ;
#838 = CARTESIAN_POINT ( 'NONE',  ( 9.181781553707322630, -40.99137914738683719, 9.181781553707319077 ) ) ;
#839 = CARTESIAN_POINT ( 'NONE',  ( -10.45870000000000033, -3.250019700712343251, 4.332135384791498289 ) ) ;
#840 = CARTESIAN_POINT ( 'NONE',  ( 8.809631254768838460, -35.18751970071234325, -8.809631254768840236 ) ) ;
#841 = CARTESIAN_POINT ( 'NONE',  ( 12.98499999999999943, -42.86637914738685140, -1.590203868692838131E-15 ) ) ;
#842 = FACE_OUTER_BOUND ( 'NONE', #2847, .T. ) ;
#843 = ORIENTED_EDGE ( 'NONE', *, *, #4352, .T. ) ;
#844 = CARTESIAN_POINT ( 'NONE',  ( -6.674325055353075238E-16, -8.067304374505724240, -10.90000000000000036 ) ) ;
#845 = VERTEX_POINT ( 'NONE', #141 ) ;
#846 = DIRECTION ( 'NONE',  ( 0.000000000000000000, 1.000000000000000000, 0.000000000000000000 ) ) ;
#847 = CARTESIAN_POINT ( 'NONE',  ( 5.160562509537688136, -35.50001970071234325, 12.45869999999999855 ) ) ;
#848 = CARTESIAN_POINT ( 'NONE',  ( 7.395417692395743536, -3.937519700712343695, -7.395417692395744425 ) ) ;
#849 = CARTESIAN_POINT ( 'NONE',  ( -7.778174593052020747, -6.875000000000000888, 7.778174593052023411 ) ) ;
#850 = CARTESIAN_POINT ( 'NONE',  ( 4.332135384791488519, -4.875019700712344140, -10.45870000000000033 ) ) ;
#851 = CARTESIAN_POINT ( 'NONE',  ( 0.000000000000000000, -33.50000000000000000, 10.90000000000000036 ) ) ;
#852 = CARTESIAN_POINT ( 'NONE',  ( 12.98499999999999943, -42.94616025403785642, -5.378563107414642275 ) ) ;
#853 = DIRECTION ( 'NONE',  ( 0.000000000000000000, 1.000000000000000000, 0.000000000000000000 ) ) ;
#854 = AXIS2_PLACEMENT_3D ( 'NONE', #4386, #2243, #1687 ) ;
#855 = CARTESIAN_POINT ( 'NONE',  ( -12.45870000000000033, -34.06251970071234325, 0.000000000000000000 ) ) ;
#856 = CARTESIAN_POINT ( 'NONE',  ( 8.809631254768838460, -34.43751970071234325, -8.809631254768840236 ) ) ;
#857 = CARTESIAN_POINT ( 'NONE',  ( 1.921232021736363210E-15, -10.31251970071234503, 10.45870000000000033 ) ) ;
#858 = ORIENTED_EDGE ( 'NONE', *, *, #4178, .F. ) ;
#859 = CARTESIAN_POINT ( 'NONE',  ( -4.556349186104047710, -8.687539401424686503, 10.99999999999999822 ) ) ;
#860 = CARTESIAN_POINT ( 'NONE',  ( -13.00000000000000000, -34.56250000000001421, -5.384776310850237557 ) ) ;
#861 = CARTESIAN_POINT ( 'NONE',  ( -8.809631254768840236, -37.18751970071233615, -8.809631254768840236 ) ) ;
#862 = CARTESIAN_POINT ( 'NONE',  ( -7.395417692395742648, -6.187519700712344140, 7.395417692395746201 ) ) ;
#863 = CARTESIAN_POINT ( 'NONE',  ( 4.332135384791495625, -5.250019700712343251, 10.45870000000000033 ) ) ;
#864 = CARTESIAN_POINT ( 'NONE',  ( 5.160562509537679254, -34.12501970071234325, -12.45870000000000211 ) ) ;
#865 = DIRECTION ( 'NONE',  ( 0.000000000000000000, 0.000000000000000000, 1.000000000000000000 ) ) ;
#866 = FACE_OUTER_BOUND ( 'NONE', #5550, .T. ) ;
#867 = EDGE_CURVE ( 'NONE', #5712, #3836, #3684, .T. ) ;
#868 = CARTESIAN_POINT ( 'NONE',  ( 4.332135384791488519, -3.625019700712343695, -10.45870000000000033 ) ) ;
#869 = CARTESIAN_POINT ( 'NONE',  ( -7.628753538268564813E-16, -33.06251970071234325, -12.45870000000000033 ) ) ;
#870 = LINE ( 'NONE', #5298, #4773 ) ;
#871 = CARTESIAN_POINT ( 'NONE',  ( -5.160562509537681031, -43.25001970071235746, -12.45870000000000388 ) ) ;
#872 = ORIENTED_EDGE ( 'NONE', *, *, #205, .F. ) ;
#873 = CARTESIAN_POINT ( 'NONE',  ( -4.514927829866719478, -3.004804374505724240, -10.90000000000001634 ) ) ;
#874 = CARTESIAN_POINT ( 'NONE',  ( 12.45870000000000033, -38.31251970071233615, -1.525750707653712963E-15 ) ) ;
#875 = EDGE_CURVE ( 'NONE', #2479, #2234, #167, .T. ) ;
#876 = CARTESIAN_POINT ( 'NONE',  ( -4.332135384791492072, -5.375019700712344140, 10.45870000000000033 ) ) ;
#877 = CARTESIAN_POINT ( 'NONE',  ( -11.00000000000000000, -4.000000000000000888, 0.000000000000000000 ) ) ;
#878 = CARTESIAN_POINT ( 'NONE',  ( 1.921232021736363210E-15, -5.312519700712343251, 10.45870000000000033 ) ) ;
#879 = VERTEX_POINT ( 'NONE', #113 ) ;
#880 = CARTESIAN_POINT ( 'NONE',  ( -8.648606291731537610, -33.50000000000000000, -9.685650944083297631 ) ) ;
#881 = CYLINDRICAL_SURFACE ( 'NONE', #2463, 12.98499999999999943 ) ;
#882 = ORIENTED_EDGE ( 'NONE', *, *, #3159, .T. ) ;
#883 = CARTESIAN_POINT ( 'NONE',  ( 0.000000000000000000, 0.000000000000000000, -8.000000000000000000 ) ) ;
#884 = CARTESIAN_POINT ( 'NONE',  ( 9.181781553707322630, -37.99137914738683719, 9.181781553707319077 ) ) ;
#885 = CARTESIAN_POINT ( 'NONE',  ( -12.45870000000000211, -38.12501970071233615, -5.160562509537680143 ) ) ;
#886 = CARTESIAN_POINT ( 'NONE',  ( 5.160562509537688136, -37.75001970071233615, 12.45869999999999855 ) ) ;
#887 = CARTESIAN_POINT ( 'NONE',  ( 4.514927829866707043, -9.745235026918964039, 10.90000000000003588 ) ) ;
#888 = CARTESIAN_POINT ( 'NONE',  ( -10.45870000000000033, 0.4374802992876565821, 0.000000000000000000 ) ) ;
#889 = CARTESIAN_POINT ( 'NONE',  ( 9.192388155425119223, -36.00003940142468650, 9.192388155425115670 ) ) ;
#890 = CARTESIAN_POINT ( 'NONE',  ( -12.99999999999999645, -38.43749999999999289, 5.384776310850244663 ) ) ;
#891 =( BOUNDED_CURVE ( )  B_SPLINE_CURVE ( 2, ( #3058, #2670, #4006, #4816, #3943, #5705, #812, #2608, #1737 ),
 .UNSPECIFIED., .F., .T. ) 
 B_SPLINE_CURVE_WITH_KNOTS ( ( 3, 2, 2, 2, 3 ),
 ( 0.1590909090909090884, 0.1704545454545454419, 0.1818181818181818232, 0.1931818181818181768, 0.2045454545454545581 ),
 .UNSPECIFIED. ) 
 CURVE ( )  GEOMETRIC_REPRESENTATION_ITEM ( )  RATIONAL_B_SPLINE_CURVE ( ( 1.000000000000000000, 0.9238795325112867385, 1.000000000000000000, 0.9238795325112867385, 1.000000000000000000, 0.9238795325112867385, 1.000000000000000000, 0.9238795325112867385, 1.000000000000000000 ) ) 
 REPRESENTATION_ITEM ( '' )  );
#892 = CARTESIAN_POINT ( 'NONE',  ( -12.45870000000000211, -36.12501970071233615, -5.160562509537680143 ) ) ;
#893 = CARTESIAN_POINT ( 'NONE',  ( 10.45870000000000033, -8.750019700712341475, -4.332135384791490296 ) ) ;
#894 = ORIENTED_EDGE ( 'NONE', *, *, #5601, .T. ) ;
#895 = CARTESIAN_POINT ( 'NONE',  ( -10.45870000000000033, -6.500019700712343251, 4.332135384791498289 ) ) ;
#896 = CARTESIAN_POINT ( 'NONE',  ( -5.160562509537681919, -42.87501970071234325, 12.45870000000000033 ) ) ;
#897 = CARTESIAN_POINT ( 'NONE',  ( -4.332135384791490296, -2.500019700712344140, -10.45870000000000033 ) ) ;
#898 = CARTESIAN_POINT ( 'NONE',  ( 0.000000000000000000, -264.0000000000000000, 0.000000000000000000 ) ) ;
#899 = CARTESIAN_POINT ( 'NONE',  ( -5.378563107414399802, -40.69616025403785642, -12.98500000000023924 ) ) ;
#900 = LINE ( 'NONE', #322, #4508 ) ;
#901 = DIRECTION ( 'NONE',  ( 0.000000000000000000, 0.000000000000000000, 1.000000000000000000 ) ) ;
#902 = VERTEX_POINT ( 'NONE', #5404 ) ;
#903 = CARTESIAN_POINT ( 'NONE',  ( -8.809631254768838460, -40.68751970071234325, 8.809631254768842012 ) ) ;
#904 = CARTESIAN_POINT ( 'NONE',  ( 0.000000000000000000, -57.50000000000000000, 0.000000000000000000 ) ) ;
#905 = CARTESIAN_POINT ( 'NONE',  ( -12.45869999999999855, -36.75001970071233615, 5.160562509537688136 ) ) ;
#906 = CARTESIAN_POINT ( 'NONE',  ( 7.395417692395746201, -2.187519700712343695, 7.395417692395743536 ) ) ;
#907 = CARTESIAN_POINT ( 'NONE',  ( -10.99999999999999822, -3.937500000000000888, 4.556349186104052151 ) ) ;
#908 = CARTESIAN_POINT ( 'NONE',  ( -7.395417692395742648, -5.437519700712343251, 7.395417692395746201 ) ) ;
#909 = CARTESIAN_POINT ( 'NONE',  ( 0.000000000000000000, -57.50000000000000000, 0.000000000000000000 ) ) ;
#910 = CARTESIAN_POINT ( 'NONE',  ( 12.98500000000000298, -43.07116025403785642, 5.378563107414636946 ) ) ;
#911 = CARTESIAN_POINT ( 'NONE',  ( -7.707463914933366134, -3.932735026918962262, 7.707463914933369686 ) ) ;
#912 = PRODUCT_RELATED_PRODUCT_CATEGORY ( 'detail', '', ( #5732 ) ) ;
#913 = EDGE_CURVE ( 'NONE', #3701, #1886, #1013, .T. ) ;
#914 = FACE_BOUND ( 'NONE', #5420, .T. ) ;
#915 =( BOUNDED_CURVE ( )  B_SPLINE_CURVE ( 2, ( #2593, #1780, #4398, #309, #1250, #2104, #3928, #4371, #3995 ),
 .UNSPECIFIED., .F., .F. ) 
 B_SPLINE_CURVE_WITH_KNOTS ( ( 3, 2, 2, 2, 3 ),
 ( 0.2954545454545455252, 0.3068181818181818787, 0.3181818181818182323, 0.3295454545454545858, 0.3409090909090909394 ),
 .UNSPECIFIED. ) 
 CURVE ( )  GEOMETRIC_REPRESENTATION_ITEM ( )  RATIONAL_B_SPLINE_CURVE ( ( 0.9999999999999996669, 0.9238795325112870716, 1.000000000000000000, 0.9238795325112867385, 1.000000000000000000, 0.9238795325112867385, 1.000000000000000000, 0.9238795325112864054, 1.000000000000000444 ) ) 
 REPRESENTATION_ITEM ( '' )  );
#916 = CARTESIAN_POINT ( 'NONE',  ( 12.45870000000000033, -36.56251970071234325, -1.525750707653712963E-15 ) ) ;
#917 = CARTESIAN_POINT ( 'NONE',  ( 8.809631254768842012, -37.68751970071233615, 8.809631254768838460 ) ) ;
#918 = CARTESIAN_POINT ( 'NONE',  ( -12.98499999999999410, -42.30387914738683719, 5.378563107414648492 ) ) ;
#919 = CARTESIAN_POINT ( 'NONE',  ( 4.556349186104051263, -10.56253940142468473, 10.99999999999999822 ) ) ;
#920 = DIRECTION ( 'NONE',  ( -0.000000000000000000, -1.000000000000000000, -0.000000000000000000 ) ) ;
#921 = CARTESIAN_POINT ( 'NONE',  ( 1.921232021736363210E-15, -10.31251970071234503, 10.45870000000000033 ) ) ;
#922 = CYLINDRICAL_SURFACE ( 'NONE', #294, 10.90000000000000036 ) ;
#923 = CARTESIAN_POINT ( 'NONE',  ( -7.960204194457795477E-16, -36.75000000000000711, -13.00000000000000000 ) ) ;
#924 = CARTESIAN_POINT ( 'NONE',  ( 8.809631254768842012, -37.68751970071233615, 8.809631254768838460 ) ) ;
#925 = CARTESIAN_POINT ( 'NONE',  ( -6.674325055353075238E-16, -0.06730437450572426816, -10.90000000000000036 ) ) ;
#926 = ORIENTED_EDGE ( 'NONE', *, *, #4704, .T. ) ;
#927 = CARTESIAN_POINT ( 'NONE',  ( -7.951019343464191642E-16, -41.75866025403784221, -12.98499999999999943 ) ) ;
#928 = CARTESIAN_POINT ( 'NONE',  ( -10.45870000000000033, -8.625019700712343251, -4.332135384791489408 ) ) ;
#929 = CARTESIAN_POINT ( 'NONE',  ( 12.45870000000000211, -38.25001970071234325, -5.160562509537681031 ) ) ;
#930 = CARTESIAN_POINT ( 'NONE',  ( -7.960204194457795477E-16, -40.62503940142468650, -13.00000000000000000 ) ) ;
#931 =( BOUNDED_SURFACE ( )  B_SPLINE_SURFACE ( 1, 2, ( 
 ( #683, #3038, #4762, #1576, #3412, #2559, #5565, #2454, #4254, #2020, #4228, #5136, #3838, #4336, #1152, #5627, #4735, #242, #2066, #733, #5190, #2954, #2043, #325, #269, #5215, #1661, #2503, #4278, #1237, #3895, #5656, #652, #5162, #2528, #1179, #4304, #218, #297, #1690, #447, #3092, #906, #352, #4824, #4481, #3919, #5683, #1717, #471, #2183, #3496, #5243, #1298, #2274, #2587, #5303, #2247, #1745, #1267, #2152, #1833, #3581, #5365, #4909, #3613, #416, #5332, #5747, #4850, #848, #4043, #44, #4796, #2647, #791, #4361, #4422, #3065, #1802, #3955, #821, #1772, #2617, #1331, #3553, #3121, #4390, #379, #5715, #3522, #2217, #4882, #876, #2681, #4014, #4450, #11, #1364, #3151, #2707, #2396, #2367, #503, #1466, #71, #5428, #4072, #1893, #1861, #589, #5025, #1494, #5460, #3275, #5510, #1064, #4513, #4966, #3644, #4135, #5393, #4165, #1032, #1427, #4103, #104, #4542, #532, #3182, #4999, #3675, #4935, #3730, #2829, #161, #2335, #3209, #2423, #2863, #2304, #4624, #3246, #132, #1952, #5484, #2739, #972, #939, #1517, #2772, #1923, #3300, #1005, #2805, #4571, #563, #3706, #4594, #5052, #617, #4194, #185, #1980, #3752, #5103, #2946, #2919, #5157, #5077, #2036, #2891, #675, #3783, #4673, #703, #4702 ),
 ( #2475, #2447, #4300, #4248, #5536, #1115, #644, #3863, #4649, #2013, #5588, #1627, #4221, #2497, #3323, #2977, #209, #1572, #3408, #235, #3806, #1544, #3348, #5560, #3005, #4759, #1595, #5184, #3376, #729, #1146, #4729, #4332, #5130, #758, #262, #2060, #291, #1204, #2091, #1175, #2119, #3833, #3889, #5623, #2524, #1656, #3430, #2553, #319, #1090, #897, #1682, #4, #814, #3461, #5677, #4357, #1230, #1262, #2671, #4383, #372, #839, #2174, #3489, #1709, #3060, #440, #868, #2146, #2240, #3142, #3113, #5210, #3031, #5237, #4473, #4790, #2610, #1322, #3945, #5707, #3517, #4901, #5268, #465, #1292, #3087, #4872, #2637, #4413, #406, #2208, #3976, #3544, #4007, #5325, #5186, #2121, #1684, #5032, #1960, #3466, #4419, #5361, #5425, #586, #3641, #2272, #3179, #3610, #4042, #4963, #5021, #158, #40, #2364, #1949, #5481, #4071, #1890, #5390, #129, #1394, #2769, #936, #4540, #2736, #529, #1463, #3672, #2393, #2332, #1002, #4099, #4510, #101, #3243, #3272, #4996, #2802, #4568, #3703, #2825, #5457, #1491, #1029, #4591, #4162, #1514, #3298, #1061, #3321, #1541, #2944, #4218, #3780, #4620, #5075, #207, #289, #2089, #2917, #2522, #1086, #3831, #4246, #260, #1654, #4670, #3861, #2888, #1978, #1625, #4299, #3404 ) ),
 .UNSPECIFIED., .F., .F., .F. ) 
 B_SPLINE_SURFACE_WITH_KNOTS ( ( 2, 2 ),
 ( 3, 2, 2, 2, 2, 2, 2, 2, 2, 2, 2, 2, 2, 2, 2, 2, 2, 2, 2, 2, 2, 2, 2, 2, 2, 2, 2, 2, 2, 2, 2, 2, 2, 2, 2, 2, 2, 2, 2, 2, 2, 2, 2, 2, 2, 2, 2, 2, 2, 2, 2, 2, 2, 2, 2, 2, 2, 2, 2, 2, 2, 2, 2, 2, 2, 2, 2, 2, 2, 2, 2, 2, 2, 2, 2, 2, 2, 2, 2, 2, 2, 2, 2, 2, 2, 2, 2, 2, 3 ),
 ( 0.000000000000000000, 1.000000000000000000 ),
 ( 0.000000000000000000, 0.01136363636363636395, 0.02272727272727272790, 0.03409090909090908839, 0.04545454545454545581, 0.05681818181818181629, 0.06818181818181817677, 0.07954545454545454419, 0.09090909090909091161, 0.1022727272727272790, 0.1136363636363636326, 0.1250000000000000000, 0.1363636363636363535, 0.1477272727272727348, 0.1590909090909090884, 0.1704545454545454419, 0.1818181818181818232, 0.1931818181818181768, 0.2045454545454545581, 0.2159090909090909116, 0.2272727272727272652, 0.2386363636363636465, 0.2500000000000000000, 0.2613636363636363535, 0.2727272727272727071, 0.2840909090909091161, 0.2954545454545454697, 0.3068181818181818232, 0.3181818181818181768, 0.3295454545454545303, 0.3409090909090908839, 0.3522727272727272929, 0.3636363636363636465, 0.3750000000000000000, 0.3863636363636363535, 0.3977272727272727071, 0.4090909090909091161, 0.4204545454545454697, 0.4318181818181818232, 0.4431818181818181768, 0.4545454545454545303, 0.4659090909090908839, 0.4772727272727272929, 0.4886363636363636465, 0.5000000000000000000, 0.5113636363636363535, 0.5227272727272727071, 0.5340909090909090606, 0.5454545454545454142, 0.5568181818181817677, 0.5681818181818182323, 0.5795454545454545858, 0.5909090909090909394, 0.6022727272727272929, 0.6136363636363636465, 0.6250000000000000000, 0.6363636363636363535, 0.6477272727272727071, 0.6590909090909090606, 0.6704545454545454142, 0.6818181818181817677, 0.6931818181818182323, 0.7045454545454545858, 0.7159090909090909394, 0.7272727272727272929, 0.7386363636363636465, 0.7500000000000000000, 0.7613636363636363535, 0.7727272727272727071, 0.7840909090909090606, 0.7954545454545454142, 0.8068181818181817677, 0.8181818181818182323, 0.8295454545454545858, 0.8409090909090909394, 0.8522727272727272929, 0.8636363636363636465, 0.8750000000000000000, 0.8863636363636363535, 0.8977272727272727071, 0.9090909090909090606, 0.9204545454545454142, 0.9318181818181817677, 0.9431818181818182323, 0.9545454545454545858, 0.9659090909090909394, 0.9772727272727272929, 0.9886363636363636465, 1.000000000000000000 ),
 .UNSPECIFIED. ) 
 GEOMETRIC_REPRESENTATION_ITEM ( )  RATIONAL_B_SPLINE_SURFACE ( (
 ( 1.000000000000000000, 0.9238795325112867385, 1.000000000000000000, 0.9238795325112867385, 1.000000000000000000, 0.9238795325112867385, 1.000000000000000000, 0.9238795325112867385, 1.000000000000000000, 0.9238795325112867385, 1.000000000000000000, 0.9238795325112867385, 1.000000000000000000, 0.9238795325112867385, 1.000000000000000000, 0.9238795325112867385, 1.000000000000000000, 0.9238795325112867385, 1.000000000000000000, 0.9238795325112867385, 1.000000000000000000, 0.9238795325112867385, 1.000000000000000000, 0.9238795325112867385, 1.000000000000000000, 0.9238795325112867385, 1.000000000000000000, 0.9238795325112867385, 1.000000000000000000, 0.9238795325112867385, 1.000000000000000000, 0.9238795325112867385, 1.000000000000000000, 0.9238795325112867385, 1.000000000000000000, 0.9238795325112867385, 1.000000000000000000, 0.9238795325112867385, 1.000000000000000000, 0.9238795325112867385, 1.000000000000000000, 0.9238795325112867385, 1.000000000000000000, 0.9238795325112867385, 1.000000000000000000, 0.9238795325112867385, 1.000000000000000000, 0.9238795325112867385, 1.000000000000000000, 0.9238795325112867385, 1.000000000000000000, 0.9238795325112867385, 1.000000000000000000, 0.9238795325112867385, 1.000000000000000000, 0.9238795325112867385, 1.000000000000000000, 0.9238795325112867385, 1.000000000000000000, 0.9238795325112867385, 1.000000000000000000, 0.9238795325112867385, 1.000000000000000000, 0.9238795325112867385, 1.000000000000000000, 0.9238795325112867385, 1.000000000000000000, 0.9238795325112867385, 1.000000000000000000, 0.9238795325112867385, 1.000000000000000000, 0.9238795325112867385, 1.000000000000000000, 0.9238795325112867385, 1.000000000000000000, 0.9238795325112867385, 1.000000000000000000, 0.9238795325112867385, 1.000000000000000000, 0.9238795325112867385, 1.000000000000000000, 0.9238795325112867385, 1.000000000000000000, 0.9238795325112867385, 1.000000000000000000, 0.9238795325112867385, 1.000000000000000000, 0.9238795325112867385, 1.000000000000000000, 0.9238795325112867385, 1.000000000000000000, 0.9238795325112867385, 1.000000000000000000, 0.9238795325112867385, 1.000000000000000000, 0.9238795325112867385, 1.000000000000000000, 0.9238795325112867385, 1.000000000000000000, 0.9238795325112867385, 1.000000000000000000, 0.9238795325112867385, 1.000000000000000000, 0.9238795325112867385, 1.000000000000000000, 0.9238795325112867385, 1.000000000000000000, 0.9238795325112867385, 1.000000000000000000, 0.9238795325112867385, 1.000000000000000000, 0.9238795325112867385, 1.000000000000000000, 0.9238795325112867385, 1.000000000000000000, 0.9238795325112867385, 1.000000000000000000, 0.9238795325112867385, 1.000000000000000000, 0.9238795325112867385, 1.000000000000000000, 0.9238795325112867385, 1.000000000000000000, 0.9238795325112867385, 1.000000000000000000, 0.9238795325112867385, 1.000000000000000000, 0.9238795325112867385, 1.000000000000000000, 0.9238795325112867385, 1.000000000000000000, 0.9238795325112867385, 1.000000000000000000, 0.9238795325112867385, 1.000000000000000000, 0.9238795325112867385, 1.000000000000000000, 0.9238795325112867385, 1.000000000000000000, 0.9238795325112867385, 1.000000000000000000, 0.9238795325112867385, 1.000000000000000000, 0.9238795325112867385, 1.000000000000000000, 0.9238795325112867385, 1.000000000000000000, 0.9238795325112867385, 1.000000000000000000, 0.9238795325112867385, 1.000000000000000000, 0.9238795325112867385, 1.000000000000000000, 0.9238795325112867385, 1.000000000000000000, 0.9238795325112867385, 1.000000000000000000, 0.9238795325112867385, 1.000000000000000000, 0.9238795325112867385, 1.000000000000000000, 0.9238795325112867385, 1.000000000000000000, 0.9238795325112867385, 1.000000000000000000, 0.9238795325112867385, 1.000000000000000000, 0.9238795325112867385, 1.000000000000000000, 0.9238795325112867385, 1.000000000000000000, 0.9238795325112867385, 1.000000000000000000, 0.9238795325112867385, 1.000000000000000000, 0.9238795325112867385, 1.000000000000000000),
 ( 1.000000000000000000, 0.9238795325112867385, 1.000000000000000000, 0.9238795325112867385, 1.000000000000000000, 0.9238795325112867385, 1.000000000000000000, 0.9238795325112867385, 1.000000000000000000, 0.9238795325112867385, 1.000000000000000000, 0.9238795325112867385, 1.000000000000000000, 0.9238795325112867385, 1.000000000000000000, 0.9238795325112867385, 1.000000000000000000, 0.9238795325112867385, 1.000000000000000000, 0.9238795325112867385, 1.000000000000000000, 0.9238795325112867385, 1.000000000000000000, 0.9238795325112867385, 1.000000000000000000, 0.9238795325112867385, 1.000000000000000000, 0.9238795325112867385, 1.000000000000000000, 0.9238795325112867385, 1.000000000000000000, 0.9238795325112867385, 1.000000000000000000, 0.9238795325112867385, 1.000000000000000000, 0.9238795325112867385, 1.000000000000000000, 0.9238795325112867385, 1.000000000000000000, 0.9238795325112867385, 1.000000000000000000, 0.9238795325112867385, 1.000000000000000000, 0.9238795325112867385, 1.000000000000000000, 0.9238795325112867385, 1.000000000000000000, 0.9238795325112867385, 1.000000000000000000, 0.9238795325112867385, 1.000000000000000000, 0.9238795325112867385, 1.000000000000000000, 0.9238795325112867385, 1.000000000000000000, 0.9238795325112867385, 1.000000000000000000, 0.9238795325112867385, 1.000000000000000000, 0.9238795325112867385, 1.000000000000000000, 0.9238795325112867385, 1.000000000000000000, 0.9238795325112867385, 1.000000000000000000, 0.9238795325112867385, 1.000000000000000000, 0.9238795325112867385, 1.000000000000000000, 0.9238795325112867385, 1.000000000000000000, 0.9238795325112867385, 1.000000000000000000, 0.9238795325112867385, 1.000000000000000000, 0.9238795325112867385, 1.000000000000000000, 0.9238795325112867385, 1.000000000000000000, 0.9238795325112867385, 1.000000000000000000, 0.9238795325112867385, 1.000000000000000000, 0.9238795325112867385, 1.000000000000000000, 0.9238795325112867385, 1.000000000000000000, 0.9238795325112867385, 1.000000000000000000, 0.9238795325112867385, 1.000000000000000000, 0.9238795325112867385, 1.000000000000000000, 0.9238795325112867385, 1.000000000000000000, 0.9238795325112867385, 1.000000000000000000, 0.9238795325112867385, 1.000000000000000000, 0.9238795325112867385, 1.000000000000000000, 0.9238795325112867385, 1.000000000000000000, 0.9238795325112867385, 1.000000000000000000, 0.9238795325112867385, 1.000000000000000000, 0.9238795325112867385, 1.000000000000000000, 0.9238795325112867385, 1.000000000000000000, 0.9238795325112867385, 1.000000000000000000, 0.9238795325112867385, 1.000000000000000000, 0.9238795325112867385, 1.000000000000000000, 0.9238795325112867385, 1.000000000000000000, 0.9238795325112867385, 1.000000000000000000, 0.9238795325112867385, 1.000000000000000000, 0.9238795325112867385, 1.000000000000000000, 0.9238795325112867385, 1.000000000000000000, 0.9238795325112867385, 1.000000000000000000, 0.9238795325112867385, 1.000000000000000000, 0.9238795325112867385, 1.000000000000000000, 0.9238795325112867385, 1.000000000000000000, 0.9238795325112867385, 1.000000000000000000, 0.9238795325112867385, 1.000000000000000000, 0.9238795325112867385, 1.000000000000000000, 0.9238795325112867385, 1.000000000000000000, 0.9238795325112867385, 1.000000000000000000, 0.9238795325112867385, 1.000000000000000000, 0.9238795325112867385, 1.000000000000000000, 0.9238795325112867385, 1.000000000000000000, 0.9238795325112867385, 1.000000000000000000, 0.9238795325112867385, 1.000000000000000000, 0.9238795325112867385, 1.000000000000000000, 0.9238795325112867385, 1.000000000000000000, 0.9238795325112867385, 1.000000000000000000, 0.9238795325112867385, 1.000000000000000000, 0.9238795325112867385, 1.000000000000000000, 0.9238795325112867385, 1.000000000000000000, 0.9238795325112867385, 1.000000000000000000, 0.9238795325112867385, 1.000000000000000000, 0.9238795325112867385, 1.000000000000000000, 0.9238795325112867385, 1.000000000000000000, 0.9238795325112867385, 1.000000000000000000) ) ) 
 REPRESENTATION_ITEM ( '' )  SURFACE ( )  );
#932 = CARTESIAN_POINT ( 'NONE',  ( -5.160562509537681919, -37.62501970071233615, 12.45870000000000033 ) ) ;
#933 = PLANE ( 'NONE',  #1458 ) ;
#934 = CARTESIAN_POINT ( 'NONE',  ( -10.90000000000000036, -7.120235026918963150, -4.514927829866737241 ) ) ;
#935 = ORIENTED_EDGE ( 'NONE', *, *, #3961, .F. ) ;
#936 = CARTESIAN_POINT ( 'NONE',  ( -7.395417692395742648, -7.187519700712344140, 7.395417692395746201 ) ) ;
#937 = LINE ( 'NONE', #2737, #4684 ) ;
#938 = CARTESIAN_POINT ( 'NONE',  ( -5.160562509537682807, -36.62501970071234325, 12.45870000000000033 ) ) ;
#939 = CARTESIAN_POINT ( 'NONE',  ( -6.404106739121211359E-16, -8.812519700712343251, -10.45870000000000033 ) ) ;
#940 = CARTESIAN_POINT ( 'NONE',  ( 4.556349186104045934, -9.312500000000000000, -11.00000000000000000 ) ) ;
#941 = CARTESIAN_POINT ( 'NONE',  ( 10.45870000000000211, -2.125019700712344140, 4.332135384791487631 ) ) ;
#942 = CARTESIAN_POINT ( 'NONE',  ( -12.22019335489089720, -33.50000000000000000, 4.192237270547482630 ) ) ;
#943 = CARTESIAN_POINT ( 'NONE',  ( -9.181781553707317300, -41.24137914738683719, 9.181781553707322630 ) ) ;
#944 = CARTESIAN_POINT ( 'NONE',  ( -7.951019343464191642E-16, -33.75866025403784221, -12.98499999999999943 ) ) ;
#945 = CARTESIAN_POINT ( 'NONE',  ( 5.378563107414237265, -37.67887914738683719, -12.98500000000040266 ) ) ;
#946 = CARTESIAN_POINT ( 'NONE',  ( 5.160562509537688136, -38.75001970071234325, 12.45869999999999855 ) ) ;
#947 = CARTESIAN_POINT ( 'NONE',  ( 1.267577873846132519, -6.273654507955056108E-17, 10.48272957713822784 ) ) ;
#948 = CARTESIAN_POINT ( 'NONE',  ( -4.332135384791492072, -7.125019700712343251, 10.45870000000000033 ) ) ;
#949 = EDGE_CURVE ( 'NONE', #1644, #1349, #5099, .T. ) ;
#950 = CARTESIAN_POINT ( 'NONE',  ( 5.160562509537679254, -37.37501970071234325, -12.45870000000000388 ) ) ;
#951 = CARTESIAN_POINT ( 'NONE',  ( -10.45870000000000033, -10.56251970071234325, 0.000000000000000000 ) ) ;
#952 = AXIS2_PLACEMENT_3D ( 'NONE', #5008, #4528, #985 ) ;
#953 = CARTESIAN_POINT ( 'NONE',  ( -7.395417692395744425, -0.6875197007123435844, -7.395417692395744425 ) ) ;
#954 = FACE_OUTER_BOUND ( 'NONE', #3997, .T. ) ;
#955 = CARTESIAN_POINT ( 'NONE',  ( -11.00000000000000000, 0.06246059857531401083, -4.556349186104045934 ) ) ;
#956 = EDGE_CURVE ( 'NONE', #2519, #5290, #5690, .T. ) ;
#957 = AXIS2_PLACEMENT_3D ( 'NONE', #3911, #1260, #5674 ) ;
#958 = CARTESIAN_POINT ( 'NONE',  ( 12.45870000000000211, -35.50001970071234325, -5.160562509537681031 ) ) ;
#959 = CARTESIAN_POINT ( 'NONE',  ( 1.590203868692838131E-15, -57.50000000000000000, -12.98499999999999943 ) ) ;
#960 = ORIENTED_EDGE ( 'NONE', *, *, #1512, .F. ) ;
#961 = AXIS2_PLACEMENT_3D ( 'NONE', #4665, #665, #2465 ) ;
#962 = CARTESIAN_POINT ( 'NONE',  ( -7.628753538268564813E-16, -39.06251970071233615, -12.45870000000000033 ) ) ;
#963 = CARTESIAN_POINT ( 'NONE',  ( 0.000000000000000000, -33.50000000000000000, 10.90000000000000036 ) ) ;
#964 = CARTESIAN_POINT ( 'NONE',  ( 2.388061258337338544E-15, -42.12503940142468650, 13.00000000000000000 ) ) ;
#965 = CARTESIAN_POINT ( 'NONE',  ( -7.628753538268564813E-16, -37.06251970071233615, -12.45870000000000033 ) ) ;
#966 = CARTESIAN_POINT ( 'NONE',  ( 0.000000000000000000, -57.50000000000000000, 0.000000000000000000 ) ) ;
#967 = VECTOR ( 'NONE', #420, 1000.000000000000000 ) ;
#968 =( NAMED_UNIT ( * ) SI_UNIT ( $, .STERADIAN. ) SOLID_ANGLE_UNIT ( ) );
#969 = VERTEX_POINT ( 'NONE', #290 ) ;
#970 =( BOUNDED_CURVE ( )  B_SPLINE_CURVE ( 2, ( #351, #3494, #2501, #5241, #4822, #1743, #4275, #819, #267 ),
 .UNSPECIFIED., .F., .F. ) 
 B_SPLINE_CURVE_WITH_KNOTS ( ( 3, 2, 2, 2, 3 ),
 ( 0.7045454545454544748, 0.7159090909090908283, 0.7272727272727272929, 0.7386363636363636465, 0.7500000000000000000 ),
 .UNSPECIFIED. ) 
 CURVE ( )  GEOMETRIC_REPRESENTATION_ITEM ( )  RATIONAL_B_SPLINE_CURVE ( ( 1.000000000000000666, 0.9238795325112859613, 1.000000000000000000, 0.9238795325112867385, 1.000000000000000000, 0.9238795325112867385, 1.000000000000000000, 0.9238795325112867385, 1.000000000000000000 ) ) 
 REPRESENTATION_ITEM ( '' )  );
#971 = CARTESIAN_POINT ( 'NONE',  ( 0.000000000000000000, -57.50000000000000000, 0.000000000000000000 ) ) ;
#972 = CARTESIAN_POINT ( 'NONE',  ( -4.332135384791490296, -8.750019700712345028, -10.45870000000000033 ) ) ;
#973 = CARTESIAN_POINT ( 'NONE',  ( -11.00000000000000000, -9.000000000000001776, 0.000000000000000000 ) ) ;
#974 = CARTESIAN_POINT ( 'NONE',  ( -12.45869999999999855, -42.75001970071235746, 5.160562509537689024 ) ) ;
#975 = CARTESIAN_POINT ( 'NONE',  ( 2.002297516605922276E-15, -0.5673043745057243514, 10.90000000000000036 ) ) ;
#976 = CARTESIAN_POINT ( 'NONE',  ( 0.000000000000000000, -260.8000000000000114, 0.000000000000000000 ) ) ;
#977 = VERTEX_POINT ( 'NONE', #371 ) ;
#978 = CARTESIAN_POINT ( 'NONE',  ( -7.395417692395742648, -6.187519700712344140, 7.395417692395746201 ) ) ;
#979 = CARTESIAN_POINT ( 'NONE',  ( -7.628753538268564813E-16, -39.31251970071233615, -12.45870000000000033 ) ) ;
#980 = CARTESIAN_POINT ( 'NONE',  ( 0.000000000000000000, -33.50000000000000000, 10.90000000000000036 ) ) ;
#981 = CARTESIAN_POINT ( 'NONE',  ( -10.45870000000000033, -9.312519700712343251, 0.000000000000000000 ) ) ;
#982 = CARTESIAN_POINT ( 'NONE',  ( 12.45870000000000388, -37.62501970071233615, 5.160562509537677478 ) ) ;
#983 = CARTESIAN_POINT ( 'NONE',  ( -5.378563107414931821, -42.55387914738683719, -12.98499999999970633 ) ) ;
#984 = CARTESIAN_POINT ( 'NONE',  ( -11.00000000000000000, -10.87503940142468473, 0.000000000000000000 ) ) ;
#985 = DIRECTION ( 'NONE',  ( 0.000000000000000000, 0.000000000000000000, 1.000000000000000000 ) ) ;
#986 = CARTESIAN_POINT ( 'NONE',  ( 4.556349186104045934, -1.187539401424686059, -11.00000000000000000 ) ) ;
#987 = CARTESIAN_POINT ( 'NONE',  ( 0.000000000000000000, -304.0000000000000000, 0.000000000000000000 ) ) ;
#988 = CARTESIAN_POINT ( 'NONE',  ( 1.470126807534111402, -4.696300851556117971E-17, -10.65158960201759974 ) ) ;
#989 = ORIENTED_EDGE ( 'NONE', *, *, #266, .F. ) ;
#990 = EDGE_CURVE ( 'NONE', #5644, #902, #3671, .T. ) ;
#991 = CARTESIAN_POINT ( 'NONE',  ( -10.45870000000000033, -7.625019700712343251, -4.332135384791489408 ) ) ;
#992 = CARTESIAN_POINT ( 'NONE',  ( -5.160562509537681919, -36.62501970071234325, 12.45870000000000033 ) ) ;
#993 = CARTESIAN_POINT ( 'NONE',  ( -12.99999999999999645, -42.31253940142468650, 5.384776310850244663 ) ) ;
#994 = CARTESIAN_POINT ( 'NONE',  ( -7.628753538268564813E-16, -36.06251970071234325, -12.45870000000000033 ) ) ;
#995 = CYLINDRICAL_SURFACE ( 'NONE', #5599, 10.90000000000000036 ) ;
#996 = CYLINDRICAL_SURFACE ( 'NONE', #1065, 10.90000000000000036 ) ;
#997 = EDGE_LOOP ( 'NONE', ( #5250, #1974, #3989, #4180 ) ) ;
#998 = CARTESIAN_POINT ( 'NONE',  ( 0.000000000000000000, -203.5000000000000000, 0.000000000000000000 ) ) ;
#999 = ORIENTED_EDGE ( 'NONE', *, *, #3845, .F. ) ;
#1000 = EDGE_CURVE ( 'NONE', #2965, #5504, #1655, .T. ) ;
#1001 = CARTESIAN_POINT ( 'NONE',  ( 12.45870000000000211, -39.50001970071233615, -5.160562509537681031 ) ) ;
#1002 = CARTESIAN_POINT ( 'NONE',  ( 7.395417692395743536, -7.687519700712344140, -7.395417692395744425 ) ) ;
#1003 = DIRECTION ( 'NONE',  ( 0.000000000000000000, 0.000000000000000000, 1.000000000000000000 ) ) ;
#1004 = CARTESIAN_POINT ( 'NONE',  ( -12.45869999999999855, -39.75001970071234325, 5.160562509537688136 ) ) ;
#1005 = CARTESIAN_POINT ( 'NONE',  ( 10.45870000000000211, -9.125019700712343251, 4.332135384791487631 ) ) ;
#1006 = CARTESIAN_POINT ( 'NONE',  ( -7.778174593052020747, -7.875000000000001776, 7.778174593052023411 ) ) ;
#1007 = CARTESIAN_POINT ( 'NONE',  ( -12.45869999999999855, -41.75001970071234325, 5.160562509537689024 ) ) ;
#1008 = FACE_OUTER_BOUND ( 'NONE', #3170, .T. ) ;
#1009 =( BOUNDED_CURVE ( )  B_SPLINE_CURVE ( 2, ( #1946, #1510, #3238, #4188, #1057, #2329, #1389, #4564, #1972, #4505, #555, #5454, #4068, #1422, #4096, #5419, #1457, #4992, #2359, #4127, #125, #1488, #4214, #2884, #5178, #4666, #696, #2517, #4721, #3319, #203, #315, #4295, #4642, #2939, #3856, #1109, #5503, #637, #5072, #4266, #2033, #5582, #1137, #2997, #255, #2913, #4752, #3746, #5616, #666, #1537, #3776, #2442, #1082, #5097, #2004, #5530, #752, #2546, #228, #1196, #723, #2466, #1565, #5121, #1618, #1651, #4696, #2053, #3343, #4242, #3800, #4325, #5555, #1588, #3368, #2491, #2970, #3827, #3399, #5150, #1168, #286, #2085, #3425, #3106, #1677, #4350, #4468, #2666, #1224, #1286, #2233, #5231, #3882, #4783, #3453, #5643, #3054, #862, #781, #3081, #2576, #5289, #4406, #341, #4812, #806, #3481, #1257, #2113, #3936, #2602, #5204, #4896, #3138, #2697, #3024, #2139, #1348, #3906, #4377, #5670, #4866, #367, #1702, #4002, #1760, #2166, #5700, #1733, #398, #2202, #3511, #5263, #4839, #3538, #833, #4438, #1788, #893, #2632, #3973, #5735, #1315, #433, #5764, #3566, #5317, #4531, #2383, #1821, #489, #149, #5349, #1382, #3169, #1938, #548, #5471, #4120, #1046, #4088, #2846, #3719, #4031 ),
 .UNSPECIFIED., .F., .T. ) 
 B_SPLINE_CURVE_WITH_KNOTS ( ( 3, 2, 2, 2, 2, 2, 2, 2, 2, 2, 2, 2, 2, 2, 2, 2, 2, 2, 2, 2, 2, 2, 2, 2, 2, 2, 2, 2, 2, 2, 2, 2, 2, 2, 2, 2, 2, 2, 2, 2, 2, 2, 2, 2, 2, 2, 2, 2, 2, 2, 2, 2, 2, 2, 2, 2, 2, 2, 2, 2, 2, 2, 2, 2, 2, 2, 2, 2, 2, 2, 2, 2, 2, 2, 2, 2, 2, 2, 2, 2, 2, 2, 2, 3 ),
 ( 0.06249827719102769158, 0.06818181818181817677, 0.07954545454545454419, 0.09090909090909091161, 0.1022727272727272790, 0.1136363636363636326, 0.1250000000000000000, 0.1363636363636363535, 0.1477272727272727348, 0.1590909090909090884, 0.1704545454545454419, 0.1818181818181818232, 0.1931818181818181768, 0.2045454545454545581, 0.2159090909090909116, 0.2272727272727272652, 0.2386363636363636465, 0.2500000000000000000, 0.2613636363636363535, 0.2727272727272727071, 0.2840909090909091161, 0.2954545454545454697, 0.3068181818181818232, 0.3181818181818181768, 0.3295454545454545303, 0.3409090909090908839, 0.3522727272727272929, 0.3636363636363636465, 0.3750000000000000000, 0.3863636363636363535, 0.3977272727272727071, 0.4090909090909091161, 0.4204545454545454697, 0.4318181818181818232, 0.4431818181818181768, 0.4545454545454545303, 0.4659090909090908839, 0.4772727272727272929, 0.4886363636363635909, 0.5000000000000000000, 0.5113636363636363535, 0.5227272727272727071, 0.5340909090909090606, 0.5454545454545454142, 0.5568181818181817677, 0.5681818181818182323, 0.5795454545454545858, 0.5909090909090909394, 0.6022727272727272929, 0.6136363636363636465, 0.6250000000000001110, 0.6363636363636363535, 0.6477272727272727071, 0.6590909090909090606, 0.6704545454545454142, 0.6818181818181817677, 0.6931818181818182323, 0.7045454545454545858, 0.7159090909090909394, 0.7272727272727272929, 0.7386363636363636465, 0.7500000000000000000, 0.7613636363636363535, 0.7727272727272727071, 0.7840909090909090606, 0.7954545454545454142, 0.8068181818181817677, 0.8181818181818182323, 0.8295454545454545858, 0.8409090909090909394, 0.8522727272727272929, 0.8636363636363636465, 0.8750000000000000000, 0.8863636363636363535, 0.8977272727272727071, 0.9090909090909090606, 0.9204545454545454142, 0.9318181818181817677, 0.9431818181818182323, 0.9545454545454545858, 0.9659090909090909394, 0.9772727272727272929, 0.9886363636363636465, 1.000000000000000000 ),
 .UNSPECIFIED. ) 
 CURVE ( )  GEOMETRIC_REPRESENTATION_ITEM ( )  RATIONAL_B_SPLINE_CURVE ( ( 0.9619397697548616177, 0.9619282258454991963, 1.000000000000000000, 0.9238795325112867385, 1.000000000000000000, 0.9238795325112867385, 1.000000000000000000, 0.9238795325112867385, 1.000000000000000000, 0.9238795325112867385, 1.000000000000000000, 0.9238795325112867385, 1.000000000000000000, 0.9238795325112867385, 1.000000000000000000, 0.9238795325112867385, 1.000000000000000000, 0.9238795325112867385, 1.000000000000000000, 0.9238795325112867385, 1.000000000000000000, 0.9238795325112867385, 1.000000000000000000, 0.9238795325112867385, 1.000000000000000000, 0.9238795325112867385, 1.000000000000000000, 0.9238795325112867385, 1.000000000000000000, 0.9238795325112867385, 1.000000000000000000, 0.9238795325112867385, 1.000000000000000000, 0.9238795325112867385, 1.000000000000000000, 0.9238795325112867385, 1.000000000000000000, 0.9238795325112867385, 1.000000000000000000, 0.9238795325112867385, 1.000000000000000000, 0.9238795325112867385, 1.000000000000000000, 0.9238795325112867385, 1.000000000000000000, 0.9238795325112867385, 1.000000000000000000, 0.9238795325112867385, 1.000000000000000000, 0.9238795325112867385, 1.000000000000000000, 0.9238795325112867385, 1.000000000000000000, 0.9238795325112867385, 1.000000000000000000, 0.9238795325112867385, 1.000000000000000000, 0.9238795325112867385, 1.000000000000000000, 0.9238795325112867385, 1.000000000000000000, 0.9238795325112867385, 1.000000000000000000, 0.9238795325112867385, 1.000000000000000000, 0.9238795325112867385, 1.000000000000000000, 0.9238795325112867385, 1.000000000000000000, 0.9238795325112867385, 1.000000000000000000, 0.9238795325112867385, 1.000000000000000000, 0.9238795325112867385, 1.000000000000000000, 0.9238795325112867385, 1.000000000000000000, 0.9238795325112867385, 1.000000000000000000, 0.9238795325112867385, 1.000000000000000000, 0.9238795325112867385, 1.000000000000000000, 0.9238795325112867385, 1.000000000000000000, 0.9238795325112867385, 1.000000000000000000, 0.9238795325112867385, 1.000000000000000000, 0.9238795325112867385, 1.000000000000000000, 0.9238795325112867385, 1.000000000000000000, 0.9238795325112867385, 1.000000000000000000, 0.9238795325112867385, 1.000000000000000000, 0.9238795325112867385, 1.000000000000000000, 0.9238795325112867385, 1.000000000000000000, 0.9238795325112867385, 1.000000000000000000, 0.9238795325112867385, 1.000000000000000000, 0.9238795325112867385, 1.000000000000000000, 0.9238795325112867385, 1.000000000000000000, 0.9238795325112867385, 1.000000000000000000, 0.9238795325112867385, 1.000000000000000000, 0.9238795325112867385, 1.000000000000000000, 0.9238795325112867385, 1.000000000000000000, 0.9238795325112867385, 1.000000000000000000, 0.9238795325112867385, 1.000000000000000000, 0.9238795325112867385, 1.000000000000000000, 0.9238795325112867385, 1.000000000000000000, 0.9238795325112867385, 1.000000000000000000, 0.9238795325112867385, 1.000000000000000000, 0.9238795325112867385, 1.000000000000000000, 0.9238795325112867385, 1.000000000000000000, 0.9238795325112867385, 1.000000000000000000, 0.9238795325112867385, 1.000000000000000000, 0.9238795325112867385, 1.000000000000000000, 0.9238795325112867385, 1.000000000000000000, 0.9238795325112867385, 1.000000000000000000, 0.9238795325112867385, 1.000000000000000000, 0.9238795325112867385, 1.000000000000000000, 0.9238795325112867385, 1.000000000000000000, 0.9238795325112867385, 1.000000000000000000, 0.9238795325112867385, 1.000000000000000000, 0.9238795325112867385, 1.000000000000000000, 0.9238795325112867385, 1.000000000000000000, 0.9238795325112867385, 1.000000000000000000, 0.9238795325112867385, 1.000000000000000000, 0.9238795325112867385, 1.000000000000000000, 0.9238795325112867385, 1.000000000000000000, 0.9238795325112867385, 1.000000000000000000 ) ) 
 REPRESENTATION_ITEM ( '' )  );
#1010 = DIRECTION ( 'NONE',  ( 0.000000000000000000, 1.000000000000000000, 0.000000000000000000 ) ) ;
#1011 = CARTESIAN_POINT ( 'NONE',  ( 4.332135384791488519, -1.875019700712343251, -10.45870000000000033 ) ) ;
#1012 = CARTESIAN_POINT ( 'NONE',  ( -7.628753538268564813E-16, -40.31251970071234325, -12.45870000000000033 ) ) ;
#1013 = LINE ( 'NONE', #2871, #5506 ) ;
#1014 = CARTESIAN_POINT ( 'NONE',  ( 10.45870000000000211, -7.875019700712345028, 4.332135384791487631 ) ) ;
#1015 = CARTESIAN_POINT ( 'NONE',  ( -5.160562509537681031, -38.25001970071232904, -12.45870000000000388 ) ) ;
#1016 = CARTESIAN_POINT ( 'NONE',  ( 11.00000000000000000, -9.312539401424684726, -4.556349186104045934 ) ) ;
#1017 = CARTESIAN_POINT ( 'NONE',  ( 4.332135384791488519, -9.875019700712345028, -10.45870000000000033 ) ) ;
#1018 = CARTESIAN_POINT ( 'NONE',  ( 0.000000000000000000, -33.50000000000000000, 0.000000000000000000 ) ) ;
#1019 = B_SPLINE_CURVE_WITH_KNOTS ( 'NONE', 3,
 ( #713, #2507, #4282, #3069, #2653, #1271, #4854, #4828, #3586, #2251 ),
 .UNSPECIFIED., .F., .F.,
 ( 4, 2, 2, 2, 4 ),
 ( 0.000000000000000000, 0.004108982252131522864, 0.008217964504263049197, 0.01232694675639457380, 0.01643592900852610186 ),
 .UNSPECIFIED. ) ;
#1020 = CARTESIAN_POINT ( 'NONE',  ( 1.118206054667834071, -9.844844278535926437E-17, -10.70343312080065878 ) ) ;
#1021 = CARTESIAN_POINT ( 'NONE',  ( -4.332135384791492072, -8.375019700712345028, 10.45870000000000033 ) ) ;
#1022 = CARTESIAN_POINT ( 'NONE',  ( -5.160562509537681031, -38.00001970071233615, -12.45870000000000211 ) ) ;
#1023 = CARTESIAN_POINT ( 'NONE',  ( -12.45870000000000211, -37.87501970071233615, -5.160562509537680143 ) ) ;
#1024 = FACE_OUTER_BOUND ( 'NONE', #91, .T. ) ;
#1025 = ADVANCED_FACE ( 'NONE', ( #813 ), #757, .T. ) ;
#1026 = CARTESIAN_POINT ( 'NONE',  ( -6.674325055353075238E-16, -1.307735026918962706, -10.90000000000000036 ) ) ;
#1027 = FACE_BOUND ( 'NONE', #1197, .T. ) ;
#1028 = ORIENTED_EDGE ( 'NONE', *, *, #5249, .F. ) ;
#1029 = CARTESIAN_POINT ( 'NONE',  ( -4.332135384791490296, -8.500019700712343251, -10.45870000000000033 ) ) ;
#1030 = DIRECTION ( 'NONE',  ( 0.000000000000000000, 1.000000000000000000, 0.000000000000000000 ) ) ;
#1031 = CARTESIAN_POINT ( 'NONE',  ( 5.160562509537688136, -39.50001970071233615, 12.45869999999999855 ) ) ;
#1032 = CARTESIAN_POINT ( 'NONE',  ( 4.332135384791495625, -7.250019700712343251, 10.45870000000000033 ) ) ;
#1033 = CARTESIAN_POINT ( 'NONE',  ( -10.89999999999999858, -9.754804374505724240, 4.514927829866743458 ) ) ;
#1034 = EDGE_CURVE ( 'NONE', #2213, #1857, #4331, .T. ) ;
#1035 = CARTESIAN_POINT ( 'NONE',  ( 8.809631254768838460, -43.18751970071234325, -8.809631254768840236 ) ) ;
#1036 = CARTESIAN_POINT ( 'NONE',  ( -9.181781553707317300, -39.24137914738683719, 9.181781553707322630 ) ) ;
#1037 = CARTESIAN_POINT ( 'NONE',  ( 10.90000000000000213, -8.620235026918962262, 4.514927829866736353 ) ) ;
#1038 = CARTESIAN_POINT ( 'NONE',  ( 12.45870000000000211, -40.62501970071233615, 5.160562509537678366 ) ) ;
#1039 = CARTESIAN_POINT ( 'NONE',  ( 11.00000000000000000, 0.5624999999999992228, -4.556349186104045934 ) ) ;
#1040 = CARTESIAN_POINT ( 'NONE',  ( -13.00000000000000000, -37.50000000000000000, 0.000000000000000000 ) ) ;
#1041 =( BOUNDED_CURVE ( )  B_SPLINE_CURVE ( 2, ( #2832, #593, #4168, #4518, #188, #3278, #164, #3304, #5055 ),
 .UNSPECIFIED., .F., .F. ) 
 B_SPLINE_CURVE_WITH_KNOTS ( ( 3, 2, 2, 2, 3 ),
 ( 0.7954545454545460803, 0.8068181818181823228, 0.8181818181818185653, 0.8295454545454548079, 0.8409090909090910504 ),
 .UNSPECIFIED. ) 
 CURVE ( )  GEOMETRIC_REPRESENTATION_ITEM ( )  RATIONAL_B_SPLINE_CURVE ( ( 0.9999999999999955591, 0.9238795325112911794, 1.000000000000000000, 0.9238795325112867385, 1.000000000000000000, 0.9238795325112867385, 1.000000000000000000, 0.9238795325112859613, 1.000000000000000666 ) ) 
 REPRESENTATION_ITEM ( '' )  );
#1042 = CARTESIAN_POINT ( 'NONE',  ( -12.45869999999999855, -41.00001970071234325, 5.160562509537688136 ) ) ;
#1043 = CARTESIAN_POINT ( 'NONE',  ( -5.378563107415043731, -37.55387914738683008, -12.98499999999959797 ) ) ;
#1044 = CARTESIAN_POINT ( 'NONE',  ( -10.45870000000000033, -9.625019700712345028, -4.332135384791489408 ) ) ;
#1045 = CARTESIAN_POINT ( 'NONE',  ( -11.00000000000000000, -2.937539401424686059, -4.556349186104045934 ) ) ;
#1046 = CARTESIAN_POINT ( 'NONE',  ( 1.921232021736363210E-15, -10.06251970071234503, 10.45870000000000033 ) ) ;
#1047 = CIRCLE ( 'NONE', #4313, 11.98499999999999943 ) ;
#1048 = ORIENTED_EDGE ( 'NONE', *, *, #5012, .T. ) ;
#1049 = CARTESIAN_POINT ( 'NONE',  ( -6.735557395310442023E-16, -5.125039401424686503, -11.00000000000000000 ) ) ;
#1050 = CYLINDRICAL_SURFACE ( 'NONE', #3026, 12.98499999999999943 ) ;
#1051 = CARTESIAN_POINT ( 'NONE',  ( 7.395417692395746201, -9.187519700712343251, 7.395417692395743536 ) ) ;
#1052 = CARTESIAN_POINT ( 'NONE',  ( -12.45870000000000033, -35.81251970071234325, 0.000000000000000000 ) ) ;
#1053 = AXIS2_PLACEMENT_3D ( 'NONE', #4340, #357, #3924 ) ;
#1054 = CARTESIAN_POINT ( 'NONE',  ( 13.00000000000000000, -39.81253940142468650, -5.384776310850237557 ) ) ;
#1055 = CARTESIAN_POINT ( 'NONE',  ( -7.628753538268564813E-16, -41.06251970071234325, -12.45870000000000033 ) ) ;
#1056 = CYLINDRICAL_SURFACE ( 'NONE', #5320, 12.75000000000000000 ) ;
#1057 = CARTESIAN_POINT ( 'NONE',  ( -7.395417692395742648, -0.1875197007123435289, 7.395417692395746201 ) ) ;
#1058 = ORIENTED_EDGE ( 'NONE', *, *, #1170, .F. ) ;
#1059 = PERSON_AND_ORGANIZATION ( #650, #3864 ) ;
#1060 = AXIS2_PLACEMENT_3D ( 'NONE', #987, #1689, #3812 ) ;
#1061 = CARTESIAN_POINT ( 'NONE',  ( 10.45870000000000033, -8.812519700712343251, -1.280821347824242272E-15 ) ) ;
#1062 = CARTESIAN_POINT ( 'NONE',  ( 12.98499999999999943, -35.94616025403784221, -5.378563107414642275 ) ) ;
#1063 = CARTESIAN_POINT ( 'NONE',  ( -8.809631254768840236, -38.93751970071233615, -8.809631254768840236 ) ) ;
#1064 = CARTESIAN_POINT ( 'NONE',  ( -6.404106739121211359E-16, -6.812519700712343251, -10.45870000000000033 ) ) ;
#1065 = AXIS2_PLACEMENT_3D ( 'NONE', #526, #3268, #2733 ) ;
#1066 = CARTESIAN_POINT ( 'NONE',  ( -4.556349186104045934, -9.187500000000001776, -11.00000000000000000 ) ) ;
#1067 = CARTESIAN_POINT ( 'NONE',  ( -6.674325055353075238E-16, -0.06730437450572426816, -10.90000000000000036 ) ) ;
#1068 = CARTESIAN_POINT ( 'NONE',  ( 2.002297516605922276E-15, -9.807735026918964039, 10.90000000000000036 ) ) ;
#1069 = ORIENTED_EDGE ( 'NONE', *, *, #3389, .T. ) ;
#1070 = DIRECTION ( 'NONE',  ( 0.000000000000000000, 0.000000000000000000, -1.000000000000000000 ) ) ;
#1071 = ADVANCED_FACE ( 'NONE', ( #3405 ), #523, .T. ) ;
#1072 = CARTESIAN_POINT ( 'NONE',  ( 2.002297516605922276E-15, -8.807735026918962262, 10.90000000000000036 ) ) ;
#1073 = CARTESIAN_POINT ( 'NONE',  ( -12.45869999999999855, -34.75001970071234325, 5.160562509537688136 ) ) ;
#1074 = CARTESIAN_POINT ( 'NONE',  ( -4.332135384791492072, -9.125019700712343251, 10.45870000000000033 ) ) ;
#1075 = CARTESIAN_POINT ( 'NONE',  ( -9.192388155425113894, -36.37500000000000711, 9.192388155425119223 ) ) ;
#1076 = CARTESIAN_POINT ( 'NONE',  ( 12.45870000000000388, -42.50001970071234325, -5.160562509537681031 ) ) ;
#1077 = ADVANCED_FACE ( 'NONE', ( #3228 ), #922, .T. ) ;
#1078 = CARTESIAN_POINT ( 'NONE',  ( 12.98499999999999943, -35.86637914738684429, -1.590203868692838131E-15 ) ) ;
#1079 = CARTESIAN_POINT ( 'NONE',  ( -7.707463914933366134, -4.932735026918962262, 7.707463914933369686 ) ) ;
#1080 = CARTESIAN_POINT ( 'NONE',  ( 12.45870000000000033, -41.31251970071234325, -1.525750707653712963E-15 ) ) ;
#1081 = FACE_OUTER_BOUND ( 'NONE', #1598, .T. ) ;
#1082 = CARTESIAN_POINT ( 'NONE',  ( -10.45870000000000033, -3.312519700712343695, 0.000000000000000000 ) ) ;
#1083 = EDGE_LOOP ( 'NONE', ( #1316, #1539, #3362, #2391, #1129, #1652, #1302, #5744 ) ) ;
#1084 = PERSON_AND_ORGANIZATION ( #650, #3864 ) ;
#1085 = CARTESIAN_POINT ( 'NONE',  ( -7.628753538268564813E-16, -40.31251970071234325, -12.45870000000000033 ) ) ;
#1086 = CARTESIAN_POINT ( 'NONE',  ( 4.332135384791488519, -9.625019700712345028, -10.45870000000000033 ) ) ;
#1087 = CARTESIAN_POINT ( 'NONE',  ( -6.674325055353075238E-16, -5.307735026918963150, -10.90000000000000036 ) ) ;
#1088 = CARTESIAN_POINT ( 'NONE',  ( -12.45870000000000033, -38.81251970071233615, 0.000000000000000000 ) ) ;
#1089 = UNCERTAINTY_MEASURE_WITH_UNIT (LENGTH_MEASURE( 1.000000000000000082E-05 ), #1423, 'distance_accuracy_value', 'NONE');
#1090 = CARTESIAN_POINT ( 'NONE',  ( -7.395417692395744425, -2.437519700712343695, -7.395417692395744425 ) ) ;
#1091 = CARTESIAN_POINT ( 'NONE',  ( 2.002297516605922276E-15, -5.807735026918963150, 10.90000000000000036 ) ) ;
#1092 = CARTESIAN_POINT ( 'NONE',  ( 12.45870000000000211, -42.37501970071234325, 5.160562509537678366 ) ) ;
#1093 = DIRECTION ( 'NONE',  ( 0.000000000000000000, 1.000000000000000000, 0.000000000000000000 ) ) ;
#1094 = ORIENTED_EDGE ( 'NONE', *, *, #5364, .F. ) ;
#1095 = CARTESIAN_POINT ( 'NONE',  ( -7.707463914933366134, -9.932735026918964039, 7.707463914933369686 ) ) ;
#1096 = CARTESIAN_POINT ( 'NONE',  ( -8.809631254768840236, -33.93751970071234325, -8.809631254768840236 ) ) ;
#1097 = CARTESIAN_POINT ( 'NONE',  ( 4.556349186104045934, -0.3125000000000009437, -11.00000000000000000 ) ) ;
#1098 = CARTESIAN_POINT ( 'NONE',  ( -13.00000000000000000, -39.56250000000000711, -5.384776310850237557 ) ) ;
#1099 = ADVANCED_FACE ( 'NONE', ( #5444 ), #300, .T. ) ;
#1100 = CARTESIAN_POINT ( 'NONE',  ( 12.45870000000000033, -40.56251970071234325, -1.525750707653712963E-15 ) ) ;
#1101 = CARTESIAN_POINT ( 'NONE',  ( -10.45870000000000033, -0.3125197007123435289, 0.000000000000000000 ) ) ;
#1102 = CARTESIAN_POINT ( 'NONE',  ( 7.778174593052023411, -4.500039401424685614, 7.778174593052021635 ) ) ;
#1103 = EDGE_CURVE ( 'NONE', #2589, #2859, #1123, .T. ) ;
#1104 = CARTESIAN_POINT ( 'NONE',  ( 0.000000000000000000, -33.50000000000000000, 0.000000000000000000 ) ) ;
#1105 = ORIENTED_EDGE ( 'NONE', *, *, #732, .T. ) ;
#1106 = CARTESIAN_POINT ( 'NONE',  ( 9.192388155425119223, -34.00003940142468650, 9.192388155425115670 ) ) ;
#1107 = CARTESIAN_POINT ( 'NONE',  ( -5.160562509537681919, -40.62501970071233615, 12.45870000000000033 ) ) ;
#1108 = CARTESIAN_POINT ( 'NONE',  ( -10.89999999999999858, -2.995235026918963150, 4.514927829866743458 ) ) ;
#1109 = CARTESIAN_POINT ( 'NONE',  ( -7.395417692395742648, -2.187519700712343251, 7.395417692395746201 ) ) ;
#1110 = CARTESIAN_POINT ( 'NONE',  ( 12.98499999999999943, -38.86637914738683719, -1.590203868692838131E-15 ) ) ;
#1111 = ORIENTED_EDGE ( 'NONE', *, *, #4026, .T. ) ;
#1112 = FACE_OUTER_BOUND ( 'NONE', #5173, .T. ) ;
#1113 = CARTESIAN_POINT ( 'NONE',  ( 10.45870000000000033, -3.062519700712343695, -1.280821347824242272E-15 ) ) ;
#1114 = CARTESIAN_POINT ( 'NONE',  ( 5.160562509537679254, -41.12501970071234325, -12.45870000000000388 ) ) ;
#1115 = CARTESIAN_POINT ( 'NONE',  ( 4.332135384791488519, 0.3749802992876565266, -10.45870000000000033 ) ) ;
#1116 = DIRECTION ( 'NONE',  ( 0.000000000000000000, 0.000000000000000000, 1.000000000000000000 ) ) ;
#1117 = ORIENTED_EDGE ( 'NONE', *, *, #1932, .F. ) ;
#1118 = CARTESIAN_POINT ( 'NONE',  ( -7.951019343464190656E-16, -36.61637914738684429, -12.98499999999999943 ) ) ;
#1119 = CARTESIAN_POINT ( 'NONE',  ( -7.951019343464190656E-16, -37.61637914738683719, -12.98499999999999943 ) ) ;
#1120 = CARTESIAN_POINT ( 'NONE',  ( 5.160562509537679254, -42.37501970071234325, -12.45870000000000211 ) ) ;
#1121 = CARTESIAN_POINT ( 'NONE',  ( -10.90000000000000036, -1.120235026918962262, -4.514927829866737241 ) ) ;
#1122 = CARTESIAN_POINT ( 'NONE',  ( -7.778174593052020747, -2.875000000000000888, 7.778174593052023411 ) ) ;
#1123 =( BOUNDED_CURVE ( )  B_SPLINE_CURVE ( 2, ( #3627, #514, #5409 ),
 .UNSPECIFIED., .F., .T. ) 
 B_SPLINE_CURVE_WITH_KNOTS ( ( 3, 3 ),
 ( 0.9772727272727280701, 0.9878019133091422432 ),
 .UNSPECIFIED. ) 
 CURVE ( )  GEOMETRIC_REPRESENTATION_ITEM ( )  RATIONAL_B_SPLINE_CURVE ( ( 0.9999999999999947820, 0.9294691824236609445, 0.9896416143701844970 ) ) 
 REPRESENTATION_ITEM ( '' )  );
#1124 = CARTESIAN_POINT ( 'NONE',  ( 9.662096005608743710, 8.148755823328019705E-13, -4.003536744979310669 ) ) ;
#1125 = CARTESIAN_POINT ( 'NONE',  ( 13.00000000000000000, -42.93750000000000711, -5.384776310850237557 ) ) ;
#1126 = CARTESIAN_POINT ( 'NONE',  ( 12.45870000000000388, -40.62501970071233615, 5.160562509537677478 ) ) ;
#1127 = CARTESIAN_POINT ( 'NONE',  ( 4.332135384791488519, -0.6250197007123435844, -10.45870000000000033 ) ) ;
#1128 = CARTESIAN_POINT ( 'NONE',  ( 1.334865011070615048E-15, -33.50000000000000000, -10.90000000000000036 ) ) ;
#1129 = ORIENTED_EDGE ( 'NONE', *, *, #483, .F. ) ;
#1130 = ADVANCED_FACE ( 'NONE', ( #954 ), #1907, .T. ) ;
#1131 = CARTESIAN_POINT ( 'NONE',  ( 2.288626061480569049E-15, -39.56251970071234325, 12.45870000000000033 ) ) ;
#1132 = CARTESIAN_POINT ( 'NONE',  ( -9.918019452996913898, 4.225724826855437858E-17, 4.532752059220267249 ) ) ;
#1133 = CARTESIAN_POINT ( 'NONE',  ( -9.192388155425113894, -35.25003940142468650, 9.192388155425119223 ) ) ;
#1134 = AXIS2_PLACEMENT_3D ( 'NONE', #261, #2552, #5587 ) ;
#1135 = CARTESIAN_POINT ( 'NONE',  ( 12.45870000000000033, -43.31251970071234325, -1.525750707653712963E-15 ) ) ;
#1136 = CARTESIAN_POINT ( 'NONE',  ( -6.674325055353075238E-16, -0.06730437450572426816, -10.90000000000000036 ) ) ;
#1137 = CARTESIAN_POINT ( 'NONE',  ( 4.332135384791488519, -2.625019700712343251, -10.45870000000000033 ) ) ;
#1138 = CARTESIAN_POINT ( 'NONE',  ( 2.385305803039257098E-15, -36.25866025403784931, 12.98499999999999943 ) ) ;
#1139 = VERTEX_POINT ( 'NONE', #5378 ) ;
#1140 = PERSON_AND_ORGANIZATION ( #650, #3864 ) ;
#1141 = DIRECTION ( 'NONE',  ( 0.000000000000000000, 1.000000000000000000, 0.000000000000000000 ) ) ;
#1142 = AXIS2_PLACEMENT_3D ( 'NONE', #3980, #3090, #4845 ) ;
#1143 = CARTESIAN_POINT ( 'NONE',  ( 2.288626061480569049E-15, -40.81251970071234325, 12.45870000000000033 ) ) ;
#1144 = CARTESIAN_POINT ( 'NONE',  ( -12.98499999999999410, -39.44616025403784931, 5.378563107414648492 ) ) ;
#1145 = CARTESIAN_POINT ( 'NONE',  ( -6.658056534492891032, -304.0000000000000000, 25.99365851863674948 ) ) ;
#1146 = CARTESIAN_POINT ( 'NONE',  ( -7.395417692395742648, -1.187519700712343251, 7.395417692395746201 ) ) ;
#1147 = CARTESIAN_POINT ( 'NONE',  ( -4.514927829866788755, -7.870235026918964927, 10.89999999999994706 ) ) ;
#1148 = CARTESIAN_POINT ( 'NONE',  ( -4.514927829866737241, -7.004804374505725129, -10.90000000000000036 ) ) ;
#1149 = VERTEX_POINT ( 'NONE', #3226 ) ;
#1150 = CARTESIAN_POINT ( 'NONE',  ( 0.000000000000000000, -33.50000000000000000, 0.000000000000000000 ) ) ;
#1151 = CARTESIAN_POINT ( 'NONE',  ( 8.809631254768838460, -43.43751970071234325, -8.809631254768840236 ) ) ;
#1152 = CARTESIAN_POINT ( 'NONE',  ( -7.395417692395742648, -0.4375197007123434179, 7.395417692395746201 ) ) ;
#1153 = CARTESIAN_POINT ( 'NONE',  ( -6.735557395310442023E-16, -2.250000000000001332, -11.00000000000000000 ) ) ;
#1154 = CARTESIAN_POINT ( 'NONE',  ( 10.45870000000000033, -1.000019700712343473, -4.332135384791490296 ) ) ;
#1155 = ORIENTED_EDGE ( 'NONE', *, *, #2141, .F. ) ;
#1156 = CARTESIAN_POINT ( 'NONE',  ( -7.960204194457795477E-16, -41.75000000000000000, -13.00000000000000000 ) ) ;
#1157 = CARTESIAN_POINT ( 'NONE',  ( -5.160562509537682807, -39.87501970071234325, 12.45870000000000033 ) ) ;
#1158 = DIRECTION ( 'NONE',  ( 0.8660254037844371533, -0.5000000000000026645, -0.000000000000000000 ) ) ;
#1159 = CARTESIAN_POINT ( 'NONE',  ( -9.192388155425117446, -43.50003940142468650, -9.192388155425117446 ) ) ;
#1160 = CARTESIAN_POINT ( 'NONE',  ( 10.45870000000000033, -6.000019700712344140, -4.332135384791490296 ) ) ;
#1161 = CARTESIAN_POINT ( 'NONE',  ( -4.514927829866788755, -5.870235026918963150, 10.89999999999994706 ) ) ;
#1162 = CARTESIAN_POINT ( 'NONE',  ( -10.45870000000000033, -7.500019700712343251, 4.332135384791497401 ) ) ;
#1163 = EDGE_LOOP ( 'NONE', ( #3118, #5694, #1338, #858, #5257 ) ) ;
#1164 = VERTEX_POINT ( 'NONE', #2720 ) ;
#1165 = CARTESIAN_POINT ( 'NONE',  ( -7.960204194457795477E-16, -33.62503940142468650, -13.00000000000000000 ) ) ;
#1166 = CARTESIAN_POINT ( 'NONE',  ( 5.160562509537679254, -41.12501970071233615, -12.45870000000000211 ) ) ;
#1167 = CARTESIAN_POINT ( 'NONE',  ( -10.90000000000000036, -4.817304374505725129, 0.000000000000000000 ) ) ;
#1168 = CARTESIAN_POINT ( 'NONE',  ( 1.921232021736363210E-15, -5.062519700712344140, 10.45870000000000033 ) ) ;
#1169 = ORIENTED_EDGE ( 'NONE', *, *, #3961, .T. ) ;
#1170 = EDGE_CURVE ( 'NONE', #213, #2705, #2512, .T. ) ;
#1171 = APPROVAL_ROLE ( '' ) ;
#1172 = CARTESIAN_POINT ( 'NONE',  ( -10.45870000000000033, -2.500019700712343251, 4.332135384791498289 ) ) ;
#1173 = CARTESIAN_POINT ( 'NONE',  ( 12.45870000000000211, -40.50001970071233615, -5.160562509537681031 ) ) ;
#1174 = DIRECTION ( 'NONE',  ( 0.000000000000000000, 1.000000000000000000, 0.000000000000000000 ) ) ;
#1175 = CARTESIAN_POINT ( 'NONE',  ( 10.45870000000000033, -1.812519700712343473, -1.280821347824242272E-15 ) ) ;
#1176 = LINE ( 'NONE', #3865, #2382 ) ;
#1177 = CARTESIAN_POINT ( 'NONE',  ( 0.000000000000000000, -203.5000000000000000, 0.000000000000000000 ) ) ;
#1178 = EDGE_CURVE ( 'NONE', #5660, #3809, #1047, .T. ) ;
#1179 = CARTESIAN_POINT ( 'NONE',  ( -4.332135384791490296, -1.750019700712343473, -10.45870000000000033 ) ) ;
#1180 = CARTESIAN_POINT ( 'NONE',  ( 4.556349186104045934, -2.312500000000000888, -11.00000000000000000 ) ) ;
#1181 = DIRECTION ( 'NONE',  ( 0.000000000000000000, 1.000000000000000000, 0.000000000000000000 ) ) ;
#1182 = VERTEX_POINT ( 'NONE', #1378 ) ;
#1183 = CARTESIAN_POINT ( 'NONE',  ( -7.960204194457795477E-16, -42.75000000000000000, -13.00000000000000000 ) ) ;
#1184 = CARTESIAN_POINT ( 'NONE',  ( -7.707463914933366134, -6.932735026918962262, 7.707463914933369686 ) ) ;
#1185 = CARTESIAN_POINT ( 'NONE',  ( 4.332135384791495625, -1.000019700712343695, 10.45870000000000033 ) ) ;
#1186 = CARTESIAN_POINT ( 'NONE',  ( -8.809631254768840236, -35.18751970071234325, -8.809631254768840236 ) ) ;
#1187 = CARTESIAN_POINT ( 'NONE',  ( -4.465680566947300534, 0.000000000000000000, -9.943223676151976775 ) ) ;
#1188 = CARTESIAN_POINT ( 'NONE',  ( 4.332135384791488519, -8.875019700712343251, -10.45870000000000033 ) ) ;
#1189 = ORIENTED_EDGE ( 'NONE', *, *, #704, .T. ) ;
#1190 =( BOUNDED_CURVE ( )  B_SPLINE_CURVE ( 2, ( #1360, #36, #2640, #1796, #2210, #1294, #3089, #899, #4476 ),
 .UNSPECIFIED., .F., .T. ) 
 B_SPLINE_CURVE_WITH_KNOTS ( ( 3, 2, 2, 2, 3 ),
 ( 0.7045454545454545858, 0.7159090909090910504, 0.7272727272727276260, 0.7386363636363642016, 0.7500000000000006661 ),
 .UNSPECIFIED. ) 
 CURVE ( )  GEOMETRIC_REPRESENTATION_ITEM ( )  RATIONAL_B_SPLINE_CURVE ( ( 1.000000000000000000, 0.9238795325112867385, 1.000000000000000000, 0.9238795325112867385, 1.000000000000000000, 0.9238795325112867385, 1.000000000000000000, 0.9238795325112822976, 1.000000000000004441 ) ) 
 REPRESENTATION_ITEM ( '' )  );
#1191 = CARTESIAN_POINT ( 'NONE',  ( -11.00000000000000000, -8.875039401424686503, 0.000000000000000000 ) ) ;
#1192 = CARTESIAN_POINT ( 'NONE',  ( -12.98499999999999943, -35.50866025403784221, 0.000000000000000000 ) ) ;
#1193 = CARTESIAN_POINT ( 'NONE',  ( -10.90000000000000036, -5.120235026918963150, -4.514927829866737241 ) ) ;
#1194 = CARTESIAN_POINT ( 'NONE',  ( -9.192388155425113894, -33.37500000000000000, 9.192388155425119223 ) ) ;
#1195 = CARTESIAN_POINT ( 'NONE',  ( -10.89999999999999858, -4.754804374505724240, 4.514927829866743458 ) ) ;
#1196 = CARTESIAN_POINT ( 'NONE',  ( 10.45870000000000033, -3.750019700712343695, -4.332135384791490296 ) ) ;
#1197 = EDGE_LOOP ( 'NONE', ( #4040, #2644 ) ) ;
#1198 = PERSON_AND_ORGANIZATION ( #650, #3864 ) ;
#1199 = CARTESIAN_POINT ( 'NONE',  ( -4.332135384791490296, -1.750019700712343473, -10.45870000000000033 ) ) ;
#1200 = CARTESIAN_POINT ( 'NONE',  ( -12.45870000000000211, -41.12501970071233615, -5.160562509537680143 ) ) ;
#1201 = DIRECTION ( 'NONE',  ( 0.000000000000000000, 0.000000000000000000, 1.000000000000000000 ) ) ;
#1202 = CARTESIAN_POINT ( 'NONE',  ( 0.000000000000000000, -33.50000000000000000, 10.90000000000000036 ) ) ;
#1203 = ADVANCED_FACE ( 'NONE', ( #3165 ), #3689, .T. ) ;
#1204 = CARTESIAN_POINT ( 'NONE',  ( 7.395417692395743536, -1.687519700712343251, -7.395417692395744425 ) ) ;
#1205 = CARTESIAN_POINT ( 'NONE',  ( -7.951019343464190656E-16, -40.61637914738683719, -12.98499999999999943 ) ) ;
#1206 = CARTESIAN_POINT ( 'NONE',  ( 12.98499999999999943, -37.94616025403784221, -5.378563107414642275 ) ) ;
#1207 = ORIENTED_EDGE ( 'NONE', *, *, #3715, .F. ) ;
#1208 = CYLINDRICAL_SURFACE ( 'NONE', #1336, 12.98499999999999943 ) ;
#1209 = CARTESIAN_POINT ( 'NONE',  ( -4.556349186104045934, -2.187500000000000888, -11.00000000000000000 ) ) ;
#1210 = CARTESIAN_POINT ( 'NONE',  ( -10.45870000000000033, -1.625019700712343473, -4.332135384791489408 ) ) ;
#1211 = ORIENTED_EDGE ( 'NONE', *, *, #5480, .T. ) ;
#1212 = CARTESIAN_POINT ( 'NONE',  ( -13.00000000000000000, -41.50000000000000000, 0.000000000000000000 ) ) ;
#1213 = CARTESIAN_POINT ( 'NONE',  ( 0.000000000000000000, -264.0000000000000000, 12.75000000000000000 ) ) ;
#1214 = CARTESIAN_POINT ( 'NONE',  ( 5.160562509537679254, -35.37501970071234325, -12.45870000000000211 ) ) ;
#1215 = CARTESIAN_POINT ( 'NONE',  ( 4.514927829866725695, -6.745235026918963150, 10.90000000000001457 ) ) ;
#1216 = CARTESIAN_POINT ( 'NONE',  ( 10.45870000000000033, -8.062519700712345028, -1.280821347824242272E-15 ) ) ;
#1217 = ORIENTED_EDGE ( 'NONE', *, *, #1977, .F. ) ;
#1218 = ORIENTED_EDGE ( 'NONE', *, *, #266, .T. ) ;
#1219 = CARTESIAN_POINT ( 'NONE',  ( -10.99999999999999822, -6.812539401424686503, 4.556349186104052151 ) ) ;
#1220 = CARTESIAN_POINT ( 'NONE',  ( -7.324806825214958295, 1.356506869515632501E-15, 7.908328568975366402 ) ) ;
#1221 = CARTESIAN_POINT ( 'NONE',  ( -7.960204194457795477E-16, -37.62503940142468650, -13.00000000000000000 ) ) ;
#1222 = CARTESIAN_POINT ( 'NONE',  ( -5.384776310850237557, -32.68750000000000711, -13.00000000000000000 ) ) ;
#1223 = CARTESIAN_POINT ( 'NONE',  ( -8.809631254768840236, -35.18751970071234325, -8.809631254768840236 ) ) ;
#1224 = CARTESIAN_POINT ( 'NONE',  ( 4.332135384791488519, -5.625019700712344140, -10.45870000000000033 ) ) ;
#1225 = ORIENTED_EDGE ( 'NONE', *, *, #2496, .F. ) ;
#1226 =( BOUNDED_CURVE ( )  B_SPLINE_CURVE ( 2, ( #4081, #887, #2691, #479, #2194, #4055, #52, #1873, #3284 ),
 .UNSPECIFIED., .F., .F. ) 
 B_SPLINE_CURVE_WITH_KNOTS ( ( 3, 2, 2, 2, 3 ),
 ( 0.02272727272727258913, 0.03409090909090893573, 0.04545454545454527540, 0.05681818181818162200, 0.06818181818181807963 ),
 .UNSPECIFIED. ) 
 CURVE ( )  GEOMETRIC_REPRESENTATION_ITEM ( )  RATIONAL_B_SPLINE_CURVE ( ( 1.000000000000000888, 0.9238795325112859613, 1.000000000000000000, 0.9238795325112867385, 1.000000000000000000, 0.9238795325112867385, 1.000000000000000000, 0.9238795325112877377, 0.9999999999999990008 ) ) 
 REPRESENTATION_ITEM ( '' )  );
#1227 = CARTESIAN_POINT ( 'NONE',  ( 10.45870000000000033, -5.000019700712345028, -4.332135384791490296 ) ) ;
#1228 = CARTESIAN_POINT ( 'NONE',  ( -12.45870000000000211, -42.12501970071234325, -5.160562509537680143 ) ) ;
#1229 = CARTESIAN_POINT ( 'NONE',  ( 12.45870000000000033, -43.31251970071234325, -1.525750707653712963E-15 ) ) ;
#1230 = CARTESIAN_POINT ( 'NONE',  ( 7.395417692395746201, -2.937519700712343695, 7.395417692395743536 ) ) ;
#1231 = CARTESIAN_POINT ( 'NONE',  ( 12.98500000000000298, -34.92887914738685140, 5.378563107414636946 ) ) ;
#1232 = CARTESIAN_POINT ( 'NONE',  ( 0.000000000000000000, -260.8000000000000114, 11.90000000000000036 ) ) ;
#1233 = CIRCLE ( 'NONE', #4229, 12.75000000000000000 ) ;
#1234 = ORIENTED_EDGE ( 'NONE', *, *, #1478, .T. ) ;
#1235 = CARTESIAN_POINT ( 'NONE',  ( 10.45870000000000033, -4.750019700712345028, -4.332135384791490296 ) ) ;
#1236 = CARTESIAN_POINT ( 'NONE',  ( -6.674325055353075238E-16, -0.3077350269189626508, -10.90000000000000036 ) ) ;
#1237 = CARTESIAN_POINT ( 'NONE',  ( -4.332135384791492072, -1.375019700712343473, 10.45870000000000033 ) ) ;
#1238 = CIRCLE ( 'NONE', #854, 10.90000000000000036 ) ;
#1239 = CARTESIAN_POINT ( 'NONE',  ( -11.00000000000000000, -4.062500000000000888, -4.556349186104045934 ) ) ;
#1240 = CARTESIAN_POINT ( 'NONE',  ( 0.000000000000000000, -57.50000000000000000, 0.000000000000000000 ) ) ;
#1241 = EDGE_LOOP ( 'NONE', ( #3327, #68, #2642, #5272 ) ) ;
#1242 = CARTESIAN_POINT ( 'NONE',  ( -9.192388155425113894, -41.37500000000000000, 9.192388155425119223 ) ) ;
#1243 = ORIENTED_EDGE ( 'NONE', *, *, #4874, .F. ) ;
#1244 = ADVANCED_FACE ( 'NONE', ( #4118, #2380 ), #146, .F. ) ;
#1245 = VECTOR ( 'NONE', #1971, 1000.000000000000114 ) ;
#1246 = CARTESIAN_POINT ( 'NONE',  ( 8.809631254768838460, -34.43751970071234325, -8.809631254768840236 ) ) ;
#1247 = CARTESIAN_POINT ( 'NONE',  ( 4.332135384791488519, -5.625019700712344140, -10.45870000000000033 ) ) ;
#1248 = VECTOR ( 'NONE', #2390, 1000.000000000000000 ) ;
#1249 = CARTESIAN_POINT ( 'NONE',  ( -10.45870000000000033, -6.375019700712344140, -4.332135384791489408 ) ) ;
#1250 = CARTESIAN_POINT ( 'NONE',  ( 10.90000000000000036, -3.317304374505724240, -1.334865011070615048E-15 ) ) ;
#1251 = CARTESIAN_POINT ( 'NONE',  ( 10.45870000000000033, -7.062519700712343251, -1.280821347824242272E-15 ) ) ;
#1252 = ADVANCED_FACE ( 'NONE', ( #4554 ), #546, .T. ) ;
#1253 = EDGE_LOOP ( 'NONE', ( #3982, #1918, #1590, #4128 ) ) ;
#1254 = CARTESIAN_POINT ( 'NONE',  ( 2.388061258337338544E-15, -38.12503940142468650, 13.00000000000000000 ) ) ;
#1255 = CARTESIAN_POINT ( 'NONE',  ( -12.99999999999999645, -33.43750000000000000, 5.384776310850244663 ) ) ;
#1256 = CARTESIAN_POINT ( 'NONE',  ( 5.378563107414557898, -38.82116025403784221, -12.98500000000007759 ) ) ;
#1257 = CARTESIAN_POINT ( 'NONE',  ( 10.45870000000000033, -6.812519700712343251, -1.280821347824242272E-15 ) ) ;
#1258 = VERTEX_POINT ( 'NONE', #278 ) ;
#1259 = CARTESIAN_POINT ( 'NONE',  ( -7.395417692395744425, -4.687519700712343251, -7.395417692395744425 ) ) ;
#1260 = DIRECTION ( 'NONE',  ( 0.000000000000000000, 1.000000000000000000, 0.000000000000000000 ) ) ;
#1261 = CARTESIAN_POINT ( 'NONE',  ( 22.72250811050374253, -264.0000000000000000, -17.21917899227751647 ) ) ;
#1262 = CARTESIAN_POINT ( 'NONE',  ( 4.332135384791495625, -3.000019700712343695, 10.45870000000000033 ) ) ;
#1263 = CARTESIAN_POINT ( 'NONE',  ( -8.809631254768840236, -33.93751970071234325, -8.809631254768840236 ) ) ;
#1264 = CARTESIAN_POINT ( 'NONE',  ( -6.674325055353075238E-16, -3.307735026918962706, -10.90000000000000036 ) ) ;
#1265 = EDGE_LOOP ( 'NONE', ( #2985, #5213, #3532, #2867, #2768, #5584, #843, #4417, #2972, #4237, #256, #1723, #2351, #824, #1069, #3233, #265, #2055, #2620, #818, #2017, #4319, #4847, #4290, #2823, #1279 ) ) ;
#1266 = CARTESIAN_POINT ( 'NONE',  ( -7.707463914933366134, -2.692304374505724240, 7.707463914933369686 ) ) ;
#1267 = CARTESIAN_POINT ( 'NONE',  ( 4.332135384791495625, -3.250019700712343695, 10.45870000000000033 ) ) ;
#1268 = CARTESIAN_POINT ( 'NONE',  ( 11.00000000000000000, -3.500000000000001332, -1.347111479062088405E-15 ) ) ;
#1269 = CARTESIAN_POINT ( 'NONE',  ( -10.45870000000000033, -4.562519700712343251, 0.000000000000000000 ) ) ;
#1270 = VERTEX_POINT ( 'NONE', #2876 ) ;
#1271 = CARTESIAN_POINT ( 'NONE',  ( 10.18670554250163818, 1.584984167308366381E-17, 2.736582275817250665 ) ) ;
#1272 = ORIENTED_EDGE ( 'NONE', *, *, #4034, .F. ) ;
#1273 = CARTESIAN_POINT ( 'NONE',  ( -12.98499999999999410, -44.30387914738685140, 5.378563107414648492 ) ) ;
#1274 = CARTESIAN_POINT ( 'NONE',  ( -4.332135384791490296, -3.500019700712343695, -10.45870000000000033 ) ) ;
#1275 = CARTESIAN_POINT ( 'NONE',  ( 8.809631254768842012, -33.68751970071234325, 8.809631254768838460 ) ) ;
#1276 = ADVANCED_FACE ( 'NONE', ( #2459 ), #2989, .T. ) ;
#1277 = CARTESIAN_POINT ( 'NONE',  ( 12.98499999999999943, -37.00866025403784221, -1.590203868692838328E-15 ) ) ;
#1278 = CARTESIAN_POINT ( 'NONE',  ( 7.395417692395746201, -8.187519700712345028, 7.395417692395743536 ) ) ;
#1279 = ORIENTED_EDGE ( 'NONE', *, *, #110, .T. ) ;
#1280 = CARTESIAN_POINT ( 'NONE',  ( -11.00000000000000000, -7.875039401424685614, 0.000000000000000000 ) ) ;
#1281 = CARTESIAN_POINT ( 'NONE',  ( 5.384776310850242886, -36.06253940142468650, 12.99999999999999645 ) ) ;
#1282 = ADVANCED_FACE ( 'NONE', ( #3692, #2760 ), #4494, .T. ) ;
#1283 = CARTESIAN_POINT ( 'NONE',  ( -5.384776310850237557, -33.68750000000000000, -13.00000000000000000 ) ) ;
#1284 = CARTESIAN_POINT ( 'NONE',  ( 0.000000000000000000, -57.50000000000000000, 0.000000000000000000 ) ) ;
#1285 = CARTESIAN_POINT ( 'NONE',  ( -7.628753538268564813E-16, -34.31251970071234325, -12.45870000000000033 ) ) ;
#1286 = CARTESIAN_POINT ( 'NONE',  ( 7.395417692395743536, -5.687519700712344140, -7.395417692395744425 ) ) ;
#1287 = ORIENTED_EDGE ( 'NONE', *, *, #2405, .F. ) ;
#1288 = CARTESIAN_POINT ( 'NONE',  ( -10.45870000000000033, -3.562519700712343251, 0.000000000000000000 ) ) ;
#1289 = CARTESIAN_POINT ( 'NONE',  ( 12.45870000000000033, -43.56251970071234325, -1.525750707653712963E-15 ) ) ;
#1290 = DIRECTION ( 'NONE',  ( 0.000000000000000000, 0.000000000000000000, 1.000000000000000000 ) ) ;
#1291 = CARTESIAN_POINT ( 'NONE',  ( 5.160562509537688136, -42.75001970071235746, 12.45869999999999855 ) ) ;
#1292 = CARTESIAN_POINT ( 'NONE',  ( 10.45870000000000033, -4.750019700712345028, -4.332135384791490296 ) ) ;
#1293 = CARTESIAN_POINT ( 'NONE',  ( -5.160562509537681031, -33.00001970071234325, -12.45870000000000211 ) ) ;
#1294 = CARTESIAN_POINT ( 'NONE',  ( -12.98499999999999943, -40.57116025403785642, -5.378563107414639610 ) ) ;
#1295 = CARTESIAN_POINT ( 'NONE',  ( -4.514927829866772768, -8.629804374505724240, 10.89999999999996305 ) ) ;
#1296 = ORIENTED_EDGE ( 'NONE', *, *, #483, .T. ) ;
#1297 = CARTESIAN_POINT ( 'NONE',  ( -7.951019343464191642E-16, -36.75866025403784221, -12.98499999999999943 ) ) ;
#1298 = CARTESIAN_POINT ( 'NONE',  ( 4.332135384791488519, -2.875019700712343695, -10.45870000000000033 ) ) ;
#1299 = CARTESIAN_POINT ( 'NONE',  ( 11.00000000000000355, -6.562500000000000888, 4.556349186104045046 ) ) ;
#1300 = CARTESIAN_POINT ( 'NONE',  ( 4.332135384791495625, -3.250019700712343695, 10.45870000000000033 ) ) ;
#1301 = CARTESIAN_POINT ( 'NONE',  ( -11.61347455327086919, -33.50000000000002842, 5.583600303964070477 ) ) ;
#1302 = ORIENTED_EDGE ( 'NONE', *, *, #39, .T. ) ;
#1303 = CARTESIAN_POINT ( 'NONE',  ( 0.000000000000000000, 0.000000000000000000, 0.000000000000000000 ) ) ;
#1304 = CARTESIAN_POINT ( 'NONE',  ( -5.160562509537681031, -34.25001970071233615, -12.45870000000000211 ) ) ;
#1305 = CARTESIAN_POINT ( 'NONE',  ( -4.332135384791490296, -5.500019700712345028, -10.45870000000000033 ) ) ;
#1306 = CARTESIAN_POINT ( 'NONE',  ( 12.45870000000000388, -34.62501970071234325, 5.160562509537677478 ) ) ;
#1307 = CARTESIAN_POINT ( 'NONE',  ( 10.45870000000000033, -10.00001970071234503, -4.332135384791490296 ) ) ;
#1308 = VERTEX_POINT ( 'NONE', #4090 ) ;
#1309 = EDGE_CURVE ( 'NONE', #3796, #879, #2727, .T. ) ;
#1310 = CARTESIAN_POINT ( 'NONE',  ( 2.020667218593132706E-15, -6.625039401424686503, 11.00000000000000000 ) ) ;
#1311 = CARTESIAN_POINT ( 'NONE',  ( -9.192388155425113894, -39.25003940142468650, 9.192388155425119223 ) ) ;
#1312 = CARTESIAN_POINT ( 'NONE',  ( 13.00000000000000533, -35.06250000000001421, 5.384776310850233116 ) ) ;
#1313 =( BOUNDED_CURVE ( )  B_SPLINE_CURVE ( 2, ( #1087, #4647, #2966, #1193, #252, #3394, #1079, #200, #5069 ),
 .UNSPECIFIED., .F., .T. ) 
 B_SPLINE_CURVE_WITH_KNOTS ( ( 3, 2, 2, 2, 3 ),
 ( 0.4318181818181817677, 0.4431818181818182323, 0.4545454545454545303, 0.4659090909090908283, 0.4772727272727271819 ),
 .UNSPECIFIED. ) 
 CURVE ( )  GEOMETRIC_REPRESENTATION_ITEM ( )  RATIONAL_B_SPLINE_CURVE ( ( 1.000000000000000000, 0.9238795325112867385, 1.000000000000000000, 0.9238795325112867385, 1.000000000000000000, 0.9238795325112867385, 1.000000000000000000, 0.9238795325112875156, 0.9999999999999992228 ) ) 
 REPRESENTATION_ITEM ( '' )  );
#1314 = CARTESIAN_POINT ( 'NONE',  ( -12.45870000000000033, -38.06251970071233615, 0.000000000000000000 ) ) ;
#1315 = CARTESIAN_POINT ( 'NONE',  ( 4.332135384791495625, -9.000019700712343251, 10.45870000000000033 ) ) ;
#1316 = ORIENTED_EDGE ( 'NONE', *, *, #4387, .F. ) ;
#1317 = EDGE_CURVE ( 'NONE', #731, #2677, #4499, .T. ) ;
#1318 = CARTESIAN_POINT ( 'NONE',  ( 10.45870000000000033, -7.062519700712343251, -1.280821347824242272E-15 ) ) ;
#1319 = CARTESIAN_POINT ( 'NONE',  ( -5.160562509537681919, -43.87501970071234325, 12.45870000000000033 ) ) ;
#1320 = CYLINDRICAL_SURFACE ( 'NONE', #4401, 10.90000000000000036 ) ;
#1321 = CARTESIAN_POINT ( 'NONE',  ( 9.181781553707319077, -43.74137914738684429, -9.181781553707320853 ) ) ;
#1322 = CARTESIAN_POINT ( 'NONE',  ( -10.45870000000000033, -4.312519700712344140, 0.000000000000000000 ) ) ;
#1323 = CARTESIAN_POINT ( 'NONE',  ( 12.45870000000000211, -35.25001970071234325, -5.160562509537681031 ) ) ;
#1324 = CARTESIAN_POINT ( 'NONE',  ( 12.98499999999999943, -42.00866025403784931, -1.590203868692838328E-15 ) ) ;
#1325 = CARTESIAN_POINT ( 'NONE',  ( 2.385305803039257098E-15, -41.25866025403784931, 12.98499999999999943 ) ) ;
#1326 = CARTESIAN_POINT ( 'NONE',  ( 0.000000000000000000, -57.50000000000000000, 0.000000000000000000 ) ) ;
#1327 = FACE_OUTER_BOUND ( 'NONE', #5556, .T. ) ;
#1328 = ORIENTED_EDGE ( 'NONE', *, *, #2756, .F. ) ;
#1329 = CARTESIAN_POINT ( 'NONE',  ( 12.98499999999999943, -34.00866025403784221, -1.590203868692838328E-15 ) ) ;
#1330 = CARTESIAN_POINT ( 'NONE',  ( -12.45869999999999855, -37.75001970071233615, 5.160562509537688136 ) ) ;
#1331 = CARTESIAN_POINT ( 'NONE',  ( -6.404106739121211359E-16, -4.812519700712343251, -10.45870000000000033 ) ) ;
#1332 = CARTESIAN_POINT ( 'NONE',  ( 11.00000000000000000, -6.437500000000002665, -4.556349186104045934 ) ) ;
#1333 = CARTESIAN_POINT ( 'NONE',  ( -6.404106739121211359E-16, -4.812519700712343251, -10.45870000000000033 ) ) ;
#1334 = DIRECTION ( 'NONE',  ( 0.000000000000000000, 1.000000000000000000, 0.000000000000000000 ) ) ;
#1335 = CARTESIAN_POINT ( 'NONE',  ( 9.783984110386489519, -33.49999999999999289, -7.856918462845719375 ) ) ;
#1336 = AXIS2_PLACEMENT_3D ( 'NONE', #5542, #5593, #761 ) ;
#1337 = CYLINDRICAL_SURFACE ( 'NONE', #298, 10.90000000000000036 ) ;
#1338 = ORIENTED_EDGE ( 'NONE', *, *, #1932, .T. ) ;
#1339 = CARTESIAN_POINT ( 'NONE',  ( 2.002297516605922276E-15, -2.807735026918962706, 10.90000000000000036 ) ) ;
#1340 = CARTESIAN_POINT ( 'NONE',  ( 12.45870000000000033, -35.56251970071234325, -1.525750707653712963E-15 ) ) ;
#1341 = CARTESIAN_POINT ( 'NONE',  ( 2.385305803039257098E-15, -38.11637914738683719, 12.98499999999999943 ) ) ;
#1342 = AXIS2_PLACEMENT_3D ( 'NONE', #1710, #3977, #2638 ) ;
#1343 = CARTESIAN_POINT ( 'NONE',  ( -7.778174593052020747, -9.750039401424684726, 7.778174593052023411 ) ) ;
#1344 = CARTESIAN_POINT ( 'NONE',  ( 13.00000000000000000, -36.81253940142468650, -5.384776310850237557 ) ) ;
#1345 = CIRCLE ( 'NONE', #42, 12.75000000000000000 ) ;
#1346 = CARTESIAN_POINT ( 'NONE',  ( 13.00000000000000000, -40.00000000000000000, -1.592040838891559095E-15 ) ) ;
#1347 = CARTESIAN_POINT ( 'NONE',  ( -12.45870000000000033, -39.06251970071233615, 0.000000000000000000 ) ) ;
#1348 = CARTESIAN_POINT ( 'NONE',  ( -7.395417692395744425, -7.437519700712344140, -7.395417692395744425 ) ) ;
#1349 = VERTEX_POINT ( 'NONE', #1880 ) ;
#1350 = CIRCLE ( 'NONE', #597, 11.98499999999999943 ) ;
#1351 = DIRECTION ( 'NONE',  ( 0.000000000000000000, 1.000000000000000000, 0.000000000000000000 ) ) ;
#1352 = CARTESIAN_POINT ( 'NONE',  ( 4.332135384791488519, -4.875019700712345028, -10.45870000000000033 ) ) ;
#1353 = CARTESIAN_POINT ( 'NONE',  ( -8.809631254768838460, -34.68751970071234325, 8.809631254768842012 ) ) ;
#1354 = CARTESIAN_POINT ( 'NONE',  ( -12.98499999999999588, -33.50437700124640372, 0.3686039271005356333 ) ) ;
#1355 = CARTESIAN_POINT ( 'NONE',  ( -6.674325055353075238E-16, -6.067304374505724240, -10.90000000000000036 ) ) ;
#1356 =( BOUNDED_CURVE ( )  B_SPLINE_CURVE ( 2, ( #535, #3958, #2097, #3468, #4708, #2124, #5109, #3789, #3437 ),
 .UNSPECIFIED., .F., .T. ) 
 B_SPLINE_CURVE_WITH_KNOTS ( ( 3, 2, 2, 2, 3 ),
 ( 0.4772727272727271819, 0.4886363636363635354, 0.4999999999999999445, 0.5113636363636363535, 0.5227272727272727071 ),
 .UNSPECIFIED. ) 
 CURVE ( )  GEOMETRIC_REPRESENTATION_ITEM ( )  RATIONAL_B_SPLINE_CURVE ( ( 1.000000000000000666, 0.9238795325112859613, 1.000000000000000000, 0.9238795325112867385, 1.000000000000000000, 0.9238795325112867385, 1.000000000000000000, 0.9238795325112867385, 1.000000000000000000 ) ) 
 REPRESENTATION_ITEM ( '' )  );
#1357 = CARTESIAN_POINT ( 'NONE',  ( 12.45870000000000033, -35.31251970071234325, -1.525750707653712963E-15 ) ) ;
#1358 = EDGE_CURVE ( 'NONE', #679, #5609, #678, .T. ) ;
#1359 = CARTESIAN_POINT ( 'NONE',  ( 7.707463914933369686, -10.44230437450572424, 7.707463914933366134 ) ) ;
#1360 = CARTESIAN_POINT ( 'NONE',  ( 2.385305803039257098E-15, -40.25866025403784221, 12.98499999999999943 ) ) ;
#1361 = CARTESIAN_POINT ( 'NONE',  ( 5.160562509537688136, -43.75001970071235746, 12.45869999999999855 ) ) ;
#1362 = ORIENTED_EDGE ( 'NONE', *, *, #4178, .T. ) ;
#1363 = APPROVAL ( #99, 'UNSPECIFIED' ) ;
#1364 = CARTESIAN_POINT ( 'NONE',  ( -7.395417692395744425, -5.687519700712343251, -7.395417692395744425 ) ) ;
#1365 = CARTESIAN_POINT ( 'NONE',  ( 4.556349186104051263, -6.687500000000000888, 10.99999999999999822 ) ) ;
#1366 = EDGE_CURVE ( 'NONE', #5019, #2589, #3119, .T. ) ;
#1367 = CARTESIAN_POINT ( 'NONE',  ( -6.404106739121211359E-16, -2.812519700712343695, -10.45870000000000033 ) ) ;
#1368 = CARTESIAN_POINT ( 'NONE',  ( -5.094859269863021289, -33.49999999999999289, 11.65628528475903991 ) ) ;
#1369 = CARTESIAN_POINT ( 'NONE',  ( 8.786410195231095344, -33.50000000000000000, -9.003608870874753478 ) ) ;
#1370 = LINE ( 'NONE', #4915, #5056 ) ;
#1371 = CARTESIAN_POINT ( 'NONE',  ( 10.45870000000000033, -3.812519700712344140, -1.280821347824242272E-15 ) ) ;
#1372 = CARTESIAN_POINT ( 'NONE',  ( 12.98500000000000298, -37.92887914738684429, 5.378563107414636946 ) ) ;
#1373 = CARTESIAN_POINT ( 'NONE',  ( -12.45869999999999855, -39.00001970071234325, 5.160562509537689024 ) ) ;
#1374 = DIRECTION ( 'NONE',  ( 0.000000000000000000, 0.000000000000000000, 1.000000000000000000 ) ) ;
#1375 = CARTESIAN_POINT ( 'NONE',  ( -12.45870000000000388, -36.12501970071234325, -5.160562509537680143 ) ) ;
#1376 = CARTESIAN_POINT ( 'NONE',  ( -10.45870000000000033, -9.625019700712345028, -4.332135384791489408 ) ) ;
#1377 = CARTESIAN_POINT ( 'NONE',  ( 2.385305803039257098E-15, -36.25866025403784931, 12.98499999999999943 ) ) ;
#1378 = CARTESIAN_POINT ( 'NONE',  ( -6.674325055353075238E-16, -9.067304374505722464, -10.90000000000000036 ) ) ;
#1379 = CARTESIAN_POINT ( 'NONE',  ( -6.735557395310442023E-16, -0.1250394014246860031, -11.00000000000000000 ) ) ;
#1380 = CARTESIAN_POINT ( 'NONE',  ( 5.384776310850242886, -39.18750000000000000, 12.99999999999999645 ) ) ;
#1381 = CARTESIAN_POINT ( 'NONE',  ( -12.45869999999999855, -39.00001970071234325, 5.160562509537689024 ) ) ;
#1382 = CARTESIAN_POINT ( 'NONE',  ( 7.395417692395743536, -9.687519700712345028, -7.395417692395744425 ) ) ;
#1383 = FACE_OUTER_BOUND ( 'NONE', #3379, .T. ) ;
#1384 = CARTESIAN_POINT ( 'NONE',  ( 10.45870000000000211, -8.125019700712345028, 4.332135384791487631 ) ) ;
#1385 = CARTESIAN_POINT ( 'NONE',  ( 5.160562509537679254, -38.12501970071233615, -12.45870000000000211 ) ) ;
#1386 = CARTESIAN_POINT ( 'NONE',  ( -5.384776310850238445, -40.18753940142468650, 12.99999999999999822 ) ) ;
#1387 = CARTESIAN_POINT ( 'NONE',  ( -12.45870000000000033, -36.81251970071233615, 0.000000000000000000 ) ) ;
#1388 = CARTESIAN_POINT ( 'NONE',  ( 4.514927829866742570, -10.50480437450572424, 10.89999999999999858 ) ) ;
#1389 = CARTESIAN_POINT ( 'NONE',  ( -10.45870000000000033, -0.3125197007123435289, 0.000000000000000000 ) ) ;
#1390 = CARTESIAN_POINT ( 'NONE',  ( -8.809631254768838460, -42.93751970071234325, 8.809631254768842012 ) ) ;
#1391 = VERTEX_POINT ( 'NONE', #5039 ) ;
#1392 = ADVANCED_FACE ( 'NONE', ( #1383 ), #1050, .T. ) ;
#1393 =( BOUNDED_CURVE ( )  B_SPLINE_CURVE ( 2, ( #1339, #77, #1839, #1778, #475, #2254, #538, #5372, #2809 ),
 .UNSPECIFIED., .F., .F. ) 
 B_SPLINE_CURVE_WITH_KNOTS ( ( 3, 2, 2, 2, 3 ),
 ( 0.6590909090909090606, 0.6704545454545453032, 0.6818181818181817677, 0.6931818181818180102, 0.7045454545454544748 ),
 .UNSPECIFIED. ) 
 CURVE ( )  GEOMETRIC_REPRESENTATION_ITEM ( )  RATIONAL_B_SPLINE_CURVE ( ( 1.000000000000000666, 0.9238795325112859613, 1.000000000000000000, 0.9238795325112867385, 1.000000000000000000, 0.9238795325112867385, 1.000000000000000000, 0.9238795325112875156, 0.9999999999999992228 ) ) 
 REPRESENTATION_ITEM ( '' )  );
#1394 = CARTESIAN_POINT ( 'NONE',  ( 1.921232021736363210E-15, -7.062519700712344140, 10.45870000000000033 ) ) ;
#1395 = CARTESIAN_POINT ( 'NONE',  ( 2.385305803039257098E-15, -34.25866025403784221, 12.98499999999999943 ) ) ;
#1396 = CARTESIAN_POINT ( 'NONE',  ( 8.809631254768838460, -38.18751970071233615, -8.809631254768840236 ) ) ;
#1397 = CARTESIAN_POINT ( 'NONE',  ( 4.556349186104051263, -9.687500000000001776, 10.99999999999999822 ) ) ;
#1398 = CARTESIAN_POINT ( 'NONE',  ( 1.921232021736363210E-15, -4.312519700712343251, 10.45870000000000033 ) ) ;
#1399 = CARTESIAN_POINT ( 'NONE',  ( 0.8737003522642514675, -33.50000000000000711, 12.55921851665270417 ) ) ;
#1400 = CARTESIAN_POINT ( 'NONE',  ( -5.378563107414721323, -41.55387914738684429, -12.98499999999991772 ) ) ;
#1401 = CARTESIAN_POINT ( 'NONE',  ( -7.707463914933368798, -2.182735026918962706, -7.707463914933368798 ) ) ;
#1402 = CARTESIAN_POINT ( 'NONE',  ( 12.45870000000000033, -37.56251970071233615, -1.525750707653712963E-15 ) ) ;
#1403 = CARTESIAN_POINT ( 'NONE',  ( -3.651839477677333523, 1.426295066656543387E-16, 10.04354968869024667 ) ) ;
#1404 = CARTESIAN_POINT ( 'NONE',  ( 12.45870000000000033, -36.56251970071234325, -1.525750707653712963E-15 ) ) ;
#1405 = CARTESIAN_POINT ( 'NONE',  ( -10.45870000000000033, -9.562519700712345028, 0.000000000000000000 ) ) ;
#1406 = CARTESIAN_POINT ( 'NONE',  ( -10.45870000000000033, -2.250019700712343695, 4.332135384791498289 ) ) ;
#1407 = ORIENTED_EDGE ( 'NONE', *, *, #949, .F. ) ;
#1408 = CARTESIAN_POINT ( 'NONE',  ( -10.45870000000000033, -0.6250197007123434734, -4.332135384791489408 ) ) ;
#1409 = DIRECTION ( 'NONE',  ( 0.000000000000000000, 1.000000000000000000, 0.000000000000000000 ) ) ;
#1410 = CARTESIAN_POINT ( 'NONE',  ( 0.000000000000000000, -33.50000000000000000, 0.000000000000000000 ) ) ;
#1411 = DIRECTION ( 'NONE',  ( 0.000000000000000000, 1.000000000000000000, 0.000000000000000000 ) ) ;
#1412 = CARTESIAN_POINT ( 'NONE',  ( -5.384776310850238445, -39.31250000000000000, 12.99999999999999822 ) ) ;
#1413 = PLANE ( 'NONE',  #1060 ) ;
#1414 = CARTESIAN_POINT ( 'NONE',  ( 8.809631254768842012, -35.68751970071234325, 8.809631254768838460 ) ) ;
#1415 = CARTESIAN_POINT ( 'NONE',  ( 7.118835828099084218, 6.096378597347863174E-16, -7.834197933225365951 ) ) ;
#1416 = ORIENTED_EDGE ( 'NONE', *, *, #3810, .F. ) ;
#1417 = CARTESIAN_POINT ( 'NONE',  ( -10.45870000000000033, -7.562519700712343251, 0.000000000000000000 ) ) ;
#1418 = CARTESIAN_POINT ( 'NONE',  ( 12.45870000000000211, -37.37501970071233615, 5.160562509537678366 ) ) ;
#1419 = CARTESIAN_POINT ( 'NONE',  ( 9.192388155425115670, -41.75003940142468650, -9.192388155425117446 ) ) ;
#1420 = CARTESIAN_POINT ( 'NONE',  ( -8.809631254768840236, -38.93751970071233615, -8.809631254768840236 ) ) ;
#1421 = CARTESIAN_POINT ( 'NONE',  ( 0.000000000000000000, -228.9999999999999716, 12.75000000000000000 ) ) ;
#1422 = CARTESIAN_POINT ( 'NONE',  ( 10.45870000000000033, -0.7500197007123434734, -4.332135384791490296 ) ) ;
#1423 =( LENGTH_UNIT ( ) NAMED_UNIT ( * ) SI_UNIT ( .MILLI., .METRE. ) );
#1424 = EDGE_LOOP ( 'NONE', ( #3269, #1604 ) ) ;
#1425 = CARTESIAN_POINT ( 'NONE',  ( -9.065852100556119453, -304.0000000000000000, -7.861954317524507907 ) ) ;
#1426 = CARTESIAN_POINT ( 'NONE',  ( -7.628753538268564813E-16, -37.06251970071233615, -12.45870000000000033 ) ) ;
#1427 = CARTESIAN_POINT ( 'NONE',  ( 1.921232021736363210E-15, -7.312519700712343251, 10.45870000000000033 ) ) ;
#1428 = CARTESIAN_POINT ( 'NONE',  ( -7.778174593052020747, -8.875000000000001776, 7.778174593052023411 ) ) ;
#1429 = CARTESIAN_POINT ( 'NONE',  ( -5.160562509537681031, -42.00001970071233615, -12.45870000000000211 ) ) ;
#1430 = ORIENTED_EDGE ( 'NONE', *, *, #39, .F. ) ;
#1431 = DIRECTION ( 'NONE',  ( 0.000000000000000000, 1.000000000000000000, 0.000000000000000000 ) ) ;
#1432 = ORIENTED_EDGE ( 'NONE', *, *, #3193, .F. ) ;
#1433 =( BOUNDED_CURVE ( )  B_SPLINE_CURVE ( 2, ( #2746, #421, #4914, #3988, #76 ),
 .UNSPECIFIED., .F., .T. ) 
 B_SPLINE_CURVE_WITH_KNOTS ( ( 3, 2, 3 ),
 ( 0.9772727272727272929, 0.9886363636363636465, 1.000000000000000000 ),
 .UNSPECIFIED. ) 
 CURVE ( )  GEOMETRIC_REPRESENTATION_ITEM ( )  RATIONAL_B_SPLINE_CURVE ( ( 1.000000000000000000, 0.9238795325112867385, 1.000000000000000000, 0.9238795325112867385, 1.000000000000000000 ) ) 
 REPRESENTATION_ITEM ( '' )  );
#1434 = CARTESIAN_POINT ( 'NONE',  ( -10.89999999999999858, -1.995235026918962928, 4.514927829866743458 ) ) ;
#1435 = CARTESIAN_POINT ( 'NONE',  ( -5.160562509537681031, -39.25001970071233615, -12.45870000000000211 ) ) ;
#1436 = CARTESIAN_POINT ( 'NONE',  ( -12.45870000000000033, -33.81251970071234325, 0.000000000000000000 ) ) ;
#1437 = CARTESIAN_POINT ( 'NONE',  ( -6.404106739121211359E-16, -7.562519700712344140, -10.45870000000000033 ) ) ;
#1438 = ADVANCED_FACE ( 'NONE', ( #3411 ), #378, .T. ) ;
#1439 = CARTESIAN_POINT ( 'NONE',  ( -8.809631254768838460, -36.93751970071233615, 8.809631254768842012 ) ) ;
#1440 = CARTESIAN_POINT ( 'NONE',  ( 12.06046803303068415, -33.50000000000000000, 3.229505569451327496 ) ) ;
#1441 = CARTESIAN_POINT ( 'NONE',  ( 1.921232021736363210E-15, -2.062519700712343251, 10.45870000000000033 ) ) ;
#1442 = AXIS2_PLACEMENT_3D ( 'NONE', #4726, #3374, #1201 ) ;
#1443 = CARTESIAN_POINT ( 'NONE',  ( -4.332135384791490296, 0.2499802992876565544, -10.45870000000000033 ) ) ;
#1444 = CARTESIAN_POINT ( 'NONE',  ( 10.90000000000000213, -4.620235026918963150, 4.514927829866736353 ) ) ;
#1445 = CARTESIAN_POINT ( 'NONE',  ( 7.395417692395743536, -9.937519700712345028, -7.395417692395744425 ) ) ;
#1446 = CARTESIAN_POINT ( 'NONE',  ( 11.00000000000000355, -2.437539401424686059, 4.556349186104045046 ) ) ;
#1447 = VECTOR ( 'NONE', #3091, 1000.000000000000000 ) ;
#1448 = EDGE_CURVE ( 'NONE', #5504, #3801, #1731, .T. ) ;
#1449 = CARTESIAN_POINT ( 'NONE',  ( 8.809631254768838460, -35.43751970071234325, -8.809631254768840236 ) ) ;
#1450 = CARTESIAN_POINT ( 'NONE',  ( 5.435650973346722203, 1.195203470944309636E-15, -9.147476556387516666 ) ) ;
#1451 = VERTEX_POINT ( 'NONE', #2245 ) ;
#1452 = VECTOR ( 'NONE', #3614, 1000.000000000000000 ) ;
#1453 = DIRECTION ( 'NONE',  ( 0.000000000000000000, 1.000000000000000000, 0.000000000000000000 ) ) ;
#1454 = CARTESIAN_POINT ( 'NONE',  ( -8.809631254768838460, -37.68751970071233615, 8.809631254768842012 ) ) ;
#1455 = CARTESIAN_POINT ( 'NONE',  ( -9.192388155425113894, -42.25003940142468650, 9.192388155425119223 ) ) ;
#1456 = CARTESIAN_POINT ( 'NONE',  ( 12.45870000000000033, -39.31251970071233615, -1.525750707653712963E-15 ) ) ;
#1457 = CARTESIAN_POINT ( 'NONE',  ( 7.395417692395746201, -0.9375197007123436954, 7.395417692395743536 ) ) ;
#1458 = AXIS2_PLACEMENT_3D ( 'NONE', #966, #1856, #4930 ) ;
#1459 = ORIENTED_EDGE ( 'NONE', *, *, #2941, .T. ) ;
#1460 = CARTESIAN_POINT ( 'NONE',  ( -7.707463914933366134, -5.692304374505723352, 7.707463914933369686 ) ) ;
#1461 = VERTEX_POINT ( 'NONE', #2679 ) ;
#1462 = CARTESIAN_POINT ( 'NONE',  ( 5.160562509537679254, -39.37501970071234325, -12.45870000000000211 ) ) ;
#1463 = CARTESIAN_POINT ( 'NONE',  ( -7.395417692395744425, -7.437519700712344140, -7.395417692395744425 ) ) ;
#1464 = CARTESIAN_POINT ( 'NONE',  ( -11.43217321901175687, -264.0000000000000000, -5.645167445745995494 ) ) ;
#1465 = CARTESIAN_POINT ( 'NONE',  ( 8.809631254768842012, -39.43751970071233615, 8.809631254768838460 ) ) ;
#1466 = CARTESIAN_POINT ( 'NONE',  ( 10.45870000000000033, -6.062519700712344140, -1.280821347824242272E-15 ) ) ;
#1467 = CARTESIAN_POINT ( 'NONE',  ( 4.556349186104045934, -8.312500000000000000, -11.00000000000000000 ) ) ;
#1468 = CARTESIAN_POINT ( 'NONE',  ( 5.160562509537688136, -42.50001970071234325, 12.45869999999999855 ) ) ;
#1469 = CARTESIAN_POINT ( 'NONE',  ( 0.000000000000000000, -33.50000000000000000, 0.000000000000000000 ) ) ;
#1470 = CARTESIAN_POINT ( 'NONE',  ( 1.921232021736363210E-15, -2.312519700712343251, 10.45870000000000033 ) ) ;
#1471 = CARTESIAN_POINT ( 'NONE',  ( 10.90000000000000213, -9.379804374505724240, 4.514927829866736353 ) ) ;
#1472 = CARTESIAN_POINT ( 'NONE',  ( 5.160562509537688136, -39.75001970071234325, 12.45869999999999855 ) ) ;
#1473 = CARTESIAN_POINT ( 'NONE',  ( -9.181781553707320853, -35.63366025403784221, -9.181781553707320853 ) ) ;
#1474 = CARTESIAN_POINT ( 'NONE',  ( -7.395417692395742648, -10.18751970071234503, 7.395417692395746201 ) ) ;
#1475 =( BOUNDED_CURVE ( )  B_SPLINE_CURVE ( 2, ( #3528, #5402, #884, #1372, #1811, #3188, #3160, #945, #1119 ),
 .UNSPECIFIED., .F., .T. ) 
 B_SPLINE_CURVE_WITH_KNOTS ( ( 3, 2, 2, 2, 3 ),
 ( 0.5681818181818193425, 0.5795454545454558071, 0.5909090909090919386, 0.6022727272727284031, 0.6136363636363647567 ),
 .UNSPECIFIED. ) 
 CURVE ( )  GEOMETRIC_REPRESENTATION_ITEM ( )  RATIONAL_B_SPLINE_CURVE ( ( 0.9999999999999917843, 0.9238795325112949541, 1.000000000000000000, 0.9238795325112867385, 1.000000000000000000, 0.9238795325112867385, 1.000000000000000000, 0.9238795325112793000, 1.000000000000007327 ) ) 
 REPRESENTATION_ITEM ( '' )  );
#1476 = CARTESIAN_POINT ( 'NONE',  ( 12.45870000000000388, -38.50001970071233615, -5.160562509537681031 ) ) ;
#1477 = CARTESIAN_POINT ( 'NONE',  ( 10.45870000000000033, -1.970071234342870084E-05, -4.332135384791490296 ) ) ;
#1478 = EDGE_CURVE ( 'NONE', #4705, #2992, #5540, .T. ) ;
#1479 = CARTESIAN_POINT ( 'NONE',  ( 10.90000000000000036, -4.495235026918963150, -4.514927829866737241 ) ) ;
#1480 = CARTESIAN_POINT ( 'NONE',  ( -9.065852100556119453, -304.0000000000000000, -7.861954317524507907 ) ) ;
#1481 = CARTESIAN_POINT ( 'NONE',  ( 0.04654534312980881938, 1.405292945233584737E-17, -10.78800748630816031 ) ) ;
#1482 = VERTEX_POINT ( 'NONE', #2616 ) ;
#1483 = EDGE_CURVE ( 'NONE', #3539, #4153, #2181, .T. ) ;
#1484 = CARTESIAN_POINT ( 'NONE',  ( -5.160562509537681919, -38.62501970071233615, 12.45870000000000033 ) ) ;
#1485 = CARTESIAN_POINT ( 'NONE',  ( -9.192388155425113894, -41.25003940142468650, 9.192388155425119223 ) ) ;
#1486 = CARTESIAN_POINT ( 'NONE',  ( 5.160562509537688136, -36.50001970071235036, 12.45869999999999855 ) ) ;
#1487 = CARTESIAN_POINT ( 'NONE',  ( 10.90000000000000213, -1.620235026918962484, 4.514927829866736353 ) ) ;
#1488 = CARTESIAN_POINT ( 'NONE',  ( -10.45870000000000033, -1.250019700712343473, 4.332135384791497401 ) ) ;
#1489 = ORIENTED_EDGE ( 'NONE', *, *, #4697, .F. ) ;
#1490 = CARTESIAN_POINT ( 'NONE',  ( 9.181781553707322630, -41.99137914738684429, 9.181781553707319077 ) ) ;
#1491 = CARTESIAN_POINT ( 'NONE',  ( -7.395417692395744425, -8.437519700712343251, -7.395417692395744425 ) ) ;
#1492 = CARTESIAN_POINT ( 'NONE',  ( 1.467739188778102786E-15, -203.5000000000000000, -11.98499999999999943 ) ) ;
#1493 = CARTESIAN_POINT ( 'NONE',  ( -8.809631254768840236, -41.93751970071234325, -8.809631254768840236 ) ) ;
#1494 = CARTESIAN_POINT ( 'NONE',  ( -10.45870000000000033, -6.562519700712343251, 0.000000000000000000 ) ) ;
#1495 = CARTESIAN_POINT ( 'NONE',  ( -4.556349186104045934, -8.187500000000000000, -11.00000000000000000 ) ) ;
#1496 = CARTESIAN_POINT ( 'NONE',  ( 11.43217321901175687, -264.0000000000000000, 5.645167445745993717 ) ) ;
#1497 = ORIENTED_EDGE ( 'NONE', *, *, #4309, .F. ) ;
#1498 = CARTESIAN_POINT ( 'NONE',  ( -7.951019343464190656E-16, -33.61637914738683719, -12.98499999999999943 ) ) ;
#1499 = CARTESIAN_POINT ( 'NONE',  ( 2.288626061480569049E-15, -40.81251970071234325, 12.45870000000000033 ) ) ;
#1500 = CARTESIAN_POINT ( 'NONE',  ( -7.628753538268564813E-16, -35.06251970071234325, -12.45870000000000033 ) ) ;
#1501 = CARTESIAN_POINT ( 'NONE',  ( 10.45870000000000211, -8.875019700712343251, 4.332135384791487631 ) ) ;
#1502 = CARTESIAN_POINT ( 'NONE',  ( 12.45870000000000388, -39.62501970071234325, 5.160562509537677478 ) ) ;
#1503 = CARTESIAN_POINT ( 'NONE',  ( -7.395417692395742648, -10.43751970071234503, 7.395417692395746201 ) ) ;
#1504 = CARTESIAN_POINT ( 'NONE',  ( -10.99999999999999822, -2.812539401424686059, 4.556349186104052151 ) ) ;
#1505 = ORIENTED_EDGE ( 'NONE', *, *, #4634, .T. ) ;
#1506 = CARTESIAN_POINT ( 'NONE',  ( -7.628753538268564813E-16, -38.06251970071233615, -12.45870000000000033 ) ) ;
#1507 = CARTESIAN_POINT ( 'NONE',  ( -13.00000000000000000, -41.43753940142468650, -5.384776310850237557 ) ) ;
#1508 = CARTESIAN_POINT ( 'NONE',  ( 5.160562509537688136, -38.50001970071233615, 12.45869999999999855 ) ) ;
#1509 = DIRECTION ( 'NONE',  ( 0.000000000000000000, 0.000000000000000000, 1.000000000000000000 ) ) ;
#1510 = CARTESIAN_POINT ( 'NONE',  ( 2.081020539271772218, -0.03249668154237692064, 10.45870000000000033 ) ) ;
#1511 = VERTEX_POINT ( 'NONE', #5330 ) ;
#1512 = EDGE_CURVE ( 'NONE', #2506, #2589, #5714, .T. ) ;
#1513 = CARTESIAN_POINT ( 'NONE',  ( 5.378563107414928268, -42.05387914738684429, 12.98499999999971344 ) ) ;
#1514 = CARTESIAN_POINT ( 'NONE',  ( 7.395417692395743536, -8.687519700712343251, -7.395417692395744425 ) ) ;
#1515 = CARTESIAN_POINT ( 'NONE',  ( -9.181781553707320853, -37.63366025403784221, -9.181781553707320853 ) ) ;
#1516 = CARTESIAN_POINT ( 'NONE',  ( 2.288626061480569049E-15, -41.56251970071234325, 12.45870000000000033 ) ) ;
#1517 = CARTESIAN_POINT ( 'NONE',  ( 4.332135384791488519, -8.875019700712343251, -10.45870000000000033 ) ) ;
#1518 = CARTESIAN_POINT ( 'NONE',  ( -6.674325055353075238E-16, -10.06730437450572424, -10.90000000000000036 ) ) ;
#1519 = CARTESIAN_POINT ( 'NONE',  ( -8.809631254768838460, -42.68751970071234325, 8.809631254768842012 ) ) ;
#1520 = LINE ( 'NONE', #5432, #2758 ) ;
#1521 =( BOUNDED_CURVE ( )  B_SPLINE_CURVE ( 2, ( #1355, #2180, #5713, #3893, #4389, #3465, #1714, #4795, #3918 ),
 .UNSPECIFIED., .F., .F. ) 
 B_SPLINE_CURVE_WITH_KNOTS ( ( 3, 2, 2, 2, 3 ),
 ( 0.5681818181818181213, 0.5795454545454544748, 0.5909090909090908283, 0.6022727272727271819, 0.6136363636363635354 ),
 .UNSPECIFIED. ) 
 CURVE ( )  GEOMETRIC_REPRESENTATION_ITEM ( )  RATIONAL_B_SPLINE_CURVE ( ( 1.000000000000000666, 0.9238795325112859613, 1.000000000000000000, 0.9238795325112867385, 1.000000000000000000, 0.9238795325112867385, 1.000000000000000000, 0.9238795325112875156, 0.9999999999999992228 ) ) 
 REPRESENTATION_ITEM ( '' )  );
#1522 = ORIENTED_EDGE ( 'NONE', *, *, #1783, .F. ) ;
#1523 = CARTESIAN_POINT ( 'NONE',  ( -10.90000000000000036, -10.05773502691896226, 0.000000000000000000 ) ) ;
#1524 = CARTESIAN_POINT ( 'NONE',  ( 12.45870000000000211, -41.50001970071234325, -5.160562509537681031 ) ) ;
#1525 = CARTESIAN_POINT ( 'NONE',  ( 12.45870000000000033, -35.31251970071234325, -1.525750707653712963E-15 ) ) ;
#1526 = CARTESIAN_POINT ( 'NONE',  ( 1.921232021736363210E-15, -8.062519700712345028, 10.45870000000000033 ) ) ;
#1527 = CARTESIAN_POINT ( 'NONE',  ( -9.192388155425117446, -39.62500000000000000, -9.192388155425117446 ) ) ;
#1528 = CARTESIAN_POINT ( 'NONE',  ( -7.628753538268564813E-16, -42.31251970071234325, -12.45870000000000033 ) ) ;
#1529 = CARTESIAN_POINT ( 'NONE',  ( -4.332135384791490296, -2.500019700712344140, -10.45870000000000033 ) ) ;
#1530 = ORIENTED_EDGE ( 'NONE', *, *, #454, .T. ) ;
#1531 = CARTESIAN_POINT ( 'NONE',  ( -11.00000000000000000, -5.875039401424686503, 0.000000000000000000 ) ) ;
#1532 =( BOUNDED_CURVE ( )  B_SPLINE_CURVE ( 2, ( #4994, #1513, #1490, #5388, #557, #4960, #4566, #3205, #2800 ),
 .UNSPECIFIED., .F., .T. ) 
 B_SPLINE_CURVE_WITH_KNOTS ( ( 3, 2, 2, 2, 3 ),
 ( 0.2045454545454553630, 0.2159090909090915777, 0.2272727272727277925, 0.2386363636363640073, 0.2500000000000002220 ),
 .UNSPECIFIED. ) 
 CURVE ( )  GEOMETRIC_REPRESENTATION_ITEM ( )  RATIONAL_B_SPLINE_CURVE ( ( 0.9999999999999947820, 0.9238795325112919565, 1.000000000000000000, 0.9238795325112867385, 1.000000000000000000, 0.9238795325112867385, 1.000000000000000000, 0.9238795325112852952, 1.000000000000001554 ) ) 
 REPRESENTATION_ITEM ( '' )  );
#1533 = CARTESIAN_POINT ( 'NONE',  ( 5.160562509537688136, -40.50001970071233615, 12.45869999999999855 ) ) ;
#1534 = VECTOR ( 'NONE', #1771, 1000.000000000000000 ) ;
#1535 = CARTESIAN_POINT ( 'NONE',  ( 2.288626061480569049E-15, -39.56251970071234325, 12.45870000000000033 ) ) ;
#1536 = CARTESIAN_POINT ( 'NONE',  ( -4.465680566947300534, 0.000000000000000000, -9.943223676151976775 ) ) ;
#1537 = CARTESIAN_POINT ( 'NONE',  ( -4.332135384791492072, -3.125019700712342807, 10.45870000000000033 ) ) ;
#1538 = CARTESIAN_POINT ( 'NONE',  ( 12.98500000000000298, -38.92887914738683008, 5.378563107414636946 ) ) ;
#1539 = ORIENTED_EDGE ( 'NONE', *, *, #2716, .T. ) ;
#1540 = CARTESIAN_POINT ( 'NONE',  ( 2.002297516605922276E-15, -5.567304374505723352, 10.90000000000000036 ) ) ;
#1541 = CARTESIAN_POINT ( 'NONE',  ( 7.395417692395746201, -8.937519700712343251, 7.395417692395743536 ) ) ;
#1542 = CARTESIAN_POINT ( 'NONE',  ( -8.809631254768840236, -39.93751970071234325, -8.809631254768840236 ) ) ;
#1543 = EDGE_CURVE ( 'NONE', #5068, #969, #3180, .T. ) ;
#1544 = CARTESIAN_POINT ( 'NONE',  ( 4.332135384791488519, -0.6250197007123435844, -10.45870000000000033 ) ) ;
#1545 = VECTOR ( 'NONE', #198, 1000.000000000000000 ) ;
#1546 = CARTESIAN_POINT ( 'NONE',  ( 7.707463914933369686, -0.6827350269189627063, 7.707463914933367022 ) ) ;
#1547 = CARTESIAN_POINT ( 'NONE',  ( -5.378563107414872313, -43.55387914738683719, -12.98499999999976673 ) ) ;
#1548 = LINE ( 'NONE', #3709, #4416 ) ;
#1549 = VERTEX_POINT ( 'NONE', #3551 ) ;
#1550 = EDGE_CURVE ( 'NONE', #4588, #3747, #5273, .T. ) ;
#1551 = CARTESIAN_POINT ( 'NONE',  ( 5.160562509537688136, -40.75001970071234325, 12.45869999999999855 ) ) ;
#1552 = CYLINDRICAL_SURFACE ( 'NONE', #385, 12.98499999999999943 ) ;
#1553 = CARTESIAN_POINT ( 'NONE',  ( -10.45870000000000033, -8.375019700712343251, -4.332135384791489408 ) ) ;
#1554 =( BOUNDED_CURVE ( )  B_SPLINE_CURVE ( 2, ( #4700, #2444, #2034, #615, #5586, #5101, #673, #701, #2473 ),
 .UNSPECIFIED., .F., .T. ) 
 B_SPLINE_CURVE_WITH_KNOTS ( ( 3, 2, 2, 2, 3 ),
 ( 0.2045454545454545581, 0.2159090909090909116, 0.2272727272727272652, 0.2386363636363636465, 0.2500000000000000000 ),
 .UNSPECIFIED. ) 
 CURVE ( )  GEOMETRIC_REPRESENTATION_ITEM ( )  RATIONAL_B_SPLINE_CURVE ( ( 1.000000000000000000, 0.9238795325112867385, 1.000000000000000000, 0.9238795325112867385, 1.000000000000000000, 0.9238795325112867385, 1.000000000000000000, 0.9238795325112867385, 1.000000000000000000 ) ) 
 REPRESENTATION_ITEM ( '' )  );
#1555 = CARTESIAN_POINT ( 'NONE',  ( 9.192388155425115670, -39.87500000000000000, -9.192388155425117446 ) ) ;
#1556 = CARTESIAN_POINT ( 'NONE',  ( 5.160562509537688136, -39.75001970071234325, 12.45869999999999855 ) ) ;
#1557 = CARTESIAN_POINT ( 'NONE',  ( 11.00000000000000355, -3.437539401424685614, 4.556349186104045046 ) ) ;
#1558 = CARTESIAN_POINT ( 'NONE',  ( 1.590203868692838131E-15, -57.50000000000000000, -12.98499999999999943 ) ) ;
#1559 = CARTESIAN_POINT ( 'NONE',  ( 4.332135384791495625, -3.000019700712343695, 10.45870000000000033 ) ) ;
#1560 = ORIENTED_EDGE ( 'NONE', *, *, #1366, .F. ) ;
#1561 = VERTEX_POINT ( 'NONE', #1297 ) ;
#1562 = CARTESIAN_POINT ( 'NONE',  ( -9.192388155425113894, -34.25003940142468650, 9.192388155425119223 ) ) ;
#1563 = CARTESIAN_POINT ( 'NONE',  ( -12.45870000000000211, -42.87501970071234325, -5.160562509537680143 ) ) ;
#1564 = CARTESIAN_POINT ( 'NONE',  ( 10.90000000000000036, -7.495235026918964039, -4.514927829866737241 ) ) ;
#1565 = CARTESIAN_POINT ( 'NONE',  ( 7.395417692395746201, -3.937519700712343695, 7.395417692395743536 ) ) ;
#1566 = CARTESIAN_POINT ( 'NONE',  ( 9.181781553707322630, -38.99137914738683719, 9.181781553707319077 ) ) ;
#1567 = ORIENTED_EDGE ( 'NONE', *, *, #4140, .F. ) ;
#1568 = CARTESIAN_POINT ( 'NONE',  ( 7.395417692395743536, -2.937519700712343695, -7.395417692395744425 ) ) ;
#1569 = CARTESIAN_POINT ( 'NONE',  ( -8.809631254768840236, -41.18751970071234325, -8.809631254768840236 ) ) ;
#1570 = CARTESIAN_POINT ( 'NONE',  ( -9.181781553707320853, -39.63366025403784931, -9.181781553707320853 ) ) ;
#1571 = CARTESIAN_POINT ( 'NONE',  ( -5.160562509537682807, -41.62501970071234325, 12.45870000000000033 ) ) ;
#1572 = CARTESIAN_POINT ( 'NONE',  ( -10.45870000000000033, -0.3750197007123436399, -4.332135384791489408 ) ) ;
#1573 = CARTESIAN_POINT ( 'NONE',  ( 10.90000000000000036, -5.557735026918964039, -1.334865011070615048E-15 ) ) ;
#1574 = CARTESIAN_POINT ( 'NONE',  ( -5.378563107414692901, -34.32116025403784931, 12.98499999999994969 ) ) ;
#1575 = ORIENTED_EDGE ( 'NONE', *, *, #1483, .T. ) ;
#1576 = CARTESIAN_POINT ( 'NONE',  ( -4.332135384791490296, 0.2499802992876565544, -10.45870000000000033 ) ) ;
#1577 = CARTESIAN_POINT ( 'NONE',  ( -4.556349186104045934, -1.187500000000001110, -11.00000000000000000 ) ) ;
#1578 = CARTESIAN_POINT ( 'NONE',  ( 5.384776310850242886, -42.18750000000000000, 12.99999999999999645 ) ) ;
#1579 = CARTESIAN_POINT ( 'NONE',  ( -12.45870000000000033, -39.06251970071233615, 0.000000000000000000 ) ) ;
#1580 = EDGE_CURVE ( 'NONE', #2506, #1164, #2339, .T. ) ;
#1581 = CARTESIAN_POINT ( 'NONE',  ( -10.45870000000000033, -1.250019700712343473, 4.332135384791498289 ) ) ;
#1582 = CARTESIAN_POINT ( 'NONE',  ( -12.99999999999999645, -43.31253940142468650, 5.384776310850244663 ) ) ;
#1583 = CARTESIAN_POINT ( 'NONE',  ( -6.674325055353075238E-16, -6.307735026918964039, -10.90000000000000036 ) ) ;
#1584 = ORIENTED_EDGE ( 'NONE', *, *, #2596, .T. ) ;
#1585 = CARTESIAN_POINT ( 'NONE',  ( 2.002297516605922276E-15, -9.567304374505724240, 10.90000000000000036 ) ) ;
#1586 = CARTESIAN_POINT ( 'NONE',  ( -5.384776310850237557, -34.56253940142468650, -13.00000000000000000 ) ) ;
#1587 = CARTESIAN_POINT ( 'NONE',  ( -12.45870000000000211, -40.87501970071234325, -5.160562509537680143 ) ) ;
#1588 = CARTESIAN_POINT ( 'NONE',  ( 4.332135384791488519, -4.625019700712345916, -10.45870000000000033 ) ) ;
#1589 = DIRECTION ( 'NONE',  ( 0.000000000000000000, 0.000000000000000000, 1.000000000000000000 ) ) ;
#1590 = ORIENTED_EDGE ( 'NONE', *, *, #3782, .T. ) ;
#1591 = CARTESIAN_POINT ( 'NONE',  ( -6.674325055353075238E-16, -2.067304374505724240, -10.90000000000000036 ) ) ;
#1592 = CARTESIAN_POINT ( 'NONE',  ( 2.288626061480569049E-15, -42.81251970071234325, 12.45870000000000033 ) ) ;
#1593 = DIRECTION ( 'NONE',  ( 0.000000000000000000, 0.000000000000000000, 1.000000000000000000 ) ) ;
#1594 = CARTESIAN_POINT ( 'NONE',  ( -6.674325055353075238E-16, -4.067304374505724240, -10.90000000000000036 ) ) ;
#1595 = CARTESIAN_POINT ( 'NONE',  ( 7.395417692395746201, -0.9375197007123436954, 7.395417692395743536 ) ) ;
#1596 = CARTESIAN_POINT ( 'NONE',  ( -7.951019343464191642E-16, -39.75866025403784931, -12.98499999999999943 ) ) ;
#1597 = CARTESIAN_POINT ( 'NONE',  ( 0.000000000000000000, -33.50000000000000000, 0.000000000000000000 ) ) ;
#1598 = EDGE_LOOP ( 'NONE', ( #2222, #1575, #5240, #5153 ) ) ;
#1599 = CARTESIAN_POINT ( 'NONE',  ( 4.514927829866727471, -8.370235026918962262, -10.90000000000000924 ) ) ;
#1600 = CARTESIAN_POINT ( 'NONE',  ( -7.628753538268564813E-16, -42.31251970071234325, -12.45870000000000033 ) ) ;
#1601 = CARTESIAN_POINT ( 'NONE',  ( -4.514927829866739017, -0.8702350269189627063, 10.89999999999999858 ) ) ;
#1602 = CARTESIAN_POINT ( 'NONE',  ( -7.778174593052023411, -3.125000000000000888, -7.778174593052023411 ) ) ;
#1603 = CARTESIAN_POINT ( 'NONE',  ( -6.404106739121211359E-16, -0.8125197007123434734, -10.45870000000000033 ) ) ;
#1604 = ORIENTED_EDGE ( 'NONE', *, *, #3756, .T. ) ;
#1605 = DIRECTION ( 'NONE',  ( 0.000000000000000000, 1.000000000000000000, 0.000000000000000000 ) ) ;
#1606 = CARTESIAN_POINT ( 'NONE',  ( -5.160562509537682807, -41.87501970071234325, 12.45870000000000033 ) ) ;
#1607 = CARTESIAN_POINT ( 'NONE',  ( -10.45870000000000033, -0.2500197007123434734, 4.332135384791498289 ) ) ;
#1608 = EDGE_CURVE ( 'NONE', #2450, #5637, #937, .T. ) ;
#1609 = CARTESIAN_POINT ( 'NONE',  ( -10.89999999999999858, -5.995235026918964039, 4.514927829866743458 ) ) ;
#1610 = CARTESIAN_POINT ( 'NONE',  ( -6.404106739121211359E-16, -7.812519700712344140, -10.45870000000000033 ) ) ;
#1611 = VERTEX_POINT ( 'NONE', #500 ) ;
#1612 =( BOUNDED_CURVE ( )  B_SPLINE_CURVE ( 2, ( #118, #1910, #461, #90, #27, #5010, #517, #2350, #3660 ),
 .UNSPECIFIED., .F., .F. ) 
 B_SPLINE_CURVE_WITH_KNOTS ( ( 3, 2, 2, 2, 3 ),
 ( 0.3409090909090909394, 0.3522727272727272929, 0.3636363636363636465, 0.3750000000000000000, 0.3863636363636362980 ),
 .UNSPECIFIED. ) 
 CURVE ( )  GEOMETRIC_REPRESENTATION_ITEM ( )  RATIONAL_B_SPLINE_CURVE ( ( 0.9999999999999996669, 0.9238795325112870716, 1.000000000000000000, 0.9238795325112867385, 1.000000000000000000, 0.9238795325112867385, 1.000000000000000000, 0.9238795325112870716, 0.9999999999999996669 ) ) 
 REPRESENTATION_ITEM ( '' )  );
#1613 = CARTESIAN_POINT ( 'NONE',  ( -12.45870000000000211, -39.87501970071233615, -5.160562509537680143 ) ) ;
#1614 = ADVANCED_FACE ( 'NONE', ( #2302 ), #2932, .T. ) ;
#1615 = CARTESIAN_POINT ( 'NONE',  ( -7.628753538268564813E-16, -40.06251970071234325, -12.45870000000000033 ) ) ;
#1616 = DIRECTION ( 'NONE',  ( 0.000000000000000000, 1.000000000000000000, 0.000000000000000000 ) ) ;
#1617 = CARTESIAN_POINT ( 'NONE',  ( -8.809631254768840236, -34.18751970071234325, -8.809631254768840236 ) ) ;
#1618 = CARTESIAN_POINT ( 'NONE',  ( 1.921232021736363210E-15, -4.062519700712344140, 10.45870000000000033 ) ) ;
#1619 = CARTESIAN_POINT ( 'NONE',  ( 9.181781553707319077, -38.74137914738683719, -9.181781553707320853 ) ) ;
#1620 = ORIENTED_EDGE ( 'NONE', *, *, #767, .T. ) ;
#1621 = PERSON_AND_ORGANIZATION ( #650, #3864 ) ;
#1622 = AXIS2_PLACEMENT_3D ( 'NONE', #2518, #3156, #2777 ) ;
#1623 = CARTESIAN_POINT ( 'NONE',  ( 5.160562509537679254, -42.37501970071234325, -12.45870000000000211 ) ) ;
#1624 = CARTESIAN_POINT ( 'NONE',  ( -10.45870000000000033, -4.312519700712344140, 0.000000000000000000 ) ) ;
#1625 = CARTESIAN_POINT ( 'NONE',  ( -7.395417692395742648, -10.18751970071234503, 7.395417692395746201 ) ) ;
#1626 = CARTESIAN_POINT ( 'NONE',  ( 9.797174393178825657E-16, 0.3190539273024706191, 8.000000000000000000 ) ) ;
#1627 = CARTESIAN_POINT ( 'NONE',  ( 4.332135384791495625, -1.970071234348291095E-05, 10.45870000000000033 ) ) ;
#1628 = DIRECTION ( 'NONE',  ( 0.000000000000000000, 1.000000000000000000, 0.000000000000000000 ) ) ;
#1629 = FACE_OUTER_BOUND ( 'NONE', #3506, .T. ) ;
#1630 = VECTOR ( 'NONE', #1351, 1000.000000000000000 ) ;
#1631 = EDGE_LOOP ( 'NONE', ( #3757, #3351, #4296, #5066 ) ) ;
#1632 = AXIS2_PLACEMENT_3D ( 'NONE', #658, #279, #2077 ) ;
#1633 = CARTESIAN_POINT ( 'NONE',  ( -7.707463914933368798, -1.182735026918962706, -7.707463914933368798 ) ) ;
#1634 = CARTESIAN_POINT ( 'NONE',  ( 11.00000000000000000, -3.437500000000001776, -4.556349186104045934 ) ) ;
#1635 = CARTESIAN_POINT ( 'NONE',  ( 1.921232021736363210E-15, -0.3125197007123434179, 10.45870000000000033 ) ) ;
#1636 = ORIENTED_EDGE ( 'NONE', *, *, #1898, .T. ) ;
#1637 = CARTESIAN_POINT ( 'NONE',  ( -13.00000000000000000, -42.56250000000000000, -5.384776310850237557 ) ) ;
#1638 = CARTESIAN_POINT ( 'NONE',  ( 7.395417692395746201, -0.9375197007123436954, 7.395417692395743536 ) ) ;
#1639 = CARTESIAN_POINT ( 'NONE',  ( -7.628753538268564813E-16, -33.31251970071234325, -12.45870000000000033 ) ) ;
#1640 = CARTESIAN_POINT ( 'NONE',  ( -11.00000000000000000, -4.937539401424686503, -4.556349186104045934 ) ) ;
#1641 = CYLINDRICAL_SURFACE ( 'NONE', #3690, 10.90000000000000036 ) ;
#1642 = CARTESIAN_POINT ( 'NONE',  ( -6.404106739121211359E-16, -8.812519700712343251, -10.45870000000000033 ) ) ;
#1643 = ORIENTED_EDGE ( 'NONE', *, *, #1550, .F. ) ;
#1644 = VERTEX_POINT ( 'NONE', #4132 ) ;
#1645 = ADVANCED_FACE ( 'NONE', ( #2770 ), #616, .T. ) ;
#1646 = CARTESIAN_POINT ( 'NONE',  ( -4.556349186104045934, -7.062539401424686503, -11.00000000000000000 ) ) ;
#1647 = CARTESIAN_POINT ( 'NONE',  ( -5.160562509537681031, -40.00001970071234325, -12.45870000000000211 ) ) ;
#1648 = CARTESIAN_POINT ( 'NONE',  ( 2.385305803039257098E-15, -35.25866025403784221, 12.98499999999999943 ) ) ;
#1649 = CARTESIAN_POINT ( 'NONE',  ( 12.45870000000000211, -40.37501970071234325, 5.160562509537678366 ) ) ;
#1650 = FACE_BOUND ( 'NONE', #1664, .T. ) ;
#1651 = CARTESIAN_POINT ( 'NONE',  ( -4.332135384791492072, -4.125019700712344140, 10.45870000000000033 ) ) ;
#1652 = ORIENTED_EDGE ( 'NONE', *, *, #4803, .F. ) ;
#1653 =( BOUNDED_CURVE ( )  B_SPLINE_CURVE ( 2, ( #467, #4792, #1767, #4444, #3947, #5679, #349, #1827, #7 ),
 .UNSPECIFIED., .F., .T. ) 
 B_SPLINE_CURVE_WITH_KNOTS ( ( 3, 2, 2, 2, 3 ),
 ( 0.3863636363636366866, 0.3977272727272732067, 0.4090909090909097268, 0.4204545454545463024, 0.4318181818181828224 ),
 .UNSPECIFIED. ) 
 CURVE ( )  GEOMETRIC_REPRESENTATION_ITEM ( )  RATIONAL_B_SPLINE_CURVE ( ( 0.9999999999999977796, 0.9238795325112889589, 1.000000000000000000, 0.9238795325112867385, 1.000000000000000000, 0.9238795325112867385, 1.000000000000000000, 0.9238795325112796331, 1.000000000000007105 ) ) 
 REPRESENTATION_ITEM ( '' )  );
#1654 = CARTESIAN_POINT ( 'NONE',  ( 10.45870000000000211, -9.875019700712345028, 4.332135384791487631 ) ) ;
#1655 = LINE ( 'NONE', #1202, #3111 ) ;
#1656 = CARTESIAN_POINT ( 'NONE',  ( -7.395417692395742648, -2.187519700712343251, 7.395417692395746201 ) ) ;
#1657 = CARTESIAN_POINT ( 'NONE',  ( -6.674325055353075238E-16, -5.307735026918963150, -10.90000000000000036 ) ) ;
#1658 = CARTESIAN_POINT ( 'NONE',  ( -7.707463914933368798, -0.1827350269189627341, -7.707463914933368798 ) ) ;
#1659 = VERTEX_POINT ( 'NONE', #560 ) ;
#1660 = CARTESIAN_POINT ( 'NONE',  ( 10.45870000000000211, -4.875019700712345028, 4.332135384791487631 ) ) ;
#1661 = CARTESIAN_POINT ( 'NONE',  ( 7.395417692395746201, -1.187519700712343473, 7.395417692395743536 ) ) ;
#1662 = CARTESIAN_POINT ( 'NONE',  ( 2.020667218593132706E-15, -1.750000000000000666, 11.00000000000000000 ) ) ;
#1663 = CARTESIAN_POINT ( 'NONE',  ( 10.45870000000000033, -1.062519700712343473, -1.280821347824242272E-15 ) ) ;
#1664 = EDGE_LOOP ( 'NONE', ( #2500, #1489 ) ) ;
#1665 = CARTESIAN_POINT ( 'NONE',  ( -9.192388155425113894, -43.37500000000000711, 9.192388155425119223 ) ) ;
#1666 = DIRECTION ( 'NONE',  ( -1.000000000000000000, 0.000000000000000000, 0.000000000000000000 ) ) ;
#1667 = CARTESIAN_POINT ( 'NONE',  ( 1.921232021736363210E-15, -0.06251970071234354276, 10.45870000000000033 ) ) ;
#1668 = CARTESIAN_POINT ( 'NONE',  ( -9.192388155425113894, -44.25003940142468650, 9.192388155425119223 ) ) ;
#1669 = CARTESIAN_POINT ( 'NONE',  ( 7.395417692395743536, -5.687519700712344140, -7.395417692395744425 ) ) ;
#1670 = DIRECTION ( 'NONE',  ( 0.000000000000000000, 1.000000000000000000, 0.000000000000000000 ) ) ;
#1671 = CARTESIAN_POINT ( 'NONE',  ( 7.395417692395746201, -7.187519700712343251, 7.395417692395743536 ) ) ;
#1672 = VERTEX_POINT ( 'NONE', #5022 ) ;
#1673 = CARTESIAN_POINT ( 'NONE',  ( -6.735557395310442023E-16, -7.125039401424686503, -11.00000000000000000 ) ) ;
#1674 = DIRECTION ( 'NONE',  ( 0.000000000000000000, 1.000000000000000000, 0.000000000000000000 ) ) ;
#1675 = CARTESIAN_POINT ( 'NONE',  ( -5.160562509537681919, -43.62501970071233615, 12.45870000000000033 ) ) ;
#1676 = PLANE ( 'NONE',  #3852 ) ;
#1677 = CARTESIAN_POINT ( 'NONE',  ( -10.45870000000000033, -5.375019700712345028, -4.332135384791489408 ) ) ;
#1678 = ORIENTED_EDGE ( 'NONE', *, *, #2496, .T. ) ;
#1679 = CARTESIAN_POINT ( 'NONE',  ( -4.332135384791492072, -5.375019700712344140, 10.45870000000000033 ) ) ;
#1680 = CARTESIAN_POINT ( 'NONE',  ( 12.45870000000000211, -41.50001970071234325, -5.160562509537681031 ) ) ;
#1681 = CARTESIAN_POINT ( 'NONE',  ( -12.45870000000000033, -42.81251970071234325, 0.000000000000000000 ) ) ;
#1682 = CARTESIAN_POINT ( 'NONE',  ( -6.404106739121211359E-16, -2.562519700712343695, -10.45870000000000033 ) ) ;
#1683 = CARTESIAN_POINT ( 'NONE',  ( 12.45870000000000033, -33.31251970071234325, -1.525750707653712963E-15 ) ) ;
#1684 = CARTESIAN_POINT ( 'NONE',  ( -6.404106739121211359E-16, -5.562519700712344140, -10.45870000000000033 ) ) ;
#1685 = EDGE_CURVE ( 'NONE', #4784, #5712, #122, .T. ) ;
#1686 = CARTESIAN_POINT ( 'NONE',  ( -10.90000000000000036, -0.03000355307204360250, 2.003289648554821500 ) ) ;
#1687 = DIRECTION ( 'NONE',  ( 0.000000000000000000, 0.000000000000000000, 1.000000000000000000 ) ) ;
#1688 = ORIENTED_EDGE ( 'NONE', *, *, #2301, .T. ) ;
#1689 = DIRECTION ( 'NONE',  ( 0.000000000000000000, -1.000000000000000000, 0.000000000000000000 ) ) ;
#1690 = CARTESIAN_POINT ( 'NONE',  ( 10.45870000000000033, -2.000019700712343695, -4.332135384791490296 ) ) ;
#1691 = CARTESIAN_POINT ( 'NONE',  ( 11.00000000000000000, -0.4375000000000008882, -4.556349186104045934 ) ) ;
#1692 = EDGE_CURVE ( 'NONE', #3661, #2798, #4100, .T. ) ;
#1693 = CARTESIAN_POINT ( 'NONE',  ( 1.457329690985350393E-15, -297.8943974769776446, -11.90000000000000036 ) ) ;
#1694 = ORIENTED_EDGE ( 'NONE', *, *, #4884, .T. ) ;
#1695 = CARTESIAN_POINT ( 'NONE',  ( 9.192388155425119223, -40.12500000000000000, 9.192388155425115670 ) ) ;
#1696 = CARTESIAN_POINT ( 'NONE',  ( -13.00000000000000000, -44.37503940142469361, 0.000000000000000000 ) ) ;
#1697 = ORIENTED_EDGE ( 'NONE', *, *, #5755, .F. ) ;
#1698 = CARTESIAN_POINT ( 'NONE',  ( -10.99999999999999822, -7.812539401424685614, 4.556349186104052151 ) ) ;
#1699 = CARTESIAN_POINT ( 'NONE',  ( 13.00000000000000000, -37.87503940142468650, -1.592040838891559095E-15 ) ) ;
#1700 = CARTESIAN_POINT ( 'NONE',  ( -9.192388155425113894, -34.37500000000000000, 9.192388155425119223 ) ) ;
#1701 = CARTESIAN_POINT ( 'NONE',  ( -12.45870000000000211, -33.12501970071234325, -5.160562509537680143 ) ) ;
#1702 = CARTESIAN_POINT ( 'NONE',  ( 10.45870000000000033, -7.812519700712344140, -1.280821347824242272E-15 ) ) ;
#1703 = ORIENTED_EDGE ( 'NONE', *, *, #2650, .F. ) ;
#1704 = CARTESIAN_POINT ( 'NONE',  ( -10.45870000000000033, -4.562519700712343251, 0.000000000000000000 ) ) ;
#1705 = CARTESIAN_POINT ( 'NONE',  ( -12.45870000000000211, -43.12501970071234325, -5.160562509537680143 ) ) ;
#1706 = CARTESIAN_POINT ( 'NONE',  ( -7.951019343464190656E-16, -40.61637914738683719, -12.98499999999999943 ) ) ;
#1707 = CARTESIAN_POINT ( 'NONE',  ( -7.951019343464190656E-16, -43.61637914738684429, -12.98499999999999943 ) ) ;
#1708 = CARTESIAN_POINT ( 'NONE',  ( 11.43217321901175687, -264.0000000000000000, 5.645167445745993717 ) ) ;
#1709 = CARTESIAN_POINT ( 'NONE',  ( -7.395417692395744425, -3.437519700712343695, -7.395417692395744425 ) ) ;
#1710 = CARTESIAN_POINT ( 'NONE',  ( 0.000000000000000000, -260.8000000000000114, 0.000000000000000000 ) ) ;
#1711 = CARTESIAN_POINT ( 'NONE',  ( 2.385305803039257098E-15, -43.11637914738685140, 12.98499999999999943 ) ) ;
#1712 = AXIS2_PLACEMENT_3D ( 'NONE', #1410, #2757, #1817 ) ;
#1713 = ORIENTED_EDGE ( 'NONE', *, *, #4463, .F. ) ;
#1714 = CARTESIAN_POINT ( 'NONE',  ( 7.707463914933369686, -6.442304374505723352, 7.707463914933366134 ) ) ;
#1715 = ADVANCED_FACE ( 'NONE', ( #3673 ), #3244, .T. ) ;
#1716 = CARTESIAN_POINT ( 'NONE',  ( -10.90000000000000036, -2.817304374505724240, 0.000000000000000000 ) ) ;
#1717 = CARTESIAN_POINT ( 'NONE',  ( -10.45870000000000033, -2.562519700712343251, 0.000000000000000000 ) ) ;
#1718 = VECTOR ( 'NONE', #2279, 1000.000000000000000 ) ;
#1719 = CARTESIAN_POINT ( 'NONE',  ( -6.735557395310442023E-16, -5.250000000000000888, -11.00000000000000000 ) ) ;
#1720 = CYLINDRICAL_SURFACE ( 'NONE', #2190, 12.98499999999999943 ) ;
#1721 = ORIENTED_EDGE ( 'NONE', *, *, #3150, .F. ) ;
#1722 = CARTESIAN_POINT ( 'NONE',  ( 11.50976273389285964, -33.49999999999880629, -4.769126492293024988 ) ) ;
#1723 = ORIENTED_EDGE ( 'NONE', *, *, #2141, .T. ) ;
#1724 = CARTESIAN_POINT ( 'NONE',  ( 5.384776310850242886, -44.06253940142468650, 12.99999999999999645 ) ) ;
#1725 = AXIS2_PLACEMENT_3D ( 'NONE', #3114, #4876, #2242 ) ;
#1726 = CARTESIAN_POINT ( 'NONE',  ( 10.90000000000000036, -6.495235026918964927, -4.514927829866737241 ) ) ;
#1727 = ORIENTED_EDGE ( 'NONE', *, *, #990, .T. ) ;
#1728 = APPROVAL_PERSON_ORGANIZATION ( #1621, #3370, #1171 ) ;
#1729 = CARTESIAN_POINT ( 'NONE',  ( 9.192388155425115670, -36.75003940142469361, -9.192388155425117446 ) ) ;
#1730 = CARTESIAN_POINT ( 'NONE',  ( 13.00000000000000000, -33.00000000000000000, -1.592040838891559095E-15 ) ) ;
#1731 =( BOUNDED_CURVE ( )  B_SPLINE_CURVE ( 2, ( #470, #2706, #1266, #3953, #1716, #41, #820, #873, #1831 ),
 .UNSPECIFIED., .F., .T. ) 
 B_SPLINE_CURVE_WITH_KNOTS ( ( 3, 2, 2, 2, 3 ),
 ( 0.2500000000000000000, 0.2613636363636363535, 0.2727272727272727071, 0.2840909090909091717, 0.2954545454545455252 ),
 .UNSPECIFIED. ) 
 CURVE ( )  GEOMETRIC_REPRESENTATION_ITEM ( )  RATIONAL_B_SPLINE_CURVE ( ( 1.000000000000000000, 0.9238795325112867385, 1.000000000000000000, 0.9238795325112867385, 1.000000000000000000, 0.9238795325112867385, 1.000000000000000000, 0.9238795325112864054, 1.000000000000000444 ) ) 
 REPRESENTATION_ITEM ( '' )  );
#1732 = CARTESIAN_POINT ( 'NONE',  ( 2.002297516605922276E-15, -5.567304374505723352, 10.90000000000000036 ) ) ;
#1733 = CARTESIAN_POINT ( 'NONE',  ( -4.332135384791492072, -8.125019700712345028, 10.45870000000000033 ) ) ;
#1734 = ORIENTED_EDGE ( 'NONE', *, *, #4352, .F. ) ;
#1735 = CARTESIAN_POINT ( 'NONE',  ( 10.45870000000000033, -4.000019700712344140, -4.332135384791490296 ) ) ;
#1736 = CARTESIAN_POINT ( 'NONE',  ( 5.160562509537679254, -43.37501970071235036, -12.45870000000000211 ) ) ;
#1737 = CARTESIAN_POINT ( 'NONE',  ( -6.674325055353075238E-16, -2.067304374505724240, -10.90000000000000036 ) ) ;
#1738 = CARTESIAN_POINT ( 'NONE',  ( 2.020667218593132706E-15, -2.625039401424686059, 11.00000000000000000 ) ) ;
#1739 = CARTESIAN_POINT ( 'NONE',  ( 12.98499999999999943, -34.86637914738684429, -1.590203868692838131E-15 ) ) ;
#1740 = CARTESIAN_POINT ( 'NONE',  ( -7.951019343464191642E-16, -40.75866025403784931, -12.98499999999999943 ) ) ;
#1741 = CARTESIAN_POINT ( 'NONE',  ( -7.951019343464191642E-16, -34.75866025403784931, -12.98499999999999943 ) ) ;
#1742 = EDGE_LOOP ( 'NONE', ( #1459, #1688, #1048, #4932 ) ) ;
#1743 = CARTESIAN_POINT ( 'NONE',  ( -10.90000000000000036, -7.879804374505724240, -4.514927829866737241 ) ) ;
#1744 = CARTESIAN_POINT ( 'NONE',  ( 1.590203868692838131E-15, -57.50000000000000000, -12.98499999999999943 ) ) ;
#1745 = CARTESIAN_POINT ( 'NONE',  ( 7.395417692395746201, -3.187519700712343695, 7.395417692395743536 ) ) ;
#1746 = CARTESIAN_POINT ( 'NONE',  ( -11.00000000000000000, -6.000000000000000888, 0.000000000000000000 ) ) ;
#1747 = CARTESIAN_POINT ( 'NONE',  ( -7.395417692395742648, -3.437519700712343251, 7.395417692395746201 ) ) ;
#1748 = EDGE_LOOP ( 'NONE', ( #427, #4661, #1636, #2667 ) ) ;
#1749 = CARTESIAN_POINT ( 'NONE',  ( 4.637900833709352355, -33.49999999999997868, -11.81267954758460803 ) ) ;
#1750 = EDGE_CURVE ( 'NONE', #3786, #2603, #2088, .T. ) ;
#1751 = LINE ( 'NONE', #2656, #1718 ) ;
#1752 = CARTESIAN_POINT ( 'NONE',  ( 12.45870000000000211, -35.62501970071234325, 5.160562509537678366 ) ) ;
#1753 = ADVANCED_FACE ( 'NONE', ( #530 ), #130, .T. ) ;
#1754 = CARTESIAN_POINT ( 'NONE',  ( -8.809631254768838460, -33.93751970071234325, 8.809631254768842012 ) ) ;
#1755 = DIRECTION ( 'NONE',  ( 0.000000000000000000, 1.000000000000000000, 0.000000000000000000 ) ) ;
#1756 = ORIENTED_EDGE ( 'NONE', *, *, #802, .F. ) ;
#1757 = CARTESIAN_POINT ( 'NONE',  ( 5.384776310850236669, -37.68753940142469361, -13.00000000000000000 ) ) ;
#1758 = CARTESIAN_POINT ( 'NONE',  ( -9.192388155425117446, -33.62500000000000000, -9.192388155425117446 ) ) ;
#1759 = CARTESIAN_POINT ( 'NONE',  ( -12.45869999999999855, -37.00001970071234325, 5.160562509537689024 ) ) ;
#1760 = CARTESIAN_POINT ( 'NONE',  ( 7.395417692395746201, -7.937519700712344140, 7.395417692395743536 ) ) ;
#1761 = CARTESIAN_POINT ( 'NONE',  ( 4.332135384791488519, -3.875019700712343251, -10.45870000000000033 ) ) ;
#1762 = CARTESIAN_POINT ( 'NONE',  ( 5.160562509537688136, -34.50001970071234325, 12.45869999999999855 ) ) ;
#1763 = CARTESIAN_POINT ( 'NONE',  ( 0.000000000000000000, -57.50000000000000000, 12.98499999999999943 ) ) ;
#1764 = CARTESIAN_POINT ( 'NONE',  ( 5.160562509537688136, -43.75001970071235746, 12.45869999999999855 ) ) ;
#1765 = CARTESIAN_POINT ( 'NONE',  ( 8.809631254768838460, -34.18751970071234325, -8.809631254768840236 ) ) ;
#1766 = DIRECTION ( 'NONE',  ( 0.000000000000000000, 0.000000000000000000, 1.000000000000000000 ) ) ;
#1767 = CARTESIAN_POINT ( 'NONE',  ( 9.181781553707322630, -39.99137914738684429, 9.181781553707319077 ) ) ;
#1768 = CARTESIAN_POINT ( 'NONE',  ( -5.378563107414882083, -36.55387914738683008, -12.98499999999975785 ) ) ;
#1769 = CARTESIAN_POINT ( 'NONE',  ( -6.674325055353075238E-16, -7.307735026918963150, -10.90000000000000036 ) ) ;
#1770 = ORIENTED_EDGE ( 'NONE', *, *, #2002, .F. ) ;
#1771 = DIRECTION ( 'NONE',  ( 0.000000000000000000, 1.000000000000000000, 0.000000000000000000 ) ) ;
#1772 = CARTESIAN_POINT ( 'NONE',  ( -7.395417692395744425, -4.687519700712343251, -7.395417692395744425 ) ) ;
#1773 = CARTESIAN_POINT ( 'NONE',  ( 2.020667218593132706E-15, -3.750000000000000888, 11.00000000000000000 ) ) ;
#1774 = CARTESIAN_POINT ( 'NONE',  ( -10.45870000000000033, -2.500019700712343251, 4.332135384791497401 ) ) ;
#1775 = DIRECTION ( 'NONE',  ( 0.000000000000000000, 1.000000000000000000, 0.000000000000000000 ) ) ;
#1776 = CARTESIAN_POINT ( 'NONE',  ( 1.725210314210567475, -33.50000000000002132, -12.67075120002372657 ) ) ;
#1777 = CARTESIAN_POINT ( 'NONE',  ( 0.000000000000000000, -33.50000000000000000, 0.000000000000000000 ) ) ;
#1778 = CARTESIAN_POINT ( 'NONE',  ( 10.90000000000000213, -2.620235026918962706, 4.514927829866736353 ) ) ;
#1779 = CARTESIAN_POINT ( 'NONE',  ( 8.809631254768838460, -39.43751970071233615, -8.809631254768840236 ) ) ;
#1780 = CARTESIAN_POINT ( 'NONE',  ( 4.514927829866751452, -3.129804374505724240, -10.89999999999998437 ) ) ;
#1781 = CARTESIAN_POINT ( 'NONE',  ( 12.13468463549907383, -33.50000000000000000, -3.260946152251312125 ) ) ;
#1782 = VERTEX_POINT ( 'NONE', #1492 ) ;
#1783 = EDGE_CURVE ( 'NONE', #413, #3701, #710, .T. ) ;
#1784 = CARTESIAN_POINT ( 'NONE',  ( -13.00000000000000000, -39.43753940142468650, -5.384776310850237557 ) ) ;
#1785 = CARTESIAN_POINT ( 'NONE',  ( -8.809631254768838460, -43.68751970071234325, 8.809631254768842012 ) ) ;
#1786 = DIRECTION ( 'NONE',  ( 0.000000000000000000, 1.000000000000000000, 0.000000000000000000 ) ) ;
#1787 = CARTESIAN_POINT ( 'NONE',  ( -8.809631254768838460, -38.93751970071233615, 8.809631254768842012 ) ) ;
#1788 = CARTESIAN_POINT ( 'NONE',  ( 7.395417692395743536, -8.687519700712343251, -7.395417692395744425 ) ) ;
#1789 = VERTEX_POINT ( 'NONE', #3322 ) ;
#1790 = EDGE_CURVE ( 'NONE', #2479, #4050, #1313, .T. ) ;
#1791 = CARTESIAN_POINT ( 'NONE',  ( 4.332135384791495625, -6.250019700712343251, 10.45870000000000033 ) ) ;
#1792 = CARTESIAN_POINT ( 'NONE',  ( -12.45869999999999855, -44.00001970071234325, 5.160562509537689024 ) ) ;
#1793 = CARTESIAN_POINT ( 'NONE',  ( 2.385305803039257098E-15, -36.11637914738684429, 12.98499999999999943 ) ) ;
#1794 = CARTESIAN_POINT ( 'NONE',  ( -12.45870000000000211, -32.87501970071233615, -5.160562509537680143 ) ) ;
#1795 = CARTESIAN_POINT ( 'NONE',  ( 10.90000000000000036, -10.25480437450572246, -4.514927829866737241 ) ) ;
#1796 = CARTESIAN_POINT ( 'NONE',  ( -12.98499999999999410, -40.44616025403784931, 5.378563107414648492 ) ) ;
#1797 = CARTESIAN_POINT ( 'NONE',  ( 0.000000000000000000, -264.0000000000000000, 0.000000000000000000 ) ) ;
#1798 = ORIENTED_EDGE ( 'NONE', *, *, #5720, .T. ) ;
#1799 =( BOUNDED_CURVE ( )  B_SPLINE_CURVE ( 2, ( #747, #5638, #22, #1444, #545, #1479, #4083, #2347, #4117 ),
 .UNSPECIFIED., .F., .T. ) 
 B_SPLINE_CURVE_WITH_KNOTS ( ( 3, 2, 2, 2, 3 ),
 ( 0.4772727272727271819, 0.4886363636363635354, 0.4999999999999999445, 0.5113636363636363535, 0.5227272727272727071 ),
 .UNSPECIFIED. ) 
 CURVE ( )  GEOMETRIC_REPRESENTATION_ITEM ( )  RATIONAL_B_SPLINE_CURVE ( ( 1.000000000000000666, 0.9238795325112859613, 1.000000000000000000, 0.9238795325112867385, 1.000000000000000000, 0.9238795325112867385, 1.000000000000000000, 0.9238795325112867385, 1.000000000000000000 ) ) 
 REPRESENTATION_ITEM ( '' )  );
#1800 = CARTESIAN_POINT ( 'NONE',  ( -12.98499999999999410, -42.44616025403784931, 5.378563107414648492 ) ) ;
#1801 = CARTESIAN_POINT ( 'NONE',  ( 2.288626061480569049E-15, -35.56251970071234325, 12.45870000000000033 ) ) ;
#1802 = CARTESIAN_POINT ( 'NONE',  ( -10.45870000000000033, -4.500019700712344140, 4.332135384791498289 ) ) ;
#1803 = CARTESIAN_POINT ( 'NONE',  ( -6.735557395310442023E-16, -6.250000000000000888, -11.00000000000000000 ) ) ;
#1804 = CARTESIAN_POINT ( 'NONE',  ( 7.395417692395743536, -2.937519700712343695, -7.395417692395744425 ) ) ;
#1805 = CARTESIAN_POINT ( 'NONE',  ( -12.72935000000000016, -44.21877955106851488, 0.000000000000000000 ) ) ;
#1806 = DIRECTION ( 'NONE',  ( 0.000000000000000000, 1.000000000000000000, 0.000000000000000000 ) ) ;
#1807 = CIRCLE ( 'NONE', #481, 12.00000000000000178 ) ;
#1808 = CARTESIAN_POINT ( 'NONE',  ( -4.514927829866737241, -4.245235026918963150, -10.90000000000000036 ) ) ;
#1809 = DIRECTION ( 'NONE',  ( 0.000000000000000000, 1.000000000000000000, 0.000000000000000000 ) ) ;
#1810 = CARTESIAN_POINT ( 'NONE',  ( -10.45870000000000033, -3.250019700712343251, 4.332135384791498289 ) ) ;
#1811 = CARTESIAN_POINT ( 'NONE',  ( 12.98499999999999943, -37.86637914738683719, -1.590203868692838131E-15 ) ) ;
#1812 = CARTESIAN_POINT ( 'NONE',  ( -5.160562509537681031, -37.25001970071234325, -12.45870000000000211 ) ) ;
#1813 = FACE_OUTER_BOUND ( 'NONE', #4469, .T. ) ;
#1814 = CARTESIAN_POINT ( 'NONE',  ( -12.45870000000000033, -35.06251970071234325, 0.000000000000000000 ) ) ;
#1815 = DIRECTION ( 'NONE',  ( 0.000000000000000000, 1.000000000000000000, 0.000000000000000000 ) ) ;
#1816 = VECTOR ( 'NONE', #5377, 1000.000000000000000 ) ;
#1817 = DIRECTION ( 'NONE',  ( 0.000000000000000000, 0.000000000000000000, 1.000000000000000000 ) ) ;
#1818 = AXIS2_PLACEMENT_3D ( 'NONE', #1469, #1431, #1865 ) ;
#1819 = CARTESIAN_POINT ( 'NONE',  ( 9.192388155425119223, -38.12500000000000000, 9.192388155425115670 ) ) ;
#1820 = CARTESIAN_POINT ( 'NONE',  ( 5.160562509537688136, -35.75001970071233615, 12.45869999999999855 ) ) ;
#1821 = CARTESIAN_POINT ( 'NONE',  ( -7.395417692395744425, -9.437519700712345028, -7.395417692395744425 ) ) ;
#1822 = ADVANCED_FACE ( 'NONE', ( #2880 ), #1927, .T. ) ;
#1823 = CARTESIAN_POINT ( 'NONE',  ( -4.332135384791492072, -7.375019700712343251, 10.45870000000000033 ) ) ;
#1824 = CARTESIAN_POINT ( 'NONE',  ( -5.160562509537681031, -35.00001970071234325, -12.45870000000000211 ) ) ;
#1825 = CARTESIAN_POINT ( 'NONE',  ( -8.809631254768838460, -42.93751970071234325, 8.809631254768842012 ) ) ;
#1826 = CARTESIAN_POINT ( 'NONE',  ( -12.45870000000000033, -37.81251970071233615, 0.000000000000000000 ) ) ;
#1827 = CARTESIAN_POINT ( 'NONE',  ( 5.378563107414256805, -39.67887914738683008, -12.98500000000038135 ) ) ;
#1828 = EDGE_CURVE ( 'NONE', #4360, #5568, #362, .T. ) ;
#1829 = CARTESIAN_POINT ( 'NONE',  ( 10.90000000000000213, -8.379804374505724240, 4.514927829866736353 ) ) ;
#1830 = ORIENTED_EDGE ( 'NONE', *, *, #3951, .T. ) ;
#1831 = CARTESIAN_POINT ( 'NONE',  ( -6.674325055353075238E-16, -3.067304374505725129, -10.90000000000000036 ) ) ;
#1832 = CARTESIAN_POINT ( 'NONE',  ( -7.628753538268564813E-16, -38.06251970071233615, -12.45870000000000033 ) ) ;
#1833 = CARTESIAN_POINT ( 'NONE',  ( -4.332135384791492072, -3.375019700712343251, 10.45870000000000033 ) ) ;
#1834 = CARTESIAN_POINT ( 'NONE',  ( -4.556349186104047710, -8.812500000000000000, 10.99999999999999822 ) ) ;
#1835 = CARTESIAN_POINT ( 'NONE',  ( 4.332135384791495625, -5.250019700712343251, 10.45870000000000033 ) ) ;
#1836 = CARTESIAN_POINT ( 'NONE',  ( -10.59056244244750289, -33.50000000000000000, 7.315043461813226955 ) ) ;
#1837 = CARTESIAN_POINT ( 'NONE',  ( 0.000000000000000000, 0.000000000000000000, 0.000000000000000000 ) ) ;
#1838 =( BOUNDED_CURVE ( )  B_SPLINE_CURVE ( 2, ( #1924, #3707, #5461, #1033, #162, #1953, #3732, #5485, #1518 ),
 .UNSPECIFIED., .F., .T. ) 
 B_SPLINE_CURVE_WITH_KNOTS ( ( 3, 2, 2, 2, 3 ),
 ( 0.8863636363636363535, 0.8977272727272727071, 0.9090909090909091717, 0.9204545454545455252, 0.9318181818181818787 ),
 .UNSPECIFIED. ) 
 CURVE ( )  GEOMETRIC_REPRESENTATION_ITEM ( )  RATIONAL_B_SPLINE_CURVE ( ( 1.000000000000000000, 0.9238795325112867385, 1.000000000000000000, 0.9238795325112867385, 1.000000000000000000, 0.9238795325112867385, 1.000000000000000000, 0.9238795325112859613, 1.000000000000000666 ) ) 
 REPRESENTATION_ITEM ( '' )  );
#1839 = CARTESIAN_POINT ( 'NONE',  ( 7.707463914933369686, -2.682735026918963150, 7.707463914933367022 ) ) ;
#1840 = CARTESIAN_POINT ( 'NONE',  ( 12.45870000000000211, -38.62501970071233615, 5.160562509537678366 ) ) ;
#1841 = CARTESIAN_POINT ( 'NONE',  ( -1.927286002264852360, -2.061442953451386059E-15, 10.44578541530859717 ) ) ;
#1842 = CARTESIAN_POINT ( 'NONE',  ( 8.809631254768842012, -35.68751970071234325, 8.809631254768838460 ) ) ;
#1843 = LINE ( 'NONE', #2660, #29 ) ;
#1844 = EDGE_LOOP ( 'NONE', ( #2895, #323, #3670, #1328 ) ) ;
#1845 = CARTESIAN_POINT ( 'NONE',  ( -7.395417692395742648, -0.4375197007123434179, 7.395417692395746201 ) ) ;
#1846 = LINE ( 'NONE', #429, #5228 ) ;
#1847 = CARTESIAN_POINT ( 'NONE',  ( 11.00000000000000355, -1.437539401424686281, 4.556349186104045046 ) ) ;
#1848 = CARTESIAN_POINT ( 'NONE',  ( 13.00000000000000533, -38.06250000000000000, 5.384776310850233116 ) ) ;
#1849 = CARTESIAN_POINT ( 'NONE',  ( 2.288626061480569049E-15, -37.81251970071233615, 12.45870000000000033 ) ) ;
#1850 = CARTESIAN_POINT ( 'NONE',  ( 8.308540127232964423, 6.534971050147863663E-18, -6.516084366877130662 ) ) ;
#1851 = CARTESIAN_POINT ( 'NONE',  ( 4.332135384791495625, -9.250019700712343251, 10.45870000000000033 ) ) ;
#1852 = CARTESIAN_POINT ( 'NONE',  ( -12.45870000000000211, -38.87501970071233615, -5.160562509537680143 ) ) ;
#1853 = CARTESIAN_POINT ( 'NONE',  ( 5.384776310850242886, -40.06253940142469361, 12.99999999999999645 ) ) ;
#1854 = CARTESIAN_POINT ( 'NONE',  ( -8.809631254768838460, -36.68751970071233615, 8.809631254768842012 ) ) ;
#1855 = FACE_OUTER_BOUND ( 'NONE', #98, .T. ) ;
#1856 = DIRECTION ( 'NONE',  ( 0.000000000000000000, 1.000000000000000000, 0.000000000000000000 ) ) ;
#1857 = VERTEX_POINT ( 'NONE', #707 ) ;
#1858 = CARTESIAN_POINT ( 'NONE',  ( 6.658056534492891032, -304.0000000000000000, -25.99365851863674948 ) ) ;
#1859 = CARTESIAN_POINT ( 'NONE',  ( -5.160562509537682807, -35.62501970071234325, 12.45870000000000033 ) ) ;
#1860 = ADVANCED_FACE ( 'NONE', ( #866 ), #370, .T. ) ;
#1861 = CARTESIAN_POINT ( 'NONE',  ( -4.332135384791492072, -6.375019700712343251, 10.45870000000000033 ) ) ;
#1862 = DIRECTION ( 'NONE',  ( 0.000000000000000000, 1.000000000000000000, 0.000000000000000000 ) ) ;
#1863 = CARTESIAN_POINT ( 'NONE',  ( 10.45870000000000033, -3.062519700712343695, -1.280821347824242272E-15 ) ) ;
#1864 = CARTESIAN_POINT ( 'NONE',  ( 0.000000000000000000, -304.0000000000000000, 0.000000000000000000 ) ) ;
#1865 = DIRECTION ( 'NONE',  ( 0.000000000000000000, 0.000000000000000000, 1.000000000000000000 ) ) ;
#1866 = DIRECTION ( 'NONE',  ( 0.000000000000000000, 1.000000000000000000, 0.000000000000000000 ) ) ;
#1867 = DIRECTION ( 'NONE',  ( 0.000000000000000000, 0.000000000000000000, 1.000000000000000000 ) ) ;
#1868 = EDGE_CURVE ( 'NONE', #4098, #3512, #891, .T. ) ;
#1869 = CARTESIAN_POINT ( 'NONE',  ( -8.809631254768840236, -38.18751970071233615, -8.809631254768840236 ) ) ;
#1870 = CARTESIAN_POINT ( 'NONE',  ( -5.160562509537681031, -34.00001970071234325, -12.45870000000000388 ) ) ;
#1871 = CARTESIAN_POINT ( 'NONE',  ( 10.45870000000000033, -9.812519700712345028, -1.280821347824242272E-15 ) ) ;
#1872 = CARTESIAN_POINT ( 'NONE',  ( -12.45870000000000033, -36.06251970071234325, 0.000000000000000000 ) ) ;
#1873 = CARTESIAN_POINT ( 'NONE',  ( 4.514927829866782538, -9.370235026918964039, -10.89999999999995417 ) ) ;
#1874 = CARTESIAN_POINT ( 'NONE',  ( -6.404106739121211359E-16, -0.8125197007123434734, -10.45870000000000033 ) ) ;
#1875 = CARTESIAN_POINT ( 'NONE',  ( -11.00000000000000000, -1.875039401424686059, 0.000000000000000000 ) ) ;
#1876 = CARTESIAN_POINT ( 'NONE',  ( 0.000000000000000000, -203.5000000000000000, 0.000000000000000000 ) ) ;
#1877 = CARTESIAN_POINT ( 'NONE',  ( -12.45870000000000211, -37.12501970071234325, -5.160562509537680143 ) ) ;
#1878 = FACE_OUTER_BOUND ( 'NONE', #3044, .T. ) ;
#1879 = ORIENTED_EDGE ( 'NONE', *, *, #2227, .T. ) ;
#1880 = CARTESIAN_POINT ( 'NONE',  ( -12.45870000000000033, -43.81251970071234325, 0.000000000000000000 ) ) ;
#1881 = CARTESIAN_POINT ( 'NONE',  ( 12.45870000000000033, -35.31251970071234325, -1.525750707653712963E-15 ) ) ;
#1882 = CARTESIAN_POINT ( 'NONE',  ( 5.384776310850236669, -40.68753940142469361, -13.00000000000000000 ) ) ;
#1883 = CARTESIAN_POINT ( 'NONE',  ( -5.160562509537681919, -38.62501970071233615, 12.45870000000000033 ) ) ;
#1884 = CARTESIAN_POINT ( 'NONE',  ( 5.378563107414325195, -42.19616025403784221, 12.98500000000031918 ) ) ;
#1885 = LINE ( 'NONE', #66, #1248 ) ;
#1886 = VERTEX_POINT ( 'NONE', #1793 ) ;
#1887 = COORDINATED_UNIVERSAL_TIME_OFFSET ( 1, 0, .AHEAD. ) ;
#1888 = ORIENTED_EDGE ( 'NONE', *, *, #5285, .T. ) ;
#1889 = CARTESIAN_POINT ( 'NONE',  ( 4.332135384791488519, -4.625019700712345028, -10.45870000000000033 ) ) ;
#1890 = CARTESIAN_POINT ( 'NONE',  ( 10.45870000000000211, -6.875019700712343251, 4.332135384791487631 ) ) ;
#1891 = CARTESIAN_POINT ( 'NONE',  ( -5.378563107414500166, -37.69616025403784221, -12.98500000000013621 ) ) ;
#1892 = CARTESIAN_POINT ( 'NONE',  ( -5.160562509537682807, -37.62501970071233615, 12.45870000000000033 ) ) ;
#1893 = CARTESIAN_POINT ( 'NONE',  ( 1.921232021736363210E-15, -6.312519700712343251, 10.45870000000000033 ) ) ;
#1894 = CYLINDRICAL_SURFACE ( 'NONE', #4967, 12.98499999999999943 ) ;
#1895 = CARTESIAN_POINT ( 'NONE',  ( -5.160562509537681031, -43.00001970071233615, -12.45870000000000211 ) ) ;
#1896 = CARTESIAN_POINT ( 'NONE',  ( 0.000000000000000000, -260.8000000000000114, 0.000000000000000000 ) ) ;
#1897 = ORIENTED_EDGE ( 'NONE', *, *, #307, .F. ) ;
#1898 = EDGE_CURVE ( 'NONE', #225, #1672, #1521, .T. ) ;
#1899 = CARTESIAN_POINT ( 'NONE',  ( -12.45870000000000211, -37.12501970071234325, -5.160562509537680143 ) ) ;
#1900 = CARTESIAN_POINT ( 'NONE',  ( -12.98499999999999943, -35.57116025403784931, -5.378563107414639610 ) ) ;
#1901 = CARTESIAN_POINT ( 'NONE',  ( 7.395417692395746201, -8.937519700712343251, 7.395417692395743536 ) ) ;
#1902 = CARTESIAN_POINT ( 'NONE',  ( -7.628753538268564813E-16, -38.31251970071233615, -12.45870000000000033 ) ) ;
#1903 = CARTESIAN_POINT ( 'NONE',  ( -7.395417692395742648, -2.187519700712343251, 7.395417692395746201 ) ) ;
#1904 = EDGE_CURVE ( 'NONE', #2461, #1308, #970, .T. ) ;
#1905 = AXIS2_PLACEMENT_3D ( 'NONE', #3638, #3295, #3239 ) ;
#1906 = CARTESIAN_POINT ( 'NONE',  ( 10.45870000000000211, -1.125019700712343473, 4.332135384791487631 ) ) ;
#1907 = CYLINDRICAL_SURFACE ( 'NONE', #1712, 10.90000000000000036 ) ;
#1908 = CARTESIAN_POINT ( 'NONE',  ( 2.020667218593132706E-15, -0.6250394014246860586, 11.00000000000000000 ) ) ;
#1909 = AXIS2_PLACEMENT_3D ( 'NONE', #610, #2389, #2912 ) ;
#1910 = CARTESIAN_POINT ( 'NONE',  ( -4.514927829866754116, -3.629804374505723796, 10.89999999999998259 ) ) ;
#1911 = AXIS2_PLACEMENT_3D ( 'NONE', #1177, #2499, #5625 ) ;
#1912 = CARTESIAN_POINT ( 'NONE',  ( 5.160562509537688136, -37.50001970071233615, 12.45869999999999855 ) ) ;
#1913 = CARTESIAN_POINT ( 'NONE',  ( -10.72934999999999839, -10.15625985035617163, 0.000000000000000000 ) ) ;
#1914 = CARTESIAN_POINT ( 'NONE',  ( -5.384776310850238445, -41.18753940142468650, 12.99999999999999822 ) ) ;
#1915 = CARTESIAN_POINT ( 'NONE',  ( -5.160562509537681919, -36.62501970071234325, 12.45870000000000033 ) ) ;
#1916 = CYLINDRICAL_SURFACE ( 'NONE', #1909, 12.98499999999999943 ) ;
#1917 = CARTESIAN_POINT ( 'NONE',  ( 2.002297516605922276E-15, -7.567304374505723352, 10.90000000000000036 ) ) ;
#1918 = ORIENTED_EDGE ( 'NONE', *, *, #5254, .T. ) ;
#1919 =( NAMED_UNIT ( * ) PLANE_ANGLE_UNIT ( ) SI_UNIT ( $, .RADIAN. ) );
#1920 = CARTESIAN_POINT ( 'NONE',  ( 0.000000000000000000, -264.0000000000000000, 0.000000000000000000 ) ) ;
#1921 = LOCAL_TIME ( 23, 13, 58.00000000000000000, #230 ) ;
#1922 = CARTESIAN_POINT ( 'NONE',  ( -8.809631254768838460, -41.68751970071234325, 8.809631254768842012 ) ) ;
#1923 = CARTESIAN_POINT ( 'NONE',  ( 10.45870000000000033, -9.000019700712343251, -4.332135384791490296 ) ) ;
#1924 = CARTESIAN_POINT ( 'NONE',  ( 2.002297516605922276E-15, -9.567304374505724240, 10.90000000000000036 ) ) ;
#1925 = CARTESIAN_POINT ( 'NONE',  ( 12.45870000000000033, -43.31251970071234325, -1.525750707653712963E-15 ) ) ;
#1926 = DIRECTION ( 'NONE',  ( 0.000000000000000000, 0.000000000000000000, 1.000000000000000000 ) ) ;
#1927 =( BOUNDED_SURFACE ( )  B_SPLINE_SURFACE ( 1, 2, ( 
 ( #5147, #4262, #5093, #633, #1165, #3773, #720, #3365, #2994, #2439, #1106, #4749, #4211, #1999, #1562, #2110, #2462, #3340, #4663, #1586, #5640, #663, #4718, #2514, #2030, #4239, #3797, #5552, #3851, #5118, #1133, #2935, #2488, #5613, #4291, #4694, #283, #2081, #3135, #23, #3508, #4028, #889, #1281, #430, #458, #830, #5731, #2629, #3478, #5201, #3969, #2135, #4862, #1729, #1344, #4778, #5227, #2694, #2573, #4347, #338, #4465, #803, #3904, #5667, #5696, #3450, #1221, #1757, #2663, #364, #1699, #778, #3021, #2230, #1254, #3563, #3051, #4836, #3999, #4403, #5259, #3077, #4809, #2599, #4374, #394, #2163, #3933, #2198, #3534, #5760, #5286, #1311, #3103, #4435, #1784, #4560, #121, #5355, #4502, #3604, #1054, #3635, #4957, #3665, #1853, #2819, #1386, #3173, #2855, #3697, #522, #4583, #2794, #930, #1882, #493, #94, #2297, #2326, #4066, #580, #5451, #1914, #1485, #3265, #177, #1507, #2731, #5385, #63, #553, #1419, #2387, #5015, #3202, #4093, #5417, #964, #2765, #1455, #993, #2356, #4124, #4155, #153, #1943, #5474, #3291, #4613, #5043, #608, #2415, #4183, #5094, #2025, #5035, #1582, #5574, #3716, #1159, #5495, #2960, #715, #145, #1934, #603, #5468, #3098, #1724, #3444, #742, #1668, #3473, #1696 ),
 ( #2624, #5196, #3502, #797, #1639, #358, #2129, #2074, #770, #2536, #1275, #3899, #4857, #5253, #3418, #2567, #855, #3072, #4830, #1304, #5222, #2592, #1246, #4314, #277, #4802, #2988, #826, #4341, #387, #5603, #306, #3963, #5170, #1186, #4741, #5723, #1214, #2103, #3875, #331, #1752, #3844, #4369, #4395, #4770, #5634, #5663, #4286, #2191, #2158, #5280, #3926, #4053, #3217, #3621, #916, #4486, #2342, #4109, #5002, #2714, #3251, #112, #476, #1899, #5403, #1812, #4428, #50, #508, #2781, #1402, #4941, #424, #3559, #2657, #3683, #2689, #4021, #2281, #885, #1869, #2224, #3992, #5435, #4521, #5341, #3651, #1840, #5754, #946, #5310, #4918, #3129, #1373, #4890, #79, #2312, #1435, #979, #4547, #1779, #539, #4460, #453, #2255, #1472, #17, #3589, #3161, #3711, #1957, #3736, #2401, #4170, #1012, #2870, #4200, #3329, #191, #1038, #2373, #1551, #1499, #2453, #4630, #2924, #2835, #4602, #682, #598, #166, #5489, #241, #1524, #3307, #622, #3758, #2042, #2896, #651, #4227, #217, #2019, #3788, #3813, #5108, #1600, #1120, #32, #2636, #3, #405, #3516, #1291, #4900, #896, #1825, #5267, #5135, #2701, #3086, #4472, #2239, #4381, #1151, #4411, #3112, #5324, #2207, #1764, #2953, #346, #4707, #464, #5235 ) ),
 .UNSPECIFIED., .F., .F., .F. ) 
 B_SPLINE_SURFACE_WITH_KNOTS ( ( 2, 2 ),
 ( 3, 2, 2, 2, 2, 2, 2, 2, 2, 2, 2, 2, 2, 2, 2, 2, 2, 2, 2, 2, 2, 2, 2, 2, 2, 2, 2, 2, 2, 2, 2, 2, 2, 2, 2, 2, 2, 2, 2, 2, 2, 2, 2, 2, 2, 2, 2, 2, 2, 2, 2, 2, 2, 2, 2, 2, 2, 2, 2, 2, 2, 2, 2, 2, 2, 2, 2, 2, 2, 2, 2, 2, 2, 2, 2, 2, 2, 2, 2, 2, 2, 2, 2, 2, 2, 2, 2, 2, 3 ),
 ( 0.000000000000000000, 1.000000000000000000 ),
 ( 0.000000000000000000, 0.01136363636363636395, 0.02272727272727272790, 0.03409090909090908839, 0.04545454545454545581, 0.05681818181818181629, 0.06818181818181817677, 0.07954545454545454419, 0.09090909090909091161, 0.1022727272727272790, 0.1136363636363636326, 0.1250000000000000000, 0.1363636363636363535, 0.1477272727272727348, 0.1590909090909090884, 0.1704545454545454419, 0.1818181818181818232, 0.1931818181818181768, 0.2045454545454545581, 0.2159090909090909116, 0.2272727272727272652, 0.2386363636363636465, 0.2500000000000000000, 0.2613636363636363535, 0.2727272727272727071, 0.2840909090909091161, 0.2954545454545454697, 0.3068181818181818232, 0.3181818181818181768, 0.3295454545454545303, 0.3409090909090908839, 0.3522727272727272929, 0.3636363636363636465, 0.3750000000000000000, 0.3863636363636363535, 0.3977272727272727071, 0.4090909090909091161, 0.4204545454545454697, 0.4318181818181818232, 0.4431818181818181768, 0.4545454545454545303, 0.4659090909090908839, 0.4772727272727272929, 0.4886363636363636465, 0.5000000000000000000, 0.5113636363636363535, 0.5227272727272727071, 0.5340909090909090606, 0.5454545454545454142, 0.5568181818181817677, 0.5681818181818182323, 0.5795454545454545858, 0.5909090909090909394, 0.6022727272727272929, 0.6136363636363636465, 0.6250000000000000000, 0.6363636363636363535, 0.6477272727272727071, 0.6590909090909090606, 0.6704545454545454142, 0.6818181818181817677, 0.6931818181818182323, 0.7045454545454545858, 0.7159090909090909394, 0.7272727272727272929, 0.7386363636363636465, 0.7500000000000000000, 0.7613636363636363535, 0.7727272727272727071, 0.7840909090909090606, 0.7954545454545454142, 0.8068181818181817677, 0.8181818181818182323, 0.8295454545454545858, 0.8409090909090909394, 0.8522727272727272929, 0.8636363636363636465, 0.8750000000000000000, 0.8863636363636363535, 0.8977272727272727071, 0.9090909090909090606, 0.9204545454545454142, 0.9318181818181817677, 0.9431818181818182323, 0.9545454545454545858, 0.9659090909090909394, 0.9772727272727272929, 0.9886363636363636465, 1.000000000000000000 ),
 .UNSPECIFIED. ) 
 GEOMETRIC_REPRESENTATION_ITEM ( )  RATIONAL_B_SPLINE_SURFACE ( (
 ( 1.000000000000000000, 0.9238795325112867385, 1.000000000000000000, 0.9238795325112867385, 1.000000000000000000, 0.9238795325112867385, 1.000000000000000000, 0.9238795325112867385, 1.000000000000000000, 0.9238795325112867385, 1.000000000000000000, 0.9238795325112867385, 1.000000000000000000, 0.9238795325112867385, 1.000000000000000000, 0.9238795325112867385, 1.000000000000000000, 0.9238795325112867385, 1.000000000000000000, 0.9238795325112867385, 1.000000000000000000, 0.9238795325112867385, 1.000000000000000000, 0.9238795325112867385, 1.000000000000000000, 0.9238795325112867385, 1.000000000000000000, 0.9238795325112867385, 1.000000000000000000, 0.9238795325112867385, 1.000000000000000000, 0.9238795325112867385, 1.000000000000000000, 0.9238795325112867385, 1.000000000000000000, 0.9238795325112867385, 1.000000000000000000, 0.9238795325112867385, 1.000000000000000000, 0.9238795325112867385, 1.000000000000000000, 0.9238795325112867385, 1.000000000000000000, 0.9238795325112867385, 1.000000000000000000, 0.9238795325112867385, 1.000000000000000000, 0.9238795325112867385, 1.000000000000000000, 0.9238795325112867385, 1.000000000000000000, 0.9238795325112867385, 1.000000000000000000, 0.9238795325112867385, 1.000000000000000000, 0.9238795325112867385, 1.000000000000000000, 0.9238795325112867385, 1.000000000000000000, 0.9238795325112867385, 1.000000000000000000, 0.9238795325112867385, 1.000000000000000000, 0.9238795325112867385, 1.000000000000000000, 0.9238795325112867385, 1.000000000000000000, 0.9238795325112867385, 1.000000000000000000, 0.9238795325112867385, 1.000000000000000000, 0.9238795325112867385, 1.000000000000000000, 0.9238795325112867385, 1.000000000000000000, 0.9238795325112867385, 1.000000000000000000, 0.9238795325112867385, 1.000000000000000000, 0.9238795325112867385, 1.000000000000000000, 0.9238795325112867385, 1.000000000000000000, 0.9238795325112867385, 1.000000000000000000, 0.9238795325112867385, 1.000000000000000000, 0.9238795325112867385, 1.000000000000000000, 0.9238795325112867385, 1.000000000000000000, 0.9238795325112867385, 1.000000000000000000, 0.9238795325112867385, 1.000000000000000000, 0.9238795325112867385, 1.000000000000000000, 0.9238795325112867385, 1.000000000000000000, 0.9238795325112867385, 1.000000000000000000, 0.9238795325112867385, 1.000000000000000000, 0.9238795325112867385, 1.000000000000000000, 0.9238795325112867385, 1.000000000000000000, 0.9238795325112867385, 1.000000000000000000, 0.9238795325112867385, 1.000000000000000000, 0.9238795325112867385, 1.000000000000000000, 0.9238795325112867385, 1.000000000000000000, 0.9238795325112867385, 1.000000000000000000, 0.9238795325112867385, 1.000000000000000000, 0.9238795325112867385, 1.000000000000000000, 0.9238795325112867385, 1.000000000000000000, 0.9238795325112867385, 1.000000000000000000, 0.9238795325112867385, 1.000000000000000000, 0.9238795325112867385, 1.000000000000000000, 0.9238795325112867385, 1.000000000000000000, 0.9238795325112867385, 1.000000000000000000, 0.9238795325112867385, 1.000000000000000000, 0.9238795325112867385, 1.000000000000000000, 0.9238795325112867385, 1.000000000000000000, 0.9238795325112867385, 1.000000000000000000, 0.9238795325112867385, 1.000000000000000000, 0.9238795325112867385, 1.000000000000000000, 0.9238795325112867385, 1.000000000000000000, 0.9238795325112867385, 1.000000000000000000, 0.9238795325112867385, 1.000000000000000000, 0.9238795325112867385, 1.000000000000000000, 0.9238795325112867385, 1.000000000000000000, 0.9238795325112867385, 1.000000000000000000, 0.9238795325112867385, 1.000000000000000000, 0.9238795325112867385, 1.000000000000000000, 0.9238795325112867385, 1.000000000000000000, 0.9238795325112867385, 1.000000000000000000, 0.9238795325112867385, 1.000000000000000000, 0.9238795325112867385, 1.000000000000000000, 0.9238795325112867385, 1.000000000000000000, 0.9238795325112867385, 1.000000000000000000, 0.9238795325112867385, 1.000000000000000000, 0.9238795325112867385, 1.000000000000000000),
 ( 1.000000000000000000, 0.9238795325112867385, 1.000000000000000000, 0.9238795325112867385, 1.000000000000000000, 0.9238795325112867385, 1.000000000000000000, 0.9238795325112867385, 1.000000000000000000, 0.9238795325112867385, 1.000000000000000000, 0.9238795325112867385, 1.000000000000000000, 0.9238795325112867385, 1.000000000000000000, 0.9238795325112867385, 1.000000000000000000, 0.9238795325112867385, 1.000000000000000000, 0.9238795325112867385, 1.000000000000000000, 0.9238795325112867385, 1.000000000000000000, 0.9238795325112867385, 1.000000000000000000, 0.9238795325112867385, 1.000000000000000000, 0.9238795325112867385, 1.000000000000000000, 0.9238795325112867385, 1.000000000000000000, 0.9238795325112867385, 1.000000000000000000, 0.9238795325112867385, 1.000000000000000000, 0.9238795325112867385, 1.000000000000000000, 0.9238795325112867385, 1.000000000000000000, 0.9238795325112867385, 1.000000000000000000, 0.9238795325112867385, 1.000000000000000000, 0.9238795325112867385, 1.000000000000000000, 0.9238795325112867385, 1.000000000000000000, 0.9238795325112867385, 1.000000000000000000, 0.9238795325112867385, 1.000000000000000000, 0.9238795325112867385, 1.000000000000000000, 0.9238795325112867385, 1.000000000000000000, 0.9238795325112867385, 1.000000000000000000, 0.9238795325112867385, 1.000000000000000000, 0.9238795325112867385, 1.000000000000000000, 0.9238795325112867385, 1.000000000000000000, 0.9238795325112867385, 1.000000000000000000, 0.9238795325112867385, 1.000000000000000000, 0.9238795325112867385, 1.000000000000000000, 0.9238795325112867385, 1.000000000000000000, 0.9238795325112867385, 1.000000000000000000, 0.9238795325112867385, 1.000000000000000000, 0.9238795325112867385, 1.000000000000000000, 0.9238795325112867385, 1.000000000000000000, 0.9238795325112867385, 1.000000000000000000, 0.9238795325112867385, 1.000000000000000000, 0.9238795325112867385, 1.000000000000000000, 0.9238795325112867385, 1.000000000000000000, 0.9238795325112867385, 1.000000000000000000, 0.9238795325112867385, 1.000000000000000000, 0.9238795325112867385, 1.000000000000000000, 0.9238795325112867385, 1.000000000000000000, 0.9238795325112867385, 1.000000000000000000, 0.9238795325112867385, 1.000000000000000000, 0.9238795325112867385, 1.000000000000000000, 0.9238795325112867385, 1.000000000000000000, 0.9238795325112867385, 1.000000000000000000, 0.9238795325112867385, 1.000000000000000000, 0.9238795325112867385, 1.000000000000000000, 0.9238795325112867385, 1.000000000000000000, 0.9238795325112867385, 1.000000000000000000, 0.9238795325112867385, 1.000000000000000000, 0.9238795325112867385, 1.000000000000000000, 0.9238795325112867385, 1.000000000000000000, 0.9238795325112867385, 1.000000000000000000, 0.9238795325112867385, 1.000000000000000000, 0.9238795325112867385, 1.000000000000000000, 0.9238795325112867385, 1.000000000000000000, 0.9238795325112867385, 1.000000000000000000, 0.9238795325112867385, 1.000000000000000000, 0.9238795325112867385, 1.000000000000000000, 0.9238795325112867385, 1.000000000000000000, 0.9238795325112867385, 1.000000000000000000, 0.9238795325112867385, 1.000000000000000000, 0.9238795325112867385, 1.000000000000000000, 0.9238795325112867385, 1.000000000000000000, 0.9238795325112867385, 1.000000000000000000, 0.9238795325112867385, 1.000000000000000000, 0.9238795325112867385, 1.000000000000000000, 0.9238795325112867385, 1.000000000000000000, 0.9238795325112867385, 1.000000000000000000, 0.9238795325112867385, 1.000000000000000000, 0.9238795325112867385, 1.000000000000000000, 0.9238795325112867385, 1.000000000000000000, 0.9238795325112867385, 1.000000000000000000, 0.9238795325112867385, 1.000000000000000000, 0.9238795325112867385, 1.000000000000000000, 0.9238795325112867385, 1.000000000000000000, 0.9238795325112867385, 1.000000000000000000, 0.9238795325112867385, 1.000000000000000000, 0.9238795325112867385, 1.000000000000000000, 0.9238795325112867385, 1.000000000000000000, 0.9238795325112867385, 1.000000000000000000) ) ) 
 REPRESENTATION_ITEM ( '' )  SURFACE ( )  );
#1928 = ORIENTED_EDGE ( 'NONE', *, *, #2293, .F. ) ;
#1929 = CARTESIAN_POINT ( 'NONE',  ( -12.98499999999999943, -35.42887914738683719, -5.378563107414639610 ) ) ;
#1930 = CARTESIAN_POINT ( 'NONE',  ( 2.478970674426418608, -33.53249668154237639, 12.45869999999999855 ) ) ;
#1931 = CARTESIAN_POINT ( 'NONE',  ( -11.00000000000000000, 0.9374999999999992228, -4.556349186104045934 ) ) ;
#1932 = EDGE_CURVE ( 'NONE', #5644, #4753, #5161, .T. ) ;
#1933 = CARTESIAN_POINT ( 'NONE',  ( -8.809631254768838460, -35.93751970071234325, 8.809631254768842012 ) ) ;
#1934 = CARTESIAN_POINT ( 'NONE',  ( 13.00000000000000000, -43.81253940142469361, -5.384776310850237557 ) ) ;
#1935 = DIRECTION ( 'NONE',  ( 0.000000000000000000, 1.000000000000000000, 0.000000000000000000 ) ) ;
#1936 = CARTESIAN_POINT ( 'NONE',  ( -11.00000000000000000, -0.9375394014246861696, -4.556349186104045934 ) ) ;
#1937 = EDGE_CURVE ( 'NONE', #4243, #5098, #1238, .T. ) ;
#1938 = CARTESIAN_POINT ( 'NONE',  ( 10.45870000000000033, -9.812519700712345028, -1.280821347824242272E-15 ) ) ;
#1939 = ORIENTED_EDGE ( 'NONE', *, *, #3467, .T. ) ;
#1940 = CARTESIAN_POINT ( 'NONE',  ( 4.332135384791488519, -8.875019700712343251, -10.45870000000000033 ) ) ;
#1941 = CARTESIAN_POINT ( 'NONE',  ( 8.809631254768842012, -35.43751970071234325, 8.809631254768838460 ) ) ;
#1942 = DIRECTION ( 'NONE',  ( -1.000000000000000000, 0.000000000000000000, 0.000000000000000000 ) ) ;
#1943 = CARTESIAN_POINT ( 'NONE',  ( -7.960204194457795477E-16, -42.62503940142468650, -13.00000000000000000 ) ) ;
#1944 = CARTESIAN_POINT ( 'NONE',  ( 2.288626061480569049E-15, -37.56251970071233615, 12.45870000000000033 ) ) ;
#1945 = CARTESIAN_POINT ( 'NONE',  ( 4.514927829866691944, -7.745235026918964927, 10.90000000000005009 ) ) ;
#1946 = CARTESIAN_POINT ( 'NONE',  ( 4.003536744931111002, 1.408874815470255307E-17, 9.662096005628718842 ) ) ;
#1947 = EDGE_LOOP ( 'NONE', ( #1727, #2527 ) ) ;
#1948 = CARTESIAN_POINT ( 'NONE',  ( -4.332135384791490296, -4.500019700712345028, -10.45870000000000033 ) ) ;
#1949 = CARTESIAN_POINT ( 'NONE',  ( 7.395417692395743536, -6.687519700712344140, -7.395417692395744425 ) ) ;
#1950 = CARTESIAN_POINT ( 'NONE',  ( -6.658056534492891032, -304.0000000000000000, 25.99365851863674948 ) ) ;
#1951 = CARTESIAN_POINT ( 'NONE',  ( 5.160562509537688136, -40.50001970071234325, 12.45869999999999855 ) ) ;
#1952 = CARTESIAN_POINT ( 'NONE',  ( -10.45870000000000033, -8.562519700712345028, 0.000000000000000000 ) ) ;
#1953 = CARTESIAN_POINT ( 'NONE',  ( -10.90000000000000036, -9.879804374505724240, -4.514927829866737241 ) ) ;
#1954 = CARTESIAN_POINT ( 'NONE',  ( -12.98499999999999943, -43.36637914738684429, 0.000000000000000000 ) ) ;
#1955 = CYLINDRICAL_SURFACE ( 'NONE', #1818, 10.90000000000000036 ) ;
#1956 = CARTESIAN_POINT ( 'NONE',  ( -10.89999999999999858, -8.995235026918962262, 4.514927829866743458 ) ) ;
#1957 = CARTESIAN_POINT ( 'NONE',  ( -12.45870000000000033, -40.06251970071234325, 0.000000000000000000 ) ) ;
#1958 = CARTESIAN_POINT ( 'NONE',  ( 1.590203868692838131E-15, -57.50000000000000000, -12.98499999999999943 ) ) ;
#1959 = CARTESIAN_POINT ( 'NONE',  ( 4.332135384791488519, -7.625019700712344140, -10.45870000000000033 ) ) ;
#1960 = CARTESIAN_POINT ( 'NONE',  ( 7.395417692395743536, -5.687519700712344140, -7.395417692395744425 ) ) ;
#1961 = CARTESIAN_POINT ( 'NONE',  ( -7.960204194457795477E-16, -37.75000000000000000, -13.00000000000000000 ) ) ;
#1962 = CARTESIAN_POINT ( 'NONE',  ( -8.809631254768840236, -42.18751970071234325, -8.809631254768840236 ) ) ;
#1963 = CARTESIAN_POINT ( 'NONE',  ( 10.45870000000000033, -1.812519700712343473, -1.280821347824242272E-15 ) ) ;
#1964 = CARTESIAN_POINT ( 'NONE',  ( 11.00000000000000000, -4.312539401424686503, -4.556349186104045934 ) ) ;
#1965 = CARTESIAN_POINT ( 'NONE',  ( 2.385305803039257098E-15, -36.11637914738684429, 12.98499999999999943 ) ) ;
#1966 = ORIENTED_EDGE ( 'NONE', *, *, #5611, .T. ) ;
#1967 = EDGE_CURVE ( 'NONE', #606, #1886, #5197, .T. ) ;
#1968 = CARTESIAN_POINT ( 'NONE',  ( -4.556349186104047710, -5.687539401424685614, 10.99999999999999822 ) ) ;
#1969 = CARTESIAN_POINT ( 'NONE',  ( -8.809631254768840236, -36.93751970071233615, -8.809631254768840236 ) ) ;
#1970 = CARTESIAN_POINT ( 'NONE',  ( 5.160562509537688136, -42.50001970071234325, 12.45869999999999855 ) ) ;
#1971 = DIRECTION ( 'NONE',  ( 0.8660254037844394848, -0.4999999999999983902, -0.000000000000000000 ) ) ;
#1972 = CARTESIAN_POINT ( 'NONE',  ( -7.395417692395744425, -0.4375197007123436399, -7.395417692395744425 ) ) ;
#1973 = DIRECTION ( 'NONE',  ( 0.000000000000000000, 1.000000000000000000, 0.000000000000000000 ) ) ;
#1974 = ORIENTED_EDGE ( 'NONE', *, *, #2362, .T. ) ;
#1975 = CARTESIAN_POINT ( 'NONE',  ( 4.514927829866708819, -8.504804374505724240, 10.90000000000003233 ) ) ;
#1976 =( BOUNDED_CURVE ( )  B_SPLINE_CURVE ( 2, ( #5223, #4805, #2225, #773, #2569, #4429, #5664, #5255, #1754, #3965, #3046, #798, #4831, #5281, #827, #2625, #856, #2193, #5725, #1306, #5756, #5005, #2690, #3162, #4023, #510, #1814, #4550, #3654, #18, #2282, #4054, #2717, #4488, #1340, #3191, #1842, #3714, #4146, #2377, #1933, #5375, #1872, #1375, #3131, #478, #2257, #4112, #51, #4919, #1404, #2315, #4977, #4461, #3592, #5406, #1439, #5343, #4524, #4891, #2784, #455, #4080, #950, #144, #82, #3221, #982, #917, #886, #542, #3623, #2345, #4944, #3254, #2751, #115, #1015, #1902, #3687, #5440, #1476, #2812, #4577, #571, #274, #3333, #2072, #4258, #3763, #1579, #2900, #4713, #222, #4635, #714, #5467, #5572, #627, #1502, #5493, #1556, #5519, #1157, #4174, #246, #686, #4606, #5112, #3357, #3283, #5087, #5034, #2047, #1100, #1126, #4658, #2508, #2023, #2431, #4283, #1042, #655, #3817, #2457, #4232, #3792, #5140, #2959, #5545, #2840, #2484, #2928, #4683, #602, #1606, #4204, #2406, #3386, #170, #1962, #3740, #1528, #3312, #5063, #1076, #2874, #195, #1989, #5632, #2643, #5743, #1390, #4310, #2987, #5359, #4846, #871, #2704, #4905, #3417, #411, #4739, #4418, #2533, #1361, #8, #2244, #445, #4012, #498 ),
 .UNSPECIFIED., .F., .T. ) 
 B_SPLINE_CURVE_WITH_KNOTS ( ( 3, 2, 2, 2, 2, 2, 2, 2, 2, 2, 2, 2, 2, 2, 2, 2, 2, 2, 2, 2, 2, 2, 2, 2, 2, 2, 2, 2, 2, 2, 2, 2, 2, 2, 2, 2, 2, 2, 2, 2, 2, 2, 2, 2, 2, 2, 2, 2, 2, 2, 2, 2, 2, 2, 2, 2, 2, 2, 2, 2, 2, 2, 2, 2, 2, 2, 2, 2, 2, 2, 2, 2, 2, 2, 2, 2, 2, 2, 2, 2, 2, 2, 2, 2, 2, 3 ),
 ( 0.03977100446365151865, 0.04545454545454545581, 0.05681818181818181629, 0.06818181818181817677, 0.07954545454545454419, 0.09090909090909091161, 0.1022727272727272790, 0.1136363636363636326, 0.1250000000000000000, 0.1363636363636363535, 0.1477272727272727348, 0.1590909090909090884, 0.1704545454545454142, 0.1818181818181818232, 0.1931818181818181768, 0.2045454545454545303, 0.2159090909090908839, 0.2272727272727272374, 0.2386363636363636465, 0.2500000000000000000, 0.2613636363636363535, 0.2727272727272727071, 0.2840909090909091161, 0.2954545454545454697, 0.3068181818181818232, 0.3181818181818181768, 0.3295454545454545303, 0.3409090909090908839, 0.3522727272727272929, 0.3636363636363636465, 0.3750000000000000000, 0.3863636363636363535, 0.3977272727272727071, 0.4090909090909091161, 0.4204545454545454697, 0.4318181818181818232, 0.4431818181818181768, 0.4545454545454545303, 0.4659090909090908839, 0.4772727272727272929, 0.4886363636363636465, 0.5000000000000000000, 0.5113636363636363535, 0.5227272727272727071, 0.5340909090909090606, 0.5454545454545454142, 0.5568181818181817677, 0.5681818181818182323, 0.5795454545454545858, 0.5909090909090909394, 0.6022727272727272929, 0.6136363636363636465, 0.6250000000000000000, 0.6363636363636363535, 0.6477272727272727071, 0.6590909090909090606, 0.6704545454545454142, 0.6818181818181817677, 0.6931818181818182323, 0.7045454545454545858, 0.7159090909090909394, 0.7272727272727272929, 0.7386363636363636465, 0.7500000000000000000, 0.7613636363636363535, 0.7727272727272727071, 0.7840909090909090606, 0.7954545454545454142, 0.8068181818181817677, 0.8181818181818182323, 0.8295454545454545858, 0.8409090909090909394, 0.8522727272727272929, 0.8636363636363636465, 0.8750000000000000000, 0.8863636363636363535, 0.8977272727272727071, 0.9090909090909090606, 0.9204545454545454142, 0.9318181818181817677, 0.9431818181818182323, 0.9545454545454545858, 0.9659090909090909394, 0.9772727272727272929, 0.9886363636363636465, 1.000000000000000000 ),
 .UNSPECIFIED. ) 
 CURVE ( )  GEOMETRIC_REPRESENTATION_ITEM ( )  RATIONAL_B_SPLINE_CURVE ( ( 0.9619397697548619508, 0.9619282258448061951, 1.000000000000000000, 0.9238795325112867385, 1.000000000000000000, 0.9238795325112867385, 1.000000000000000000, 0.9238795325112867385, 1.000000000000000000, 0.9238795325112867385, 1.000000000000000000, 0.9238795325112867385, 1.000000000000000000, 0.9238795325112867385, 1.000000000000000000, 0.9238795325112867385, 1.000000000000000000, 0.9238795325112867385, 1.000000000000000000, 0.9238795325112867385, 1.000000000000000000, 0.9238795325112867385, 1.000000000000000000, 0.9238795325112867385, 1.000000000000000000, 0.9238795325112867385, 1.000000000000000000, 0.9238795325112867385, 1.000000000000000000, 0.9238795325112867385, 1.000000000000000000, 0.9238795325112867385, 1.000000000000000000, 0.9238795325112867385, 1.000000000000000000, 0.9238795325112867385, 1.000000000000000000, 0.9238795325112867385, 1.000000000000000000, 0.9238795325112867385, 1.000000000000000000, 0.9238795325112867385, 1.000000000000000000, 0.9238795325112867385, 1.000000000000000000, 0.9238795325112867385, 1.000000000000000000, 0.9238795325112867385, 1.000000000000000000, 0.9238795325112867385, 1.000000000000000000, 0.9238795325112867385, 1.000000000000000000, 0.9238795325112867385, 1.000000000000000000, 0.9238795325112867385, 1.000000000000000000, 0.9238795325112867385, 1.000000000000000000, 0.9238795325112867385, 1.000000000000000000, 0.9238795325112867385, 1.000000000000000000, 0.9238795325112867385, 1.000000000000000000, 0.9238795325112867385, 1.000000000000000000, 0.9238795325112867385, 1.000000000000000000, 0.9238795325112867385, 1.000000000000000000, 0.9238795325112867385, 1.000000000000000000, 0.9238795325112867385, 1.000000000000000000, 0.9238795325112867385, 1.000000000000000000, 0.9238795325112867385, 1.000000000000000000, 0.9238795325112867385, 1.000000000000000000, 0.9238795325112867385, 1.000000000000000000, 0.9238795325112867385, 1.000000000000000000, 0.9238795325112867385, 1.000000000000000000, 0.9238795325112867385, 1.000000000000000000, 0.9238795325112867385, 1.000000000000000000, 0.9238795325112867385, 1.000000000000000000, 0.9238795325112867385, 1.000000000000000000, 0.9238795325112867385, 1.000000000000000000, 0.9238795325112867385, 1.000000000000000000, 0.9238795325112867385, 1.000000000000000000, 0.9238795325112867385, 1.000000000000000000, 0.9238795325112867385, 1.000000000000000000, 0.9238795325112867385, 1.000000000000000000, 0.9238795325112867385, 1.000000000000000000, 0.9238795325112867385, 1.000000000000000000, 0.9238795325112867385, 1.000000000000000000, 0.9238795325112867385, 1.000000000000000000, 0.9238795325112867385, 1.000000000000000000, 0.9238795325112867385, 1.000000000000000000, 0.9238795325112867385, 1.000000000000000000, 0.9238795325112867385, 1.000000000000000000, 0.9238795325112867385, 1.000000000000000000, 0.9238795325112867385, 1.000000000000000000, 0.9238795325112867385, 1.000000000000000000, 0.9238795325112867385, 1.000000000000000000, 0.9238795325112867385, 1.000000000000000000, 0.9238795325112867385, 1.000000000000000000, 0.9238795325112867385, 1.000000000000000000, 0.9238795325112867385, 1.000000000000000000, 0.9238795325112867385, 1.000000000000000000, 0.9238795325112867385, 1.000000000000000000, 0.9238795325112867385, 1.000000000000000000, 0.9238795325112867385, 1.000000000000000000, 0.9238795325112867385, 1.000000000000000000, 0.9238795325112867385, 1.000000000000000000, 0.9238795325112867385, 1.000000000000000000, 0.9238795325112867385, 1.000000000000000000, 0.9238795325112867385, 1.000000000000000000, 0.9238795325112867385, 1.000000000000000000, 0.9238795325112867385, 1.000000000000000000, 0.9238795325112867385, 1.000000000000000000, 0.9238795325112867385, 1.000000000000000000, 0.9238795325112867385, 1.000000000000000000, 0.9238795325112867385, 1.000000000000000000, 0.9238795325112867385, 1.000000000000000000 ) ) 
 REPRESENTATION_ITEM ( '' )  );
#1977 = EDGE_CURVE ( 'NONE', #3025, #3454, #900, .T. ) ;
#1978 = CARTESIAN_POINT ( 'NONE',  ( -4.332135384791492072, -10.12501970071234503, 10.45870000000000033 ) ) ;
#1979 = CARTESIAN_POINT ( 'NONE',  ( 5.160562509537679254, -40.12501970071234325, -12.45870000000000388 ) ) ;
#1980 = CARTESIAN_POINT ( 'NONE',  ( -4.332135384791490296, -9.750019700712343251, -10.45870000000000033 ) ) ;
#1981 = CARTESIAN_POINT ( 'NONE',  ( 2.002297516605922276E-15, -4.807735026918962262, 10.90000000000000036 ) ) ;
#1982 = CARTESIAN_POINT ( 'NONE',  ( -12.45870000000000033, -43.81251970071234325, 0.000000000000000000 ) ) ;
#1983 = CYLINDRICAL_SURFACE ( 'NONE', #3037, 12.75000000000000000 ) ;
#1984 = EDGE_LOOP ( 'NONE', ( #4159, #4393, #2271, #5318, #4343 ) ) ;
#1985 = CARTESIAN_POINT ( 'NONE',  ( -4.514927829866759446, -8.870235026918960486, 10.89999999999997726 ) ) ;
#1986 = LINE ( 'NONE', #980, #760 ) ;
#1987 = CARTESIAN_POINT ( 'NONE',  ( 10.45870000000000033, -8.812519700712343251, -1.280821347824242272E-15 ) ) ;
#1988 = CARTESIAN_POINT ( 'NONE',  ( -13.00000000000000000, -37.56250000000000000, -5.384776310850237557 ) ) ;
#1989 = CARTESIAN_POINT ( 'NONE',  ( 8.809631254768842012, -42.68751970071234325, 8.809631254768838460 ) ) ;
#1990 = LINE ( 'NONE', #2841, #681 ) ;
#1991 = CARTESIAN_POINT ( 'NONE',  ( -6.404106739121211359E-16, 0.4374802992876564711, -10.45870000000000033 ) ) ;
#1992 =( BOUNDED_CURVE ( )  B_SPLINE_CURVE ( 2, ( #3175, #4929, #495, #5453, #5476, #1108, #2857, #4615, #3318 ),
 .UNSPECIFIED., .F., .T. ) 
 B_SPLINE_CURVE_WITH_KNOTS ( ( 3, 2, 2, 2, 3 ),
 ( 0.6136363636363635354, 0.6249999999999998890, 0.6363636363636362425, 0.6477272727272725961, 0.6590909090909090606 ),
 .UNSPECIFIED. ) 
 CURVE ( )  GEOMETRIC_REPRESENTATION_ITEM ( )  RATIONAL_B_SPLINE_CURVE ( ( 1.000000000000000666, 0.9238795325112859613, 1.000000000000000000, 0.9238795325112867385, 1.000000000000000000, 0.9238795325112867385, 1.000000000000000000, 0.9238795325112875156, 0.9999999999999992228 ) ) 
 REPRESENTATION_ITEM ( '' )  );
#1993 = DIRECTION ( 'NONE',  ( 0.000000000000000000, 1.000000000000000000, 0.000000000000000000 ) ) ;
#1994 = CARTESIAN_POINT ( 'NONE',  ( 4.332135384791488519, -2.625019700712343251, -10.45870000000000033 ) ) ;
#1995 = CLOSED_SHELL ( 'NONE', ( #594, #1071, #2968, #5059, #1753, #1392, #2328, #4768, #1715, #2256, #2934, #28, #1276, #1860, #335, #3535, #240, #2411, #65, #835, #2115, #1438, #3187, #3921, #2076, #1025, #4345, #3427, #5214, #2574, #4733, #2182, #2071, #422, #4532, #5319, #1130, #1252, #5082, #740, #4216, #3529, #2723, #414, #1645, #2223, #5373, #1077, #4378, #3045, #3650, #4285, #568, #4982, #4600, #4412, #2534, #1282, #1203, #634, #3853, #275, #1099, #4209, #1822, #5654, #3083, #1244, #4916, #4148, #4487, #1614, #3460, #2678 ) ) ;
#1996 = ORIENTED_EDGE ( 'NONE', *, *, #3334, .F. ) ;
#1997 = VERTEX_POINT ( 'NONE', #4820 ) ;
#1998 = CARTESIAN_POINT ( 'NONE',  ( 12.45870000000000033, -40.31251970071234325, -1.525750707653712963E-15 ) ) ;
#1999 = CARTESIAN_POINT ( 'NONE',  ( -5.384776310850238445, -34.18753940142469361, 12.99999999999999822 ) ) ;
#2000 = VECTOR ( 'NONE', #846, 1000.000000000000000 ) ;
#2001 = CARTESIAN_POINT ( 'NONE',  ( 8.809631254768838460, -41.18751970071234325, -8.809631254768840236 ) ) ;
#2002 = EDGE_CURVE ( 'NONE', #2622, #1182, #808, .T. ) ;
#2003 = CARTESIAN_POINT ( 'NONE',  ( -7.951019343464191642E-16, -34.75866025403784931, -12.98499999999999943 ) ) ;
#2004 = CARTESIAN_POINT ( 'NONE',  ( -7.395417692395744425, -3.437519700712343695, -7.395417692395744425 ) ) ;
#2005 = CARTESIAN_POINT ( 'NONE',  ( 0.000000000000000000, -57.50000000000000000, 0.000000000000000000 ) ) ;
#2006 = ORIENTED_EDGE ( 'NONE', *, *, #1358, .F. ) ;
#2007 = PERSON_AND_ORGANIZATION ( #650, #3864 ) ;
#2008 = AXIS2_PLACEMENT_3D ( 'NONE', #2586, #4134, #4758 ) ;
#2009 = CARTESIAN_POINT ( 'NONE',  ( -7.395417692395744425, -2.687519700712343251, -7.395417692395744425 ) ) ;
#2010 = CARTESIAN_POINT ( 'NONE',  ( 12.45870000000000033, -40.56251970071234325, -1.525750707653712963E-15 ) ) ;
#2011 = CARTESIAN_POINT ( 'NONE',  ( -5.378563107414399802, -39.69616025403784221, -12.98500000000023924 ) ) ;
#2012 = CARTESIAN_POINT ( 'NONE',  ( -12.45870000000000388, -40.87501970071234325, -5.160562509537680143 ) ) ;
#2013 = CARTESIAN_POINT ( 'NONE',  ( 10.45870000000000211, 0.1249802992876564017, 4.332135384791487631 ) ) ;
#2014 = AXIS2_PLACEMENT_3D ( 'NONE', #1597, #3350, #1116 ) ;
#2015 = CARTESIAN_POINT ( 'NONE',  ( 5.378563107414646716, -40.19616025403785642, 12.98499999999999410 ) ) ;
#2016 = CARTESIAN_POINT ( 'NONE',  ( 2.385305803039257098E-15, -38.25866025403784221, 12.98499999999999943 ) ) ;
#2017 = ORIENTED_EDGE ( 'NONE', *, *, #5438, .T. ) ;
#2018 = CARTESIAN_POINT ( 'NONE',  ( 12.98499999999999943, -36.80387914738685140, -5.378563107414641387 ) ) ;
#2019 = CARTESIAN_POINT ( 'NONE',  ( -12.45870000000000033, -42.06251970071234325, 0.000000000000000000 ) ) ;
#2020 = CARTESIAN_POINT ( 'NONE',  ( 10.45870000000000211, -0.1250197007123434734, 4.332135384791487631 ) ) ;
#2021 = CARTESIAN_POINT ( 'NONE',  ( -4.556349186104045934, -0.1875000000000008049, -11.00000000000000000 ) ) ;
#2022 = CARTESIAN_POINT ( 'NONE',  ( -5.384776310850238445, -42.31250000000000711, 12.99999999999999822 ) ) ;
#2023 = CARTESIAN_POINT ( 'NONE',  ( 2.288626061480569049E-15, -40.81251970071234325, 12.45870000000000033 ) ) ;
#2024 = CARTESIAN_POINT ( 'NONE',  ( 1.921232021736363210E-15, -1.062519700712343695, 10.45870000000000033 ) ) ;
#2025 = CARTESIAN_POINT ( 'NONE',  ( -5.384776310850238445, -43.18753940142469361, 12.99999999999999822 ) ) ;
#2026 = CARTESIAN_POINT ( 'NONE',  ( -3.122334566923957944, 7.915634374477978054E-17, -10.41078560321123270 ) ) ;
#2027 = ORIENTED_EDGE ( 'NONE', *, *, #4697, .T. ) ;
#2028 =( BOUNDED_CURVE ( )  B_SPLINE_CURVE ( 2, ( #3033, #3547, #375, #2584, #2148, #3145, #2176, #3491, #1264 ),
 .UNSPECIFIED., .F., .T. ) 
 B_SPLINE_CURVE_WITH_KNOTS ( ( 3, 2, 2, 2, 3 ),
 ( 0.5681818181818181213, 0.5795454545454545858, 0.5909090909090907173, 0.6022727272727271819, 0.6136363636363635354 ),
 .UNSPECIFIED. ) 
 CURVE ( )  GEOMETRIC_REPRESENTATION_ITEM ( )  RATIONAL_B_SPLINE_CURVE ( ( 1.000000000000000000, 0.9238795325112867385, 1.000000000000000000, 0.9238795325112867385, 1.000000000000000000, 0.9238795325112867385, 1.000000000000000000, 0.9238795325112875156, 0.9999999999999992228 ) ) 
 REPRESENTATION_ITEM ( '' )  );
#2029 = CARTESIAN_POINT ( 'NONE',  ( -5.378563107414602307, -33.69616025403784931, -12.98500000000004029 ) ) ;
#2030 = CARTESIAN_POINT ( 'NONE',  ( 13.00000000000000000, -34.87503940142468650, -1.592040838891559095E-15 ) ) ;
#2031 = CARTESIAN_POINT ( 'NONE',  ( -7.628753538268564813E-16, -43.06251970071234325, -12.45870000000000033 ) ) ;
#2032 = CARTESIAN_POINT ( 'NONE',  ( 4.514927829866761222, -7.370235026918964927, -10.89999999999997549 ) ) ;
#2033 = CARTESIAN_POINT ( 'NONE',  ( -4.332135384791490296, -2.500019700712343251, -10.45870000000000033 ) ) ;
#2034 = CARTESIAN_POINT ( 'NONE',  ( 7.707463914933366134, -2.192304374505724240, -7.707463914933368798 ) ) ;
#2035 = CARTESIAN_POINT ( 'NONE',  ( 12.45870000000000388, -42.25001970071235746, -5.160562509537681031 ) ) ;
#2036 = CARTESIAN_POINT ( 'NONE',  ( 7.395417692395746201, -10.18751970071234503, 7.395417692395743536 ) ) ;
#2037 = CARTESIAN_POINT ( 'NONE',  ( 2.385305803039257098E-15, -40.25866025403784221, 12.98499999999999943 ) ) ;
#2038 = CARTESIAN_POINT ( 'NONE',  ( -4.514927829866705267, -6.629804374505724240, 10.90000000000003233 ) ) ;
#2039 = VERTEX_POINT ( 'NONE', #1741 ) ;
#2040 = CARTESIAN_POINT ( 'NONE',  ( 4.514927829866721254, -8.745235026918962262, 10.90000000000001990 ) ) ;
#2041 = EDGE_CURVE ( 'NONE', #4813, #1511, #870, .T. ) ;
#2042 = CARTESIAN_POINT ( 'NONE',  ( 5.160562509537688136, -41.75001970071234325, 12.45869999999999855 ) ) ;
#2043 = CARTESIAN_POINT ( 'NONE',  ( 7.395417692395743536, -0.9375197007123433623, -7.395417692395744425 ) ) ;
#2044 = CARTESIAN_POINT ( 'NONE',  ( -4.556349186104047710, -2.812500000000001332, 10.99999999999999822 ) ) ;
#2045 = CARTESIAN_POINT ( 'NONE',  ( -12.99999999999999645, -42.43750000000000711, 5.384776310850244663 ) ) ;
#2046 = CC_DESIGN_PERSON_AND_ORGANIZATION_ASSIGNMENT ( #1084, #2824, ( #5732 ) ) ;
#2047 = CARTESIAN_POINT ( 'NONE',  ( 12.45870000000000388, -40.50001970071234325, -5.160562509537681031 ) ) ;
#2048 = CARTESIAN_POINT ( 'NONE',  ( -7.778174593052020747, -3.750039401424686059, 7.778174593052023411 ) ) ;
#2049 = CARTESIAN_POINT ( 'NONE',  ( 5.378563107414397138, -35.67887914738683719, -12.98500000000023924 ) ) ;
#2050 = ORIENTED_EDGE ( 'NONE', *, *, #4573, .F. ) ;
#2051 = CARTESIAN_POINT ( 'NONE',  ( 5.160562509537679254, -40.12501970071233615, -12.45870000000000211 ) ) ;
#2052 = CARTESIAN_POINT ( 'NONE',  ( -8.809631254768840236, -33.18751970071234325, -8.809631254768840236 ) ) ;
#2053 = CARTESIAN_POINT ( 'NONE',  ( -10.45870000000000033, -4.250019700712345916, 4.332135384791497401 ) ) ;
#2054 = CARTESIAN_POINT ( 'NONE',  ( 5.378563107415028632, -39.05387914738683008, 12.98499999999961219 ) ) ;
#2055 = ORIENTED_EDGE ( 'NONE', *, *, #5364, .T. ) ;
#2056 =( BOUNDED_SURFACE ( )  B_SPLINE_SURFACE ( 1, 2, ( 
 ( #656, #5088, #769, #741, #1991, #2102, #3766, #3387, #2535, #4714, #3819, #5573, #1667, #3443, #5521, #1607, #1101, #5195, #276, #2902, #4312, #1127, #2458, #2073, #5600, #3873, #1638, #1185, #2024, #3793, #5547, #1581, #3358, #4685, #5633, #2753, #2842, #2719, #4552, #480, #1963, #4114, #5494, #4175, #1441, #53, #1903, #1406, #84, #5006, #4979, #1529, #2907, #1994, #3017, #5116, #2078, #745, #2539, #1559, #3337, #659, #4917, #1810, #5722, #5340, #423, #1274, #4856, #2623, #3991, #5753, #1371, #2591, #4368, #4329, #5648, #672, #2472, #4245, #1624, #5155, #2974, #1948, #4619, #1889, #5424, #1235, #5160, #1660, #3436, #2557, #4335, #2502, #324, #3894, #2065, #3036, #388, #1305, #4370, #1247, #1669, #3445, #2159, #3927, #4396, #2192, #5724, #2780, #978, #78, #3964, #1249, #249, #2199, #4780, #5662, #5113, #35, #501, #5491, #624, #168, #114, #948, #3653, #2344, #2429, #4202, #5004, #4632, #1437, #1959, #570, #2403, #3761, #1014, #193, #5405, #1526, #3738, #81, #600, #4604, #1553, #4576, #3331, #3310, #2811, #2838, #4145, #1987, #1501, #1901, #5517, #2750, #1074, #3685, #4523, #981, #3219, #2314, #4111, #509, #5437, #5061, #4079, #1871, #4172, #4976, #2783, #4549, #2376, #1474, #2872, #541 ),
 ( #142, #1931, #3253, #3713, #3281, #5466, #5031, #1039, #219, #2098, #2482, #2926, #5191, #4736, #4656, #653, #5543, #3413, #5163, #2021, #2504, #1097, #734, #1691, #3868, #4763, #4305, #4255, #5085, #3790, #684, #763, #2560, #3382, #3010, #1577, #299, #4709, #2529, #2125, #5137, #4337, #3354, #5628, #1662, #4230, #3438, #2983, #5657, #2955, #2898, #1209, #1153, #1180, #4279, #326, #5595, #243, #3896, #2455, #5110, #2044, #1122, #4680, #3815, #5566, #1602, #709, #270, #2067, #3839, #1634, #1268, #5244, #822, #3123, #1773, #3093, #4451, #907, #877, #1239, #792, #5684, #472, #3469, #3066, #4883, #4825, #2184, #5274, #2708, #3920, #2588, #4910, #4391, #417, #2248, #448, #3039, #1719, #45, #4015, #4362, #2649, #3583, #2618, #5216, #353, #4797, #2682, #2275, #1746, #4482, #2153, #12, #1803, #3497, #5334, #1332, #4045, #1299, #380, #1365, #3523, #5304, #849, #3956, #3984, #5716, #4851, #4423, #3152, #2218, #5748, #3554, #504, #3183, #3210, #4595, #533, #2336, #1006, #4104, #5394, #3645, #4968, #1495, #134, #1467, #2830, #5053, #5026, #5366, #4936, #4073, #4625, #1834, #1428, #3276, #973, #105, #3676, #1066, #2305, #940, #3301, #2773, #4572, #591, #2397, #1397, #72, #4195, #4166, #2740, #2806 ) ),
 .UNSPECIFIED., .F., .F., .F. ) 
 B_SPLINE_SURFACE_WITH_KNOTS ( ( 2, 2 ),
 ( 3, 2, 2, 2, 2, 2, 2, 2, 2, 2, 2, 2, 2, 2, 2, 2, 2, 2, 2, 2, 2, 2, 2, 2, 2, 2, 2, 2, 2, 2, 2, 2, 2, 2, 2, 2, 2, 2, 2, 2, 2, 2, 2, 2, 2, 2, 2, 2, 2, 2, 2, 2, 2, 2, 2, 2, 2, 2, 2, 2, 2, 2, 2, 2, 2, 2, 2, 2, 2, 2, 2, 2, 2, 2, 2, 2, 2, 2, 2, 2, 2, 2, 2, 2, 2, 2, 2, 2, 3 ),
 ( 0.000000000000000000, 1.000000000000000000 ),
 ( 0.000000000000000000, 0.01136363636363636395, 0.02272727272727272790, 0.03409090909090908839, 0.04545454545454545581, 0.05681818181818181629, 0.06818181818181817677, 0.07954545454545454419, 0.09090909090909091161, 0.1022727272727272790, 0.1136363636363636326, 0.1250000000000000000, 0.1363636363636363535, 0.1477272727272727348, 0.1590909090909090884, 0.1704545454545454419, 0.1818181818181818232, 0.1931818181818181768, 0.2045454545454545581, 0.2159090909090909116, 0.2272727272727272652, 0.2386363636363636465, 0.2500000000000000000, 0.2613636363636363535, 0.2727272727272727071, 0.2840909090909091161, 0.2954545454545454697, 0.3068181818181818232, 0.3181818181818181768, 0.3295454545454545303, 0.3409090909090908839, 0.3522727272727272929, 0.3636363636363636465, 0.3750000000000000000, 0.3863636363636363535, 0.3977272727272727071, 0.4090909090909091161, 0.4204545454545454697, 0.4318181818181818232, 0.4431818181818181768, 0.4545454545454545303, 0.4659090909090908839, 0.4772727272727272929, 0.4886363636363636465, 0.5000000000000000000, 0.5113636363636363535, 0.5227272727272727071, 0.5340909090909090606, 0.5454545454545454142, 0.5568181818181817677, 0.5681818181818182323, 0.5795454545454545858, 0.5909090909090909394, 0.6022727272727272929, 0.6136363636363636465, 0.6250000000000000000, 0.6363636363636363535, 0.6477272727272727071, 0.6590909090909090606, 0.6704545454545454142, 0.6818181818181817677, 0.6931818181818182323, 0.7045454545454545858, 0.7159090909090909394, 0.7272727272727272929, 0.7386363636363636465, 0.7500000000000000000, 0.7613636363636363535, 0.7727272727272727071, 0.7840909090909090606, 0.7954545454545454142, 0.8068181818181817677, 0.8181818181818182323, 0.8295454545454545858, 0.8409090909090909394, 0.8522727272727272929, 0.8636363636363636465, 0.8750000000000000000, 0.8863636363636363535, 0.8977272727272727071, 0.9090909090909090606, 0.9204545454545454142, 0.9318181818181817677, 0.9431818181818182323, 0.9545454545454545858, 0.9659090909090909394, 0.9772727272727272929, 0.9886363636363636465, 1.000000000000000000 ),
 .UNSPECIFIED. ) 
 GEOMETRIC_REPRESENTATION_ITEM ( )  RATIONAL_B_SPLINE_SURFACE ( (
 ( 1.000000000000000000, 0.9238795325112867385, 1.000000000000000000, 0.9238795325112867385, 1.000000000000000000, 0.9238795325112867385, 1.000000000000000000, 0.9238795325112867385, 1.000000000000000000, 0.9238795325112867385, 1.000000000000000000, 0.9238795325112867385, 1.000000000000000000, 0.9238795325112867385, 1.000000000000000000, 0.9238795325112867385, 1.000000000000000000, 0.9238795325112867385, 1.000000000000000000, 0.9238795325112867385, 1.000000000000000000, 0.9238795325112867385, 1.000000000000000000, 0.9238795325112867385, 1.000000000000000000, 0.9238795325112867385, 1.000000000000000000, 0.9238795325112867385, 1.000000000000000000, 0.9238795325112867385, 1.000000000000000000, 0.9238795325112867385, 1.000000000000000000, 0.9238795325112867385, 1.000000000000000000, 0.9238795325112867385, 1.000000000000000000, 0.9238795325112867385, 1.000000000000000000, 0.9238795325112867385, 1.000000000000000000, 0.9238795325112867385, 1.000000000000000000, 0.9238795325112867385, 1.000000000000000000, 0.9238795325112867385, 1.000000000000000000, 0.9238795325112867385, 1.000000000000000000, 0.9238795325112867385, 1.000000000000000000, 0.9238795325112867385, 1.000000000000000000, 0.9238795325112867385, 1.000000000000000000, 0.9238795325112867385, 1.000000000000000000, 0.9238795325112867385, 1.000000000000000000, 0.9238795325112867385, 1.000000000000000000, 0.9238795325112867385, 1.000000000000000000, 0.9238795325112867385, 1.000000000000000000, 0.9238795325112867385, 1.000000000000000000, 0.9238795325112867385, 1.000000000000000000, 0.9238795325112867385, 1.000000000000000000, 0.9238795325112867385, 1.000000000000000000, 0.9238795325112867385, 1.000000000000000000, 0.9238795325112867385, 1.000000000000000000, 0.9238795325112867385, 1.000000000000000000, 0.9238795325112867385, 1.000000000000000000, 0.9238795325112867385, 1.000000000000000000, 0.9238795325112867385, 1.000000000000000000, 0.9238795325112867385, 1.000000000000000000, 0.9238795325112867385, 1.000000000000000000, 0.9238795325112867385, 1.000000000000000000, 0.9238795325112867385, 1.000000000000000000, 0.9238795325112867385, 1.000000000000000000, 0.9238795325112867385, 1.000000000000000000, 0.9238795325112867385, 1.000000000000000000, 0.9238795325112867385, 1.000000000000000000, 0.9238795325112867385, 1.000000000000000000, 0.9238795325112867385, 1.000000000000000000, 0.9238795325112867385, 1.000000000000000000, 0.9238795325112867385, 1.000000000000000000, 0.9238795325112867385, 1.000000000000000000, 0.9238795325112867385, 1.000000000000000000, 0.9238795325112867385, 1.000000000000000000, 0.9238795325112867385, 1.000000000000000000, 0.9238795325112867385, 1.000000000000000000, 0.9238795325112867385, 1.000000000000000000, 0.9238795325112867385, 1.000000000000000000, 0.9238795325112867385, 1.000000000000000000, 0.9238795325112867385, 1.000000000000000000, 0.9238795325112867385, 1.000000000000000000, 0.9238795325112867385, 1.000000000000000000, 0.9238795325112867385, 1.000000000000000000, 0.9238795325112867385, 1.000000000000000000, 0.9238795325112867385, 1.000000000000000000, 0.9238795325112867385, 1.000000000000000000, 0.9238795325112867385, 1.000000000000000000, 0.9238795325112867385, 1.000000000000000000, 0.9238795325112867385, 1.000000000000000000, 0.9238795325112867385, 1.000000000000000000, 0.9238795325112867385, 1.000000000000000000, 0.9238795325112867385, 1.000000000000000000, 0.9238795325112867385, 1.000000000000000000, 0.9238795325112867385, 1.000000000000000000, 0.9238795325112867385, 1.000000000000000000, 0.9238795325112867385, 1.000000000000000000, 0.9238795325112867385, 1.000000000000000000, 0.9238795325112867385, 1.000000000000000000, 0.9238795325112867385, 1.000000000000000000, 0.9238795325112867385, 1.000000000000000000, 0.9238795325112867385, 1.000000000000000000, 0.9238795325112867385, 1.000000000000000000, 0.9238795325112867385, 1.000000000000000000, 0.9238795325112867385, 1.000000000000000000, 0.9238795325112867385, 1.000000000000000000),
 ( 1.000000000000000000, 0.9238795325112867385, 1.000000000000000000, 0.9238795325112867385, 1.000000000000000000, 0.9238795325112867385, 1.000000000000000000, 0.9238795325112867385, 1.000000000000000000, 0.9238795325112867385, 1.000000000000000000, 0.9238795325112867385, 1.000000000000000000, 0.9238795325112867385, 1.000000000000000000, 0.9238795325112867385, 1.000000000000000000, 0.9238795325112867385, 1.000000000000000000, 0.9238795325112867385, 1.000000000000000000, 0.9238795325112867385, 1.000000000000000000, 0.9238795325112867385, 1.000000000000000000, 0.9238795325112867385, 1.000000000000000000, 0.9238795325112867385, 1.000000000000000000, 0.9238795325112867385, 1.000000000000000000, 0.9238795325112867385, 1.000000000000000000, 0.9238795325112867385, 1.000000000000000000, 0.9238795325112867385, 1.000000000000000000, 0.9238795325112867385, 1.000000000000000000, 0.9238795325112867385, 1.000000000000000000, 0.9238795325112867385, 1.000000000000000000, 0.9238795325112867385, 1.000000000000000000, 0.9238795325112867385, 1.000000000000000000, 0.9238795325112867385, 1.000000000000000000, 0.9238795325112867385, 1.000000000000000000, 0.9238795325112867385, 1.000000000000000000, 0.9238795325112867385, 1.000000000000000000, 0.9238795325112867385, 1.000000000000000000, 0.9238795325112867385, 1.000000000000000000, 0.9238795325112867385, 1.000000000000000000, 0.9238795325112867385, 1.000000000000000000, 0.9238795325112867385, 1.000000000000000000, 0.9238795325112867385, 1.000000000000000000, 0.9238795325112867385, 1.000000000000000000, 0.9238795325112867385, 1.000000000000000000, 0.9238795325112867385, 1.000000000000000000, 0.9238795325112867385, 1.000000000000000000, 0.9238795325112867385, 1.000000000000000000, 0.9238795325112867385, 1.000000000000000000, 0.9238795325112867385, 1.000000000000000000, 0.9238795325112867385, 1.000000000000000000, 0.9238795325112867385, 1.000000000000000000, 0.9238795325112867385, 1.000000000000000000, 0.9238795325112867385, 1.000000000000000000, 0.9238795325112867385, 1.000000000000000000, 0.9238795325112867385, 1.000000000000000000, 0.9238795325112867385, 1.000000000000000000, 0.9238795325112867385, 1.000000000000000000, 0.9238795325112867385, 1.000000000000000000, 0.9238795325112867385, 1.000000000000000000, 0.9238795325112867385, 1.000000000000000000, 0.9238795325112867385, 1.000000000000000000, 0.9238795325112867385, 1.000000000000000000, 0.9238795325112867385, 1.000000000000000000, 0.9238795325112867385, 1.000000000000000000, 0.9238795325112867385, 1.000000000000000000, 0.9238795325112867385, 1.000000000000000000, 0.9238795325112867385, 1.000000000000000000, 0.9238795325112867385, 1.000000000000000000, 0.9238795325112867385, 1.000000000000000000, 0.9238795325112867385, 1.000000000000000000, 0.9238795325112867385, 1.000000000000000000, 0.9238795325112867385, 1.000000000000000000, 0.9238795325112867385, 1.000000000000000000, 0.9238795325112867385, 1.000000000000000000, 0.9238795325112867385, 1.000000000000000000, 0.9238795325112867385, 1.000000000000000000, 0.9238795325112867385, 1.000000000000000000, 0.9238795325112867385, 1.000000000000000000, 0.9238795325112867385, 1.000000000000000000, 0.9238795325112867385, 1.000000000000000000, 0.9238795325112867385, 1.000000000000000000, 0.9238795325112867385, 1.000000000000000000, 0.9238795325112867385, 1.000000000000000000, 0.9238795325112867385, 1.000000000000000000, 0.9238795325112867385, 1.000000000000000000, 0.9238795325112867385, 1.000000000000000000, 0.9238795325112867385, 1.000000000000000000, 0.9238795325112867385, 1.000000000000000000, 0.9238795325112867385, 1.000000000000000000, 0.9238795325112867385, 1.000000000000000000, 0.9238795325112867385, 1.000000000000000000, 0.9238795325112867385, 1.000000000000000000, 0.9238795325112867385, 1.000000000000000000, 0.9238795325112867385, 1.000000000000000000, 0.9238795325112867385, 1.000000000000000000, 0.9238795325112867385, 1.000000000000000000, 0.9238795325112867385, 1.000000000000000000) ) ) 
 REPRESENTATION_ITEM ( '' )  SURFACE ( )  );
#2057 = APPROVAL_ROLE ( '' ) ;
#2058 = CARTESIAN_POINT ( 'NONE',  ( 12.45870000000000033, -41.56251970071234325, -1.525750707653712963E-15 ) ) ;
#2059 = CARTESIAN_POINT ( 'NONE',  ( -9.181781553707317300, -39.38366025403784931, 9.181781553707322630 ) ) ;
#2060 = CARTESIAN_POINT ( 'NONE',  ( -6.404106739121211359E-16, -1.562519700712343695, -10.45870000000000033 ) ) ;
#2061 = CARTESIAN_POINT ( 'NONE',  ( -12.98499999999999943, -40.36637914738683719, 0.000000000000000000 ) ) ;
#2062 = CARTESIAN_POINT ( 'NONE',  ( -10.90000000000000036, -6.817304374505724240, 0.000000000000000000 ) ) ;
#2063 = VERTEX_POINT ( 'NONE', #3548 ) ;
#2064 = CARTESIAN_POINT ( 'NONE',  ( -9.065852100556119453, -304.0000000000000000, -7.861954317524507907 ) ) ;
#2065 = CARTESIAN_POINT ( 'NONE',  ( -10.45870000000000033, -5.312519700712344140, 0.000000000000000000 ) ) ;
#2066 = CARTESIAN_POINT ( 'NONE',  ( -7.395417692395744425, -0.6875197007123435844, -7.395417692395744425 ) ) ;
#2067 = CARTESIAN_POINT ( 'NONE',  ( 4.556349186104045934, -3.312500000000001776, -11.00000000000000000 ) ) ;
#2068 = CARTESIAN_POINT ( 'NONE',  ( 7.395417692395743536, -0.9375197007123433623, -7.395417692395744425 ) ) ;
#2069 = ORIENTED_EDGE ( 'NONE', *, *, #956, .F. ) ;
#2070 = CARTESIAN_POINT ( 'NONE',  ( -5.384776310850238445, -41.31250000000000000, 12.99999999999999822 ) ) ;
#2071 = ADVANCED_FACE ( 'NONE', ( #3520 ), #5271, .T. ) ;
#2072 = CARTESIAN_POINT ( 'NONE',  ( -5.160562509537682807, -38.87501970071233615, 12.45870000000000033 ) ) ;
#2073 = CARTESIAN_POINT ( 'NONE',  ( 10.45870000000000033, -0.7500197007123433623, -4.332135384791490296 ) ) ;
#2074 = CARTESIAN_POINT ( 'NONE',  ( 12.45870000000000211, -33.50001970071234325, -5.160562509537681031 ) ) ;
#2075 = CARTESIAN_POINT ( 'NONE',  ( 11.00000000000000000, -4.375039401424686503, -1.347111479062088405E-15 ) ) ;
#2076 = ADVANCED_FACE ( 'NONE', ( #842 ), #5742, .T. ) ;
#2077 = DIRECTION ( 'NONE',  ( 0.000000000000000000, 0.000000000000000000, 1.000000000000000000 ) ) ;
#2078 = CARTESIAN_POINT ( 'NONE',  ( 10.45870000000000033, -2.812519700712343695, -1.280821347824242272E-15 ) ) ;
#2079 = EDGE_LOOP ( 'NONE', ( #5350, #1713, #2915, #4638 ) ) ;
#2080 = CARTESIAN_POINT ( 'NONE',  ( -11.00000000000000000, -6.875039401424686503, 0.000000000000000000 ) ) ;
#2081 = CARTESIAN_POINT ( 'NONE',  ( 5.384776310850236669, -35.68753940142470071, -13.00000000000000000 ) ) ;
#2082 = AXIS2_PLACEMENT_3D ( 'NONE', #5622, #2172, #3059 ) ;
#2083 = CARTESIAN_POINT ( 'NONE',  ( -5.160562509537681031, -41.00001970071234325, -12.45870000000000211 ) ) ;
#2084 = CARTESIAN_POINT ( 'NONE',  ( -5.160562509537681031, -34.25001970071233615, -12.45870000000000211 ) ) ;
#2085 = CARTESIAN_POINT ( 'NONE',  ( -7.395417692395742648, -5.187519700712344140, 7.395417692395746201 ) ) ;
#2086 = CC_DESIGN_DATE_AND_TIME_ASSIGNMENT ( #668, #2520, ( #138 ) ) ;
#2087 = ORIENTED_EDGE ( 'NONE', *, *, #3334, .T. ) ;
#2088 = CIRCLE ( 'NONE', #386, 12.98499999999999943 ) ;
#2089 = CARTESIAN_POINT ( 'NONE',  ( -7.395417692395744425, -9.437519700712345028, -7.395417692395744425 ) ) ;
#2090 = CARTESIAN_POINT ( 'NONE',  ( -5.160562509537681031, -43.00001970071234325, -12.45870000000000388 ) ) ;
#2091 = CARTESIAN_POINT ( 'NONE',  ( 10.45870000000000033, -1.750019700712343251, -4.332135384791490296 ) ) ;
#2092 = CARTESIAN_POINT ( 'NONE',  ( -6.674325055353075238E-16, -0.3077350269189626508, -10.90000000000000036 ) ) ;
#2093 = CARTESIAN_POINT ( 'NONE',  ( 12.98500000000000298, -38.07116025403785642, 5.378563107414636946 ) ) ;
#2094 = AXIS2_PLACEMENT_3D ( 'NONE', #5488, #5057, #1070 ) ;
#2095 = ORIENTED_EDGE ( 'NONE', *, *, #2293, .T. ) ;
#2096 = AXIS2_PLACEMENT_3D ( 'NONE', #1797, #3576, #901 ) ;
#2097 = CARTESIAN_POINT ( 'NONE',  ( 7.707463914933366134, -5.192304374505724240, -7.707463914933368798 ) ) ;
#2098 = CARTESIAN_POINT ( 'NONE',  ( 11.00000000000000355, 0.4374999999999990563, 4.556349186104045046 ) ) ;
#2099 = ORIENTED_EDGE ( 'NONE', *, *, #4063, .T. ) ;
#2100 = CARTESIAN_POINT ( 'NONE',  ( 5.384776310850242886, -43.18750000000000000, 12.99999999999999645 ) ) ;
#2101 = CARTESIAN_POINT ( 'NONE',  ( -4.514927829866754116, -6.870235026918963150, 10.89999999999998259 ) ) ;
#2102 = CARTESIAN_POINT ( 'NONE',  ( 4.332135384791488519, 0.3749802992876565266, -10.45870000000000033 ) ) ;
#2103 = CARTESIAN_POINT ( 'NONE',  ( 8.809631254768838460, -35.43751970071234325, -8.809631254768840236 ) ) ;
#2104 = CARTESIAN_POINT ( 'NONE',  ( 10.90000000000000213, -3.379804374505724240, 4.514927829866736353 ) ) ;
#2105 = CARTESIAN_POINT ( 'NONE',  ( -10.45870000000000033, -6.625019700712343251, -4.332135384791489408 ) ) ;
#2106 = EDGE_LOOP ( 'NONE', ( #3101, #334, #1939, #3482 ) ) ;
#2107 = CARTESIAN_POINT ( 'NONE',  ( -11.00000000000000000, -6.937539401424685614, -4.556349186104045934 ) ) ;
#2108 = EDGE_CURVE ( 'NONE', #1511, #1391, #120, .T. ) ;
#2109 = CARTESIAN_POINT ( 'NONE',  ( -1.574948162032288268, -5.830012786509759317E-18, 10.49546497210924834 ) ) ;
#2110 = CARTESIAN_POINT ( 'NONE',  ( -12.99999999999999645, -34.31253940142468650, 5.384776310850244663 ) ) ;
#2111 = CARTESIAN_POINT ( 'NONE',  ( -7.960204194457795477E-16, -32.75000000000000000, -13.00000000000000000 ) ) ;
#2112 = CARTESIAN_POINT ( 'NONE',  ( -12.45870000000000033, -35.06251970071234325, 0.000000000000000000 ) ) ;
#2113 = CARTESIAN_POINT ( 'NONE',  ( 10.45870000000000211, -6.875019700712343251, 4.332135384791487631 ) ) ;
#2114 = EDGE_LOOP ( 'NONE', ( #4925, #3609, #5563, #3288 ) ) ;
#2115 = ADVANCED_FACE ( 'NONE', ( #5358 ), #5583, .T. ) ;
#2116 = CARTESIAN_POINT ( 'NONE',  ( -10.45870000000000033, -4.500019700712344140, 4.332135384791498289 ) ) ;
#2117 = CARTESIAN_POINT ( 'NONE',  ( -5.378563107414843003, -38.55387914738685140, -12.98499999999979870 ) ) ;
#2118 = CARTESIAN_POINT ( 'NONE',  ( -8.809631254768838460, -42.68751970071234325, 8.809631254768842012 ) ) ;
#2119 = CARTESIAN_POINT ( 'NONE',  ( 10.45870000000000211, -1.875019700712343473, 4.332135384791487631 ) ) ;
#2120 = FACE_BOUND ( 'NONE', #2123, .T. ) ;
#2121 = CARTESIAN_POINT ( 'NONE',  ( -4.332135384791490296, -5.500019700712345028, -10.45870000000000033 ) ) ;
#2122 = CARTESIAN_POINT ( 'NONE',  ( -7.951019343464191642E-16, -37.75866025403784931, -12.98499999999999943 ) ) ;
#2123 = EDGE_LOOP ( 'NONE', ( #3823, #2291 ) ) ;
#2124 = CARTESIAN_POINT ( 'NONE',  ( 10.90000000000000213, -5.379804374505724240, 4.514927829866736353 ) ) ;
#2125 = CARTESIAN_POINT ( 'NONE',  ( 11.00000000000000000, -1.437500000000000666, -4.556349186104045934 ) ) ;
#2126 = CARTESIAN_POINT ( 'NONE',  ( -4.332135384791490296, -1.750019700712343695, -10.45870000000000033 ) ) ;
#2127 = ORIENTED_EDGE ( 'NONE', *, *, #148, .F. ) ;
#2128 = CARTESIAN_POINT ( 'NONE',  ( -7.960204194457795477E-16, -40.75000000000000000, -13.00000000000000000 ) ) ;
#2129 = CARTESIAN_POINT ( 'NONE',  ( 8.809631254768838460, -33.43751970071234325, -8.809631254768840236 ) ) ;
#2130 = CARTESIAN_POINT ( 'NONE',  ( -10.45870000000000033, -10.43751970071234325, 0.000000000000000000 ) ) ;
#2131 = CARTESIAN_POINT ( 'NONE',  ( -4.332135384791492072, -8.375019700712345028, 10.45870000000000033 ) ) ;
#2132 = ORIENTED_EDGE ( 'NONE', *, *, #4493, .F. ) ;
#2133 = CARTESIAN_POINT ( 'NONE',  ( 11.00000000000000000, -8.375039401424686503, -1.347111479062088405E-15 ) ) ;
#2134 = CARTESIAN_POINT ( 'NONE',  ( -2.971879701571340959, -2.061442953451384481E-15, 10.24529656500956598 ) ) ;
#2135 = CARTESIAN_POINT ( 'NONE',  ( -7.960204194457795477E-16, -36.62503940142469361, -13.00000000000000000 ) ) ;
#2136 = CARTESIAN_POINT ( 'NONE',  ( 5.384776310850242886, -33.18750000000000000, 12.99999999999999645 ) ) ;
#2137 =( BOUNDED_CURVE ( )  B_SPLINE_CURVE ( 2, ( #5621, #3428, #5128, #5182, #4270, #2975, #727, #4192, #183 ),
 .UNSPECIFIED., .F., .T. ) 
 B_SPLINE_CURVE_WITH_KNOTS ( ( 3, 2, 2, 2, 3 ),
 ( 0.5227272727272725961, 0.5340909090909089496, 0.5454545454545451921, 0.5568181818181815457, 0.5681818181818180102 ),
 .UNSPECIFIED. ) 
 CURVE ( )  GEOMETRIC_REPRESENTATION_ITEM ( )  RATIONAL_B_SPLINE_CURVE ( ( 1.000000000000000666, 0.9238795325112859613, 1.000000000000000000, 0.9238795325112867385, 1.000000000000000000, 0.9238795325112867385, 1.000000000000000000, 0.9238795325112881818, 0.9999999999999985567 ) ) 
 REPRESENTATION_ITEM ( '' )  );
#2138 = FACE_OUTER_BOUND ( 'NONE', #189, .T. ) ;
#2139 = CARTESIAN_POINT ( 'NONE',  ( -10.45870000000000033, -7.375019700712344140, -4.332135384791489408 ) ) ;
#2140 = ORIENTED_EDGE ( 'NONE', *, *, #1685, .T. ) ;
#2141 = EDGE_CURVE ( 'NONE', #2571, #5414, #190, .T. ) ;
#2142 = CARTESIAN_POINT ( 'NONE',  ( 10.45870000000000033, -6.062519700712344140, -1.280821347824242272E-15 ) ) ;
#2143 = CARTESIAN_POINT ( 'NONE',  ( 8.809631254768842012, -34.43751970071234325, 8.809631254768838460 ) ) ;
#2144 = CARTESIAN_POINT ( 'NONE',  ( 5.378563107414408684, -43.67887914738684429, -12.98500000000023213 ) ) ;
#2145 = DIRECTION ( 'NONE',  ( -0.000000000000000000, -1.000000000000000000, -0.000000000000000000 ) ) ;
#2146 = CARTESIAN_POINT ( 'NONE',  ( 7.395417692395743536, -3.687519700712343695, -7.395417692395744425 ) ) ;
#2147 = CARTESIAN_POINT ( 'NONE',  ( -12.45870000000000033, -33.81251970071234325, 0.000000000000000000 ) ) ;
#2148 = CARTESIAN_POINT ( 'NONE',  ( 10.90000000000000036, -3.557735026918963150, -1.334865011070615048E-15 ) ) ;
#2149 = CARTESIAN_POINT ( 'NONE',  ( -12.98499999999999410, -36.30387914738684429, 5.378563107414648492 ) ) ;
#2150 = EDGE_CURVE ( 'NONE', #3701, #1561, #3224, .T. ) ;
#2151 = ORIENTED_EDGE ( 'NONE', *, *, #3389, .F. ) ;
#2152 = CARTESIAN_POINT ( 'NONE',  ( 1.921232021736363210E-15, -3.312519700712343251, 10.45870000000000033 ) ) ;
#2153 = CARTESIAN_POINT ( 'NONE',  ( -7.778174593052023411, -6.125000000000000888, -7.778174593052023411 ) ) ;
#2154 = ORIENTED_EDGE ( 'NONE', *, *, #4250, .T. ) ;
#2155 = CARTESIAN_POINT ( 'NONE',  ( 12.98499999999999943, -43.00866025403784221, -1.590203868692838328E-15 ) ) ;
#2156 = CARTESIAN_POINT ( 'NONE',  ( 1.334865011070615048E-15, -33.50000000000000000, -10.90000000000000036 ) ) ;
#2157 = CARTESIAN_POINT ( 'NONE',  ( -6.674325055353075238E-16, -3.067304374505725129, -10.90000000000000036 ) ) ;
#2158 = CARTESIAN_POINT ( 'NONE',  ( -8.809631254768840236, -36.18751970071234325, -8.809631254768840236 ) ) ;
#2159 = CARTESIAN_POINT ( 'NONE',  ( 10.45870000000000033, -5.812519700712344140, -1.280821347824242272E-15 ) ) ;
#2160 = CARTESIAN_POINT ( 'NONE',  ( 7.395417692395743536, -7.937519700712344140, -7.395417692395744425 ) ) ;
#2161 = EDGE_LOOP ( 'NONE', ( #499, #894, #5447, #4062 ) ) ;
#2162 = CARTESIAN_POINT ( 'NONE',  ( 11.00000000000000000, -6.312539401424686503, -4.556349186104045934 ) ) ;
#2163 = CARTESIAN_POINT ( 'NONE',  ( 13.00000000000000000, -38.87503940142468650, -1.592040838891559095E-15 ) ) ;
#2164 = CARTESIAN_POINT ( 'NONE',  ( -13.00000000000000000, -35.50000000000000711, 0.000000000000000000 ) ) ;
#2165 = CARTESIAN_POINT ( 'NONE',  ( 9.181781553707319077, -38.88366025403784931, -9.181781553707320853 ) ) ;
#2166 = CARTESIAN_POINT ( 'NONE',  ( 4.332135384791495625, -8.000019700712345028, 10.45870000000000033 ) ) ;
#2167 = ORIENTED_EDGE ( 'NONE', *, *, #3914, .F. ) ;
#2168 = CARTESIAN_POINT ( 'NONE',  ( 10.45870000000000211, -6.125019700712343251, 4.332135384791487631 ) ) ;
#2169 = CYLINDRICAL_SURFACE ( 'NONE', #5221, 10.90000000000000036 ) ;
#2170 = VECTOR ( 'NONE', #3212, 1000.000000000000000 ) ;
#2171 = CARTESIAN_POINT ( 'NONE',  ( 9.181781553707322630, -43.99137914738684429, 9.181781553707319077 ) ) ;
#2172 = DIRECTION ( 'NONE',  ( 0.000000000000000000, -1.000000000000000000, 0.000000000000000000 ) ) ;
#2173 = EDGE_CURVE ( 'NONE', #5701, #4801, #762, .T. ) ;
#2174 = CARTESIAN_POINT ( 'NONE',  ( -10.45870000000000033, -3.312519700712343695, 0.000000000000000000 ) ) ;
#2175 = CARTESIAN_POINT ( 'NONE',  ( -12.45870000000000033, -34.81251970071234325, 0.000000000000000000 ) ) ;
#2176 = CARTESIAN_POINT ( 'NONE',  ( 7.707463914933367022, -3.432735026918962706, -7.707463914933368798 ) ) ;
#2177 = CARTESIAN_POINT ( 'NONE',  ( -7.707463914933368798, -8.942304374505722464, -7.707463914933368798 ) ) ;
#2178 = AXIS2_PLACEMENT_3D ( 'NONE', #909, #4017, #14 ) ;
#2179 = ORIENTED_EDGE ( 'NONE', *, *, #1868, .T. ) ;
#2180 = CARTESIAN_POINT ( 'NONE',  ( 4.514927829866702602, -6.129804374505723352, -10.90000000000003588 ) ) ;
#2181 = LINE ( 'NONE', #4848, #2000 ) ;
#2182 = ADVANCED_FACE ( 'NONE', ( #3127 ), #4546, .T. ) ;
#2183 = CARTESIAN_POINT ( 'NONE',  ( -7.395417692395744425, -2.687519700712343251, -7.395417692395744425 ) ) ;
#2184 = CARTESIAN_POINT ( 'NONE',  ( 11.00000000000000355, -4.562500000000000888, 4.556349186104045046 ) ) ;
#2185 = CARTESIAN_POINT ( 'NONE',  ( 1.921232021736363210E-15, -3.312519700712343251, 10.45870000000000033 ) ) ;
#2186 = ORIENTED_EDGE ( 'NONE', *, *, #661, .T. ) ;
#2187 = CARTESIAN_POINT ( 'NONE',  ( 11.14237350172723673, -33.50000000000000000, -5.716007875324220500 ) ) ;
#2188 = VERTEX_POINT ( 'NONE', #4855 ) ;
#2189 = CARTESIAN_POINT ( 'NONE',  ( -9.181781553707317300, -44.24137914738684429, 9.181781553707322630 ) ) ;
#2190 = AXIS2_PLACEMENT_3D ( 'NONE', #1240, #5685, #2530 ) ;
#2191 = CARTESIAN_POINT ( 'NONE',  ( -12.45870000000000211, -36.12501970071233615, -5.160562509537680143 ) ) ;
#2192 = CARTESIAN_POINT ( 'NONE',  ( 4.332135384791495625, -6.000019700712344140, 10.45870000000000033 ) ) ;
#2193 = CARTESIAN_POINT ( 'NONE',  ( 12.45870000000000388, -34.50001970071234325, -5.160562509537681031 ) ) ;
#2194 = CARTESIAN_POINT ( 'NONE',  ( 10.90000000000000036, -9.557735026918962262, -1.334865011070615048E-15 ) ) ;
#2195 = ORIENTED_EDGE ( 'NONE', *, *, #1543, .F. ) ;
#2196 = CARTESIAN_POINT ( 'NONE',  ( -4.556349186104045934, -9.062539401424684726, -11.00000000000000000 ) ) ;
#2197 =( GEOMETRIC_REPRESENTATION_CONTEXT ( 3 ) GLOBAL_UNCERTAINTY_ASSIGNED_CONTEXT ( ( #1089 ) ) GLOBAL_UNIT_ASSIGNED_CONTEXT ( ( #1423, #1919, #968 ) ) REPRESENTATION_CONTEXT ( 'NONE', 'WORKASPACE' ) );
#2198 = CARTESIAN_POINT ( 'NONE',  ( 9.192388155425119223, -39.00003940142468650, 9.192388155425115670 ) ) ;
#2199 = CARTESIAN_POINT ( 'NONE',  ( -4.332135384791490296, -6.500019700712344140, -10.45870000000000033 ) ) ;
#2200 = CARTESIAN_POINT ( 'NONE',  ( 2.388061258337338544E-15, -34.25000000000000000, 13.00000000000000000 ) ) ;
#2201 = CARTESIAN_POINT ( 'NONE',  ( 12.45870000000000211, -37.50001970071234325, -5.160562509537681031 ) ) ;
#2202 = CARTESIAN_POINT ( 'NONE',  ( -10.45870000000000033, -8.250019700712345028, 4.332135384791497401 ) ) ;
#2203 = ORIENTED_EDGE ( 'NONE', *, *, #110, .F. ) ;
#2204 = CARTESIAN_POINT ( 'NONE',  ( 10.45870000000000033, -7.000019700712343251, -4.332135384791490296 ) ) ;
#2205 = CARTESIAN_POINT ( 'NONE',  ( 12.45870000000000211, -43.50001970071234325, -5.160562509537681031 ) ) ;
#2206 = DIRECTION ( 'NONE',  ( 0.000000000000000000, 1.000000000000000000, 0.000000000000000000 ) ) ;
#2207 = CARTESIAN_POINT ( 'NONE',  ( 8.809631254768842012, -43.68751970071234325, 8.809631254768838460 ) ) ;
#2208 = CARTESIAN_POINT ( 'NONE',  ( -4.332135384791492072, -5.125019700712345028, 10.45870000000000033 ) ) ;
#2209 = CARTESIAN_POINT ( 'NONE',  ( 9.181781553707322630, -34.99137914738684429, 9.181781553707319077 ) ) ;
#2210 = CARTESIAN_POINT ( 'NONE',  ( -12.98499999999999943, -40.50866025403784931, 0.000000000000000000 ) ) ;
#2211 = CARTESIAN_POINT ( 'NONE',  ( -11.43217321901175687, -264.0000000000000000, -5.645167445745995494 ) ) ;
#2212 = CARTESIAN_POINT ( 'NONE',  ( -6.674325055353075238E-16, -8.307735026918962262, -10.90000000000000036 ) ) ;
#2213 = VERTEX_POINT ( 'NONE', #3619 ) ;
#2214 =( BOUNDED_CURVE ( )  B_SPLINE_CURVE ( 2, ( #3753, #676, #1546, #5104, #2448, #3349, #5131, #3377, #2092 ),
 .UNSPECIFIED., .F., .T. ) 
 B_SPLINE_CURVE_WITH_KNOTS ( ( 3, 2, 2, 2, 3 ),
 ( 0.8409090909090909394, 0.8522727272727272929, 0.8636363636363635354, 0.8749999999999998890, 0.8863636363636362425 ),
 .UNSPECIFIED. ) 
 CURVE ( )  GEOMETRIC_REPRESENTATION_ITEM ( )  RATIONAL_B_SPLINE_CURVE ( ( 1.000000000000000000, 0.9238795325112867385, 1.000000000000000000, 0.9238795325112867385, 1.000000000000000000, 0.9238795325112867385, 1.000000000000000000, 0.9238795325112875156, 0.9999999999999992228 ) ) 
 REPRESENTATION_ITEM ( '' )  );
#2215 = CARTESIAN_POINT ( 'NONE',  ( 5.378563107414678690, -33.82116025403784221, -12.98499999999995858 ) ) ;
#2216 = CARTESIAN_POINT ( 'NONE',  ( 2.288626061480569049E-15, -37.56251970071233615, 12.45870000000000033 ) ) ;
#2217 = CARTESIAN_POINT ( 'NONE',  ( 4.332135384791495625, -5.250019700712343251, 10.45870000000000033 ) ) ;
#2218 = CARTESIAN_POINT ( 'NONE',  ( 4.556349186104045934, -7.312500000000001776, -11.00000000000000000 ) ) ;
#2219 = CARTESIAN_POINT ( 'NONE',  ( -7.395417692395744425, -3.687519700712343251, -7.395417692395744425 ) ) ;
#2220 = CARTESIAN_POINT ( 'NONE',  ( -12.68813345429990136, -33.50000000000000711, 2.746612740897879767 ) ) ;
#2221 = CARTESIAN_POINT ( 'NONE',  ( 9.181781553707319077, -42.88366025403784221, -9.181781553707320853 ) ) ;
#2222 = ORIENTED_EDGE ( 'NONE', *, *, #2790, .F. ) ;
#2223 = ADVANCED_FACE ( 'NONE', ( #4940 ), #1337, .T. ) ;
#2224 = CARTESIAN_POINT ( 'NONE',  ( -5.160562509537681031, -38.25001970071234325, -12.45870000000000211 ) ) ;
#2225 = CARTESIAN_POINT ( 'NONE',  ( 12.45870000000000033, -33.56251970071234325, -1.525750707653712963E-15 ) ) ;
#2226 = CARTESIAN_POINT ( 'NONE',  ( 2.385305803039257098E-15, -42.11637914738684429, 12.98499999999999943 ) ) ;
#2227 = EDGE_CURVE ( 'NONE', #2323, #2677, #1433, .T. ) ;
#2228 = ORIENTED_EDGE ( 'NONE', *, *, #1904, .T. ) ;
#2229 = CARTESIAN_POINT ( 'NONE',  ( -11.00000000000000000, -9.875039401424684726, 0.000000000000000000 ) ) ;
#2230 = CARTESIAN_POINT ( 'NONE',  ( 5.384776310850242886, -38.06253940142468650, 12.99999999999999645 ) ) ;
#2231 = CARTESIAN_POINT ( 'NONE',  ( 9.192388155425115670, -35.87500000000000711, -9.192388155425117446 ) ) ;
#2232 = CARTESIAN_POINT ( 'NONE',  ( -5.160562509537681031, -37.25001970071234325, -12.45870000000000211 ) ) ;
#2233 = CARTESIAN_POINT ( 'NONE',  ( 10.45870000000000033, -5.750019700712344140, -4.332135384791490296 ) ) ;
#2234 = VERTEX_POINT ( 'NONE', #2309 ) ;
#2235 = CARTESIAN_POINT ( 'NONE',  ( -10.45870000000000033, -10.56251970071234325, 0.000000000000000000 ) ) ;
#2236 = CARTESIAN_POINT ( 'NONE',  ( -4.332135384791490296, -5.750019700712343251, -10.45870000000000033 ) ) ;
#2237 = CARTESIAN_POINT ( 'NONE',  ( -7.628753538268564813E-16, -33.06251970071234325, -12.45870000000000033 ) ) ;
#2238 = DIRECTION ( 'NONE',  ( 0.000000000000000000, 0.000000000000000000, 1.000000000000000000 ) ) ;
#2239 = CARTESIAN_POINT ( 'NONE',  ( -7.628753538268564813E-16, -43.31251970071234325, -12.45870000000000033 ) ) ;
#2240 = CARTESIAN_POINT ( 'NONE',  ( 10.45870000000000033, -3.750019700712344140, -4.332135384791490296 ) ) ;
#2241 = CARTESIAN_POINT ( 'NONE',  ( 5.160562509537679254, -35.12501970071233615, -12.45870000000000211 ) ) ;
#2242 = DIRECTION ( 'NONE',  ( 0.000000000000000000, 0.000000000000000000, 1.000000000000000000 ) ) ;
#2243 = DIRECTION ( 'NONE',  ( 0.000000000000000000, 1.000000000000000000, 0.000000000000000000 ) ) ;
#2244 = CARTESIAN_POINT ( 'NONE',  ( -5.160562509537682807, -43.87501970071234325, 12.45870000000000033 ) ) ;
#2245 = CARTESIAN_POINT ( 'NONE',  ( 2.385305803039257098E-15, -43.11637914738685140, 12.98499999999999943 ) ) ;
#2246 = CARTESIAN_POINT ( 'NONE',  ( 12.45870000000000388, -36.25001970071233615, -5.160562509537681031 ) ) ;
#2247 = CARTESIAN_POINT ( 'NONE',  ( 10.45870000000000211, -3.125019700712344140, 4.332135384791487631 ) ) ;
#2248 = CARTESIAN_POINT ( 'NONE',  ( -11.00000000000000000, -5.062500000000001776, -4.556349186104045934 ) ) ;
#2249 = CARTESIAN_POINT ( 'NONE',  ( 4.332135384791495625, -2.250019700712344140, 10.45870000000000033 ) ) ;
#2250 = VERTEX_POINT ( 'NONE', #3558 ) ;
#2251 = CARTESIAN_POINT ( 'NONE',  ( 9.662096005608745486, 8.148755823328019705E-13, -4.003536744979310669 ) ) ;
#2252 = CARTESIAN_POINT ( 'NONE',  ( 0.000000000000000000, -57.50000000000000000, 0.000000000000000000 ) ) ;
#2253 =( BOUNDED_CURVE ( )  B_SPLINE_CURVE ( 2, ( #4226, #3380, #2951, #3352, #596, #2018, #4706, #5107, #1118 ),
 .UNSPECIFIED., .F., .T. ) 
 B_SPLINE_CURVE_WITH_KNOTS ( ( 3, 2, 2, 2, 3 ),
 ( 0.6590909090909102819, 0.6704545454545464134, 0.6818181818181827669, 0.6931818181818188984, 0.7045454545454552520 ),
 .UNSPECIFIED. ) 
 CURVE ( )  GEOMETRIC_REPRESENTATION_ITEM ( )  RATIONAL_B_SPLINE_CURVE ( ( 0.9999999999999925615, 0.9238795325112941770, 1.000000000000000000, 0.9238795325112867385, 1.000000000000000000, 0.9238795325112867385, 1.000000000000000000, 0.9238795325112822976, 1.000000000000004441 ) ) 
 REPRESENTATION_ITEM ( '' )  );
#2254 = CARTESIAN_POINT ( 'NONE',  ( 10.90000000000000036, -2.495235026918962262, -4.514927829866737241 ) ) ;
#2255 = CARTESIAN_POINT ( 'NONE',  ( 8.809631254768842012, -39.68751970071234325, 8.809631254768838460 ) ) ;
#2256 = ADVANCED_FACE ( 'NONE', ( #5308 ), #881, .T. ) ;
#2257 = CARTESIAN_POINT ( 'NONE',  ( -7.628753538268564813E-16, -36.31251970071234325, -12.45870000000000033 ) ) ;
#2258 = CARTESIAN_POINT ( 'NONE',  ( -7.951019343464190656E-16, -42.61637914738684429, -12.98499999999999943 ) ) ;
#2259 = CARTESIAN_POINT ( 'NONE',  ( 11.00000000000000000, -10.37503940142468650, -1.347111479062088405E-15 ) ) ;
#2260 = EDGE_CURVE ( 'NONE', #1997, #4617, #3805, .T. ) ;
#2261 = CARTESIAN_POINT ( 'NONE',  ( -13.00000000000000000, -36.50000000000000711, 0.000000000000000000 ) ) ;
#2262 = CARTESIAN_POINT ( 'NONE',  ( 12.45870000000000211, -35.62501970071234325, 5.160562509537678366 ) ) ;
#2263 = CARTESIAN_POINT ( 'NONE',  ( -6.674325055353075238E-16, -7.307735026918963150, -10.90000000000000036 ) ) ;
#2264 = CARTESIAN_POINT ( 'NONE',  ( 10.45870000000000033, -8.000019700712345028, -4.332135384791490296 ) ) ;
#2265 = CARTESIAN_POINT ( 'NONE',  ( 12.45870000000000211, -33.25001970071234325, -5.160562509537681031 ) ) ;
#2266 = CARTESIAN_POINT ( 'NONE',  ( 2.385305803039257098E-15, -44.11637914738684429, 12.98499999999999943 ) ) ;
#2267 = CARTESIAN_POINT ( 'NONE',  ( -12.45870000000000211, -35.87501970071235036, -5.160562509537680143 ) ) ;
#2268 = LINE ( 'NONE', #2358, #4236 ) ;
#2269 = CARTESIAN_POINT ( 'NONE',  ( 9.181781553707322630, -42.99137914738685140, 9.181781553707319077 ) ) ;
#2270 = CARTESIAN_POINT ( 'NONE',  ( 10.90000000000000036, -8.254804374505724240, -4.514927829866737241 ) ) ;
#2271 = ORIENTED_EDGE ( 'NONE', *, *, #3606, .T. ) ;
#2272 = CARTESIAN_POINT ( 'NONE',  ( -4.332135384791492072, -6.125019700712344140, 10.45870000000000033 ) ) ;
#2273 = CARTESIAN_POINT ( 'NONE',  ( -5.160562509537681031, -37.00001970071234325, -12.45870000000000388 ) ) ;
#2274 = CARTESIAN_POINT ( 'NONE',  ( 7.395417692395743536, -2.937519700712343695, -7.395417692395744425 ) ) ;
#2275 = CARTESIAN_POINT ( 'NONE',  ( -10.99999999999999822, -5.937500000000001776, 4.556349186104052151 ) ) ;
#2276 = CARTESIAN_POINT ( 'NONE',  ( -4.332135384791490296, -4.750019700712344140, -10.45870000000000033 ) ) ;
#2277 = LINE ( 'NONE', #851, #2375 ) ;
#2278 = CARTESIAN_POINT ( 'NONE',  ( -9.181781553707320853, -41.49137914738684429, -9.181781553707320853 ) ) ;
#2279 = DIRECTION ( 'NONE',  ( 0.000000000000000000, 1.000000000000000000, 0.000000000000000000 ) ) ;
#2280 = VECTOR ( 'NONE', #4311, 1000.000000000000000 ) ;
#2281 = CARTESIAN_POINT ( 'NONE',  ( -12.45870000000000033, -38.06251970071233615, 0.000000000000000000 ) ) ;
#2282 = CARTESIAN_POINT ( 'NONE',  ( -7.628753538268564813E-16, -35.31251970071234325, -12.45870000000000033 ) ) ;
#2283 = CARTESIAN_POINT ( 'NONE',  ( -7.395417692395742648, -9.437519700712345028, 7.395417692395746201 ) ) ;
#2284 = CARTESIAN_POINT ( 'NONE',  ( -10.45870000000000033, 0.3749802992876565821, -4.332135384791489408 ) ) ;
#2285 = CARTESIAN_POINT ( 'NONE',  ( -6.404106739121211359E-16, -9.812519700712345028, -10.45870000000000033 ) ) ;
#2286 = AXIS2_PLACEMENT_3D ( 'NONE', #2963, #1993, #3821 ) ;
#2287 = CARTESIAN_POINT ( 'NONE',  ( -6.735557395310442023E-16, -1.125039401424686059, -11.00000000000000000 ) ) ;
#2288 = CARTESIAN_POINT ( 'NONE',  ( -9.192388155425117446, -37.62500000000000000, -9.192388155425117446 ) ) ;
#2289 = CARTESIAN_POINT ( 'NONE',  ( 12.45870000000000211, -38.62501970071233615, 5.160562509537678366 ) ) ;
#2290 = CARTESIAN_POINT ( 'NONE',  ( -6.674325055353075238E-16, -6.307735026918964039, -10.90000000000000036 ) ) ;
#2291 = ORIENTED_EDGE ( 'NONE', *, *, #3715, .T. ) ;
#2292 = PRODUCT_DEFINITION_FORMATION_WITH_SPECIFIED_SOURCE ( 'ANY', '', #5732, .NOT_KNOWN. ) ;
#2293 = EDGE_CURVE ( 'NONE', #3796, #3661, #2748, .T. ) ;
#2294 = CARTESIAN_POINT ( 'NONE',  ( 10.45870000000000033, -9.062519700712343251, -1.280821347824242272E-15 ) ) ;
#2295 = CARTESIAN_POINT ( 'NONE',  ( -12.45869999999999855, -38.75001970071234325, 5.160562509537689024 ) ) ;
#2296 = DIRECTION ( 'NONE',  ( 0.000000000000000000, 1.000000000000000000, 0.000000000000000000 ) ) ;
#2297 = CARTESIAN_POINT ( 'NONE',  ( 13.00000000000000000, -40.87503940142468650, -1.592040838891559095E-15 ) ) ;
#2298 = CARTESIAN_POINT ( 'NONE',  ( -12.45869999999999855, -38.75001970071234325, 5.160562509537689024 ) ) ;
#2299 = DIRECTION ( 'NONE',  ( 0.000000000000000000, 1.000000000000000000, 0.000000000000000000 ) ) ;
#2300 = EDGE_LOOP ( 'NONE', ( #1105, #5578, #5617, #5205 ) ) ;
#2301 = EDGE_CURVE ( 'NONE', #5138, #4261, #739, .T. ) ;
#2302 = FACE_OUTER_BOUND ( 'NONE', #1163, .T. ) ;
#2303 = CARTESIAN_POINT ( 'NONE',  ( -8.809631254768838460, -36.68751970071233615, 8.809631254768842012 ) ) ;
#2304 = CARTESIAN_POINT ( 'NONE',  ( 1.921232021736363210E-15, -8.312519700712345028, 10.45870000000000033 ) ) ;
#2305 = CARTESIAN_POINT ( 'NONE',  ( -6.735557395310442023E-16, -9.250000000000001776, -11.00000000000000000 ) ) ;
#2306 = CARTESIAN_POINT ( 'NONE',  ( -6.404106739121211359E-16, -5.812519700712343251, -10.45870000000000033 ) ) ;
#2307 = CARTESIAN_POINT ( 'NONE',  ( 3.830851951519431253, -33.50000000000000711, 11.88998140677445470 ) ) ;
#2308 = CARTESIAN_POINT ( 'NONE',  ( 0.000000000000000000, -228.9999999999999716, 0.000000000000000000 ) ) ;
#2309 = CARTESIAN_POINT ( 'NONE',  ( -6.674325055353075238E-16, -5.067304374505724240, -10.90000000000000036 ) ) ;
#2310 = EDGE_LOOP ( 'NONE', ( #5264, #612, #3305, #3070, #935, #989, #736, #4400, #4667, #3567, #3401, #5666, #3877, #2614, #4478, #4303, #584, #4447, #3897, #4987, #5539, #999, #5123, #5531 ) ) ;
#2311 = CARTESIAN_POINT ( 'NONE',  ( -4.514927829866703490, -2.245235026918963595, -10.90000000000003588 ) ) ;
#2312 = CARTESIAN_POINT ( 'NONE',  ( -8.809631254768840236, -39.18751970071233615, -8.809631254768840236 ) ) ;
#2313 = CARTESIAN_POINT ( 'NONE',  ( -5.378563107414562339, -35.69616025403785642, -12.98500000000007759 ) ) ;
#2314 = CARTESIAN_POINT ( 'NONE',  ( -7.395417692395744425, -9.437519700712345028, -7.395417692395744425 ) ) ;
#2315 = CARTESIAN_POINT ( 'NONE',  ( 12.45870000000000388, -36.62501970071234325, 5.160562509537677478 ) ) ;
#2316 = CARTESIAN_POINT ( 'NONE',  ( 10.45870000000000211, -10.12501970071234503, 4.332135384791487631 ) ) ;
#2317 = CARTESIAN_POINT ( 'NONE',  ( -4.332135384791490296, -0.7500197007123432513, -10.45870000000000033 ) ) ;
#2318 =( BOUNDED_CURVE ( )  B_SPLINE_CURVE ( 2, ( #844, #2676, #4446, #2270, #4038, #1829, #3608, #1975, #67 ),
 .UNSPECIFIED., .F., .F. ) 
 B_SPLINE_CURVE_WITH_KNOTS ( ( 3, 2, 2, 2, 3 ),
 ( 0.7500000000000000000, 0.7613636363636363535, 0.7727272727272727071, 0.7840909090909091717, 0.7954545454545455252 ),
 .UNSPECIFIED. ) 
 CURVE ( )  GEOMETRIC_REPRESENTATION_ITEM ( )  RATIONAL_B_SPLINE_CURVE ( ( 1.000000000000000000, 0.9238795325112867385, 1.000000000000000000, 0.9238795325112867385, 1.000000000000000000, 0.9238795325112867385, 1.000000000000000000, 0.9238795325112859613, 1.000000000000000666 ) ) 
 REPRESENTATION_ITEM ( '' )  );
#2319 = CARTESIAN_POINT ( 'NONE',  ( 0.000000000000000000, -57.50000000000000000, 0.000000000000000000 ) ) ;
#2320 = CARTESIAN_POINT ( 'NONE',  ( 4.556349186104045934, -0.1875394014246860308, -11.00000000000000000 ) ) ;
#2321 = CARTESIAN_POINT ( 'NONE',  ( -12.45869999999999855, -36.00001970071234325, 5.160562509537689024 ) ) ;
#2322 = CARTESIAN_POINT ( 'NONE',  ( 9.533589991821378007, -2.465530927072947173E-17, -4.339048341292635946 ) ) ;
#2323 = VERTEX_POINT ( 'NONE', #5251 ) ;
#2324 = CARTESIAN_POINT ( 'NONE',  ( -6.404106739121211359E-16, -7.812519700712344140, -10.45870000000000033 ) ) ;
#2325 = CARTESIAN_POINT ( 'NONE',  ( -8.809631254768838460, -38.68751970071233615, 8.809631254768842012 ) ) ;
#2326 = CARTESIAN_POINT ( 'NONE',  ( 13.00000000000000533, -40.93753940142467940, 5.384776310850233116 ) ) ;
#2327 = CARTESIAN_POINT ( 'NONE',  ( 12.45870000000000033, -37.31251970071233615, -1.525750707653712963E-15 ) ) ;
#2328 = ADVANCED_FACE ( 'NONE', ( #4829 ), #4367, .T. ) ;
#2329 = CARTESIAN_POINT ( 'NONE',  ( -10.45870000000000033, -0.2500197007123434734, 4.332135384791497401 ) ) ;
#2330 = CARTESIAN_POINT ( 'NONE',  ( 0.000000000000000000, 0.000000000000000000, 0.000000000000000000 ) ) ;
#2331 = ORIENTED_EDGE ( 'NONE', *, *, #381, .F. ) ;
#2332 = CARTESIAN_POINT ( 'NONE',  ( 4.332135384791488519, -7.625019700712344140, -10.45870000000000033 ) ) ;
#2333 = CARTESIAN_POINT ( 'NONE',  ( -9.181781553707317300, -37.38366025403784221, 9.181781553707322630 ) ) ;
#2334 = CARTESIAN_POINT ( 'NONE',  ( -8.809631254768840236, -35.93751970071234325, -8.809631254768840236 ) ) ;
#2335 = CARTESIAN_POINT ( 'NONE',  ( 10.45870000000000033, -8.062519700712345028, -1.280821347824242272E-15 ) ) ;
#2336 = CARTESIAN_POINT ( 'NONE',  ( -4.556349186104047710, -7.812500000000001776, 10.99999999999999822 ) ) ;
#2337 = CARTESIAN_POINT ( 'NONE',  ( -12.45870000000000211, -42.87501970071234325, -5.160562509537680143 ) ) ;
#2338 = CARTESIAN_POINT ( 'NONE',  ( -12.98499999999999410, -39.30387914738684429, 5.378563107414648492 ) ) ;
#2339 =( BOUNDED_CURVE ( )  B_SPLINE_CURVE ( 2, ( #446, #2215, #3148, #3983, #1329, #3611, #4013, #5362, #1395 ),
 .UNSPECIFIED., .F., .T. ) 
 B_SPLINE_CURVE_WITH_KNOTS ( ( 3, 2, 2, 2, 3 ),
 ( 0.1136363636363637436, 0.1250000000000001110, 0.1363636363636364923, 0.1477272727272728736, 0.1590909090909092272 ),
 .UNSPECIFIED. ) 
 CURVE ( )  GEOMETRIC_REPRESENTATION_ITEM ( )  RATIONAL_B_SPLINE_CURVE ( ( 0.9999999999999992228, 0.9238795325112875156, 1.000000000000000000, 0.9238795325112867385, 1.000000000000000000, 0.9238795325112867385, 1.000000000000000000, 0.9238795325112858503, 1.000000000000000888 ) ) 
 REPRESENTATION_ITEM ( '' )  );
#2340 = ORIENTED_EDGE ( 'NONE', *, *, #3193, .T. ) ;
#2341 = DIRECTION ( 'NONE',  ( 0.000000000000000000, -0.000000000000000000, 1.000000000000000000 ) ) ;
#2342 = CARTESIAN_POINT ( 'NONE',  ( 8.809631254768842012, -36.68751970071234325, 8.809631254768838460 ) ) ;
#2343 = CARTESIAN_POINT ( 'NONE',  ( 5.160562509537688136, -34.50001970071234325, 12.45869999999999855 ) ) ;
#2344 = CARTESIAN_POINT ( 'NONE',  ( -10.45870000000000033, -7.250019700712344140, 4.332135384791498289 ) ) ;
#2345 = CARTESIAN_POINT ( 'NONE',  ( -8.809631254768838460, -37.93751970071233615, 8.809631254768842012 ) ) ;
#2346 = CARTESIAN_POINT ( 'NONE',  ( 10.45870000000000033, -1.062519700712343473, -1.280821347824242272E-15 ) ) ;
#2347 = CARTESIAN_POINT ( 'NONE',  ( 4.514927829866736353, -4.370235026918963150, -10.90000000000000036 ) ) ;
#2348 = CARTESIAN_POINT ( 'NONE',  ( 0.000000000000000000, -33.50000000000000000, 0.000000000000000000 ) ) ;
#2349 = CARTESIAN_POINT ( 'NONE',  ( -4.556349186104047710, -0.6875394014246861696, 10.99999999999999822 ) ) ;
#2350 = CARTESIAN_POINT ( 'NONE',  ( -4.514927829866753228, -4.004804374505723352, -10.89999999999998437 ) ) ;
#2351 = ORIENTED_EDGE ( 'NONE', *, *, #519, .T. ) ;
#2352 = CARTESIAN_POINT ( 'NONE',  ( 9.181781553707322630, -33.99137914738685140, 9.181781553707319077 ) ) ;
#2353 = CARTESIAN_POINT ( 'NONE',  ( -7.395417692395744425, -8.687519700712343251, -7.395417692395744425 ) ) ;
#2354 = CARTESIAN_POINT ( 'NONE',  ( 12.45870000000000033, -37.31251970071233615, -1.525750707653712963E-15 ) ) ;
#2355 = CARTESIAN_POINT ( 'NONE',  ( -7.951019343464190656E-16, -36.61637914738684429, -12.98499999999999943 ) ) ;
#2356 = CARTESIAN_POINT ( 'NONE',  ( -13.00000000000000000, -42.37503940142468650, 0.000000000000000000 ) ) ;
#2357 = CARTESIAN_POINT ( 'NONE',  ( -12.45870000000000033, -35.81251970071234325, 0.000000000000000000 ) ) ;
#2358 = CARTESIAN_POINT ( 'NONE',  ( 0.000000000000000000, -57.50000000000000000, 12.98499999999999943 ) ) ;
#2359 = CARTESIAN_POINT ( 'NONE',  ( 1.921232021736363210E-15, -1.062519700712343695, 10.45870000000000033 ) ) ;
#2360 = EDGE_LOOP ( 'NONE', ( #3640, #2531, #4794, #4364 ) ) ;
#2361 = ORIENTED_EDGE ( 'NONE', *, *, #2478, .T. ) ;
#2362 = EDGE_CURVE ( 'NONE', #2213, #2450, #4318, .T. ) ;
#2363 = CARTESIAN_POINT ( 'NONE',  ( 12.45870000000000211, -39.62501970071234325, 5.160562509537678366 ) ) ;
#2364 = CARTESIAN_POINT ( 'NONE',  ( 4.332135384791488519, -6.625019700712345028, -10.45870000000000033 ) ) ;
#2365 = DIRECTION ( 'NONE',  ( 0.000000000000000000, 1.000000000000000000, 0.000000000000000000 ) ) ;
#2366 = CARTESIAN_POINT ( 'NONE',  ( 8.809631254768842012, -40.43751970071234325, 8.809631254768838460 ) ) ;
#2367 = CARTESIAN_POINT ( 'NONE',  ( 7.395417692395743536, -5.937519700712343251, -7.395417692395744425 ) ) ;
#2368 = LINE ( 'NONE', #618, #1452 ) ;
#2369 = CARTESIAN_POINT ( 'NONE',  ( -7.628753538268564813E-16, -43.06251970071234325, -12.45870000000000033 ) ) ;
#2370 = CARTESIAN_POINT ( 'NONE',  ( -12.98499999999999943, -39.42887914738683719, -5.378563107414639610 ) ) ;
#2371 = CARTESIAN_POINT ( 'NONE',  ( -5.378563107414360722, -35.17887914738683719, 12.98500000000027654 ) ) ;
#2372 = EDGE_CURVE ( 'NONE', #2957, #4360, #4433, .T. ) ;
#2373 = CARTESIAN_POINT ( 'NONE',  ( 8.809631254768842012, -40.68751970071234325, 8.809631254768838460 ) ) ;
#2374 = CARTESIAN_POINT ( 'NONE',  ( -5.160562509537682807, -34.62501970071234325, 12.45870000000000033 ) ) ;
#2375 = VECTOR ( 'NONE', #1775, 1000.000000000000000 ) ;
#2376 = CARTESIAN_POINT ( 'NONE',  ( -4.332135384791492072, -10.12501970071234503, 10.45870000000000033 ) ) ;
#2377 = CARTESIAN_POINT ( 'NONE',  ( -5.160562509537682807, -35.87501970071234325, 12.45870000000000033 ) ) ;
#2378 = DIRECTION ( 'NONE',  ( 0.000000000000000000, 1.000000000000000000, 0.000000000000000000 ) ) ;
#2379 = AXIS2_PLACEMENT_3D ( 'NONE', #5339, #2779, #2713 ) ;
#2380 = FACE_BOUND ( 'NONE', #1424, .T. ) ;
#2381 = CARTESIAN_POINT ( 'NONE',  ( -7.778174593052023411, -2.000039401424686503, -7.778174593052023411 ) ) ;
#2382 = VECTOR ( 'NONE', #1628, 1000.000000000000000 ) ;
#2383 = CARTESIAN_POINT ( 'NONE',  ( -10.45870000000000033, -9.375019700712343251, -4.332135384791489408 ) ) ;
#2384 = ORIENTED_EDGE ( 'NONE', *, *, #3433, .F. ) ;
#2385 = VECTOR ( 'NONE', #5311, 1000.000000000000000 ) ;
#2386 = CARTESIAN_POINT ( 'NONE',  ( -7.628753538268564813E-16, -36.06251970071234325, -12.45870000000000033 ) ) ;
#2387 = CARTESIAN_POINT ( 'NONE',  ( 13.00000000000000000, -41.81253940142468650, -5.384776310850237557 ) ) ;
#2388 = CARTESIAN_POINT ( 'NONE',  ( 2.288626061480569049E-15, -36.56251970071233615, 12.45870000000000033 ) ) ;
#2389 = DIRECTION ( 'NONE',  ( 0.000000000000000000, 1.000000000000000000, 0.000000000000000000 ) ) ;
#2390 = DIRECTION ( 'NONE',  ( 0.000000000000000000, 1.000000000000000000, 0.000000000000000000 ) ) ;
#2391 = ORIENTED_EDGE ( 'NONE', *, *, #2372, .F. ) ;
#2392 = CARTESIAN_POINT ( 'NONE',  ( -5.160562509537681919, -39.87501970071233615, 12.45870000000000033 ) ) ;
#2393 = CARTESIAN_POINT ( 'NONE',  ( -6.404106739121211359E-16, -7.562519700712344140, -10.45870000000000033 ) ) ;
#2394 = DIRECTION ( 'NONE',  ( 0.000000000000000000, 1.000000000000000000, 0.000000000000000000 ) ) ;
#2395 = CARTESIAN_POINT ( 'NONE',  ( -5.160562509537681031, -41.00001970071234325, -12.45870000000000388 ) ) ;
#2396 = CARTESIAN_POINT ( 'NONE',  ( 4.332135384791488519, -5.875019700712343251, -10.45870000000000033 ) ) ;
#2397 = CARTESIAN_POINT ( 'NONE',  ( 7.778174593052023411, -9.625000000000001776, 7.778174593052021635 ) ) ;
#2398 = DIRECTION ( 'NONE',  ( 0.000000000000000000, 0.000000000000000000, 1.000000000000000000 ) ) ;
#2399 = CARTESIAN_POINT ( 'NONE',  ( 2.002297516605922276E-15, -8.807735026918962262, 10.90000000000000036 ) ) ;
#2400 = CARTESIAN_POINT ( 'NONE',  ( -6.674325055353075238E-16, -9.307735026918962262, -10.90000000000000036 ) ) ;
#2401 = CARTESIAN_POINT ( 'NONE',  ( -8.809631254768840236, -40.18751970071234325, -8.809631254768840236 ) ) ;
#2402 = CARTESIAN_POINT ( 'NONE',  ( 12.45870000000000388, -35.25001970071234325, -5.160562509537681031 ) ) ;
#2403 = CARTESIAN_POINT ( 'NONE',  ( 10.45870000000000033, -7.750019700712344140, -4.332135384791490296 ) ) ;
#2404 = CARTESIAN_POINT ( 'NONE',  ( 13.00000000000000000, -38.93750000000000000, -5.384776310850237557 ) ) ;
#2405 = EDGE_CURVE ( 'NONE', #5165, #225, #1751, .T. ) ;
#2406 = CARTESIAN_POINT ( 'NONE',  ( -12.45869999999999855, -42.00001970071233615, 5.160562509537688136 ) ) ;
#2407 =( BOUNDED_CURVE ( )  B_SPLINE_CURVE ( 2, ( #4538, #3637, #4616, #5046, #2797, #3726, #2767, #4587, #1917 ),
 .UNSPECIFIED., .F., .T. ) 
 B_SPLINE_CURVE_WITH_KNOTS ( ( 3, 2, 2, 2, 3 ),
 ( 0.6590909090909090606, 0.6704545454545454142, 0.6818181818181816567, 0.6931818181818181213, 0.7045454545454544748 ),
 .UNSPECIFIED. ) 
 CURVE ( )  GEOMETRIC_REPRESENTATION_ITEM ( )  RATIONAL_B_SPLINE_CURVE ( ( 1.000000000000000000, 0.9238795325112867385, 1.000000000000000000, 0.9238795325112867385, 1.000000000000000000, 0.9238795325112867385, 1.000000000000000000, 0.9238795325112875156, 0.9999999999999992228 ) ) 
 REPRESENTATION_ITEM ( '' )  );
#2408 = CARTESIAN_POINT ( 'NONE',  ( -10.45870000000000033, -9.500019700712343251, 4.332135384791498289 ) ) ;
#2409 = PRODUCT_DEFINITION ( 'UNKNOWN', '', #2292, #3888 ) ;
#2410 = CARTESIAN_POINT ( 'NONE',  ( -7.707463914933366134, -0.6923043745057243514, 7.707463914933369686 ) ) ;
#2411 = ADVANCED_FACE ( 'NONE', ( #3620 ), #5309, .T. ) ;
#2412 = CARTESIAN_POINT ( 'NONE',  ( 1.334865011070615048E-15, -33.50000000000000000, -10.90000000000000036 ) ) ;
#2413 = CARTESIAN_POINT ( 'NONE',  ( 4.556349186104045934, -5.187539401424686503, -11.00000000000000000 ) ) ;
#2414 = CARTESIAN_POINT ( 'NONE',  ( 2.288626061480569049E-15, -38.56251970071233615, 12.45870000000000033 ) ) ;
#2415 = CARTESIAN_POINT ( 'NONE',  ( 9.192388155425119223, -43.00003940142468650, 9.192388155425115670 ) ) ;
#2416 = CARTESIAN_POINT ( 'NONE',  ( 8.809631254768842012, -41.43751970071234325, 8.809631254768838460 ) ) ;
#2417 = CARTESIAN_POINT ( 'NONE',  ( 4.514927829866708819, -1.745235026918963817, 10.90000000000003233 ) ) ;
#2418 = CARTESIAN_POINT ( 'NONE',  ( 0.000000000000000000, -297.8943974769776446, 0.000000000000000000 ) ) ;
#2419 = ORIENTED_EDGE ( 'NONE', *, *, #3810, .T. ) ;
#2420 = CARTESIAN_POINT ( 'NONE',  ( -7.707463914933368798, -5.942304374505724240, -7.707463914933368798 ) ) ;
#2421 = CARTESIAN_POINT ( 'NONE',  ( 0.000000000000000000, -57.50000000000000000, 0.000000000000000000 ) ) ;
#2422 = CARTESIAN_POINT ( 'NONE',  ( 12.98500000000000298, -36.07116025403785642, 5.378563107414636946 ) ) ;
#2423 = CARTESIAN_POINT ( 'NONE',  ( 7.395417692395746201, -8.187519700712345028, 7.395417692395743536 ) ) ;
#2424 = DIRECTION ( 'NONE',  ( 0.000000000000000000, 0.000000000000000000, 1.000000000000000000 ) ) ;
#2425 = CARTESIAN_POINT ( 'NONE',  ( 8.809631254768838460, -41.18751970071234325, -8.809631254768840236 ) ) ;
#2426 = DIRECTION ( 'NONE',  ( 0.000000000000000000, 1.000000000000000000, 0.000000000000000000 ) ) ;
#2427 = ORIENTED_EDGE ( 'NONE', *, *, #3994, .T. ) ;
#2428 = CARTESIAN_POINT ( 'NONE',  ( 8.809631254768838460, -35.18751970071234325, -8.809631254768840236 ) ) ;
#2429 = CARTESIAN_POINT ( 'NONE',  ( -10.45870000000000033, -7.312519700712344140, 0.000000000000000000 ) ) ;
#2430 = CARTESIAN_POINT ( 'NONE',  ( 13.00000000000000000, -37.93750000000000000, -5.384776310850237557 ) ) ;
#2431 = CARTESIAN_POINT ( 'NONE',  ( -5.160562509537682807, -40.87501970071234325, 12.45870000000000033 ) ) ;
#2432 = CARTESIAN_POINT ( 'NONE',  ( -12.98499999999999943, -37.42887914738685140, -5.378563107414639610 ) ) ;
#2433 = EDGE_CURVE ( 'NONE', #879, #2798, #5515, .T. ) ;
#2434 = CARTESIAN_POINT ( 'NONE',  ( 11.00000000000000000, -3.312539401424685614, -4.556349186104045934 ) ) ;
#2435 = CARTESIAN_POINT ( 'NONE',  ( 2.002297516605922276E-15, -4.567304374505723352, 10.90000000000000036 ) ) ;
#2436 = ORIENTED_EDGE ( 'NONE', *, *, #4728, .F. ) ;
#2437 =( BOUNDED_CURVE ( )  B_SPLINE_CURVE ( 2, ( #2122, #2555, #3835, #1206, #3808, #2093, #5158, #5562, #2016 ),
 .UNSPECIFIED., .F., .F. ) 
 B_SPLINE_CURVE_WITH_KNOTS ( ( 3, 2, 2, 2, 3 ),
 ( 0.4772727272727276815, 0.4886363636363639240, 0.5000000000000001110, 0.5113636363636363535, 0.5227272727272725961 ),
 .UNSPECIFIED. ) 
 CURVE ( )  GEOMETRIC_REPRESENTATION_ITEM ( )  RATIONAL_B_SPLINE_CURVE ( ( 0.9999999999999974465, 0.9238795325112892920, 1.000000000000000000, 0.9238795325112867385, 1.000000000000000000, 0.9238795325112867385, 1.000000000000000000, 0.9238795325112875156, 0.9999999999999992228 ) ) 
 REPRESENTATION_ITEM ( '' )  );
#2438 = EDGE_CURVE ( 'NONE', #2965, #1258, #1393, .T. ) ;
#2439 = CARTESIAN_POINT ( 'NONE',  ( 13.00000000000000533, -33.93753940142468650, 5.384776310850233116 ) ) ;
#2440 = CARTESIAN_POINT ( 'NONE',  ( 5.160562509537688136, -41.50001970071234325, 12.45869999999999855 ) ) ;
#2441 = DIRECTION ( 'NONE',  ( 0.000000000000000000, 1.000000000000000000, 0.000000000000000000 ) ) ;
#2442 = CARTESIAN_POINT ( 'NONE',  ( -10.45870000000000033, -3.250019700712343251, 4.332135384791497401 ) ) ;
#2443 = EDGE_LOOP ( 'NONE', ( #3157, #165, #5038, #4070 ) ) ;
#2444 = CARTESIAN_POINT ( 'NONE',  ( 4.514927829866736353, -2.129804374505724240, -10.90000000000000036 ) ) ;
#2445 = CARTESIAN_POINT ( 'NONE',  ( -24.78976073560513527, -304.0000000000000000, 10.26974988358772833 ) ) ;
#2446 = CARTESIAN_POINT ( 'NONE',  ( -5.160562509537681031, -39.00001970071233615, -12.45870000000000388 ) ) ;
#2447 = CARTESIAN_POINT ( 'NONE',  ( -10.45870000000000033, 0.6249802992876565266, -4.332135384791489408 ) ) ;
#2448 = CARTESIAN_POINT ( 'NONE',  ( 10.90000000000000036, -0.5577350269189625953, -1.334865011070615048E-15 ) ) ;
#2449 = CARTESIAN_POINT ( 'NONE',  ( -12.98499999999999410, -34.44616025403784221, 5.378563107414648492 ) ) ;
#2450 = VERTEX_POINT ( 'NONE', #883 ) ;
#2451 = CARTESIAN_POINT ( 'NONE',  ( 7.707463914933367022, -8.432735026918962262, -7.707463914933368798 ) ) ;
#2452 = CARTESIAN_POINT ( 'NONE',  ( -7.707463914933368798, -9.182735026918962262, -7.707463914933368798 ) ) ;
#2453 = CARTESIAN_POINT ( 'NONE',  ( -5.160562509537681919, -40.87501970071234325, 12.45870000000000033 ) ) ;
#2454 = CARTESIAN_POINT ( 'NONE',  ( 10.45870000000000033, -1.970071234342870084E-05, -4.332135384791490296 ) ) ;
#2455 = CARTESIAN_POINT ( 'NONE',  ( 4.556349186104051263, -2.687500000000000888, 10.99999999999999822 ) ) ;
#2456 = CARTESIAN_POINT ( 'NONE',  ( -5.384776310850238445, -38.31250000000000000, 12.99999999999999822 ) ) ;
#2457 = CARTESIAN_POINT ( 'NONE',  ( -8.809631254768840236, -41.18751970071234325, -8.809631254768840236 ) ) ;
#2458 = CARTESIAN_POINT ( 'NONE',  ( 7.395417692395743536, -0.6875197007123434734, -7.395417692395744425 ) ) ;
#2459 = FACE_OUTER_BOUND ( 'NONE', #1844, .T. ) ;
#2460 = CARTESIAN_POINT ( 'NONE',  ( 2.385305803039257098E-15, -34.11637914738684429, 12.98499999999999943 ) ) ;
#2461 = VERTEX_POINT ( 'NONE', #4485 ) ;
#2462 = CARTESIAN_POINT ( 'NONE',  ( -13.00000000000000000, -34.37503940142468650, 0.000000000000000000 ) ) ;
#2463 = AXIS2_PLACEMENT_3D ( 'NONE', #2252, #1866, #4455 ) ;
#2464 = CARTESIAN_POINT ( 'NONE',  ( 8.809631254768838460, -42.18751970071234325, -8.809631254768840236 ) ) ;
#2465 = DIRECTION ( 'NONE',  ( 0.000000000000000000, 0.000000000000000000, 1.000000000000000000 ) ) ;
#2466 = CARTESIAN_POINT ( 'NONE',  ( 10.45870000000000211, -3.875019700712343251, 4.332135384791487631 ) ) ;
#2467 = ORIENTED_EDGE ( 'NONE', *, *, #3076, .F. ) ;
#2468 = EDGE_CURVE ( 'NONE', #2859, #1270, #5594, .T. ) ;
#2469 = SHAPE_DEFINITION_REPRESENTATION ( #3979, #412 ) ;
#2470 = AXIS2_PLACEMENT_3D ( 'NONE', #3632, #4988, #4953 ) ;
#2471 = CARTESIAN_POINT ( 'NONE',  ( 7.395417692395746201, -3.187519700712343695, 7.395417692395743536 ) ) ;
#2472 = CARTESIAN_POINT ( 'NONE',  ( -7.395417692395742648, -4.187519700712344140, 7.395417692395746201 ) ) ;
#2473 = CARTESIAN_POINT ( 'NONE',  ( 2.002297516605922276E-15, -2.567304374505724240, 10.90000000000000036 ) ) ;
#2474 = CARTESIAN_POINT ( 'NONE',  ( 12.45870000000000388, -41.37501970071234325, 5.160562509537677478 ) ) ;
#2475 = CARTESIAN_POINT ( 'NONE',  ( -10.45870000000000033, 0.6874802992876565266, 0.000000000000000000 ) ) ;
#2476 = CARTESIAN_POINT ( 'NONE',  ( 12.98499999999999943, -40.00866025403784221, -1.590203868692838328E-15 ) ) ;
#2477 = CARTESIAN_POINT ( 'NONE',  ( 2.385305803039257098E-15, -37.25866025403783510, 12.98499999999999943 ) ) ;
#2478 = EDGE_CURVE ( 'NONE', #1258, #5199, #3035, .T. ) ;
#2479 = VERTEX_POINT ( 'NONE', #4077 ) ;
#2480 = CARTESIAN_POINT ( 'NONE',  ( 2.002297516605922276E-15, -9.807735026918964039, 10.90000000000000036 ) ) ;
#2481 = CARTESIAN_POINT ( 'NONE',  ( -6.674325055353075238E-16, -1.307735026918962706, -10.90000000000000036 ) ) ;
#2482 = CARTESIAN_POINT ( 'NONE',  ( 7.778174593052023411, 0.3749999999999991673, 7.778174593052021635 ) ) ;
#2483 = CARTESIAN_POINT ( 'NONE',  ( 2.388061258337338544E-15, -43.25000000000000711, 13.00000000000000000 ) ) ;
#2484 = CARTESIAN_POINT ( 'NONE',  ( 12.45870000000000388, -41.62501970071234325, 5.160562509537677478 ) ) ;
#2485 = CARTESIAN_POINT ( 'NONE',  ( 2.002297516605922276E-15, -1.567304374505724240, 10.90000000000000036 ) ) ;
#2486 = CARTESIAN_POINT ( 'NONE',  ( -9.181781553707320853, -34.49137914738684429, -9.181781553707320853 ) ) ;
#2487 = CARTESIAN_POINT ( 'NONE',  ( -8.809631254768838460, -39.68751970071234325, 8.809631254768842012 ) ) ;
#2488 = CARTESIAN_POINT ( 'NONE',  ( -13.00000000000000000, -35.37503940142468650, 0.000000000000000000 ) ) ;
#2489 = CARTESIAN_POINT ( 'NONE',  ( -12.45869999999999855, -39.75001970071234325, 5.160562509537689024 ) ) ;
#2490 = CARTESIAN_POINT ( 'NONE',  ( 12.98499999999999943, -38.94616025403784221, -5.378563107414642275 ) ) ;
#2491 = CARTESIAN_POINT ( 'NONE',  ( 10.45870000000000033, -4.750019700712345916, -4.332135384791490296 ) ) ;
#2492 = CARTESIAN_POINT ( 'NONE',  ( -12.98499999999999410, -36.44616025403783510, 5.378563107414648492 ) ) ;
#2493 = ORIENTED_EDGE ( 'NONE', *, *, #5645, .T. ) ;
#2494 = CARTESIAN_POINT ( 'NONE',  ( 8.809631254768842012, -40.68751970071234325, 8.809631254768838460 ) ) ;
#2495 = CARTESIAN_POINT ( 'NONE',  ( 5.160562509537688136, -43.50001970071234325, 12.45869999999999855 ) ) ;
#2496 = EDGE_CURVE ( 'NONE', #3562, #2677, #1370, .T. ) ;
#2497 = CARTESIAN_POINT ( 'NONE',  ( -4.332135384791492072, -0.1250197007123436121, 10.45870000000000033 ) ) ;
#2498 = CARTESIAN_POINT ( 'NONE',  ( 2.385305803039257098E-15, -35.25866025403784221, 12.98499999999999943 ) ) ;
#2499 = DIRECTION ( 'NONE',  ( 0.000000000000000000, 1.000000000000000000, 0.000000000000000000 ) ) ;
#2500 = ORIENTED_EDGE ( 'NONE', *, *, #1937, .F. ) ;
#2501 = CARTESIAN_POINT ( 'NONE',  ( -7.707463914933366134, -7.692304374505724240, 7.707463914933369686 ) ) ;
#2502 = CARTESIAN_POINT ( 'NONE',  ( -4.332135384791492072, -5.125019700712345028, 10.45870000000000033 ) ) ;
#2503 = CARTESIAN_POINT ( 'NONE',  ( 4.332135384791495625, -1.250019700712343473, 10.45870000000000033 ) ) ;
#2504 = CARTESIAN_POINT ( 'NONE',  ( -6.735557395310442023E-16, -0.2500000000000008882, -11.00000000000000000 ) ) ;
#2505 = FACE_OUTER_BOUND ( 'NONE', #3371, .T. ) ;
#2506 = VERTEX_POINT ( 'NONE', #944 ) ;
#2507 = CARTESIAN_POINT ( 'NONE',  ( 5.269236900095613407, 1.408874815470254383E-17, 9.137646954789842013 ) ) ;
#2508 = CARTESIAN_POINT ( 'NONE',  ( 5.160562509537688136, -40.75001970071234325, 12.45869999999999855 ) ) ;
#2509 = LINE ( 'NONE', #2130, #2385 ) ;
#2510 = CARTESIAN_POINT ( 'NONE',  ( -4.332135384791490296, -6.750019700712342363, -10.45870000000000033 ) ) ;
#2511 = ORIENTED_EDGE ( 'NONE', *, *, #4907, .T. ) ;
#2512 =( BOUNDED_CURVE ( )  B_SPLINE_CURVE ( 2, ( #4491, #4057, #2410, #4947, #56, #3196, #4084, #4176, #5345 ),
 .UNSPECIFIED., .F., .T. ) 
 B_SPLINE_CURVE_WITH_KNOTS ( ( 3, 2, 2, 2, 3 ),
 ( 0.06818181818181817677, 0.07954545454545454419, 0.09090909090909091161, 0.1022727272727272929, 0.1136363636363636465 ),
 .UNSPECIFIED. ) 
 CURVE ( )  GEOMETRIC_REPRESENTATION_ITEM ( )  RATIONAL_B_SPLINE_CURVE ( ( 1.000000000000000000, 0.9238795325112867385, 1.000000000000000000, 0.9238795325112867385, 1.000000000000000000, 0.9238795325112867385, 1.000000000000000000, 0.9238795325112866275, 1.000000000000000000 ) ) 
 REPRESENTATION_ITEM ( '' )  );
#2513 = ORIENTED_EDGE ( 'NONE', *, *, #1783, .T. ) ;
#2514 = CARTESIAN_POINT ( 'NONE',  ( 13.00000000000000000, -34.81253940142469361, -5.384776310850237557 ) ) ;
#2515 = CARTESIAN_POINT ( 'NONE',  ( -8.809631254768840236, -39.93751970071234325, -8.809631254768840236 ) ) ;
#2516 = CARTESIAN_POINT ( 'NONE',  ( 0.000000000000000000, -33.50000000000000000, 0.000000000000000000 ) ) ;
#2517 = CARTESIAN_POINT ( 'NONE',  ( 4.332135384791488519, -1.625019700712343029, -10.45870000000000033 ) ) ;
#2518 = CARTESIAN_POINT ( 'NONE',  ( 0.000000000000000000, -264.0000000000000000, 0.000000000000000000 ) ) ;
#2519 = VERTEX_POINT ( 'NONE', #3216 ) ;
#2520 = DATE_TIME_ROLE ( 'classification_date' ) ;
#2521 = CARTESIAN_POINT ( 'NONE',  ( 7.395417692395743536, -1.937519700712343251, -7.395417692395744425 ) ) ;
#2522 = CARTESIAN_POINT ( 'NONE',  ( -6.404106739121211359E-16, -9.562519700712345028, -10.45870000000000033 ) ) ;
#2523 = CARTESIAN_POINT ( 'NONE',  ( 10.90000000000000036, -4.317304374505724240, -1.334865011070615048E-15 ) ) ;
#2524 = CARTESIAN_POINT ( 'NONE',  ( -4.332135384791492072, -2.125019700712343695, 10.45870000000000033 ) ) ;
#2525 = CARTESIAN_POINT ( 'NONE',  ( 2.385305803039257098E-15, -40.11637914738684429, 12.98499999999999943 ) ) ;
#2526 = DIRECTION ( 'NONE',  ( 0.000000000000000000, 1.000000000000000000, 0.000000000000000000 ) ) ;
#2527 = ORIENTED_EDGE ( 'NONE', *, *, #205, .T. ) ;
#2528 = CARTESIAN_POINT ( 'NONE',  ( -7.395417692395744425, -1.687519700712343473, -7.395417692395744425 ) ) ;
#2529 = CARTESIAN_POINT ( 'NONE',  ( 7.778174593052021635, -1.375000000000000888, -7.778174593052023411 ) ) ;
#2530 = DIRECTION ( 'NONE',  ( 0.000000000000000000, 0.000000000000000000, 1.000000000000000000 ) ) ;
#2531 = ORIENTED_EDGE ( 'NONE', *, *, #2150, .F. ) ;
#2532 = CARTESIAN_POINT ( 'NONE',  ( 2.388061258337338544E-15, -40.25000000000000000, 13.00000000000000000 ) ) ;
#2533 = CARTESIAN_POINT ( 'NONE',  ( 8.809631254768842012, -43.68751970071234325, 8.809631254768838460 ) ) ;
#2534 = ADVANCED_FACE ( 'NONE', ( #914, #4051 ), #49, .F. ) ;
#2535 = CARTESIAN_POINT ( 'NONE',  ( 10.45870000000000033, 0.1874802992876564711, -1.280821347824242272E-15 ) ) ;
#2536 = CARTESIAN_POINT ( 'NONE',  ( 12.45870000000000211, -33.62501970071234325, 5.160562509537678366 ) ) ;
#2537 = LINE ( 'NONE', #5691, #5520 ) ;
#2538 = CARTESIAN_POINT ( 'NONE',  ( 10.45870000000000211, -9.125019700712343251, 4.332135384791487631 ) ) ;
#2539 = CARTESIAN_POINT ( 'NONE',  ( 7.395417692395746201, -2.937519700712343695, 7.395417692395743536 ) ) ;
#2540 = EDGE_LOOP ( 'NONE', ( #38, #3426, #1243, #1430 ) ) ;
#2541 = CARTESIAN_POINT ( 'NONE',  ( 4.556349186104045934, -8.187539401424684726, -11.00000000000000000 ) ) ;
#2542 = CARTESIAN_POINT ( 'NONE',  ( 5.160562509537679254, -40.12501970071233615, -12.45870000000000211 ) ) ;
#2543 = CARTESIAN_POINT ( 'NONE',  ( -8.793306545771702787, -1.652563032102395489E-16, 6.355294151812025838 ) ) ;
#2544 = CARTESIAN_POINT ( 'NONE',  ( -7.960204194457795477E-16, -34.75000000000000000, -13.00000000000000000 ) ) ;
#2545 = CARTESIAN_POINT ( 'NONE',  ( 2.288626061480569049E-15, -34.81251970071234325, 12.45870000000000033 ) ) ;
#2546 = CARTESIAN_POINT ( 'NONE',  ( 4.332135384791488519, -3.625019700712343695, -10.45870000000000033 ) ) ;
#2547 = ORIENTED_EDGE ( 'NONE', *, *, #1898, .F. ) ;
#2548 = APPROVAL_DATE_TIME ( #3858, #2795 ) ;
#2549 = AXIS2_PLACEMENT_3D ( 'NONE', #2747, #4519, #2341 ) ;
#2550 = CARTESIAN_POINT ( 'NONE',  ( -5.160562509537681919, -41.87501970071234325, 12.45870000000000033 ) ) ;
#2551 = LINE ( 'NONE', #1763, #3388 ) ;
#2552 = DIRECTION ( 'NONE',  ( 0.000000000000000000, 1.000000000000000000, 0.000000000000000000 ) ) ;
#2553 = CARTESIAN_POINT ( 'NONE',  ( -10.45870000000000033, -2.312519700712343695, 0.000000000000000000 ) ) ;
#2554 = CARTESIAN_POINT ( 'NONE',  ( -6.674325055353075238E-16, -1.307735026918962706, -10.90000000000000036 ) ) ;
#2555 = CARTESIAN_POINT ( 'NONE',  ( 5.378563107414779942, -37.82116025403784931, -12.98499999999985910 ) ) ;
#2556 = AXIS2_PLACEMENT_3D ( 'NONE', #3998, #3195, #3134 ) ;
#2557 = CARTESIAN_POINT ( 'NONE',  ( 4.332135384791495625, -5.000019700712345028, 10.45870000000000033 ) ) ;
#2558 = AXIS2_PLACEMENT_3D ( 'NONE', #647, #4652, #321 ) ;
#2559 = CARTESIAN_POINT ( 'NONE',  ( 4.332135384791488519, 0.1249802992876565821, -10.45870000000000033 ) ) ;
#2560 = CARTESIAN_POINT ( 'NONE',  ( -11.00000000000000000, -1.000000000000000888, 0.000000000000000000 ) ) ;
#2561 = CARTESIAN_POINT ( 'NONE',  ( -7.395417692395744425, -1.687519700712343473, -7.395417692395744425 ) ) ;
#2562 = ORIENTED_EDGE ( 'NONE', *, *, #4907, .F. ) ;
#2563 = CARTESIAN_POINT ( 'NONE',  ( 13.00000000000000000, -40.93750000000000711, -5.384776310850237557 ) ) ;
#2564 = CARTESIAN_POINT ( 'NONE',  ( -9.181781553707317300, -37.24137914738683719, 9.181781553707322630 ) ) ;
#2565 = APPROVAL_PERSON_ORGANIZATION ( #3297, #1363, #2886 ) ;
#2566 = CARTESIAN_POINT ( 'NONE',  ( 0.000000000000000000, -258.8000000000000114, 0.000000000000000000 ) ) ;
#2567 = CARTESIAN_POINT ( 'NONE',  ( -12.45869999999999855, -34.00001970071234325, 5.160562509537689024 ) ) ;
#2568 = EDGE_CURVE ( 'NONE', #2188, #3801, #4107, .T. ) ;
#2569 = CARTESIAN_POINT ( 'NONE',  ( 8.809631254768842012, -33.68751970071234325, 8.809631254768838460 ) ) ;
#2570 = CARTESIAN_POINT ( 'NONE',  ( 10.45870000000000033, -9.062519700712343251, -1.280821347824242272E-15 ) ) ;
#2571 = VERTEX_POINT ( 'NONE', #4654 ) ;
#2572 = CARTESIAN_POINT ( 'NONE',  ( 11.00000000000000355, -7.437539401424685614, 4.556349186104045046 ) ) ;
#2573 = CARTESIAN_POINT ( 'NONE',  ( 5.384776310850242886, -37.06253940142468650, 12.99999999999999645 ) ) ;
#2574 = ADVANCED_FACE ( 'NONE', ( #5029 ), #5083, .T. ) ;
#2575 = CARTESIAN_POINT ( 'NONE',  ( -5.384776310850238445, -33.31250000000000000, 12.99999999999999822 ) ) ;
#2576 = CARTESIAN_POINT ( 'NONE',  ( -10.45870000000000033, -6.375019700712344140, -4.332135384791489408 ) ) ;
#2577 = VERTEX_POINT ( 'NONE', #3811 ) ;
#2578 = CARTESIAN_POINT ( 'NONE',  ( 7.395417692395743536, -4.937519700712343251, -7.395417692395744425 ) ) ;
#2579 = CARTESIAN_POINT ( 'NONE',  ( 8.809631254768838460, -35.18751970071234325, -8.809631254768840236 ) ) ;
#2580 = CARTESIAN_POINT ( 'NONE',  ( 12.98499999999999943, -40.80387914738684429, -5.378563107414641387 ) ) ;
#2581 = CARTESIAN_POINT ( 'NONE',  ( 5.160562509537679254, -43.12501970071234325, -12.45870000000000388 ) ) ;
#2582 =( BOUNDED_CURVE ( )  B_SPLINE_CURVE ( 2, ( #695, #4751, #3398, #1195, #1167, #5669, #4349, #780, #4782 ),
 .UNSPECIFIED., .F., .F. ) 
 B_SPLINE_CURVE_WITH_KNOTS ( ( 3, 2, 2, 2, 3 ),
 ( 0.4318181818181817677, 0.4431818181818181213, 0.4545454545454544193, 0.4659090909090907728, 0.4772727272727271819 ),
 .UNSPECIFIED. ) 
 CURVE ( )  GEOMETRIC_REPRESENTATION_ITEM ( )  RATIONAL_B_SPLINE_CURVE ( ( 1.000000000000000444, 0.9238795325112864054, 1.000000000000000000, 0.9238795325112867385, 1.000000000000000000, 0.9238795325112867385, 1.000000000000000000, 0.9238795325112875156, 0.9999999999999992228 ) ) 
 REPRESENTATION_ITEM ( '' )  );
#2583 = CARTESIAN_POINT ( 'NONE',  ( -12.45869999999999855, -33.75001970071234325, 5.160562509537689024 ) ) ;
#2584 = CARTESIAN_POINT ( 'NONE',  ( 10.90000000000000213, -3.620235026918963150, 4.514927829866736353 ) ) ;
#2585 = CARTESIAN_POINT ( 'NONE',  ( -12.98499999999999943, -36.36637914738684429, 0.000000000000000000 ) ) ;
#2586 = CARTESIAN_POINT ( 'NONE',  ( 0.000000000000000000, -228.9999999999999716, 0.000000000000000000 ) ) ;
#2587 = CARTESIAN_POINT ( 'NONE',  ( 10.45870000000000033, -3.000019700712343695, -4.332135384791490296 ) ) ;
#2588 = CARTESIAN_POINT ( 'NONE',  ( -4.556349186104047710, -4.812500000000000888, 10.99999999999999822 ) ) ;
#2589 = VERTEX_POINT ( 'NONE', #1498 ) ;
#2590 = CARTESIAN_POINT ( 'NONE',  ( -5.384776310850237557, -40.68750000000000000, -13.00000000000000000 ) ) ;
#2591 = CARTESIAN_POINT ( 'NONE',  ( 10.45870000000000211, -3.875019700712342807, 4.332135384791487631 ) ) ;
#2592 = CARTESIAN_POINT ( 'NONE',  ( 5.160562509537679254, -34.37501970071234325, -12.45870000000000211 ) ) ;
#2593 = CARTESIAN_POINT ( 'NONE',  ( -6.674325055353075238E-16, -3.067304374505725129, -10.90000000000000036 ) ) ;
#2594 = CARTESIAN_POINT ( 'NONE',  ( 1.921232021736363210E-15, -7.312519700712343251, 10.45870000000000033 ) ) ;
#2595 = ORIENTED_EDGE ( 'NONE', *, *, #3951, .F. ) ;
#2596 = EDGE_CURVE ( 'NONE', #1789, #5596, #3435, .T. ) ;
#2597 = CARTESIAN_POINT ( 'NONE',  ( 4.556349186104051263, -8.562539401424686503, 10.99999999999999822 ) ) ;
#2598 = CARTESIAN_POINT ( 'NONE',  ( 2.311954091122509158, -6.273654507954771379E-17, 10.25556603943885037 ) ) ;
#2599 = CARTESIAN_POINT ( 'NONE',  ( 5.384776310850236669, -38.68753940142468650, -13.00000000000000000 ) ) ;
#2600 = CARTESIAN_POINT ( 'NONE',  ( 13.00000000000000533, -34.06250000000001421, 5.384776310850233116 ) ) ;
#2601 = CARTESIAN_POINT ( 'NONE',  ( 12.45870000000000211, -34.62501970071234325, 5.160562509537678366 ) ) ;
#2602 = CARTESIAN_POINT ( 'NONE',  ( 4.332135384791495625, -7.000019700712344140, 10.45870000000000033 ) ) ;
#2603 = VERTEX_POINT ( 'NONE', #649 ) ;
#2604 = EDGE_CURVE ( 'NONE', #731, #4588, #4366, .T. ) ;
#2605 = CARTESIAN_POINT ( 'NONE',  ( -10.45870000000000033, -3.500019700712343251, 4.332135384791498289 ) ) ;
#2606 = CARTESIAN_POINT ( 'NONE',  ( -12.45870000000000033, -32.81251970071234325, 0.000000000000000000 ) ) ;
#2607 = DIRECTION ( 'NONE',  ( 0.000000000000000000, 1.000000000000000000, 0.000000000000000000 ) ) ;
#2608 = CARTESIAN_POINT ( 'NONE',  ( -4.514927829866737241, -2.004804374505724684, -10.90000000000000036 ) ) ;
#2609 = CARTESIAN_POINT ( 'NONE',  ( 4.514927829866759446, -4.504804374505724240, 10.89999999999998259 ) ) ;
#2610 = CARTESIAN_POINT ( 'NONE',  ( -10.45870000000000033, -4.250019700712345028, 4.332135384791498289 ) ) ;
#2611 = CARTESIAN_POINT ( 'NONE',  ( -5.160562509537681919, -34.62501970071234325, 12.45870000000000033 ) ) ;
#2612 = CARTESIAN_POINT ( 'NONE',  ( 12.98500000000000298, -41.07116025403784931, 5.378563107414636946 ) ) ;
#2613 = CARTESIAN_POINT ( 'NONE',  ( -10.90000000000000036, -8.879804374505724240, -4.514927829866737241 ) ) ;
#2614 = ORIENTED_EDGE ( 'NONE', *, *, #1790, .F. ) ;
#2615 =( BOUNDED_CURVE ( )  B_SPLINE_CURVE ( 2, ( #5529, #2417, #227, #1487, #4157, #3799, #3267, #5017, #1026 ),
 .UNSPECIFIED., .F., .F. ) 
 B_SPLINE_CURVE_WITH_KNOTS ( ( 3, 2, 2, 2, 3 ),
 ( 0.7499999999999998890, 0.7613636363636362425, 0.7727272727272725961, 0.7840909090909089496, 0.7954545454545453032 ),
 .UNSPECIFIED. ) 
 CURVE ( )  GEOMETRIC_REPRESENTATION_ITEM ( )  RATIONAL_B_SPLINE_CURVE ( ( 1.000000000000000666, 0.9238795325112859613, 1.000000000000000000, 0.9238795325112867385, 1.000000000000000000, 0.9238795325112867385, 1.000000000000000000, 0.9238795325112875156, 0.9999999999999992228 ) ) 
 REPRESENTATION_ITEM ( '' )  );
#2616 = CARTESIAN_POINT ( 'NONE',  ( -6.674325055353075238E-16, -9.307735026918962262, -10.90000000000000036 ) ) ;
#2617 = CARTESIAN_POINT ( 'NONE',  ( -4.332135384791490296, -4.750019700712344140, -10.45870000000000033 ) ) ;
#2618 = CARTESIAN_POINT ( 'NONE',  ( 7.778174593052023411, -5.625000000000000888, 7.778174593052021635 ) ) ;
#2619 = CARTESIAN_POINT ( 'NONE',  ( 7.395417692395743536, -3.937519700712343695, -7.395417692395744425 ) ) ;
#2620 = ORIENTED_EDGE ( 'NONE', *, *, #2650, .T. ) ;
#2621 = CARTESIAN_POINT ( 'NONE',  ( 10.66034022080236099, -33.49999999999998579, -6.614425235903579114 ) ) ;
#2622 = VERTEX_POINT ( 'NONE', #4599 ) ;
#2623 = CARTESIAN_POINT ( 'NONE',  ( 4.332135384791488519, -3.625019700712343695, -10.45870000000000033 ) ) ;
#2624 = CARTESIAN_POINT ( 'NONE',  ( -12.45870000000000033, -33.06251970071234325, 0.000000000000000000 ) ) ;
#2625 = CARTESIAN_POINT ( 'NONE',  ( 5.160562509537679254, -34.37501970071234325, -12.45870000000000388 ) ) ;
#2626 = CARTESIAN_POINT ( 'NONE',  ( -10.45870000000000033, -7.562519700712343251, 0.000000000000000000 ) ) ;
#2627 = ORIENTED_EDGE ( 'NONE', *, *, #2639, .F. ) ;
#2628 = CARTESIAN_POINT ( 'NONE',  ( -11.00000000000000000, -8.937539401424682950, -4.556349186104045934 ) ) ;
#2629 = CARTESIAN_POINT ( 'NONE',  ( -13.00000000000000000, -36.37503940142468650, 0.000000000000000000 ) ) ;
#2630 = CARTESIAN_POINT ( 'NONE',  ( 13.00000000000000000, -32.93750000000000000, -5.384776310850237557 ) ) ;
#2631 = CARTESIAN_POINT ( 'NONE',  ( 12.45870000000000033, -36.56251970071234325, -1.525750707653712963E-15 ) ) ;
#2632 = CARTESIAN_POINT ( 'NONE',  ( 10.45870000000000033, -8.812519700712343251, -1.280821347824242272E-15 ) ) ;
#2633 = CARTESIAN_POINT ( 'NONE',  ( 4.332135384791488519, -6.875019700712343251, -10.45870000000000033 ) ) ;
#2634 = CARTESIAN_POINT ( 'NONE',  ( -8.809631254768838460, -43.93751970071234325, 8.809631254768842012 ) ) ;
#2635 = CARTESIAN_POINT ( 'NONE',  ( 5.378563107414318090, -40.67887914738683008, -12.98500000000032095 ) ) ;
#2636 = CARTESIAN_POINT ( 'NONE',  ( 12.45870000000000211, -42.50001970071234325, -5.160562509537681031 ) ) ;
#2637 = CARTESIAN_POINT ( 'NONE',  ( 7.395417692395746201, -4.937519700712343251, 7.395417692395743536 ) ) ;
#2638 = DIRECTION ( 'NONE',  ( 0.000000000000000000, -0.000000000000000000, 1.000000000000000000 ) ) ;
#2639 = EDGE_CURVE ( 'NONE', #3578, #606, #2253, .T. ) ;
#2640 = CARTESIAN_POINT ( 'NONE',  ( -9.181781553707317300, -40.38366025403784221, 9.181781553707322630 ) ) ;
#2641 = DIRECTION ( 'NONE',  ( 0.000000000000000000, 1.000000000000000000, 0.000000000000000000 ) ) ;
#2642 = ORIENTED_EDGE ( 'NONE', *, *, #312, .T. ) ;
#2643 = CARTESIAN_POINT ( 'NONE',  ( 2.288626061480569049E-15, -42.81251970071234325, 12.45870000000000033 ) ) ;
#2644 = ORIENTED_EDGE ( 'NONE', *, *, #1178, .T. ) ;
#2645 = DIRECTION ( 'NONE',  ( 0.000000000000000000, 1.000000000000000000, 0.000000000000000000 ) ) ;
#2646 = CARTESIAN_POINT ( 'NONE',  ( 5.160562509537688136, -36.50001970071233615, 12.45869999999999855 ) ) ;
#2647 = CARTESIAN_POINT ( 'NONE',  ( 7.395417692395746201, -4.187519700712343251, 7.395417692395743536 ) ) ;
#2648 = VECTOR ( 'NONE', #1809, 1000.000000000000000 ) ;
#2649 = CARTESIAN_POINT ( 'NONE',  ( 11.00000000000000000, -5.500000000000001776, -1.347111479062088405E-15 ) ) ;
#2650 = EDGE_CURVE ( 'NONE', #2577, #977, #2848, .T. ) ;
#2651 = CARTESIAN_POINT ( 'NONE',  ( 10.45870000000000211, -4.125019700712343251, 4.332135384791487631 ) ) ;
#2652 = FACE_OUTER_BOUND ( 'NONE', #1083, .T. ) ;
#2653 = CARTESIAN_POINT ( 'NONE',  ( 9.139425607525895501, 1.584984167308365456E-17, 5.265809712328255898 ) ) ;
#2654 = DIRECTION ( 'NONE',  ( 0.000000000000000000, 1.000000000000000000, 0.000000000000000000 ) ) ;
#2655 =( BOUNDED_CURVE ( )  B_SPLINE_CURVE ( 2, ( #1124, #4710, #3869, #4280, #4764, #4256, #1635, #244, #271, #3383, #2984, #5567, #4363, #5629, #1603, #3470, #2068, #1154, #1663, #764, #3040, #327, #2956, #711, #3840, #3414, #3439, #1210, #2561, #2126, #5217, #4798, #793, #5717, #4392, #941, #418, #2249, #4046, #473, #4826, #1774, #382, #3985, #3957, #2709, #1367, #3584, #1804, #5335, #1863, #3184, #823, #1300, #2185, #4452, #1747, #4483, #3153, #3524, #2219, #4911, #3067, #5749, #2619, #4424, #5275, #2651, #449, #2683, #1398, #3555, #13, #3094, #1269, #5305, #4852, #2276, #1333, #850, #5367, #46, #4937, #3124, #4885, #1835, #878, #4074, #908, #4016, #3616, #73, #2741, #4516, #2306, #505, #5245, #1160, #5608, #5577, #4342, #3504, #4289, #3047, #3447, #5224, #828, #2105, #5256, #2510, #4372, #4806, #2964, #3475, #1251, #4399, #1671, #390, #2594, #5636, #5665, #1162, #2626, #360, #3822, #3929, #1610, #5198, #2160, #4772, #1216, #3016, #1278, #4832, #3391, #2131, #774, #799, #4716, #5692, #717, #280, #1642, #1188, #4745, #744, #2570, #2538, #4317, #310, #333, #3901, #2283, #4892, #1405, #1376, #5282, #456, #4859, #4462, #3100, #1307, #3163, #2316, #5312, #3966, #857, #3531, #5726, #3132, #951 ),
 .UNSPECIFIED., .F., .F. ) 
 B_SPLINE_CURVE_WITH_KNOTS ( ( 3, 2, 2, 2, 2, 2, 2, 2, 2, 2, 2, 2, 2, 2, 2, 2, 2, 2, 2, 2, 2, 2, 2, 2, 2, 2, 2, 2, 2, 2, 2, 2, 2, 2, 2, 2, 2, 2, 2, 2, 2, 2, 2, 2, 2, 2, 2, 2, 2, 2, 2, 2, 2, 2, 2, 2, 2, 2, 2, 2, 2, 2, 2, 2, 2, 2, 2, 2, 2, 2, 2, 2, 2, 2, 2, 2, 2, 2, 2, 2, 2, 2, 2, 2, 2, 3 ),
 ( 0.03977100446368371511, 0.04545454545454545581, 0.05681818181818181629, 0.06818181818181817677, 0.07954545454545454419, 0.09090909090909091161, 0.1022727272727272790, 0.1136363636363636326, 0.1250000000000000000, 0.1363636363636363535, 0.1477272727272727348, 0.1590909090909090884, 0.1704545454545454142, 0.1818181818181818232, 0.1931818181818181768, 0.2045454545454545303, 0.2159090909090908839, 0.2272727272727272374, 0.2386363636363636465, 0.2500000000000000000, 0.2613636363636363535, 0.2727272727272727071, 0.2840909090909091161, 0.2954545454545454697, 0.3068181818181818232, 0.3181818181818181768, 0.3295454545454545303, 0.3409090909090908839, 0.3522727272727272929, 0.3636363636363636465, 0.3750000000000000000, 0.3863636363636363535, 0.3977272727272727071, 0.4090909090909091161, 0.4204545454545454697, 0.4318181818181818232, 0.4431818181818181768, 0.4545454545454544748, 0.4659090909090908839, 0.4772727272727272929, 0.4886363636363636465, 0.5000000000000000000, 0.5113636363636363535, 0.5227272727272727071, 0.5340909090909090606, 0.5454545454545454142, 0.5568181818181817677, 0.5681818181818182323, 0.5795454545454545858, 0.5909090909090909394, 0.6022727272727272929, 0.6136363636363636465, 0.6250000000000001110, 0.6363636363636363535, 0.6477272727272727071, 0.6590909090909090606, 0.6704545454545454142, 0.6818181818181817677, 0.6931818181818182323, 0.7045454545454544748, 0.7159090909090909394, 0.7272727272727272929, 0.7386363636363636465, 0.7500000000000000000, 0.7613636363636363535, 0.7727272727272727071, 0.7840909090909090606, 0.7954545454545454142, 0.8068181818181817677, 0.8181818181818182323, 0.8295454545454545858, 0.8409090909090909394, 0.8522727272727272929, 0.8636363636363636465, 0.8750000000000000000, 0.8863636363636363535, 0.8977272727272727071, 0.9090909090909090606, 0.9204545454545454142, 0.9318181818181817677, 0.9431818181818182323, 0.9545454545454545858, 0.9659090909090909394, 0.9772727272727272929, 0.9886363636363636465, 1.000000000000000000 ),
 .UNSPECIFIED. ) 
 CURVE ( )  GEOMETRIC_REPRESENTATION_ITEM ( )  RATIONAL_B_SPLINE_CURVE ( ( 0.9619397697548619508, 0.9619282258450219114, 1.000000000000000000, 0.9238795325112867385, 1.000000000000000000, 0.9238795325112867385, 1.000000000000000000, 0.9238795325112867385, 1.000000000000000000, 0.9238795325112867385, 1.000000000000000000, 0.9238795325112867385, 1.000000000000000000, 0.9238795325112867385, 1.000000000000000000, 0.9238795325112867385, 1.000000000000000000, 0.9238795325112867385, 1.000000000000000000, 0.9238795325112867385, 1.000000000000000000, 0.9238795325112867385, 1.000000000000000000, 0.9238795325112867385, 1.000000000000000000, 0.9238795325112867385, 1.000000000000000000, 0.9238795325112867385, 1.000000000000000000, 0.9238795325112867385, 1.000000000000000000, 0.9238795325112867385, 1.000000000000000000, 0.9238795325112867385, 1.000000000000000000, 0.9238795325112867385, 1.000000000000000000, 0.9238795325112867385, 1.000000000000000000, 0.9238795325112867385, 1.000000000000000000, 0.9238795325112867385, 1.000000000000000000, 0.9238795325112867385, 1.000000000000000000, 0.9238795325112867385, 1.000000000000000000, 0.9238795325112867385, 1.000000000000000000, 0.9238795325112867385, 1.000000000000000000, 0.9238795325112867385, 1.000000000000000000, 0.9238795325112867385, 1.000000000000000000, 0.9238795325112867385, 1.000000000000000000, 0.9238795325112867385, 1.000000000000000000, 0.9238795325112867385, 1.000000000000000000, 0.9238795325112867385, 1.000000000000000000, 0.9238795325112867385, 1.000000000000000000, 0.9238795325112867385, 1.000000000000000000, 0.9238795325112867385, 1.000000000000000000, 0.9238795325112867385, 1.000000000000000000, 0.9238795325112867385, 1.000000000000000000, 0.9238795325112867385, 1.000000000000000000, 0.9238795325112867385, 1.000000000000000000, 0.9238795325112867385, 1.000000000000000000, 0.9238795325112867385, 1.000000000000000000, 0.9238795325112867385, 1.000000000000000000, 0.9238795325112867385, 1.000000000000000000, 0.9238795325112867385, 1.000000000000000000, 0.9238795325112867385, 1.000000000000000000, 0.9238795325112867385, 1.000000000000000000, 0.9238795325112867385, 1.000000000000000000, 0.9238795325112867385, 1.000000000000000000, 0.9238795325112867385, 1.000000000000000000, 0.9238795325112867385, 1.000000000000000000, 0.9238795325112867385, 1.000000000000000000, 0.9238795325112867385, 1.000000000000000000, 0.9238795325112867385, 1.000000000000000000, 0.9238795325112867385, 1.000000000000000000, 0.9238795325112867385, 1.000000000000000000, 0.9238795325112867385, 1.000000000000000000, 0.9238795325112867385, 1.000000000000000000, 0.9238795325112867385, 1.000000000000000000, 0.9238795325112867385, 1.000000000000000000, 0.9238795325112867385, 1.000000000000000000, 0.9238795325112867385, 1.000000000000000000, 0.9238795325112867385, 1.000000000000000000, 0.9238795325112867385, 1.000000000000000000, 0.9238795325112867385, 1.000000000000000000, 0.9238795325112867385, 1.000000000000000000, 0.9238795325112867385, 1.000000000000000000, 0.9238795325112867385, 1.000000000000000000, 0.9238795325112867385, 1.000000000000000000, 0.9238795325112867385, 1.000000000000000000, 0.9238795325112867385, 1.000000000000000000, 0.9238795325112867385, 1.000000000000000000, 0.9238795325112867385, 1.000000000000000000, 0.9238795325112867385, 1.000000000000000000, 0.9238795325112867385, 1.000000000000000000, 0.9238795325112867385, 1.000000000000000000, 0.9238795325112867385, 1.000000000000000000, 0.9238795325112867385, 1.000000000000000000, 0.9238795325112867385, 1.000000000000000000, 0.9238795325112867385, 1.000000000000000000, 0.9238795325112867385, 1.000000000000000000, 0.9238795325112867385, 1.000000000000000000, 0.9238795325112867385, 1.000000000000000000, 0.9238795325112867385, 1.000000000000000000, 0.9238795325112867385, 1.000000000000000000, 0.9238795325112867385, 1.000000000000000000, 0.9238795325112867385, 1.000000000000000000 ) ) 
 REPRESENTATION_ITEM ( '' )  );
#2656 = CARTESIAN_POINT ( 'NONE',  ( 1.334865011070615048E-15, -33.50000000000000000, -10.90000000000000036 ) ) ;
#2657 = CARTESIAN_POINT ( 'NONE',  ( 2.288626061480569049E-15, -37.81251970071233615, 12.45870000000000033 ) ) ;
#2658 = CC_DESIGN_APPROVAL ( #3370, ( #138 ) ) ;
#2659 = CARTESIAN_POINT ( 'NONE',  ( -7.951019343464190656E-16, -43.61637914738684429, -12.98499999999999943 ) ) ;
#2660 = CARTESIAN_POINT ( 'NONE',  ( 0.000000000000000000, -57.50000000000000000, 12.98499999999999943 ) ) ;
#2661 = ORIENTED_EDGE ( 'NONE', *, *, #143, .F. ) ;
#2662 = CARTESIAN_POINT ( 'NONE',  ( -6.735557395310442023E-16, -6.125039401424686503, -11.00000000000000000 ) ) ;
#2663 = CARTESIAN_POINT ( 'NONE',  ( 9.192388155425115670, -37.75003940142468650, -9.192388155425117446 ) ) ;
#2664 = CARTESIAN_POINT ( 'NONE',  ( 9.192388155425115670, -34.87500000000000000, -9.192388155425117446 ) ) ;
#2665 = CARTESIAN_POINT ( 'NONE',  ( -7.628753538268564813E-16, -38.31251970071233615, -12.45870000000000033 ) ) ;
#2666 = CARTESIAN_POINT ( 'NONE',  ( -6.404106739121211359E-16, -5.562519700712344140, -10.45870000000000033 ) ) ;
#2667 = ORIENTED_EDGE ( 'NONE', *, *, #3878, .F. ) ;
#2668 = CARTESIAN_POINT ( 'NONE',  ( 1.921232021736363210E-15, -5.312519700712343251, 10.45870000000000033 ) ) ;
#2669 = CARTESIAN_POINT ( 'NONE',  ( 2.288626061480569049E-15, -43.81251970071234325, 12.45870000000000033 ) ) ;
#2670 = CARTESIAN_POINT ( 'NONE',  ( -4.514927829866739017, -1.629804374505724462, 10.89999999999999858 ) ) ;
#2671 = CARTESIAN_POINT ( 'NONE',  ( 1.921232021736363210E-15, -3.062519700712343251, 10.45870000000000033 ) ) ;
#2672 = CARTESIAN_POINT ( 'NONE',  ( 12.45870000000000211, -33.37501970071233615, 5.160562509537678366 ) ) ;
#2673 = DIRECTION ( 'NONE',  ( 0.000000000000000000, 0.000000000000000000, 1.000000000000000000 ) ) ;
#2674 = CARTESIAN_POINT ( 'NONE',  ( -7.951019343464190656E-16, -42.61637914738684429, -12.98499999999999943 ) ) ;
#2675 = DIRECTION ( 'NONE',  ( 0.000000000000000000, 1.000000000000000000, 0.000000000000000000 ) ) ;
#2676 = CARTESIAN_POINT ( 'NONE',  ( 4.514927829866736353, -8.129804374505724240, -10.90000000000000036 ) ) ;
#2677 = VERTEX_POINT ( 'NONE', #3735 ) ;
#2678 = ADVANCED_FACE ( 'NONE', ( #4253 ), #239, .F. ) ;
#2679 = CARTESIAN_POINT ( 'NONE',  ( -6.674325055353075238E-16, -10.06730437450572424, -10.90000000000000036 ) ) ;
#2680 = CARTESIAN_POINT ( 'NONE',  ( 12.45870000000000388, -38.37501970071233615, 5.160562509537677478 ) ) ;
#2681 = CARTESIAN_POINT ( 'NONE',  ( -7.395417692395742648, -5.437519700712343251, 7.395417692395746201 ) ) ;
#2682 = CARTESIAN_POINT ( 'NONE',  ( -7.778174593052020747, -5.875000000000000888, 7.778174593052023411 ) ) ;
#2683 = CARTESIAN_POINT ( 'NONE',  ( 4.332135384791495625, -4.250019700712344140, 10.45870000000000033 ) ) ;
#2684 = CARTESIAN_POINT ( 'NONE',  ( -12.96408980240277486, -33.50000000000000000, 0.7366142784636214857 ) ) ;
#2685 = CARTESIAN_POINT ( 'NONE',  ( 8.421701457098837551, -33.49999999999999289, -9.359753446350845607 ) ) ;
#2686 = DIRECTION ( 'NONE',  ( 0.000000000000000000, 0.000000000000000000, 1.000000000000000000 ) ) ;
#2687 = VERTEX_POINT ( 'NONE', #4629 ) ;
#2688 = CARTESIAN_POINT ( 'NONE',  ( 0.000000000000000000, -33.50000000000000000, 0.000000000000000000 ) ) ;
#2689 = CARTESIAN_POINT ( 'NONE',  ( -8.809631254768838460, -37.93751970071233615, 8.809631254768842012 ) ) ;
#2690 = CARTESIAN_POINT ( 'NONE',  ( 2.288626061480569049E-15, -34.81251970071234325, 12.45870000000000033 ) ) ;
#2691 = CARTESIAN_POINT ( 'NONE',  ( 7.707463914933369686, -9.682735026918964039, 7.707463914933367022 ) ) ;
#2692 = CARTESIAN_POINT ( 'NONE',  ( -7.395417692395744425, 0.3124802992876565821, -7.395417692395744425 ) ) ;
#2693 = CARTESIAN_POINT ( 'NONE',  ( 1.561424668912875111E-15, -264.0000000000000000, -12.75000000000000000 ) ) ;
#2694 = CARTESIAN_POINT ( 'NONE',  ( 9.192388155425119223, -37.00003940142469361, 9.192388155425115670 ) ) ;
#2695 = CARTESIAN_POINT ( 'NONE',  ( 9.192388155425115670, -37.87500000000000000, -9.192388155425117446 ) ) ;
#2696 = CARTESIAN_POINT ( 'NONE',  ( -5.160562509537681919, -35.87501970071235036, 12.45870000000000033 ) ) ;
#2697 = CARTESIAN_POINT ( 'NONE',  ( -10.45870000000000033, -7.250019700712344140, 4.332135384791497401 ) ) ;
#2698 = VERTEX_POINT ( 'NONE', #3360 ) ;
#2699 = CARTESIAN_POINT ( 'NONE',  ( -7.395417692395744425, -6.687519700712343251, -7.395417692395744425 ) ) ;
#2700 = CARTESIAN_POINT ( 'NONE',  ( 12.45870000000000211, -34.37501970071234325, 5.160562509537678366 ) ) ;
#2701 = CARTESIAN_POINT ( 'NONE',  ( -12.45870000000000211, -43.12501970071234325, -5.160562509537680143 ) ) ;
#2702 = CARTESIAN_POINT ( 'NONE',  ( -12.45869999999999855, -36.75001970071233615, 5.160562509537689024 ) ) ;
#2703 = CARTESIAN_POINT ( 'NONE',  ( -7.951019343464191642E-16, -41.75866025403784221, -12.98499999999999943 ) ) ;
#2704 = CARTESIAN_POINT ( 'NONE',  ( -7.628753538268564813E-16, -43.31251970071234325, -12.45870000000000033 ) ) ;
#2705 = VERTEX_POINT ( 'NONE', #772 ) ;
#2706 = CARTESIAN_POINT ( 'NONE',  ( -4.514927829866739017, -2.629804374505724240, 10.89999999999999858 ) ) ;
#2707 = CARTESIAN_POINT ( 'NONE',  ( -6.404106739121211359E-16, -5.812519700712343251, -10.45870000000000033 ) ) ;
#2708 = CARTESIAN_POINT ( 'NONE',  ( 4.556349186104051263, -4.687500000000000888, 10.99999999999999822 ) ) ;
#2709 = CARTESIAN_POINT ( 'NONE',  ( -4.332135384791490296, -2.750019700712343251, -10.45870000000000033 ) ) ;
#2710 = CARTESIAN_POINT ( 'NONE',  ( -8.525330392435321869, -33.50000000000000000, 9.519588584658436048 ) ) ;
#2711 = CARTESIAN_POINT ( 'NONE',  ( -1.314775786305618421, -33.50000000000000000, -12.75314494525886388 ) ) ;
#2712 = DIRECTION ( 'NONE',  ( 0.000000000000000000, 0.000000000000000000, 1.000000000000000000 ) ) ;
#2713 = DIRECTION ( 'NONE',  ( 0.000000000000000000, 0.000000000000000000, 1.000000000000000000 ) ) ;
#2714 = CARTESIAN_POINT ( 'NONE',  ( -5.160562509537681919, -36.87501970071235036, 12.45870000000000033 ) ) ;
#2715 = CARTESIAN_POINT ( 'NONE',  ( -0.8617465758212402571, -5.830012786504121735E-18, 10.55950478677662296 ) ) ;
#2716 = EDGE_CURVE ( 'NONE', #5609, #679, #585, .T. ) ;
#2717 = CARTESIAN_POINT ( 'NONE',  ( 8.809631254768838460, -35.43751970071234325, -8.809631254768840236 ) ) ;
#2718 = CARTESIAN_POINT ( 'NONE',  ( -5.378563107414360722, -42.17887914738685140, 12.98500000000027654 ) ) ;
#2719 = CARTESIAN_POINT ( 'NONE',  ( 4.332135384791488519, -1.625019700712343029, -10.45870000000000033 ) ) ;
#2720 = CARTESIAN_POINT ( 'NONE',  ( 2.385305803039257098E-15, -34.25866025403784221, 12.98499999999999943 ) ) ;
#2721 = CARTESIAN_POINT ( 'NONE',  ( 7.778174593052021635, -0.2500394014246860031, -7.778174593052023411 ) ) ;
#2722 = CARTESIAN_POINT ( 'NONE',  ( 2.388061258337338544E-15, -37.25000000000000000, 13.00000000000000000 ) ) ;
#2723 = ADVANCED_FACE ( 'NONE', ( #1855 ), #995, .T. ) ;
#2724 = CARTESIAN_POINT ( 'NONE',  ( 8.809631254768838460, -38.43751970071233615, -8.809631254768840236 ) ) ;
#2725 = DIRECTION ( 'NONE',  ( 0.000000000000000000, 0.000000000000000000, 1.000000000000000000 ) ) ;
#2726 = ORIENTED_EDGE ( 'NONE', *, *, #5187, .F. ) ;
#2727 = LINE ( 'NONE', #92, #5693 ) ;
#2728 = CARTESIAN_POINT ( 'NONE',  ( -10.45870000000000033, -7.500019700712343251, 4.332135384791498289 ) ) ;
#2729 = CARTESIAN_POINT ( 'NONE',  ( -12.45870000000000033, -37.81251970071233615, 0.000000000000000000 ) ) ;
#2730 = DIRECTION ( 'NONE',  ( 0.000000000000000000, 0.000000000000000000, -1.000000000000000000 ) ) ;
#2731 = CARTESIAN_POINT ( 'NONE',  ( -9.192388155425117446, -41.50003940142468650, -9.192388155425117446 ) ) ;
#2732 = CARTESIAN_POINT ( 'NONE',  ( 12.45870000000000211, -38.37501970071234325, 5.160562509537678366 ) ) ;
#2733 = DIRECTION ( 'NONE',  ( 0.000000000000000000, 0.000000000000000000, 1.000000000000000000 ) ) ;
#2734 = PLANE ( 'NONE',  #590 ) ;
#2735 = ORIENTED_EDGE ( 'NONE', *, *, #2433, .F. ) ;
#2736 = CARTESIAN_POINT ( 'NONE',  ( -10.45870000000000033, -7.312519700712344140, 0.000000000000000000 ) ) ;
#2737 = CARTESIAN_POINT ( 'NONE',  ( 0.000000000000000000, 0.3190539273024706191, -8.000000000000000000 ) ) ;
#2738 = CARTESIAN_POINT ( 'NONE',  ( 5.160562509537679254, -37.12501970071234325, -12.45870000000000388 ) ) ;
#2739 = CARTESIAN_POINT ( 'NONE',  ( -7.395417692395744425, -8.687519700712343251, -7.395417692395744425 ) ) ;
#2740 = CARTESIAN_POINT ( 'NONE',  ( -10.99999999999999822, -9.937500000000001776, 4.556349186104052151 ) ) ;
#2741 = CARTESIAN_POINT ( 'NONE',  ( -7.395417692395744425, -5.687519700712343251, -7.395417692395744425 ) ) ;
#2742 = CARTESIAN_POINT ( 'NONE',  ( -8.903332615510297643, -33.50000000000001421, 9.181516396721338680 ) ) ;
#2743 = CARTESIAN_POINT ( 'NONE',  ( -6.674325055353075238E-16, -7.067304374505725129, -10.90000000000000036 ) ) ;
#2744 = AXIS2_PLACEMENT_3D ( 'NONE', #337, #5639, #1374 ) ;
#2745 =( BOUNDED_CURVE ( )  B_SPLINE_CURVE ( 2, ( #3664, #1354, #3264, #4471, #5042, #2029, #2854 ),
 .UNSPECIFIED., .F., .T. ) 
 B_SPLINE_CURVE_WITH_KNOTS ( ( 3, 2, 2, 3 ),
 ( 0.09007088576427633997, 0.09090909090909091161, 0.1022727272727273345, 0.1136363636363637436 ),
 .UNSPECIFIED. ) 
 CURVE ( )  GEOMETRIC_REPRESENTATION_ITEM ( )  RATIONAL_B_SPLINE_CURVE ( ( 0.9895987147578066967, 0.9943851980622238074, 1.000000000000000000, 0.9238795325112867385, 1.000000000000000000, 0.9238795325112859613, 1.000000000000000666 ) ) 
 REPRESENTATION_ITEM ( '' )  );
#2746 = CARTESIAN_POINT ( 'NONE',  ( 2.002297516605922276E-15, -10.56730437450572424, 10.90000000000000036 ) ) ;
#2747 = CARTESIAN_POINT ( 'NONE',  ( 0.000000000000000000, -228.9999999999999716, 0.000000000000000000 ) ) ;
#2748 = CIRCLE ( 'NONE', #3577, 12.75000000000000000 ) ;
#2749 = CARTESIAN_POINT ( 'NONE',  ( -9.181781553707317300, -35.38366025403784221, 9.181781553707322630 ) ) ;
#2750 = CARTESIAN_POINT ( 'NONE',  ( 1.921232021736363210E-15, -9.062519700712343251, 10.45870000000000033 ) ) ;
#2751 = CARTESIAN_POINT ( 'NONE',  ( -12.45870000000000388, -38.12501970071233615, -5.160562509537680143 ) ) ;
#2752 = CARTESIAN_POINT ( 'NONE',  ( 12.45864530218791977, -33.49999999999997868, 0.8167790642354793018 ) ) ;
#2753 = CARTESIAN_POINT ( 'NONE',  ( -4.332135384791490296, -1.500019700712343695, -10.45870000000000033 ) ) ;
#2754 = AXIS2_PLACEMENT_3D ( 'NONE', #5125, #1141, #2942 ) ;
#2755 = CARTESIAN_POINT ( 'NONE',  ( 4.332135384791495625, -0.2500197007123433623, 10.45870000000000033 ) ) ;
#2756 = EDGE_CURVE ( 'NONE', #1139, #3950, #2268, .T. ) ;
#2757 = DIRECTION ( 'NONE',  ( 0.000000000000000000, 1.000000000000000000, 0.000000000000000000 ) ) ;
#2758 = VECTOR ( 'NONE', #4971, 1000.000000000000000 ) ;
#2759 = CARTESIAN_POINT ( 'NONE',  ( -0.1418383275197682980, -264.0000000000000000, -28.50951388376950746 ) ) ;
#2760 = FACE_OUTER_BOUND ( 'NONE', #2908, .T. ) ;
#2761 = CARTESIAN_POINT ( 'NONE',  ( 5.160562509537688136, -36.75001970071233615, 12.45869999999999855 ) ) ;
#2762 = CARTESIAN_POINT ( 'NONE',  ( 9.388256352697268881, 2.634661696066524888E-18, -4.666853316951018016 ) ) ;
#2763 = DIRECTION ( 'NONE',  ( 0.000000000000000000, 1.000000000000000000, 0.000000000000000000 ) ) ;
#2764 = CARTESIAN_POINT ( 'NONE',  ( 5.160562509537679254, -39.12501970071233615, -12.45870000000000211 ) ) ;
#2765 = CARTESIAN_POINT ( 'NONE',  ( -5.384776310850238445, -42.18753940142468650, 12.99999999999999822 ) ) ;
#2766 = CARTESIAN_POINT ( 'NONE',  ( 5.160562509537688136, -37.50001970071233615, 12.45869999999999855 ) ) ;
#2767 = CARTESIAN_POINT ( 'NONE',  ( 7.707463914933369686, -7.442304374505723352, 7.707463914933366134 ) ) ;
#2768 = ORIENTED_EDGE ( 'NONE', *, *, #3229, .T. ) ;
#2769 = CARTESIAN_POINT ( 'NONE',  ( -4.332135384791492072, -7.125019700712343251, 10.45870000000000033 ) ) ;
#2770 = FACE_OUTER_BOUND ( 'NONE', #2114, .T. ) ;
#2771 = CARTESIAN_POINT ( 'NONE',  ( -8.809631254768838460, -35.68751970071234325, 8.809631254768842012 ) ) ;
#2772 = CARTESIAN_POINT ( 'NONE',  ( 7.395417692395743536, -8.937519700712343251, -7.395417692395744425 ) ) ;
#2773 = CARTESIAN_POINT ( 'NONE',  ( 11.00000000000000000, -9.437500000000001776, -4.556349186104045934 ) ) ;
#2774 = CARTESIAN_POINT ( 'NONE',  ( -8.809631254768840236, -40.93751970071234325, -8.809631254768840236 ) ) ;
#2775 = CARTESIAN_POINT ( 'NONE',  ( -6.674325055353075238E-16, -6.067304374505724240, -10.90000000000000036 ) ) ;
#2776 = DIRECTION ( 'NONE',  ( 0.000000000000000000, 0.000000000000000000, 1.000000000000000000 ) ) ;
#2777 = DIRECTION ( 'NONE',  ( 0.000000000000000000, 0.000000000000000000, 1.000000000000000000 ) ) ;
#2778 = ORIENTED_EDGE ( 'NONE', *, *, #4949, .T. ) ;
#2779 = DIRECTION ( 'NONE',  ( 0.000000000000000000, 1.000000000000000000, 0.000000000000000000 ) ) ;
#2780 = CARTESIAN_POINT ( 'NONE',  ( -4.332135384791492072, -6.125019700712344140, 10.45870000000000033 ) ) ;
#2781 = CARTESIAN_POINT ( 'NONE',  ( 12.45870000000000211, -37.50001970071234325, -5.160562509537681031 ) ) ;
#2782 = CARTESIAN_POINT ( 'NONE',  ( 8.809631254768842012, -34.43751970071234325, 8.809631254768838460 ) ) ;
#2783 = CARTESIAN_POINT ( 'NONE',  ( 4.332135384791495625, -10.00001970071234503, 10.45870000000000033 ) ) ;
#2784 = CARTESIAN_POINT ( 'NONE',  ( -8.809631254768840236, -37.18751970071233615, -8.809631254768840236 ) ) ;
#2785 = CARTESIAN_POINT ( 'NONE',  ( 11.19817559329573697, -33.50000000000001421, 5.521369819425948400 ) ) ;
#2786 = CARTESIAN_POINT ( 'NONE',  ( 4.332135384791488519, 0.1249802992876565821, -10.45870000000000033 ) ) ;
#2787 = CARTESIAN_POINT ( 'NONE',  ( 1.734723475976807094E-15, -258.8000000000000114, 0.000000000000000000 ) ) ;
#2788 = CARTESIAN_POINT ( 'NONE',  ( 7.778174593052023411, -2.500039401424686059, 7.778174593052021635 ) ) ;
#2789 = CARTESIAN_POINT ( 'NONE',  ( 3.191926762168590503, 1.584762677741702174E-17, -10.23878267464454161 ) ) ;
#2790 = EDGE_CURVE ( 'NONE', #3539, #4705, #4027, .T. ) ;
#2791 = LINE ( 'NONE', #2693, #1816 ) ;
#2792 = CARTESIAN_POINT ( 'NONE',  ( -7.395417692395744425, -7.687519700712343251, -7.395417692395744425 ) ) ;
#2793 = CARTESIAN_POINT ( 'NONE',  ( 8.809631254768838460, -38.18751970071233615, -8.809631254768840236 ) ) ;
#2794 = CARTESIAN_POINT ( 'NONE',  ( -5.384776310850237557, -40.56253940142468650, -13.00000000000000000 ) ) ;
#2795 = APPROVAL ( #5180, 'UNSPECIFIED' ) ;
#2796 = CARTESIAN_POINT ( 'NONE',  ( 5.160562509537679254, -36.12501970071233615, -12.45870000000000211 ) ) ;
#2797 = CARTESIAN_POINT ( 'NONE',  ( 10.90000000000000036, -7.317304374505723352, -1.334865011070615048E-15 ) ) ;
#2798 = VERTEX_POINT ( 'NONE', #1421 ) ;
#2799 = EDGE_CURVE ( 'NONE', #1461, #2323, #3406, .T. ) ;
#2800 = CARTESIAN_POINT ( 'NONE',  ( -7.951019343464190656E-16, -41.61637914738684429, -12.98499999999999943 ) ) ;
#2801 = CARTESIAN_POINT ( 'NONE',  ( 12.45870000000000033, -39.56251970071234325, -1.525750707653712963E-15 ) ) ;
#2802 = CARTESIAN_POINT ( 'NONE',  ( -4.332135384791492072, -8.125019700712345028, 10.45870000000000033 ) ) ;
#2803 = DIRECTION ( 'NONE',  ( 0.000000000000000000, 0.000000000000000000, 1.000000000000000000 ) ) ;
#2804 = CARTESIAN_POINT ( 'NONE',  ( 8.809631254768838460, -41.18751970071234325, -8.809631254768840236 ) ) ;
#2805 = CARTESIAN_POINT ( 'NONE',  ( 7.395417692395746201, -9.187519700712343251, 7.395417692395743536 ) ) ;
#2806 = CARTESIAN_POINT ( 'NONE',  ( -11.00000000000000000, -10.00000000000000000, 0.000000000000000000 ) ) ;
#2807 = CARTESIAN_POINT ( 'NONE',  ( -8.809631254768840236, -42.93751970071234325, -8.809631254768840236 ) ) ;
#2808 = CARTESIAN_POINT ( 'NONE',  ( 0.000000000000000000, -264.0000000000000000, 0.000000000000000000 ) ) ;
#2809 = CARTESIAN_POINT ( 'NONE',  ( -6.674325055353075238E-16, -2.307735026918962706, -10.90000000000000036 ) ) ;
#2810 = DIRECTION ( 'NONE',  ( 0.000000000000000000, 1.000000000000000000, 0.000000000000000000 ) ) ;
#2811 = CARTESIAN_POINT ( 'NONE',  ( 4.332135384791488519, -8.625019700712343251, -10.45870000000000033 ) ) ;
#2812 = CARTESIAN_POINT ( 'NONE',  ( 12.45870000000000033, -38.56251970071233615, -1.525750707653712963E-15 ) ) ;
#2813 =( BOUNDED_CURVE ( )  B_SPLINE_CURVE ( 2, ( #3526, #355, #2221, #852, #2155, #910, #4018, #5337, #5277 ),
 .UNSPECIFIED., .F., .T. ) 
 B_SPLINE_CURVE_WITH_KNOTS ( ( 3, 2, 2, 2, 3 ),
 ( 0.9318181818181826559, 0.9431818181818190094, 0.9545454545454551409, 0.9659090909090912724, 0.9772727272727275150 ),
 .UNSPECIFIED. ) 
 CURVE ( )  GEOMETRIC_REPRESENTATION_ITEM ( )  RATIONAL_B_SPLINE_CURVE ( ( 0.9999999999999940048, 0.9238795325112927337, 1.000000000000000000, 0.9238795325112867385, 1.000000000000000000, 0.9238795325112867385, 1.000000000000000000, 0.9238795325112852952, 1.000000000000001554 ) ) 
 REPRESENTATION_ITEM ( '' )  );
#2814 = DIRECTION ( 'NONE',  ( -0.000000000000000000, 1.000000000000000000, 0.000000000000000000 ) ) ;
#2815 = DIRECTION ( 'NONE',  ( 0.000000000000000000, 0.000000000000000000, 1.000000000000000000 ) ) ;
#2816 = CARTESIAN_POINT ( 'NONE',  ( -1.725384857865233545, -2.623200240681214463E-17, -10.71159225993227615 ) ) ;
#2817 = CARTESIAN_POINT ( 'NONE',  ( -4.332135384791490296, -8.750019700712345028, -10.45870000000000033 ) ) ;
#2818 = CARTESIAN_POINT ( 'NONE',  ( -12.45869999999999855, -36.75001970071233615, 5.160562509537689024 ) ) ;
#2819 = CARTESIAN_POINT ( 'NONE',  ( 2.388061258337338544E-15, -40.12503940142468650, 13.00000000000000000 ) ) ;
#2820 = CARTESIAN_POINT ( 'NONE',  ( -12.45869999999999855, -35.75001970071233615, 5.160562509537689024 ) ) ;
#2821 = CARTESIAN_POINT ( 'NONE',  ( 12.98500000000000298, -35.07116025403784931, 5.378563107414636946 ) ) ;
#2822 = CARTESIAN_POINT ( 'NONE',  ( 0.000000000000000000, -57.50000000000000000, 12.98499999999999943 ) ) ;
#2823 = ORIENTED_EDGE ( 'NONE', *, *, #5570, .T. ) ;
#2824 = PERSON_AND_ORGANIZATION_ROLE ( 'design_owner' ) ;
#2825 = CARTESIAN_POINT ( 'NONE',  ( -10.45870000000000033, -8.312519700712345028, 0.000000000000000000 ) ) ;
#2826 = CARTESIAN_POINT ( 'NONE',  ( 0.000000000000000000, -203.5000000000000000, 0.000000000000000000 ) ) ;
#2827 = CARTESIAN_POINT ( 'NONE',  ( -5.160562509537682807, -39.62501970071234325, 12.45870000000000033 ) ) ;
#2828 = EDGE_CURVE ( 'NONE', #2188, #2965, #1992, .T. ) ;
#2829 = CARTESIAN_POINT ( 'NONE',  ( 7.395417692395743536, -7.937519700712344140, -7.395417692395744425 ) ) ;
#2830 = CARTESIAN_POINT ( 'NONE',  ( 7.778174593052021635, -8.375000000000000000, -7.778174593052023411 ) ) ;
#2831 = CARTESIAN_POINT ( 'NONE',  ( -5.160562509537681919, -41.62501970071233615, 12.45870000000000033 ) ) ;
#2832 = CARTESIAN_POINT ( 'NONE',  ( 2.385305803039257098E-15, -41.25866025403784931, 12.98499999999999943 ) ) ;
#2833 = CARTESIAN_POINT ( 'NONE',  ( 10.90000000000000036, -8.557735026918962262, -1.334865011070615048E-15 ) ) ;
#2834 = CARTESIAN_POINT ( 'NONE',  ( -7.951019343464190656E-16, -37.61637914738683719, -12.98499999999999943 ) ) ;
#2835 = CARTESIAN_POINT ( 'NONE',  ( -12.45870000000000033, -41.06251970071234325, 0.000000000000000000 ) ) ;
#2836 = CARTESIAN_POINT ( 'NONE',  ( 0.000000000000000000, -57.50000000000000000, 0.000000000000000000 ) ) ;
#2837 = AXIS2_PLACEMENT_3D ( 'NONE', #3571, #5323, #2730 ) ;
#2838 = CARTESIAN_POINT ( 'NONE',  ( 7.395417692395743536, -8.687519700712343251, -7.395417692395744425 ) ) ;
#2839 = CARTESIAN_POINT ( 'NONE',  ( 2.388061258337338544E-15, -36.25000000000000711, 13.00000000000000000 ) ) ;
#2840 = CARTESIAN_POINT ( 'NONE',  ( 12.45870000000000033, -41.56251970071234325, -1.525750707653712963E-15 ) ) ;
#2841 = CARTESIAN_POINT ( 'NONE',  ( 1.334865011070615048E-15, -33.50000000000000000, -10.90000000000000036 ) ) ;
#2842 = CARTESIAN_POINT ( 'NONE',  ( -6.404106739121211359E-16, -1.562519700712343695, -10.45870000000000033 ) ) ;
#2843 = CARTESIAN_POINT ( 'NONE',  ( 7.395417692395746201, -10.18751970071234503, 7.395417692395743536 ) ) ;
#2844 = CARTESIAN_POINT ( 'NONE',  ( -7.778174593052023411, -3.000039401424686503, -7.778174593052023411 ) ) ;
#2845 = VECTOR ( 'NONE', #426, 1000.000000000000000 ) ;
#2846 = CARTESIAN_POINT ( 'NONE',  ( -7.395417692395742648, -10.18751970071234503, 7.395417692395746201 ) ) ;
#2847 = EDGE_LOOP ( 'NONE', ( #3344, #4867, #790, #2151 ) ) ;
#2848 =( BOUNDED_CURVE ( )  B_SPLINE_CURVE ( 2, ( #137, #4169, #3710, #1929, #3306, #4678, #5134, #2371, #680 ),
 .UNSPECIFIED., .F., .T. ) 
 B_SPLINE_CURVE_WITH_KNOTS ( ( 3, 2, 2, 2, 3 ),
 ( 0.7954545454545460803, 0.8068181818181825449, 0.8181818181818187874, 0.8295454545454553630, 0.8409090909090917165 ),
 .UNSPECIFIED. ) 
 CURVE ( )  GEOMETRIC_REPRESENTATION_ITEM ( )  RATIONAL_B_SPLINE_CURVE ( ( 0.9999999999999955591, 0.9238795325112911794, 1.000000000000000000, 0.9238795325112867385, 1.000000000000000000, 0.9238795325112867385, 1.000000000000000000, 0.9238795325112815204, 1.000000000000005107 ) ) 
 REPRESENTATION_ITEM ( '' )  );
#2849 = CARTESIAN_POINT ( 'NONE',  ( 11.00000000000000355, -5.437539401424686503, 4.556349186104045046 ) ) ;
#2850 = AXIS2_PLACEMENT_3D ( 'NONE', #976, #536, #2776 ) ;
#2851 = CARTESIAN_POINT ( 'NONE',  ( 0.000000000000000000, -228.9999999999999716, 0.000000000000000000 ) ) ;
#2852 = CARTESIAN_POINT ( 'NONE',  ( -7.395417692395742648, -9.437519700712345028, 7.395417692395746201 ) ) ;
#2853 = CARTESIAN_POINT ( 'NONE',  ( -8.809631254768840236, -37.93751970071233615, -8.809631254768840236 ) ) ;
#2854 = CARTESIAN_POINT ( 'NONE',  ( -7.951019343464191642E-16, -33.75866025403784221, -12.98499999999999943 ) ) ;
#2855 = CARTESIAN_POINT ( 'NONE',  ( -12.99999999999999645, -40.31253940142468650, 5.384776310850244663 ) ) ;
#2856 = CARTESIAN_POINT ( 'NONE',  ( 12.45870000000000211, -41.25001970071234325, -5.160562509537681031 ) ) ;
#2857 = CARTESIAN_POINT ( 'NONE',  ( -7.707463914933366134, -2.932735026918962706, 7.707463914933369686 ) ) ;
#2858 = FACE_OUTER_BOUND ( 'NONE', #1253, .T. ) ;
#2859 = VERTEX_POINT ( 'NONE', #4213 ) ;
#2860 = CALENDAR_DATE ( 2026, 6, 10 ) ;
#2861 = CARTESIAN_POINT ( 'NONE',  ( 12.98499999999999943, -36.00866025403784931, -1.590203868692838328E-15 ) ) ;
#2862 = CARTESIAN_POINT ( 'NONE',  ( 5.160562509537688136, -41.50001970071234325, 12.45869999999999855 ) ) ;
#2863 = CARTESIAN_POINT ( 'NONE',  ( 4.332135384791495625, -8.250019700712345028, 10.45870000000000033 ) ) ;
#2864 = LINE ( 'NONE', #4543, #391 ) ;
#2865 = CARTESIAN_POINT ( 'NONE',  ( 4.514927829866736353, -0.1298043745057242682, -10.90000000000000036 ) ) ;
#2866 = CARTESIAN_POINT ( 'NONE',  ( 2.385305803039257098E-15, -42.11637914738684429, 12.98499999999999943 ) ) ;
#2867 = ORIENTED_EDGE ( 'NONE', *, *, #4874, .T. ) ;
#2868 = EDGE_CURVE ( 'NONE', #5199, #4019, #2615, .T. ) ;
#2869 = CARTESIAN_POINT ( 'NONE',  ( -6.674325055353075238E-16, -8.307735026918962262, -10.90000000000000036 ) ) ;
#2870 = CARTESIAN_POINT ( 'NONE',  ( 5.160562509537679254, -40.37501970071234325, -12.45870000000000211 ) ) ;
#2871 = CARTESIAN_POINT ( 'NONE',  ( 0.000000000000000000, -57.50000000000000000, 12.98499999999999943 ) ) ;
#2872 = CARTESIAN_POINT ( 'NONE',  ( -10.45870000000000033, -10.25001970071234503, 4.332135384791498289 ) ) ;
#2873 = CARTESIAN_POINT ( 'NONE',  ( 5.384776310850242886, -37.18750000000000000, 12.99999999999999645 ) ) ;
#2874 = CARTESIAN_POINT ( 'NONE',  ( 12.45870000000000033, -42.56251970071234325, -1.525750707653712963E-15 ) ) ;
#2875 = CARTESIAN_POINT ( 'NONE',  ( 7.707463914933366134, -1.192304374505724018, -7.707463914933368798 ) ) ;
#2876 = CARTESIAN_POINT ( 'NONE',  ( -12.96408980240277486, -33.50000000000000000, 0.7366142784636214857 ) ) ;
#2877 = CARTESIAN_POINT ( 'NONE',  ( 7.778174593052023411, -3.500039401424686059, 7.778174593052021635 ) ) ;
#2878 = CARTESIAN_POINT ( 'NONE',  ( 9.181781553707319077, -35.74137914738684429, -9.181781553707320853 ) ) ;
#2879 = ORIENTED_EDGE ( 'NONE', *, *, #2468, .F. ) ;
#2880 = FACE_OUTER_BOUND ( 'NONE', #1265, .T. ) ;
#2881 = CARTESIAN_POINT ( 'NONE',  ( -8.809631254768840236, -41.93751970071234325, -8.809631254768840236 ) ) ;
#2882 = CARTESIAN_POINT ( 'NONE',  ( 0.000000000000000000, -33.50000000000000000, 10.90000000000000036 ) ) ;
#2883 = CARTESIAN_POINT ( 'NONE',  ( 2.002297516605922276E-15, -7.807735026918963150, 10.90000000000000036 ) ) ;
#2884 = CARTESIAN_POINT ( 'NONE',  ( -10.45870000000000033, -1.375019700712343473, -4.332135384791489408 ) ) ;
#2885 = ORIENTED_EDGE ( 'NONE', *, *, #1309, .T. ) ;
#2886 = APPROVAL_ROLE ( '' ) ;
#2887 = CARTESIAN_POINT ( 'NONE',  ( 5.160562509537688136, -39.75001970071234325, 12.45869999999999855 ) ) ;
#2888 = CARTESIAN_POINT ( 'NONE',  ( 1.921232021736363210E-15, -10.06251970071234503, 10.45870000000000033 ) ) ;
#2889 = CARTESIAN_POINT ( 'NONE',  ( -12.98499999999999410, -37.44616025403783510, 5.378563107414648492 ) ) ;
#2890 = CARTESIAN_POINT ( 'NONE',  ( 2.288626061480569049E-15, -39.56251970071234325, 12.45870000000000033 ) ) ;
#2891 = CARTESIAN_POINT ( 'NONE',  ( 4.332135384791495625, -10.25001970071234503, 10.45870000000000033 ) ) ;
#2892 = CARTESIAN_POINT ( 'NONE',  ( -10.90000000000000036, -8.120235026918962262, -4.514927829866737241 ) ) ;
#2893 = CARTESIAN_POINT ( 'NONE',  ( 8.809631254768842012, -42.43751970071234325, 8.809631254768838460 ) ) ;
#2894 = CYLINDRICAL_SURFACE ( 'NONE', #2014, 10.90000000000000036 ) ;
#2895 = ORIENTED_EDGE ( 'NONE', *, *, #4026, .F. ) ;
#2896 = CARTESIAN_POINT ( 'NONE',  ( 2.288626061480569049E-15, -41.81251970071234325, 12.45870000000000033 ) ) ;
#2897 = CARTESIAN_POINT ( 'NONE',  ( 12.45870000000000388, -34.37501970071234325, 5.160562509537677478 ) ) ;
#2898 = CARTESIAN_POINT ( 'NONE',  ( -7.778174593052023411, -2.125000000000000888, -7.778174593052023411 ) ) ;
#2899 = CARTESIAN_POINT ( 'NONE',  ( -9.192388155425113894, -37.37500000000000000, 9.192388155425119223 ) ) ;
#2900 = CARTESIAN_POINT ( 'NONE',  ( -12.45870000000000388, -39.12501970071233615, -5.160562509537680143 ) ) ;
#2901 = CC_DESIGN_DATE_AND_TIME_ASSIGNMENT ( #4618, #613, ( #2409 ) ) ;
#2902 = CARTESIAN_POINT ( 'NONE',  ( -4.332135384791490296, -0.5000197007123434734, -10.45870000000000033 ) ) ;
#2903 = CARTESIAN_POINT ( 'NONE',  ( 7.707463914933369686, -1.442304374505724240, 7.707463914933366134 ) ) ;
#2904 = CARTESIAN_POINT ( 'NONE',  ( 2.020667218593132706E-15, -4.625039401424686503, 11.00000000000000000 ) ) ;
#2905 = EDGE_CURVE ( 'NONE', #2039, #3974, #776, .T. ) ;
#2906 = CYLINDRICAL_SURFACE ( 'NONE', #1632, 10.90000000000000036 ) ;
#2907 = CARTESIAN_POINT ( 'NONE',  ( -6.404106739121211359E-16, -2.562519700712343695, -10.45870000000000033 ) ) ;
#2908 = EDGE_LOOP ( 'NONE', ( #2087, #4198 ) ) ;
#2909 = CARTESIAN_POINT ( 'NONE',  ( -11.00000000000000000, -5.937539401424686503, -4.556349186104045934 ) ) ;
#2910 = CARTESIAN_POINT ( 'NONE',  ( 12.45870000000000211, -39.25001970071233615, -5.160562509537681031 ) ) ;
#2911 = CARTESIAN_POINT ( 'NONE',  ( -8.809631254768840236, -42.93751970071234325, -8.809631254768840236 ) ) ;
#2912 = DIRECTION ( 'NONE',  ( 0.000000000000000000, 0.000000000000000000, 1.000000000000000000 ) ) ;
#2913 = CARTESIAN_POINT ( 'NONE',  ( 10.45870000000000033, -2.812519700712343695, -1.280821347824242272E-15 ) ) ;
#2914 = CARTESIAN_POINT ( 'NONE',  ( 12.98499999999999943, -38.80387914738683008, -5.378563107414641387 ) ) ;
#2915 = ORIENTED_EDGE ( 'NONE', *, *, #2041, .T. ) ;
#2916 = CARTESIAN_POINT ( 'NONE',  ( -4.332135384791490296, -2.750019700712343251, -10.45870000000000033 ) ) ;
#2917 = CARTESIAN_POINT ( 'NONE',  ( -4.332135384791490296, -9.500019700712343251, -10.45870000000000033 ) ) ;
#2918 = CARTESIAN_POINT ( 'NONE',  ( 12.45870000000000033, -41.31251970071234325, -1.525750707653712963E-15 ) ) ;
#2919 = CARTESIAN_POINT ( 'NONE',  ( 10.45870000000000033, -10.00001970071234503, -4.332135384791490296 ) ) ;
#2920 =( BOUNDED_CURVE ( )  B_SPLINE_CURVE ( 2, ( #1540, #5048, #1460, #4069, #3702, #157, #2420, #3270, #4589 ),
 .UNSPECIFIED., .F., .T. ) 
 B_SPLINE_CURVE_WITH_KNOTS ( ( 3, 2, 2, 2, 3 ),
 ( 0.5227272727272727071, 0.5340909090909090606, 0.5454545454545453032, 0.5568181818181816567, 0.5681818181818181213 ),
 .UNSPECIFIED. ) 
 CURVE ( )  GEOMETRIC_REPRESENTATION_ITEM ( )  RATIONAL_B_SPLINE_CURVE ( ( 1.000000000000000000, 0.9238795325112867385, 1.000000000000000000, 0.9238795325112867385, 1.000000000000000000, 0.9238795325112867385, 1.000000000000000000, 0.9238795325112875156, 0.9999999999999992228 ) ) 
 REPRESENTATION_ITEM ( '' )  );
#2921 = CARTESIAN_POINT ( 'NONE',  ( 5.378563107414880307, -39.82116025403784221, -12.98499999999975785 ) ) ;
#2922 = FACE_OUTER_BOUND ( 'NONE', #3471, .T. ) ;
#2923 = EDGE_LOOP ( 'NONE', ( #1287, #5626, #302, #5106 ) ) ;
#2924 = CARTESIAN_POINT ( 'NONE',  ( -12.45869999999999855, -41.00001970071234325, 5.160562509537689024 ) ) ;
#2925 = CARTESIAN_POINT ( 'NONE',  ( -7.707463914933366134, -0.9327350269189624843, 7.707463914933369686 ) ) ;
#2926 = CARTESIAN_POINT ( 'NONE',  ( 4.556349186104051263, 0.3124999999999992228, 10.99999999999999822 ) ) ;
#2927 = CARTESIAN_POINT ( 'NONE',  ( 2.388061258337338544E-15, -42.25000000000000000, 13.00000000000000000 ) ) ;
#2928 = CARTESIAN_POINT ( 'NONE',  ( 8.809631254768842012, -41.68751970071234325, 8.809631254768838460 ) ) ;
#2929 = VECTOR ( 'NONE', #2296, 1000.000000000000000 ) ;
#2930 = CARTESIAN_POINT ( 'NONE',  ( 7.778174593052021635, -3.250039401424685614, -7.778174593052023411 ) ) ;
#2931 = CARTESIAN_POINT ( 'NONE',  ( 9.181781553707322630, -35.99137914738684429, 9.181781553707319077 ) ) ;
#2932 =( BOUNDED_SURFACE ( )  B_SPLINE_SURFACE ( 3, 1, ( 
 ( #3728, #642 ),
 ( #2445, #4621 ),
 ( #1950, #3273 ),
 ( #587, #4997 ),
 ( #69, #184 ),
 ( #1858, #102 ),
 ( #1425, #1464 ) ),
 .UNSPECIFIED., .T., .F., .F. ) 
 B_SPLINE_SURFACE_WITH_KNOTS ( ( 4, 3, 4 ),
 ( 2, 2 ),
 ( 0.000000000000000000, 0.5000000000000000000, 1.000000000000000000 ),
 ( 0.000000000000000000, 1.000000000000000000 ),
 .UNSPECIFIED. ) 
 GEOMETRIC_REPRESENTATION_ITEM ( )  RATIONAL_B_SPLINE_SURFACE ( (
 ( 1.000000000000000000, 1.000000000000000000),
 ( 0.3333333333333333703, 0.3333333333333333703),
 ( 0.3333333333333333703, 0.3333333333333333703),
 ( 1.000000000000000000, 1.000000000000000000),
 ( 0.3333333333333333703, 0.3333333333333333703),
 ( 0.3333333333333333703, 0.3333333333333333703),
 ( 1.000000000000000000, 1.000000000000000000) ) ) 
 REPRESENTATION_ITEM ( '' )  SURFACE ( )  );
#2933 = ORIENTED_EDGE ( 'NONE', *, *, #148, .T. ) ;
#2934 = ADVANCED_FACE ( 'NONE', ( #1081 ), #1916, .T. ) ;
#2935 = CARTESIAN_POINT ( 'NONE',  ( -12.99999999999999645, -35.31253940142468650, 5.384776310850244663 ) ) ;
#2936 = VECTOR ( 'NONE', #4926, 1000.000000000000000 ) ;
#2937 = CARTESIAN_POINT ( 'NONE',  ( -8.809631254768838460, -40.68751970071234325, 8.809631254768842012 ) ) ;
#2938 = CARTESIAN_POINT ( 'NONE',  ( -7.951019343464191642E-16, -39.75866025403784931, -12.98499999999999943 ) ) ;
#2939 = CARTESIAN_POINT ( 'NONE',  ( 1.921232021736363210E-15, -2.062519700712343251, 10.45870000000000033 ) ) ;
#2940 = ORIENTED_EDGE ( 'NONE', *, *, #2108, .F. ) ;
#2941 = EDGE_CURVE ( 'NONE', #9, #5138, #4804, .T. ) ;
#2942 = DIRECTION ( 'NONE',  ( 0.000000000000000000, 0.000000000000000000, 1.000000000000000000 ) ) ;
#2943 = CARTESIAN_POINT ( 'NONE',  ( -7.395417692395744425, -1.687519700712343473, -7.395417692395744425 ) ) ;
#2944 = CARTESIAN_POINT ( 'NONE',  ( 4.332135384791495625, -9.000019700712343251, 10.45870000000000033 ) ) ;
#2945 = CARTESIAN_POINT ( 'NONE',  ( -12.45869999999999855, -42.75001970071235746, 5.160562509537688136 ) ) ;
#2946 = CARTESIAN_POINT ( 'NONE',  ( 7.395417692395743536, -9.937519700712345028, -7.395417692395744425 ) ) ;
#2947 = AXIS2_PLACEMENT_3D ( 'NONE', #3631, #4924, #2725 ) ;
#2948 = CARTESIAN_POINT ( 'NONE',  ( 2.002297516605922276E-15, -7.807735026918963150, 10.90000000000000036 ) ) ;
#2949 = CARTESIAN_POINT ( 'NONE',  ( 2.002297516605922276E-15, -3.807735026918962262, 10.90000000000000036 ) ) ;
#2950 = ORIENTED_EDGE ( 'NONE', *, *, #1937, .T. ) ;
#2951 = CARTESIAN_POINT ( 'NONE',  ( 9.181781553707322630, -36.99137914738685140, 9.181781553707319077 ) ) ;
#2952 = LOCAL_TIME ( 23, 13, 58.00000000000000000, #3639 ) ;
#2953 = CARTESIAN_POINT ( 'NONE',  ( 2.288626061480569049E-15, -43.81251970071234325, 12.45870000000000033 ) ) ;
#2954 = CARTESIAN_POINT ( 'NONE',  ( 4.332135384791488519, -0.8750197007123435844, -10.45870000000000033 ) ) ;
#2955 = CARTESIAN_POINT ( 'NONE',  ( -11.00000000000000000, -2.062500000000000888, -4.556349186104045934 ) ) ;
#2956 = CARTESIAN_POINT ( 'NONE',  ( 1.921232021736363210E-15, -1.312519700712343473, 10.45870000000000033 ) ) ;
#2957 = VERTEX_POINT ( 'NONE', #3725 ) ;
#2958 = CARTESIAN_POINT ( 'NONE',  ( 0.000000000000000000, -33.50000000000000000, 10.90000000000000036 ) ) ;
#2959 = CARTESIAN_POINT ( 'NONE',  ( 8.809631254768838460, -41.43751970071234325, -8.809631254768840236 ) ) ;
#2960 = CARTESIAN_POINT ( 'NONE',  ( -7.960204194457795477E-16, -43.62503940142468650, -13.00000000000000000 ) ) ;
#2961 = CARTESIAN_POINT ( 'NONE',  ( 4.556349186104051263, -3.562539401424686059, 10.99999999999999822 ) ) ;
#2962 = CARTESIAN_POINT ( 'NONE',  ( -7.628753538268564813E-16, -39.31251970071233615, -12.45870000000000033 ) ) ;
#2963 = CARTESIAN_POINT ( 'NONE',  ( 0.000000000000000000, -57.50000000000000000, 0.000000000000000000 ) ) ;
#2964 = CARTESIAN_POINT ( 'NONE',  ( 7.395417692395743536, -6.937519700712343251, -7.395417692395744425 ) ) ;
#2965 = VERTEX_POINT ( 'NONE', #5554 ) ;
#2966 = CARTESIAN_POINT ( 'NONE',  ( -7.707463914933368798, -5.182735026918962262, -7.707463914933368798 ) ) ;
#2967 = CARTESIAN_POINT ( 'NONE',  ( 12.45870000000000211, -43.37501970071235036, 5.160562509537678366 ) ) ;
#2968 = ADVANCED_FACE ( 'NONE', ( #5120 ), #1056, .T. ) ;
#2969 = CARTESIAN_POINT ( 'NONE',  ( -8.809631254768838460, -33.93751970071234325, 8.809631254768842012 ) ) ;
#2970 = CARTESIAN_POINT ( 'NONE',  ( 10.45870000000000033, -4.812519700712343251, -1.280821347824242272E-15 ) ) ;
#2971 = CARTESIAN_POINT ( 'NONE',  ( -7.951019343464190656E-16, -38.61637914738684429, -12.98499999999999943 ) ) ;
#2972 = ORIENTED_EDGE ( 'NONE', *, *, #4108, .T. ) ;
#2973 = CARTESIAN_POINT ( 'NONE',  ( 12.45870000000000211, -42.62501970071233615, 5.160562509537678366 ) ) ;
#2974 = CARTESIAN_POINT ( 'NONE',  ( -7.395417692395744425, -4.437519700712344140, -7.395417692395744425 ) ) ;
#2975 = CARTESIAN_POINT ( 'NONE',  ( -12.98499999999999943, -38.57116025403784931, -5.378563107414639610 ) ) ;
#2976 = CARTESIAN_POINT ( 'NONE',  ( 2.288626061480569049E-15, -42.56251970071234325, 12.45870000000000033 ) ) ;
#2977 = CARTESIAN_POINT ( 'NONE',  ( -10.45870000000000033, -0.2500197007123434734, 4.332135384791498289 ) ) ;
#2978 = CARTESIAN_POINT ( 'NONE',  ( -10.89999999999999858, -7.995235026918962262, 4.514927829866743458 ) ) ;
#2979 = EDGE_CURVE ( 'NONE', #731, #5329, #5045, .T. ) ;
#2980 = CARTESIAN_POINT ( 'NONE',  ( 2.385305803039257098E-15, -34.25866025403784221, 12.98499999999999943 ) ) ;
#2981 = ORIENTED_EDGE ( 'NONE', *, *, #2002, .T. ) ;
#2982 = CARTESIAN_POINT ( 'NONE',  ( -10.89999999999999858, -0.9952350269189625953, 4.514927829866743458 ) ) ;
#2983 = CARTESIAN_POINT ( 'NONE',  ( -10.99999999999999822, -1.937500000000001332, 4.556349186104052151 ) ) ;
#2984 = CARTESIAN_POINT ( 'NONE',  ( -10.45870000000000033, -0.5625197007123434734, 0.000000000000000000 ) ) ;
#2985 = ORIENTED_EDGE ( 'NONE', *, *, #2372, .T. ) ;
#2986 = CARTESIAN_POINT ( 'NONE',  ( 13.00000000000000000, -41.00000000000000000, -1.592040838891559095E-15 ) ) ;
#2987 = CARTESIAN_POINT ( 'NONE',  ( -12.45870000000000033, -43.06251970071234325, 0.000000000000000000 ) ) ;
#2988 = CARTESIAN_POINT ( 'NONE',  ( 8.809631254768842012, -34.68751970071234325, 8.809631254768838460 ) ) ;
#2989 = CYLINDRICAL_SURFACE ( 'NONE', #3938, 12.98499999999999943 ) ;
#2990 = CARTESIAN_POINT ( 'NONE',  ( -7.778174593052023411, -5.000039401424686503, -7.778174593052023411 ) ) ;
#2991 = CARTESIAN_POINT ( 'NONE',  ( 2.002297516605922276E-15, -2.567304374505724240, 10.90000000000000036 ) ) ;
#2992 = VERTEX_POINT ( 'NONE', #3745 ) ;
#2993 = CARTESIAN_POINT ( 'NONE',  ( 4.556349186104045934, -9.187539401424684726, -11.00000000000000000 ) ) ;
#2994 = CARTESIAN_POINT ( 'NONE',  ( 13.00000000000000000, -33.87503940142468650, -1.592040838891559095E-15 ) ) ;
#2995 = CARTESIAN_POINT ( 'NONE',  ( -13.00000000000000000, -33.56250000000000000, -5.384776310850237557 ) ) ;
#2996 = CARTESIAN_POINT ( 'NONE',  ( 5.160562509537688136, -34.75001970071233615, 12.45869999999999855 ) ) ;
#2997 = CARTESIAN_POINT ( 'NONE',  ( 7.395417692395743536, -2.687519700712343251, -7.395417692395744425 ) ) ;
#2998 = ORIENTED_EDGE ( 'NONE', *, *, #1358, .T. ) ;
#2999 = CALENDAR_DATE ( 2026, 6, 10 ) ;
#3000 = CARTESIAN_POINT ( 'NONE',  ( 10.45870000000000033, -2.000019700712343695, -4.332135384791490296 ) ) ;
#3001 = CARTESIAN_POINT ( 'NONE',  ( 5.160562509537679254, -41.37501970071234325, -12.45870000000000211 ) ) ;
#3002 = CARTESIAN_POINT ( 'NONE',  ( -9.181781553707317300, -38.24137914738684429, 9.181781553707322630 ) ) ;
#3003 = CARTESIAN_POINT ( 'NONE',  ( 8.809631254768842012, -42.43751970071234325, 8.809631254768838460 ) ) ;
#3004 =( BOUNDED_CURVE ( )  B_SPLINE_CURVE ( 2, ( #1965, #5067, #2931, #4689, #1078, #3795, #2878, #2049, #4637 ),
 .UNSPECIFIED., .F., .T. ) 
 B_SPLINE_CURVE_WITH_KNOTS ( ( 3, 2, 2, 2, 3 ),
 ( 0.7500000000000006661, 0.7613636363636370197, 0.7727272727272733732, 0.7840909090909097268, 0.7954545454545460803 ),
 .UNSPECIFIED. ) 
 CURVE ( )  GEOMETRIC_REPRESENTATION_ITEM ( )  RATIONAL_B_SPLINE_CURVE ( ( 0.9999999999999955591, 0.9238795325112911794, 1.000000000000000000, 0.9238795325112867385, 1.000000000000000000, 0.9238795325112867385, 1.000000000000000000, 0.9238795325112822976, 1.000000000000004441 ) ) 
 REPRESENTATION_ITEM ( '' )  );
#3005 = CARTESIAN_POINT ( 'NONE',  ( 10.45870000000000033, -0.8125197007123435844, -1.280821347824242272E-15 ) ) ;
#3006 = DIRECTION ( 'NONE',  ( 0.000000000000000000, 0.000000000000000000, 1.000000000000000000 ) ) ;
#3007 = CARTESIAN_POINT ( 'NONE',  ( -10.90000000000000036, -0.05773502691896261613, 0.000000000000000000 ) ) ;
#3008 = ORIENTED_EDGE ( 'NONE', *, *, #2905, .T. ) ;
#3009 = EDGE_CURVE ( 'NONE', #2063, #5189, #4623, .T. ) ;
#3010 = CARTESIAN_POINT ( 'NONE',  ( -7.778174593052023411, -1.125000000000000888, -7.778174593052023411 ) ) ;
#3011 = CARTESIAN_POINT ( 'NONE',  ( 4.514927829866742570, -0.5048043745057242404, 10.89999999999999858 ) ) ;
#3012 = VERTEX_POINT ( 'NONE', #5096 ) ;
#3013 = CARTESIAN_POINT ( 'NONE',  ( -12.99999999999999645, -43.43750000000000711, 5.384776310850244663 ) ) ;
#3014 = EDGE_CURVE ( 'NONE', #2063, #3922, #3034, .T. ) ;
#3015 = CARTESIAN_POINT ( 'NONE',  ( 10.90000000000000036, -6.557735026918963150, -1.334865011070615048E-15 ) ) ;
#3016 = CARTESIAN_POINT ( 'NONE',  ( 10.45870000000000211, -8.125019700712345028, 4.332135384791487631 ) ) ;
#3017 = CARTESIAN_POINT ( 'NONE',  ( 7.395417692395743536, -2.687519700712343251, -7.395417692395744425 ) ) ;
#3018 = EDGE_LOOP ( 'NONE', ( #3320, #251, #2627, #3139 ) ) ;
#3019 = CARTESIAN_POINT ( 'NONE',  ( 4.556349186104051263, -7.562539401424685614, 10.99999999999999822 ) ) ;
#3020 = CARTESIAN_POINT ( 'NONE',  ( -6.775049329175402590, 1.356506869515631909E-15, 8.361274747258216067 ) ) ;
#3021 = CARTESIAN_POINT ( 'NONE',  ( 9.192388155425119223, -38.00003940142468650, 9.192388155425115670 ) ) ;
#3022 = CARTESIAN_POINT ( 'NONE',  ( 5.384776310850236669, -34.81250000000000711, -13.00000000000000000 ) ) ;
#3023 = DIRECTION ( 'NONE',  ( 0.000000000000000000, -0.000000000000000000, 1.000000000000000000 ) ) ;
#3024 = CARTESIAN_POINT ( 'NONE',  ( -10.45870000000000033, -7.312519700712344140, 0.000000000000000000 ) ) ;
#3025 = VERTEX_POINT ( 'NONE', #2938 ) ;
#3026 = AXIS2_PLACEMENT_3D ( 'NONE', #2851, #3171, #4033 ) ;
#3027 = CARTESIAN_POINT ( 'NONE',  ( -10.45870000000000033, -5.625019700712343251, -4.332135384791489408 ) ) ;
#3028 = CARTESIAN_POINT ( 'NONE',  ( 5.160562509537679254, -35.12501970071233615, -12.45870000000000211 ) ) ;
#3029 = CARTESIAN_POINT ( 'NONE',  ( -12.98499999999999943, -57.50000000000000000, 0.000000000000000000 ) ) ;
#3030 = CARTESIAN_POINT ( 'NONE',  ( -11.43217321901175687, -264.0000000000000000, -5.645167445745995494 ) ) ;
#3031 = CARTESIAN_POINT ( 'NONE',  ( 4.332135384791495625, -4.000019700712344140, 10.45870000000000033 ) ) ;
#3032 = CARTESIAN_POINT ( 'NONE',  ( -8.809631254768838460, -33.68751970071234325, 8.809631254768842012 ) ) ;
#3033 = CARTESIAN_POINT ( 'NONE',  ( 2.002297516605922276E-15, -3.807735026918962262, 10.90000000000000036 ) ) ;
#3034 = CIRCLE ( 'NONE', #961, 10.90000000000000036 ) ;
#3035 =( BOUNDED_CURVE ( )  B_SPLINE_CURVE ( 2, ( #5401, #2311, #1401, #4973, #3990, #1434, #4458, #452, #4020 ),
 .UNSPECIFIED., .F., .F. ) 
 B_SPLINE_CURVE_WITH_KNOTS ( ( 3, 2, 2, 2, 3 ),
 ( 0.7045454545454544748, 0.7159090909090907173, 0.7272727272727271819, 0.7386363636363635354, 0.7499999999999998890 ),
 .UNSPECIFIED. ) 
 CURVE ( )  GEOMETRIC_REPRESENTATION_ITEM ( )  RATIONAL_B_SPLINE_CURVE ( ( 1.000000000000000666, 0.9238795325112859613, 1.000000000000000000, 0.9238795325112867385, 1.000000000000000000, 0.9238795325112867385, 1.000000000000000000, 0.9238795325112875156, 0.9999999999999992228 ) ) 
 REPRESENTATION_ITEM ( '' )  );
#3036 = CARTESIAN_POINT ( 'NONE',  ( -10.45870000000000033, -5.375019700712345028, -4.332135384791489408 ) ) ;
#3037 = AXIS2_PLACEMENT_3D ( 'NONE', #2808, #2426, #4545 ) ;
#3038 = CARTESIAN_POINT ( 'NONE',  ( -10.45870000000000033, 0.3749802992876565821, -4.332135384791489408 ) ) ;
#3039 = CARTESIAN_POINT ( 'NONE',  ( -4.556349186104045934, -5.187500000000001776, -11.00000000000000000 ) ) ;
#3040 = CARTESIAN_POINT ( 'NONE',  ( 7.395417692395746201, -1.187519700712343473, 7.395417692395743536 ) ) ;
#3041 = EDGE_LOOP ( 'NONE', ( #2726, #2331, #272, #783 ) ) ;
#3042 = CARTESIAN_POINT ( 'NONE',  ( -9.192388155425117446, -41.62500000000000000, -9.192388155425117446 ) ) ;
#3043 = EDGE_CURVE ( 'NONE', #5290, #2234, #2582, .T. ) ;
#3044 = EDGE_LOOP ( 'NONE', ( #1169, #3770, #3448, #1497 ) ) ;
#3045 = ADVANCED_FACE ( 'NONE', ( #1650, #4265 ), #1676, .T. ) ;
#3046 = CARTESIAN_POINT ( 'NONE',  ( -12.45870000000000033, -34.06251970071234325, 0.000000000000000000 ) ) ;
#3047 = CARTESIAN_POINT ( 'NONE',  ( -4.332135384791492072, -6.375019700712343251, 10.45870000000000033 ) ) ;
#3048 = VERTEX_POINT ( 'NONE', #3935 ) ;
#3049 = CARTESIAN_POINT ( 'NONE',  ( 11.00000000000000000, -7.375039401424685614, -1.347111479062088405E-15 ) ) ;
#3050 = CARTESIAN_POINT ( 'NONE',  ( -0.5026308132015034902, -4.975348870263549834E-15, 10.57350084895212206 ) ) ;
#3051 = CARTESIAN_POINT ( 'NONE',  ( -9.192388155425113894, -38.25003940142468650, 9.192388155425119223 ) ) ;
#3052 = CARTESIAN_POINT ( 'NONE',  ( -5.384776310850238445, -35.31250000000000000, 12.99999999999999822 ) ) ;
#3053 = CARTESIAN_POINT ( 'NONE',  ( 12.45870000000000211, -33.62501970071234325, 5.160562509537678366 ) ) ;
#3054 = CARTESIAN_POINT ( 'NONE',  ( -4.332135384791492072, -6.125019700712344140, 10.45870000000000033 ) ) ;
#3055 = ORIENTED_EDGE ( 'NONE', *, *, #3501, .T. ) ;
#3056 = CARTESIAN_POINT ( 'NONE',  ( 10.45870000000000211, -5.125019700712343251, 4.332135384791487631 ) ) ;
#3057 = CARTESIAN_POINT ( 'NONE',  ( -12.45870000000000033, -43.06251970071234325, 0.000000000000000000 ) ) ;
#3058 = CARTESIAN_POINT ( 'NONE',  ( 2.002297516605922276E-15, -1.567304374505724240, 10.90000000000000036 ) ) ;
#3059 = DIRECTION ( 'NONE',  ( 0.000000000000000000, 0.000000000000000000, -1.000000000000000000 ) ) ;
#3060 = CARTESIAN_POINT ( 'NONE',  ( -4.332135384791490296, -3.500019700712343695, -10.45870000000000033 ) ) ;
#3061 = CARTESIAN_POINT ( 'NONE',  ( 5.160562509537679254, -34.12501970071234325, -12.45870000000000211 ) ) ;
#3062 = CARTESIAN_POINT ( 'NONE',  ( 9.181781553707319077, -42.74137914738684429, -9.181781553707320853 ) ) ;
#3063 = EDGE_LOOP ( 'NONE', ( #872, #4121, #48, #469, #1117 ) ) ;
#3064 = CARTESIAN_POINT ( 'NONE',  ( -5.378563107414963795, -42.32116025403783510, 12.98499999999967258 ) ) ;
#3065 = CARTESIAN_POINT ( 'NONE',  ( -7.395417692395742648, -4.437519700712343251, 7.395417692395746201 ) ) ;
#3066 = CARTESIAN_POINT ( 'NONE',  ( 7.778174593052021635, -4.375000000000000888, -7.778174593052023411 ) ) ;
#3067 = CARTESIAN_POINT ( 'NONE',  ( -6.404106739121211359E-16, -3.812519700712343695, -10.45870000000000033 ) ) ;
#3068 = VERTEX_POINT ( 'NONE', #1732 ) ;
#3069 = CARTESIAN_POINT ( 'NONE',  ( 8.363990242127432140, -2.392766584739610957E-17, 6.426584933072295946 ) ) ;
#3070 = ORIENTED_EDGE ( 'NONE', *, *, #4662, .F. ) ;
#3071 = CARTESIAN_POINT ( 'NONE',  ( -12.98500000000000121, -44.36637914738685140, 0.000000000000000000 ) ) ;
#3072 = CARTESIAN_POINT ( 'NONE',  ( -12.45870000000000211, -34.12501970071234325, -5.160562509537680143 ) ) ;
#3073 = CARTESIAN_POINT ( 'NONE',  ( 12.98500000000000298, -37.07116025403784221, 5.378563107414636946 ) ) ;
#3074 = VERTEX_POINT ( 'NONE', #4838 ) ;
#3075 = CARTESIAN_POINT ( 'NONE',  ( 4.556349186104045934, -7.187539401424686503, -11.00000000000000000 ) ) ;
#3076 = EDGE_CURVE ( 'NONE', #3048, #5516, #4397, .T. ) ;
#3077 = CARTESIAN_POINT ( 'NONE',  ( -5.384776310850237557, -38.56253940142469361, -13.00000000000000000 ) ) ;
#3078 = CARTESIAN_POINT ( 'NONE',  ( -5.384776310850237557, -35.68750000000000000, -13.00000000000000000 ) ) ;
#3079 = DIRECTION ( 'NONE',  ( 0.000000000000000000, 0.000000000000000000, 1.000000000000000000 ) ) ;
#3080 = CARTESIAN_POINT ( 'NONE',  ( 12.45870000000000033, -34.56251970071234325, -1.525750707653712963E-15 ) ) ;
#3081 = CARTESIAN_POINT ( 'NONE',  ( -10.45870000000000033, -6.312519700712344140, 0.000000000000000000 ) ) ;
#3082 = ORIENTED_EDGE ( 'NONE', *, *, #3878, .T. ) ;
#3083 = ADVANCED_FACE ( 'NONE', ( #2138 ), #626, .T. ) ;
#3084 = CARTESIAN_POINT ( 'NONE',  ( -7.395417692395744425, -5.687519700712343251, -7.395417692395744425 ) ) ;
#3085 = CARTESIAN_POINT ( 'NONE',  ( -8.809631254768840236, -32.93751970071234325, -8.809631254768840236 ) ) ;
#3086 = CARTESIAN_POINT ( 'NONE',  ( -8.809631254768840236, -43.18751970071234325, -8.809631254768840236 ) ) ;
#3087 = CARTESIAN_POINT ( 'NONE',  ( 10.45870000000000033, -4.812519700712343251, -1.280821347824242272E-15 ) ) ;
#3088 = CARTESIAN_POINT ( 'NONE',  ( -5.160562509537681031, -35.00001970071234325, -12.45870000000000211 ) ) ;
#3089 = CARTESIAN_POINT ( 'NONE',  ( -9.181781553707320853, -40.63366025403784931, -9.181781553707320853 ) ) ;
#3090 = DIRECTION ( 'NONE',  ( 0.000000000000000000, 1.000000000000000000, 0.000000000000000000 ) ) ;
#3091 = DIRECTION ( 'NONE',  ( 0.000000000000000000, 1.000000000000000000, 0.000000000000000000 ) ) ;
#3092 = CARTESIAN_POINT ( 'NONE',  ( 10.45870000000000211, -2.125019700712344584, 4.332135384791487631 ) ) ;
#3093 = CARTESIAN_POINT ( 'NONE',  ( -4.556349186104047710, -3.812500000000000888, 10.99999999999999822 ) ) ;
#3094 = CARTESIAN_POINT ( 'NONE',  ( -10.45870000000000033, -4.500019700712344140, 4.332135384791497401 ) ) ;
#3095 = CARTESIAN_POINT ( 'NONE',  ( 2.002297516605922276E-15, -7.807735026918963150, 10.90000000000000036 ) ) ;
#3096 = CARTESIAN_POINT ( 'NONE',  ( 6.448934783354093092, -33.49999999999998579, -10.91237510680729805 ) ) ;
#3097 = CARTESIAN_POINT ( 'NONE',  ( 0.000000000000000000, -33.50000000000000000, 0.000000000000000000 ) ) ;
#3098 = CARTESIAN_POINT ( 'NONE',  ( 9.192388155425119223, -44.00003940142468650, 9.192388155425115670 ) ) ;
#3099 = CARTESIAN_POINT ( 'NONE',  ( -7.951019343464191642E-16, -36.75866025403784221, -12.98499999999999943 ) ) ;
#3100 = CARTESIAN_POINT ( 'NONE',  ( 7.395417692395743536, -9.937519700712345028, -7.395417692395744425 ) ) ;
#3101 = ORIENTED_EDGE ( 'NONE', *, *, #5601, .F. ) ;
#3102 = CARTESIAN_POINT ( 'NONE',  ( 7.778174593052021635, -8.250039401424686503, -7.778174593052023411 ) ) ;
#3103 = CARTESIAN_POINT ( 'NONE',  ( -12.99999999999999645, -39.31253940142468650, 5.384776310850244663 ) ) ;
#3104 = CARTESIAN_POINT ( 'NONE',  ( -13.00000000000000000, -32.56250000000000000, -5.384776310850237557 ) ) ;
#3105 = CARTESIAN_POINT ( 'NONE',  ( -8.809631254768840236, -38.18751970071233615, -8.809631254768840236 ) ) ;
#3106 = CARTESIAN_POINT ( 'NONE',  ( -10.45870000000000033, -5.312519700712344140, 0.000000000000000000 ) ) ;
#3107 = EDGE_CURVE ( 'NONE', #902, #4801, #5246, .T. ) ;
#3108 = CARTESIAN_POINT ( 'NONE',  ( 10.45870000000000033, -4.062519700712344140, -1.280821347824242272E-15 ) ) ;
#3109 = CARTESIAN_POINT ( 'NONE',  ( 12.45870000000000033, -33.31251970071234325, -1.525750707653712963E-15 ) ) ;
#3110 = CARTESIAN_POINT ( 'NONE',  ( 0.000000000000000000, -57.50000000000000000, 0.000000000000000000 ) ) ;
#3111 = VECTOR ( 'NONE', #4757, 1000.000000000000000 ) ;
#3112 = CARTESIAN_POINT ( 'NONE',  ( 12.45870000000000033, -43.56251970071234325, -1.525750707653712963E-15 ) ) ;
#3113 = CARTESIAN_POINT ( 'NONE',  ( 10.45870000000000211, -3.875019700712342807, 4.332135384791487631 ) ) ;
#3114 = CARTESIAN_POINT ( 'NONE',  ( 0.000000000000000000, -297.8943974769776446, 0.000000000000000000 ) ) ;
#3115 = EDGE_CURVE ( 'NONE', #5568, #1451, #5351, .T. ) ;
#3116 = DIRECTION ( 'NONE',  ( -0.000000000000000000, 0.000000000000000000, -1.000000000000000000 ) ) ;
#3117 = AXIS2_PLACEMENT_3D ( 'NONE', #1876, #3601, #4557 ) ;
#3118 = ORIENTED_EDGE ( 'NONE', *, *, #3107, .F. ) ;
#3119 =( BOUNDED_CURVE ( )  B_SPLINE_CURVE ( 2, ( #3289, #4581, #2352, #5352, #4122, #3695, #3721, #5448, #577 ),
 .UNSPECIFIED., .F., .T. ) 
 B_SPLINE_CURVE_WITH_KNOTS ( ( 3, 2, 2, 2, 3 ),
 ( 0.9318181818181826559, 0.9431818181818190094, 0.9545454545454553630, 0.9659090909090917165, 0.9772727272727280701 ),
 .UNSPECIFIED. ) 
 CURVE ( )  GEOMETRIC_REPRESENTATION_ITEM ( )  RATIONAL_B_SPLINE_CURVE ( ( 0.9999999999999947820, 0.9238795325112919565, 1.000000000000000000, 0.9238795325112867385, 1.000000000000000000, 0.9238795325112867385, 1.000000000000000000, 0.9238795325112815204, 1.000000000000005107 ) ) 
 REPRESENTATION_ITEM ( '' )  );
#3120 = CARTESIAN_POINT ( 'NONE',  ( -12.45870000000000388, -37.87501970071233615, -5.160562509537680143 ) ) ;
#3121 = CARTESIAN_POINT ( 'NONE',  ( 7.395417692395743536, -4.937519700712343251, -7.395417692395744425 ) ) ;
#3122 = AXIS2_PLACEMENT_3D ( 'NONE', #4301, #5624, #3006 ) ;
#3123 = CARTESIAN_POINT ( 'NONE',  ( 4.556349186104051263, -3.687500000000000888, 10.99999999999999822 ) ) ;
#3124 = CARTESIAN_POINT ( 'NONE',  ( 10.45870000000000211, -5.125019700712343251, 4.332135384791487631 ) ) ;
#3125 = DIRECTION ( 'NONE',  ( 0.000000000000000000, 0.000000000000000000, 1.000000000000000000 ) ) ;
#3126 = CARTESIAN_POINT ( 'NONE',  ( -4.297086166464915813, -33.49999999999998579, -12.18063944897911099 ) ) ;
#3127 = FACE_OUTER_BOUND ( 'NONE', #204, .T. ) ;
#3128 = VECTOR ( 'NONE', #3146, 1000.000000000000000 ) ;
#3129 = CARTESIAN_POINT ( 'NONE',  ( -8.809631254768838460, -38.93751970071233615, 8.809631254768842012 ) ) ;
#3130 = CC_DESIGN_SECURITY_CLASSIFICATION ( #138, ( #2292 ) ) ;
#3131 = CARTESIAN_POINT ( 'NONE',  ( -8.809631254768840236, -36.18751970071234325, -8.809631254768840236 ) ) ;
#3132 = CARTESIAN_POINT ( 'NONE',  ( -10.45870000000000033, -10.50001970071234503, 4.332135384791497401 ) ) ;
#3133 = CARTESIAN_POINT ( 'NONE',  ( 2.020667218593132706E-15, -10.62503940142468650, 11.00000000000000000 ) ) ;
#3134 = DIRECTION ( 'NONE',  ( 0.000000000000000000, 0.000000000000000000, 1.000000000000000000 ) ) ;
#3135 = CARTESIAN_POINT ( 'NONE',  ( 9.192388155425115670, -35.75003940142468650, -9.192388155425117446 ) ) ;
#3136 = CARTESIAN_POINT ( 'NONE',  ( 13.00000000000000533, -40.06250000000000000, 5.384776310850233116 ) ) ;
#3137 = CARTESIAN_POINT ( 'NONE',  ( -12.45870000000000211, -38.12501970071233615, -5.160562509537680143 ) ) ;
#3138 = CARTESIAN_POINT ( 'NONE',  ( -7.395417692395742648, -7.187519700712344140, 7.395417692395746201 ) ) ;
#3139 = ORIENTED_EDGE ( 'NONE', *, *, #3260, .F. ) ;
#3140 = CARTESIAN_POINT ( 'NONE',  ( -7.395417692395742648, -6.437519700712343251, 7.395417692395746201 ) ) ;
#3141 = CARTESIAN_POINT ( 'NONE',  ( -12.45869999999999855, -34.75001970071233615, 5.160562509537689024 ) ) ;
#3142 = CARTESIAN_POINT ( 'NONE',  ( 10.45870000000000033, -3.812519700712344140, -1.280821347824242272E-15 ) ) ;
#3143 = CARTESIAN_POINT ( 'NONE',  ( 12.45870000000000211, -35.37501970071234325, 5.160562509537678366 ) ) ;
#3144 = CARTESIAN_POINT ( 'NONE',  ( 2.002297516605922276E-15, -10.56730437450572424, 10.90000000000000036 ) ) ;
#3145 = CARTESIAN_POINT ( 'NONE',  ( 10.90000000000000036, -3.495235026918962706, -4.514927829866737241 ) ) ;
#3146 = DIRECTION ( 'NONE',  ( 0.000000000000000000, 1.000000000000000000, 0.000000000000000000 ) ) ;
#3147 = ORIENTED_EDGE ( 'NONE', *, *, #4457, .F. ) ;
#3148 = CARTESIAN_POINT ( 'NONE',  ( 9.181781553707319077, -33.88366025403784221, -9.181781553707320853 ) ) ;
#3149 = CARTESIAN_POINT ( 'NONE',  ( 8.809631254768842012, -36.43751970071234325, 8.809631254768838460 ) ) ;
#3150 = EDGE_CURVE ( 'NONE', #5189, #213, #34, .T. ) ;
#3151 = CARTESIAN_POINT ( 'NONE',  ( -4.332135384791490296, -5.750019700712343251, -10.45870000000000033 ) ) ;
#3152 = CARTESIAN_POINT ( 'NONE',  ( -6.735557395310442023E-16, -7.250000000000000888, -11.00000000000000000 ) ) ;
#3153 = CARTESIAN_POINT ( 'NONE',  ( -10.45870000000000033, -3.562519700712343251, 0.000000000000000000 ) ) ;
#3154 = VERTEX_POINT ( 'NONE', #4681 ) ;
#3155 = CARTESIAN_POINT ( 'NONE',  ( -2.819072790850069676, -33.49999999999998579, -12.54039594780128652 ) ) ;
#3156 = DIRECTION ( 'NONE',  ( 0.000000000000000000, 1.000000000000000000, 0.000000000000000000 ) ) ;
#3157 = ORIENTED_EDGE ( 'NONE', *, *, #2468, .T. ) ;
#3158 = CARTESIAN_POINT ( 'NONE',  ( 0.000000000000000000, -228.9999999999999716, 0.000000000000000000 ) ) ;
#3159 = EDGE_CURVE ( 'NONE', #3527, #1391, #301, .T. ) ;
#3160 = CARTESIAN_POINT ( 'NONE',  ( 9.181781553707319077, -37.74137914738683719, -9.181781553707320853 ) ) ;
#3161 = CARTESIAN_POINT ( 'NONE',  ( -8.809631254768838460, -39.93751970071234325, 8.809631254768842012 ) ) ;
#3162 = CARTESIAN_POINT ( 'NONE',  ( -5.160562509537682807, -34.87501970071234325, 12.45870000000000033 ) ) ;
#3163 = CARTESIAN_POINT ( 'NONE',  ( 10.45870000000000033, -10.06251970071234503, -1.280821347824242272E-15 ) ) ;
#3164 = CARTESIAN_POINT ( 'NONE',  ( 11.00000000000000355, -10.43753940142468650, 4.556349186104045046 ) ) ;
#3165 = FACE_OUTER_BOUND ( 'NONE', #4139, .T. ) ;
#3166 = CARTESIAN_POINT ( 'NONE',  ( -7.778174593052020747, -2.750039401424686059, 7.778174593052023411 ) ) ;
#3167 = CARTESIAN_POINT ( 'NONE',  ( -13.00000000000000000, -39.50000000000000000, 0.000000000000000000 ) ) ;
#3168 = CARTESIAN_POINT ( 'NONE',  ( -5.160562509537681919, -36.87501970071235036, 12.45870000000000033 ) ) ;
#3169 = CARTESIAN_POINT ( 'NONE',  ( 10.45870000000000033, -9.750019700712345028, -4.332135384791490296 ) ) ;
#3170 = EDGE_LOOP ( 'NONE', ( #4897, #3967, #1888, #5091 ) ) ;
#3171 = DIRECTION ( 'NONE',  ( 0.000000000000000000, 1.000000000000000000, 0.000000000000000000 ) ) ;
#3172 = CARTESIAN_POINT ( 'NONE',  ( 8.809631254768842012, -37.43751970071233615, 8.809631254768838460 ) ) ;
#3173 = CARTESIAN_POINT ( 'NONE',  ( -9.192388155425113894, -40.25003940142468650, 9.192388155425119223 ) ) ;
#3174 = CARTESIAN_POINT ( 'NONE',  ( -5.160562509537681031, -36.00001970071234325, -12.45870000000000211 ) ) ;
#3175 = CARTESIAN_POINT ( 'NONE',  ( -6.674325055353075238E-16, -3.307735026918962706, -10.90000000000000036 ) ) ;
#3176 = CARTESIAN_POINT ( 'NONE',  ( 0.000000000000000000, -264.0000000000000000, 12.75000000000000000 ) ) ;
#3177 = CARTESIAN_POINT ( 'NONE',  ( 2.002297516605922276E-15, -6.807735026918963150, 10.90000000000000036 ) ) ;
#3178 = EDGE_LOOP ( 'NONE', ( #2427, #746, #698, #3870 ) ) ;
#3179 = CARTESIAN_POINT ( 'NONE',  ( -7.395417692395742648, -6.187519700712344140, 7.395417692395746201 ) ) ;
#3180 = LINE ( 'NONE', #1744, #1534 ) ;
#3181 = CARTESIAN_POINT ( 'NONE',  ( 8.809631254768842012, -38.43751970071233615, 8.809631254768838460 ) ) ;
#3182 = CARTESIAN_POINT ( 'NONE',  ( -10.45870000000000033, -7.625019700712343251, -4.332135384791489408 ) ) ;
#3183 = CARTESIAN_POINT ( 'NONE',  ( 11.00000000000000355, -7.562500000000001776, 4.556349186104045046 ) ) ;
#3184 = CARTESIAN_POINT ( 'NONE',  ( 10.45870000000000211, -3.125019700712343695, 4.332135384791487631 ) ) ;
#3185 = ORIENTED_EDGE ( 'NONE', *, *, #3393, .T. ) ;
#3186 = CARTESIAN_POINT ( 'NONE',  ( -12.98499999999999943, -41.36637914738684429, 0.000000000000000000 ) ) ;
#3187 = ADVANCED_FACE ( 'NONE', ( #2505 ), #1720, .T. ) ;
#3188 = CARTESIAN_POINT ( 'NONE',  ( 12.98499999999999943, -37.80387914738684429, -5.378563107414641387 ) ) ;
#3189 = CARTESIAN_POINT ( 'NONE',  ( 3.675402943444370241, 2.113312223205383731E-17, 9.808576603825153839 ) ) ;
#3190 =( BOUNDED_CURVE ( )  B_SPLINE_CURVE ( 2, ( #2258, #983, #5376, #4945, #4978, #918, #4489, #2718, #2226 ),
 .UNSPECIFIED., .F., .F. ) 
 B_SPLINE_CURVE_WITH_KNOTS ( ( 3, 2, 2, 2, 3 ),
 ( 0.1590909090909098655, 0.1704545454545462191, 0.1818181818181825449, 0.1931818181818190094, 0.2045454545454553630 ),
 .UNSPECIFIED. ) 
 CURVE ( )  GEOMETRIC_REPRESENTATION_ITEM ( )  RATIONAL_B_SPLINE_CURVE ( ( 0.9999999999999945599, 0.9238795325112921786, 1.000000000000000000, 0.9238795325112867385, 1.000000000000000000, 0.9238795325112867385, 1.000000000000000000, 0.9238795325112815204, 1.000000000000005107 ) ) 
 REPRESENTATION_ITEM ( '' )  );
#3191 = CARTESIAN_POINT ( 'NONE',  ( 12.45870000000000388, -35.62501970071234325, 5.160562509537677478 ) ) ;
#3192 = CARTESIAN_POINT ( 'NONE',  ( 9.386953473660508251, -33.50000000000002132, 8.232228159483023333 ) ) ;
#3193 = EDGE_CURVE ( 'NONE', #2250, #3562, #2655, .T. ) ;
#3194 = CARTESIAN_POINT ( 'NONE',  ( -6.674325055353075238E-16, -9.067304374505722464, -10.90000000000000036 ) ) ;
#3195 = DIRECTION ( 'NONE',  ( 0.000000000000000000, 1.000000000000000000, 0.000000000000000000 ) ) ;
#3196 = CARTESIAN_POINT ( 'NONE',  ( -10.90000000000000036, -0.8798043745057242404, -4.514927829866737241 ) ) ;
#3197 = CARTESIAN_POINT ( 'NONE',  ( -4.556349186104047710, -1.687539401424686281, 10.99999999999999822 ) ) ;
#3198 = CARTESIAN_POINT ( 'NONE',  ( -12.45870000000000211, -39.12501970071233615, -5.160562509537680143 ) ) ;
#3199 = CARTESIAN_POINT ( 'NONE',  ( 6.853925630494788201, 8.654705768851556322E-16, -8.078958880429546241 ) ) ;
#3200 = CARTESIAN_POINT ( 'NONE',  ( 10.45870000000000033, -8.062519700712345028, -1.280821347824242272E-15 ) ) ;
#3201 = CARTESIAN_POINT ( 'NONE',  ( -12.45870000000000211, -37.87501970071233615, -5.160562509537680143 ) ) ;
#3202 = CARTESIAN_POINT ( 'NONE',  ( 13.00000000000000533, -41.93753940142468650, 5.384776310850233116 ) ) ;
#3203 = CARTESIAN_POINT ( 'NONE',  ( -5.160562509537681031, -39.00001970071234325, -12.45870000000000211 ) ) ;
#3204 = DIRECTION ( 'NONE',  ( 0.000000000000000000, 1.000000000000000000, 0.000000000000000000 ) ) ;
#3205 = CARTESIAN_POINT ( 'NONE',  ( 5.378563107414557898, -41.67887914738683719, -12.98500000000007759 ) ) ;
#3206 = ORIENTED_EDGE ( 'NONE', *, *, #3748, .F. ) ;
#3207 = CARTESIAN_POINT ( 'NONE',  ( -5.378563107414562339, -37.32116025403783510, 12.98500000000007581 ) ) ;
#3208 = CARTESIAN_POINT ( 'NONE',  ( -12.45870000000000033, -37.81251970071233615, 0.000000000000000000 ) ) ;
#3209 = CARTESIAN_POINT ( 'NONE',  ( 10.45870000000000211, -8.125019700712345028, 4.332135384791487631 ) ) ;
#3210 = CARTESIAN_POINT ( 'NONE',  ( 7.778174593052023411, -7.625000000000001776, 7.778174593052021635 ) ) ;
#3211 = CARTESIAN_POINT ( 'NONE',  ( 12.45870000000000033, -41.31251970071234325, -1.525750707653712963E-15 ) ) ;
#3212 = DIRECTION ( 'NONE',  ( 0.000000000000000000, 1.000000000000000000, 0.000000000000000000 ) ) ;
#3213 = DIRECTION ( 'NONE',  ( 0.000000000000000000, 0.000000000000000000, 1.000000000000000000 ) ) ;
#3214 = AXIS2_PLACEMENT_3D ( 'NONE', #3986, #5718, #3125 ) ;
#3215 = CARTESIAN_POINT ( 'NONE',  ( -10.90000000000000036, -4.057735026918962262, 0.000000000000000000 ) ) ;
#3216 = CARTESIAN_POINT ( 'NONE',  ( -6.674325055353075238E-16, -4.067304374505724240, -10.90000000000000036 ) ) ;
#3217 = CARTESIAN_POINT ( 'NONE',  ( 8.809631254768838460, -36.43751970071234325, -8.809631254768840236 ) ) ;
#3218 = DIRECTION ( 'NONE',  ( 0.000000000000000000, 0.000000000000000000, 1.000000000000000000 ) ) ;
#3219 = CARTESIAN_POINT ( 'NONE',  ( -10.45870000000000033, -9.375019700712345028, -4.332135384791489408 ) ) ;
#3220 = EDGE_CURVE ( 'NONE', #5516, #2571, #4920, .T. ) ;
#3221 = CARTESIAN_POINT ( 'NONE',  ( 12.45870000000000033, -37.56251970071233615, -1.525750707653712963E-15 ) ) ;
#3222 = AXIS2_PLACEMENT_3D ( 'NONE', #3225, #920, #4434 ) ;
#3223 = CARTESIAN_POINT ( 'NONE',  ( -7.778174593052023411, -10.00003940142468650, -7.778174593052023411 ) ) ;
#3224 =( BOUNDED_CURVE ( )  B_SPLINE_CURVE ( 2, ( #1138, #697, #3400, #2492, #5152, #4267, #3828, #4722, #724 ),
 .UNSPECIFIED., .F., .F. ) 
 B_SPLINE_CURVE_WITH_KNOTS ( ( 3, 2, 2, 2, 3 ),
 ( 0.3409090909090918275, 0.3522727272727280701, 0.3636363636363643126, 0.3750000000000004996, 0.3863636363636366866 ),
 .UNSPECIFIED. ) 
 CURVE ( )  GEOMETRIC_REPRESENTATION_ITEM ( )  RATIONAL_B_SPLINE_CURVE ( ( 0.9999999999999936717, 0.9238795325112930668, 1.000000000000000000, 0.9238795325112867385, 1.000000000000000000, 0.9238795325112867385, 1.000000000000000000, 0.9238795325112845180, 1.000000000000002220 ) ) 
 REPRESENTATION_ITEM ( '' )  );
#3225 = CARTESIAN_POINT ( 'NONE',  ( 0.000000000000000000, -260.8000000000000114, 0.000000000000000000 ) ) ;
#3226 = CARTESIAN_POINT ( 'NONE',  ( 2.002297516605922276E-15, -0.8077350269189627063, 10.90000000000000036 ) ) ;
#3227 = CIRCLE ( 'NONE', #4520, 12.75000000000000000 ) ;
#3228 = FACE_OUTER_BOUND ( 'NONE', #800, .T. ) ;
#3229 = EDGE_CURVE ( 'NONE', #3841, #4598, #3190, .T. ) ;
#3230 = DIRECTION ( 'NONE',  ( 0.000000000000000000, 0.000000000000000000, 1.000000000000000000 ) ) ;
#3231 = CARTESIAN_POINT ( 'NONE',  ( -12.45870000000000033, -36.06251970071234325, 0.000000000000000000 ) ) ;
#3232 = CARTESIAN_POINT ( 'NONE',  ( 4.507558261936246424, -1.582647541127695586E-17, -9.669797492299233355 ) ) ;
#3233 = ORIENTED_EDGE ( 'NONE', *, *, #2639, .T. ) ;
#3234 = APPROVAL_PERSON_ORGANIZATION ( #2007, #2795, #2057 ) ;
#3235 = DIRECTION ( 'NONE',  ( 0.000000000000000000, 0.000000000000000000, 1.000000000000000000 ) ) ;
#3236 = CARTESIAN_POINT ( 'NONE',  ( 12.45870000000000211, -35.25001970071234325, -5.160562509537681031 ) ) ;
#3237 = CARTESIAN_POINT ( 'NONE',  ( 12.45870000000000211, -39.37501970071234325, 5.160562509537678366 ) ) ;
#3238 = CARTESIAN_POINT ( 'NONE',  ( 1.921232021736363210E-15, -0.06251970071234354276, 10.45870000000000033 ) ) ;
#3239 = DIRECTION ( 'NONE',  ( 0.000000000000000000, 0.000000000000000000, 1.000000000000000000 ) ) ;
#3240 = VERTEX_POINT ( 'NONE', #1341 ) ;
#3241 = ORIENTED_EDGE ( 'NONE', *, *, #1692, .F. ) ;
#3242 = CARTESIAN_POINT ( 'NONE',  ( 8.809631254768838460, -39.43751970071233615, -8.809631254768840236 ) ) ;
#3243 = CARTESIAN_POINT ( 'NONE',  ( 7.395417692395746201, -7.937519700712344140, 7.395417692395743536 ) ) ;
#3244 = CYLINDRICAL_SURFACE ( 'NONE', #5422, 12.98499999999999943 ) ;
#3245 = CARTESIAN_POINT ( 'NONE',  ( -12.45870000000000033, -39.81251970071234325, 0.000000000000000000 ) ) ;
#3246 = CARTESIAN_POINT ( 'NONE',  ( -7.395417692395742648, -8.437519700712345028, 7.395417692395746201 ) ) ;
#3247 = CARTESIAN_POINT ( 'NONE',  ( 2.385305803039257098E-15, -40.11637914738684429, 12.98499999999999943 ) ) ;
#3248 = CARTESIAN_POINT ( 'NONE',  ( -5.160562509537681919, -43.62501970071233615, 12.45870000000000033 ) ) ;
#3249 = CARTESIAN_POINT ( 'NONE',  ( 2.385305803039257098E-15, -39.11637914738683719, 12.98499999999999943 ) ) ;
#3250 = CARTESIAN_POINT ( 'NONE',  ( -10.45870000000000033, -2.625019700712343251, -4.332135384791489408 ) ) ;
#3251 = CARTESIAN_POINT ( 'NONE',  ( -8.809631254768838460, -36.93751970071233615, 8.809631254768842012 ) ) ;
#3252 = FACE_OUTER_BOUND ( 'NONE', #807, .T. ) ;
#3253 = CARTESIAN_POINT ( 'NONE',  ( -7.778174593052023411, 0.8749999999999991118, -7.778174593052023411 ) ) ;
#3254 = CARTESIAN_POINT ( 'NONE',  ( -12.45870000000000033, -38.06251970071233615, 0.000000000000000000 ) ) ;
#3255 = CARTESIAN_POINT ( 'NONE',  ( 4.332135384791495625, -1.250019700712343473, 10.45870000000000033 ) ) ;
#3256 = CARTESIAN_POINT ( 'NONE',  ( 10.45870000000000033, -10.00001970071234503, -4.332135384791490296 ) ) ;
#3257 = CARTESIAN_POINT ( 'NONE',  ( -7.778174593052023411, -3.940142468599003994E-05, -7.778174593052023411 ) ) ;
#3258 = CARTESIAN_POINT ( 'NONE',  ( -1.020493973734569959, 1.405292945233573336E-17, -10.78356867654475337 ) ) ;
#3259 = ORIENTED_EDGE ( 'NONE', *, *, #1580, .F. ) ;
#3260 = EDGE_CURVE ( 'NONE', #4784, #3578, #1843, .T. ) ;
#3261 =( BOUNDED_CURVE ( )  B_SPLINE_CURVE ( 2, ( #1091, #186, #3431, #210, #1573, #236, #4222, #4249, #1657 ),
 .UNSPECIFIED., .F., .T. ) 
 B_SPLINE_CURVE_WITH_KNOTS ( ( 3, 2, 2, 2, 3 ),
 ( 0.3863636363636361870, 0.3977272727272725961, 0.4090909090909089496, 0.4204545454545453587, 0.4318181818181817677 ),
 .UNSPECIFIED. ) 
 CURVE ( )  GEOMETRIC_REPRESENTATION_ITEM ( )  RATIONAL_B_SPLINE_CURVE ( ( 1.000000000000001110, 0.9238795325112856283, 1.000000000000000000, 0.9238795325112867385, 1.000000000000000000, 0.9238795325112867385, 1.000000000000000000, 0.9238795325112867385, 1.000000000000000000 ) ) 
 REPRESENTATION_ITEM ( '' )  );
#3262 = CARTESIAN_POINT ( 'NONE',  ( 7.395417692395746201, -8.187519700712345028, 7.395417692395743536 ) ) ;
#3263 = CARTESIAN_POINT ( 'NONE',  ( 5.160562509537688136, -35.50001970071234325, 12.45869999999999855 ) ) ;
#3264 = CARTESIAN_POINT ( 'NONE',  ( -12.98499999999999943, -33.50866025403784931, 0.000000000000000000 ) ) ;
#3265 = CARTESIAN_POINT ( 'NONE',  ( -12.99999999999999645, -41.31253940142469361, 5.384776310850244663 ) ) ;
#3266 = CARTESIAN_POINT ( 'NONE',  ( -8.809631254768838460, -37.68751970071233615, 8.809631254768842012 ) ) ;
#3267 = CARTESIAN_POINT ( 'NONE',  ( 7.707463914933367022, -1.432735026918962262, -7.707463914933368798 ) ) ;
#3268 = DIRECTION ( 'NONE',  ( 0.000000000000000000, 1.000000000000000000, 0.000000000000000000 ) ) ;
#3269 = ORIENTED_EDGE ( 'NONE', *, *, #2108, .T. ) ;
#3270 = CARTESIAN_POINT ( 'NONE',  ( -4.514927829866770992, -6.004804374505725129, -10.89999999999996483 ) ) ;
#3271 = EDGE_CURVE ( 'NONE', #5199, #4098, #4551, .T. ) ;
#3272 = CARTESIAN_POINT ( 'NONE',  ( 4.332135384791495625, -8.000019700712345028, 10.45870000000000033 ) ) ;
#3273 = CARTESIAN_POINT ( 'NONE',  ( 0.1418383275197717119, -264.0000000000000000, 28.50951388376950391 ) ) ;
#3274 = CARTESIAN_POINT ( 'NONE',  ( -8.809631254768838460, -38.68751970071233615, 8.809631254768842012 ) ) ;
#3275 = CARTESIAN_POINT ( 'NONE',  ( -7.395417692395744425, -6.687519700712343251, -7.395417692395744425 ) ) ;
#3276 = CARTESIAN_POINT ( 'NONE',  ( -10.99999999999999822, -8.937500000000001776, 4.556349186104052151 ) ) ;
#3277 = CARTESIAN_POINT ( 'NONE',  ( -9.181781553707320853, -43.49137914738684429, -9.181781553707320853 ) ) ;
#3278 = CARTESIAN_POINT ( 'NONE',  ( -12.98499999999999943, -41.57116025403785642, -5.378563107414639610 ) ) ;
#3279 = CARTESIAN_POINT ( 'NONE',  ( 7.707463914933369686, -8.682735026918962262, 7.707463914933367022 ) ) ;
#3280 = CARTESIAN_POINT ( 'NONE',  ( 5.160562509537679254, -35.12501970071233615, -12.45870000000000388 ) ) ;
#3281 = CARTESIAN_POINT ( 'NONE',  ( -6.735557395310442023E-16, 0.7499999999999991118, -11.00000000000000000 ) ) ;
#3282 = CARTESIAN_POINT ( 'NONE',  ( 2.388061258337338544E-15, -38.25000000000000000, 13.00000000000000000 ) ) ;
#3283 = CARTESIAN_POINT ( 'NONE',  ( -7.628753538268564813E-16, -40.31251970071234325, -12.45870000000000033 ) ) ;
#3284 = CARTESIAN_POINT ( 'NONE',  ( -6.674325055353075238E-16, -9.307735026918962262, -10.90000000000000036 ) ) ;
#3285 = CARTESIAN_POINT ( 'NONE',  ( -10.45870000000000033, -9.562519700712345028, 0.000000000000000000 ) ) ;
#3286 = CARTESIAN_POINT ( 'NONE',  ( 11.00000000000000000, -2.312539401424685614, -4.556349186104045934 ) ) ;
#3287 = CARTESIAN_POINT ( 'NONE',  ( 2.002297516605922276E-15, -3.567304374505724684, 10.90000000000000036 ) ) ;
#3288 = ORIENTED_EDGE ( 'NONE', *, *, #3043, .T. ) ;
#3289 = CARTESIAN_POINT ( 'NONE',  ( 2.385305803039257098E-15, -34.11637914738684429, 12.98499999999999943 ) ) ;
#3290 = CARTESIAN_POINT ( 'NONE',  ( -12.45869999999999855, -37.75001970071234325, 5.160562509537689024 ) ) ;
#3291 = CARTESIAN_POINT ( 'NONE',  ( 9.192388155425115670, -42.75003940142468650, -9.192388155425117446 ) ) ;
#3292 = CARTESIAN_POINT ( 'NONE',  ( -5.160562509537681031, -38.00001970071233615, -12.45870000000000211 ) ) ;
#3293 = EDGE_CURVE ( 'NONE', #1644, #845, #3941, .T. ) ;
#3294 = CARTESIAN_POINT ( 'NONE',  ( 2.385305803039257098E-15, -34.11637914738684429, 12.98499999999999943 ) ) ;
#3295 = DIRECTION ( 'NONE',  ( 0.000000000000000000, 1.000000000000000000, 0.000000000000000000 ) ) ;
#3296 = ORIENTED_EDGE ( 'NONE', *, *, #1828, .F. ) ;
#3297 = PERSON_AND_ORGANIZATION ( #650, #3864 ) ;
#3298 = CARTESIAN_POINT ( 'NONE',  ( 10.45870000000000033, -8.750019700712345028, -4.332135384791490296 ) ) ;
#3299 = CARTESIAN_POINT ( 'NONE',  ( -12.45869999999999855, -41.75001970071234325, 5.160562509537688136 ) ) ;
#3300 = CARTESIAN_POINT ( 'NONE',  ( 10.45870000000000033, -9.062519700712343251, -1.280821347824242272E-15 ) ) ;
#3301 = CARTESIAN_POINT ( 'NONE',  ( 7.778174593052021635, -9.375000000000001776, -7.778174593052023411 ) ) ;
#3302 = EDGE_CURVE ( 'NONE', #4588, #1482, #1226, .T. ) ;
#3303 = CARTESIAN_POINT ( 'NONE',  ( -12.98499999999999410, -43.30387914738685140, 5.378563107414648492 ) ) ;
#3304 = CARTESIAN_POINT ( 'NONE',  ( -5.378563107414602307, -41.69616025403784931, -12.98500000000004029 ) ) ;
#3305 = ORIENTED_EDGE ( 'NONE', *, *, #704, .F. ) ;
#3306 = CARTESIAN_POINT ( 'NONE',  ( -12.98499999999999943, -35.36637914738685140, 0.000000000000000000 ) ) ;
#3307 = CARTESIAN_POINT ( 'NONE',  ( 12.45870000000000033, -41.56251970071234325, -1.525750707653712963E-15 ) ) ;
#3308 = CARTESIAN_POINT ( 'NONE',  ( 2.288626061480569049E-15, -33.56251970071234325, 12.45870000000000033 ) ) ;
#3309 = CIRCLE ( 'NONE', #206, 12.98499999999999943 ) ;
#3310 = CARTESIAN_POINT ( 'NONE',  ( -6.404106739121211359E-16, -8.562519700712343251, -10.45870000000000033 ) ) ;
#3311 = CARTESIAN_POINT ( 'NONE',  ( -5.384776310850237557, -39.68750000000000000, -13.00000000000000000 ) ) ;
#3312 = CARTESIAN_POINT ( 'NONE',  ( 5.160562509537679254, -42.37501970071234325, -12.45870000000000388 ) ) ;
#3313 = AXIS2_PLACEMENT_3D ( 'NONE', #5482, #5049, #1003 ) ;
#3314 = CIRCLE ( 'NONE', #3122, 12.75000000000000000 ) ;
#3315 = FACE_OUTER_BOUND ( 'NONE', #2161, .T. ) ;
#3316 = VECTOR ( 'NONE', #180, 1000.000000000000000 ) ;
#3317 = CARTESIAN_POINT ( 'NONE',  ( 12.45870000000000211, -41.37501970071234325, 5.160562509537678366 ) ) ;
#3318 = CARTESIAN_POINT ( 'NONE',  ( 2.002297516605922276E-15, -2.807735026918962706, 10.90000000000000036 ) ) ;
#3319 = CARTESIAN_POINT ( 'NONE',  ( 10.45870000000000033, -1.750019700712343473, -4.332135384791490296 ) ) ;
#3320 = ORIENTED_EDGE ( 'NONE', *, *, #5480, .F. ) ;
#3321 = CARTESIAN_POINT ( 'NONE',  ( 10.45870000000000211, -8.875019700712343251, 4.332135384791487631 ) ) ;
#3322 = CARTESIAN_POINT ( 'NONE',  ( 2.002297516605922276E-15, -8.807735026918962262, 10.90000000000000036 ) ) ;
#3323 = CARTESIAN_POINT ( 'NONE',  ( -7.395417692395742648, -0.1875197007123435289, 7.395417692395746201 ) ) ;
#3324 = CARTESIAN_POINT ( 'NONE',  ( 12.98500000000000298, -40.07116025403784931, 5.378563107414636946 ) ) ;
#3325 = CARTESIAN_POINT ( 'NONE',  ( 8.809631254768838460, -42.18751970071234325, -8.809631254768840236 ) ) ;
#3326 = CARTESIAN_POINT ( 'NONE',  ( 2.385305803039257098E-15, -44.11637914738684429, 12.98499999999999943 ) ) ;
#3327 = ORIENTED_EDGE ( 'NONE', *, *, #2438, .T. ) ;
#3328 = EDGE_CURVE ( 'NONE', #4050, #5290, #5441, .T. ) ;
#3329 = CARTESIAN_POINT ( 'NONE',  ( 12.45870000000000211, -40.50001970071233615, -5.160562509537681031 ) ) ;
#3330 = DIRECTION ( 'NONE',  ( 0.000000000000000000, 0.000000000000000000, 1.000000000000000000 ) ) ;
#3331 = CARTESIAN_POINT ( 'NONE',  ( -4.332135384791490296, -8.500019700712343251, -10.45870000000000033 ) ) ;
#3332 = CARTESIAN_POINT ( 'NONE',  ( -12.99999999999999645, -37.43749999999999289, 5.384776310850244663 ) ) ;
#3333 = CARTESIAN_POINT ( 'NONE',  ( 2.288626061480569049E-15, -38.81251970071233615, 12.45870000000000033 ) ) ;
#3334 = EDGE_CURVE ( 'NONE', #2603, #3786, #4514, .T. ) ;
#3335 = CARTESIAN_POINT ( 'NONE',  ( 4.556349186104045934, -4.187539401424686503, -11.00000000000000000 ) ) ;
#3336 = CARTESIAN_POINT ( 'NONE',  ( -7.951019343464190656E-16, -38.61637914738684429, -12.98499999999999943 ) ) ;
#3337 = CARTESIAN_POINT ( 'NONE',  ( 1.921232021736363210E-15, -3.062519700712343251, 10.45870000000000033 ) ) ;
#3338 = ORIENTED_EDGE ( 'NONE', *, *, #3302, .T. ) ;
#3339 = CARTESIAN_POINT ( 'NONE',  ( -5.160562509537681919, -39.62501970071234325, 12.45870000000000033 ) ) ;
#3340 = CARTESIAN_POINT ( 'NONE',  ( -13.00000000000000000, -34.43753940142468650, -5.384776310850237557 ) ) ;
#3341 = CARTESIAN_POINT ( 'NONE',  ( -12.45870000000000033, -41.81251970071234325, 0.000000000000000000 ) ) ;
#3342 = CARTESIAN_POINT ( 'NONE',  ( 0.000000000000000000, -264.0000000000000000, 0.000000000000000000 ) ) ;
#3343 = CARTESIAN_POINT ( 'NONE',  ( -10.45870000000000033, -4.312519700712344140, 0.000000000000000000 ) ) ;
#3344 = ORIENTED_EDGE ( 'NONE', *, *, #867, .F. ) ;
#3345 = CARTESIAN_POINT ( 'NONE',  ( 5.160562509537688136, -41.75001970071234325, 12.45869999999999855 ) ) ;
#3346 = CARTESIAN_POINT ( 'NONE',  ( -7.951019343464191642E-16, -39.75866025403784931, -12.98499999999999943 ) ) ;
#3347 = CARTESIAN_POINT ( 'NONE',  ( -7.628753538268564813E-16, -42.06251970071234325, -12.45870000000000033 ) ) ;
#3348 = CARTESIAN_POINT ( 'NONE',  ( 7.395417692395743536, -0.6875197007123434734, -7.395417692395744425 ) ) ;
#3349 = CARTESIAN_POINT ( 'NONE',  ( 10.90000000000000036, -0.4952350269189625953, -4.514927829866737241 ) ) ;
#3350 = DIRECTION ( 'NONE',  ( 0.000000000000000000, 1.000000000000000000, 0.000000000000000000 ) ) ;
#3351 = ORIENTED_EDGE ( 'NONE', *, *, #2828, .T. ) ;
#3352 = CARTESIAN_POINT ( 'NONE',  ( 12.98500000000000298, -36.92887914738685140, 5.378563107414636946 ) ) ;
#3353 = CARTESIAN_POINT ( 'NONE',  ( -4.514927829866703490, -1.245235026918963595, -10.90000000000003588 ) ) ;
#3354 = CARTESIAN_POINT ( 'NONE',  ( 7.778174593052023411, -1.625000000000001110, 7.778174593052021635 ) ) ;
#3355 = CARTESIAN_POINT ( 'NONE',  ( 5.384776310850236669, -42.81250000000000000, -13.00000000000000000 ) ) ;
#3356 = EDGE_CURVE ( 'NONE', #1258, #3512, #1990, .T. ) ;
#3357 = CARTESIAN_POINT ( 'NONE',  ( -5.160562509537681031, -40.25001970071234325, -12.45870000000000388 ) ) ;
#3358 = CARTESIAN_POINT ( 'NONE',  ( -10.45870000000000033, -1.312519700712343473, 0.000000000000000000 ) ) ;
#3359 = CARTESIAN_POINT ( 'NONE',  ( -11.00000000000000000, -4.875039401424686503, 0.000000000000000000 ) ) ;
#3360 = CARTESIAN_POINT ( 'NONE',  ( 0.000000000000000000, -260.8000000000000114, 12.75000000000000000 ) ) ;
#3361 = CARTESIAN_POINT ( 'NONE',  ( -10.90000000000000036, -6.120235026918964039, -4.514927829866737241 ) ) ;
#3362 = ORIENTED_EDGE ( 'NONE', *, *, #4943, .T. ) ;
#3363 = CARTESIAN_POINT ( 'NONE',  ( 8.809631254768842012, -39.43751970071233615, 8.809631254768838460 ) ) ;
#3364 = CARTESIAN_POINT ( 'NONE',  ( -10.18769878122403050, 9.507880860424734873E-17, 3.875666851400715984 ) ) ;
#3365 = CARTESIAN_POINT ( 'NONE',  ( 13.00000000000000000, -33.81253940142468650, -5.384776310850237557 ) ) ;
#3366 = CARTESIAN_POINT ( 'NONE',  ( 12.45870000000000211, -43.25001970071235036, -5.160562509537681031 ) ) ;
#3367 = CARTESIAN_POINT ( 'NONE',  ( 5.378563107414565003, -35.19616025403784221, 12.98500000000007404 ) ) ;
#3368 = CARTESIAN_POINT ( 'NONE',  ( 7.395417692395743536, -4.687519700712344140, -7.395417692395744425 ) ) ;
#3369 = CARTESIAN_POINT ( 'NONE',  ( 2.385305803039257098E-15, -39.11637914738683719, 12.98499999999999943 ) ) ;
#3370 = APPROVAL ( #699, 'UNSPECIFIED' ) ;
#3371 = EDGE_LOOP ( 'NONE', ( #1217, #1897, #4207, #2132 ) ) ;
#3372 = CYLINDRICAL_SURFACE ( 'NONE', #2754, 10.90000000000000036 ) ;
#3373 = CARTESIAN_POINT ( 'NONE',  ( -5.160562509537681919, -42.87501970071234325, 12.45870000000000033 ) ) ;
#3374 = DIRECTION ( 'NONE',  ( 0.000000000000000000, 1.000000000000000000, 0.000000000000000000 ) ) ;
#3375 = CARTESIAN_POINT ( 'NONE',  ( -8.809631254768840236, -42.93751970071234325, -8.809631254768840236 ) ) ;
#3376 = CARTESIAN_POINT ( 'NONE',  ( 1.921232021736363210E-15, -1.062519700712343695, 10.45870000000000033 ) ) ;
#3377 = CARTESIAN_POINT ( 'NONE',  ( 4.514927829866770992, -0.3702350269189632614, -10.89999999999996483 ) ) ;
#3378 = CARTESIAN_POINT ( 'NONE',  ( -11.43217321901175687, -264.0000000000000000, -5.645167445745995494 ) ) ;
#3379 = EDGE_LOOP ( 'NONE', ( #3055, #2778, #1996, #4539 ) ) ;
#3380 = CARTESIAN_POINT ( 'NONE',  ( 5.378563107415048172, -37.05387914738684429, 12.98499999999959442 ) ) ;
#3381 = CARTESIAN_POINT ( 'NONE',  ( 2.002297516605922276E-15, -0.8077350269189627063, 10.90000000000000036 ) ) ;
#3382 = CARTESIAN_POINT ( 'NONE',  ( -11.00000000000000000, -1.062500000000000888, -4.556349186104045934 ) ) ;
#3383 = CARTESIAN_POINT ( 'NONE',  ( -10.45870000000000033, -0.5000197007123433623, 4.332135384791497401 ) ) ;
#3384 = ORIENTED_EDGE ( 'NONE', *, *, #5020, .F. ) ;
#3385 = CARTESIAN_POINT ( 'NONE',  ( -13.00000000000000000, -42.50000000000000000, 0.000000000000000000 ) ) ;
#3386 = CARTESIAN_POINT ( 'NONE',  ( -12.45870000000000033, -42.06251970071234325, 0.000000000000000000 ) ) ;
#3387 = CARTESIAN_POINT ( 'NONE',  ( 10.45870000000000033, 0.2499802992876564711, -4.332135384791490296 ) ) ;
#3388 = VECTOR ( 'NONE', #4330, 1000.000000000000000 ) ;
#3389 = EDGE_CURVE ( 'NONE', #3836, #3578, #5605, .T. ) ;
#3390 = CARTESIAN_POINT ( 'NONE',  ( -7.951019343464190656E-16, -34.61637914738684429, -12.98499999999999943 ) ) ;
#3391 = CARTESIAN_POINT ( 'NONE',  ( 1.921232021736363210E-15, -8.312519700712345028, 10.45870000000000033 ) ) ;
#3392 = ORIENTED_EDGE ( 'NONE', *, *, #3356, .F. ) ;
#3393 = EDGE_CURVE ( 'NONE', #1789, #2622, #3970, .T. ) ;
#3394 = CARTESIAN_POINT ( 'NONE',  ( -10.89999999999999858, -4.995235026918963150, 4.514927829866743458 ) ) ;
#3395 = AXIS2_PLACEMENT_3D ( 'NONE', #1150, #3787, #5464 ) ;
#3396 = CARTESIAN_POINT ( 'NONE',  ( 12.45870000000000211, -42.37501970071234325, 5.160562509537678366 ) ) ;
#3397 = LINE ( 'NONE', #4293, #490 ) ;
#3398 = CARTESIAN_POINT ( 'NONE',  ( -7.707463914933366134, -4.692304374505724240, 7.707463914933369686 ) ) ;
#3399 = CARTESIAN_POINT ( 'NONE',  ( 7.395417692395746201, -4.937519700712343251, 7.395417692395743536 ) ) ;
#3400 = CARTESIAN_POINT ( 'NONE',  ( -9.181781553707317300, -36.38366025403784931, 9.181781553707322630 ) ) ;
#3401 = ORIENTED_EDGE ( 'NONE', *, *, #4884, .F. ) ;
#3402 = CARTESIAN_POINT ( 'NONE',  ( 10.45870000000000211, -2.125019700712344584, 4.332135384791487631 ) ) ;
#3403 = CARTESIAN_POINT ( 'NONE',  ( 12.45870000000000211, -42.50001970071234325, -5.160562509537681031 ) ) ;
#3404 = CARTESIAN_POINT ( 'NONE',  ( -10.45870000000000033, -10.31251970071234325, 0.000000000000000000 ) ) ;
#3405 = FACE_OUTER_BOUND ( 'NONE', #3063, .T. ) ;
#3406 =( BOUNDED_CURVE ( )  B_SPLINE_CURVE ( 2, ( #443, #6, #4563, #1795, #3573, #5327, #1359, #1388, #3144 ),
 .UNSPECIFIED., .F., .F. ) 
 B_SPLINE_CURVE_WITH_KNOTS ( ( 3, 2, 2, 2, 3 ),
 ( 0.9318181818181818787, 0.9431818181818183433, 0.9545454545454545858, 0.9659090909090909394, 0.9772727272727272929 ),
 .UNSPECIFIED. ) 
 CURVE ( )  GEOMETRIC_REPRESENTATION_ITEM ( )  RATIONAL_B_SPLINE_CURVE ( ( 0.9999999999999992228, 0.9238795325112875156, 1.000000000000000000, 0.9238795325112867385, 1.000000000000000000, 0.9238795325112867385, 1.000000000000000000, 0.9238795325112867385, 1.000000000000000000 ) ) 
 REPRESENTATION_ITEM ( '' )  );
#3407 = B_SPLINE_CURVE_WITH_KNOTS ( 'NONE', 3,
 ( #4498, #2322, #2762, #4061, #60, #1850, #5382, #1415, #3199, #4951, #5412, #1450, #4580, #3232, #5446, #2789, #4986, #988, #1020, #4556, #1481, #3258, #2816, #4152, #2026, #605, #250, #1187 ),
 .UNSPECIFIED., .F., .F.,
 ( 4, 2, 2, 2, 2, 2, 2, 2, 2, 2, 2, 2, 2, 4 ),
 ( 5.214817046165075319E-14, 0.001075653678246068232, 0.002151307356439988074, 0.004302614712827826891, 0.005378268391021746517, 0.006453922069215667010, 0.007529575747409586635, 0.008605229425603506260, 0.01075653678199134551, 0.01183219046018526774, 0.01290784413837918476, 0.01505915149476702228, 0.01613480517296094277, 0.01721045885115486326 ),
 .UNSPECIFIED. ) ;
#3408 = CARTESIAN_POINT ( 'NONE',  ( -7.395417692395744425, -0.4375197007123436399, -7.395417692395744425 ) ) ;
#3409 = CARTESIAN_POINT ( 'NONE',  ( -6.674325055353075238E-16, -7.067304374505725129, -10.90000000000000036 ) ) ;
#3410 = ORIENTED_EDGE ( 'NONE', *, *, #307, .T. ) ;
#3411 = FACE_OUTER_BOUND ( 'NONE', #4215, .T. ) ;
#3412 = CARTESIAN_POINT ( 'NONE',  ( -6.404106739121211359E-16, 0.1874802992876565821, -10.45870000000000033 ) ) ;
#3413 = CARTESIAN_POINT ( 'NONE',  ( -11.00000000000000000, -0.06250000000000092981, -4.556349186104045934 ) ) ;
#3414 = CARTESIAN_POINT ( 'NONE',  ( -10.45870000000000033, -1.500019700712343473, 4.332135384791497401 ) ) ;
#3415 = ORIENTED_EDGE ( 'NONE', *, *, #1868, .F. ) ;
#3416 = CARTESIAN_POINT ( 'NONE',  ( 9.192388155425115670, -40.87500000000000000, -9.192388155425117446 ) ) ;
#3417 = CARTESIAN_POINT ( 'NONE',  ( 8.809631254768838460, -43.43751970071234325, -8.809631254768840236 ) ) ;
#3418 = CARTESIAN_POINT ( 'NONE',  ( -8.809631254768838460, -33.93751970071234325, 8.809631254768842012 ) ) ;
#3419 = CARTESIAN_POINT ( 'NONE',  ( -5.378563107414360722, -34.17887914738684429, 12.98500000000027654 ) ) ;
#3420 = ORIENTED_EDGE ( 'NONE', *, *, #2604, .T. ) ;
#3421 = EDGE_LOOP ( 'NONE', ( #2006, #4711 ) ) ;
#3422 = CARTESIAN_POINT ( 'NONE',  ( -6.735557395310442023E-16, -8.125039401424686503, -11.00000000000000000 ) ) ;
#3423 = CARTESIAN_POINT ( 'NONE',  ( 5.160562509537688136, -40.50001970071233615, 12.45869999999999855 ) ) ;
#3424 = CARTESIAN_POINT ( 'NONE',  ( -7.951019343464191642E-16, -38.75866025403784221, -12.98499999999999943 ) ) ;
#3425 = CARTESIAN_POINT ( 'NONE',  ( -10.45870000000000033, -5.250019700712345028, 4.332135384791497401 ) ) ;
#3426 = ORIENTED_EDGE ( 'NONE', *, *, #5400, .T. ) ;
#3427 = ADVANCED_FACE ( 'NONE', ( #1024 ), #5261, .T. ) ;
#3428 = CARTESIAN_POINT ( 'NONE',  ( -5.378563107414603195, -38.32116025403784221, 12.98500000000003851 ) ) ;
#3429 = CARTESIAN_POINT ( 'NONE',  ( -12.45870000000000388, -42.87501970071234325, -5.160562509537680143 ) ) ;
#3430 = CARTESIAN_POINT ( 'NONE',  ( -10.45870000000000033, -2.250019700712343695, 4.332135384791498289 ) ) ;
#3431 = CARTESIAN_POINT ( 'NONE',  ( 7.707463914933369686, -5.682735026918963150, 7.707463914933367022 ) ) ;
#3432 = CARTESIAN_POINT ( 'NONE',  ( -9.181781553707320853, -34.63366025403784931, -9.181781553707320853 ) ) ;
#3433 = EDGE_CURVE ( 'NONE', #3974, #977, #3397, .T. ) ;
#3434 = ORIENTED_EDGE ( 'NONE', *, *, #3271, .T. ) ;
#3435 =( BOUNDED_CURVE ( )  B_SPLINE_CURVE ( 2, ( #2399, #2040, #3279, #1037, #2833, #5564, #2451, #1599, #2869 ),
 .UNSPECIFIED., .F., .F. ) 
 B_SPLINE_CURVE_WITH_KNOTS ( ( 3, 2, 2, 2, 3 ),
 ( 0.1136363636363635771, 0.1249999999999999584, 0.1363636363636363258, 0.1477272727272727071, 0.1590909090909090884 ),
 .UNSPECIFIED. ) 
 CURVE ( )  GEOMETRIC_REPRESENTATION_ITEM ( )  RATIONAL_B_SPLINE_CURVE ( ( 1.000000000000000666, 0.9238795325112864054, 1.000000000000000000, 0.9238795325112867385, 1.000000000000000000, 0.9238795325112867385, 1.000000000000000000, 0.9238795325112865164, 1.000000000000000222 ) ) 
 REPRESENTATION_ITEM ( '' )  );
#3436 = CARTESIAN_POINT ( 'NONE',  ( 7.395417692395746201, -4.937519700712343251, 7.395417692395743536 ) ) ;
#3437 = CARTESIAN_POINT ( 'NONE',  ( 2.002297516605922276E-15, -5.567304374505723352, 10.90000000000000036 ) ) ;
#3438 = CARTESIAN_POINT ( 'NONE',  ( -7.778174593052020747, -1.875000000000000888, 7.778174593052023411 ) ) ;
#3439 = CARTESIAN_POINT ( 'NONE',  ( -10.45870000000000033, -1.562519700712343473, 0.000000000000000000 ) ) ;
#3440 = ORIENTED_EDGE ( 'NONE', *, *, #5400, .F. ) ;
#3441 = CARTESIAN_POINT ( 'NONE',  ( 9.192388155425115670, -42.87500000000000000, -9.192388155425117446 ) ) ;
#3442 = CARTESIAN_POINT ( 'NONE',  ( 1.467739188778102786E-15, -57.50000000000000000, -11.98499999999999943 ) ) ;
#3443 = CARTESIAN_POINT ( 'NONE',  ( -4.332135384791492072, -0.1250197007123436121, 10.45870000000000033 ) ) ;
#3444 = CARTESIAN_POINT ( 'NONE',  ( 2.388061258337338544E-15, -44.12503940142468650, 13.00000000000000000 ) ) ;
#3445 = CARTESIAN_POINT ( 'NONE',  ( 10.45870000000000033, -5.750019700712344140, -4.332135384791490296 ) ) ;
#3446 = CARTESIAN_POINT ( 'NONE',  ( 12.98499999999999943, -36.94616025403784221, -5.378563107414642275 ) ) ;
#3447 = CARTESIAN_POINT ( 'NONE',  ( -7.395417692395742648, -6.437519700712343251, 7.395417692395746201 ) ) ;
#3448 = ORIENTED_EDGE ( 'NONE', *, *, #3150, .T. ) ;
#3449 = CARTESIAN_POINT ( 'NONE',  ( 7.778174593052023411, -7.500039401424685614, 7.778174593052021635 ) ) ;
#3450 = CARTESIAN_POINT ( 'NONE',  ( -5.384776310850237557, -37.56253940142469361, -13.00000000000000000 ) ) ;
#3451 = CARTESIAN_POINT ( 'NONE',  ( 9.192388155425115670, -33.87500000000000000, -9.192388155425117446 ) ) ;
#3452 = CARTESIAN_POINT ( 'NONE',  ( 12.45870000000000033, -33.56251970071234325, -1.525750707653712963E-15 ) ) ;
#3453 = CARTESIAN_POINT ( 'NONE',  ( 4.332135384791495625, -6.000019700712344140, 10.45870000000000033 ) ) ;
#3454 = VERTEX_POINT ( 'NONE', #4496 ) ;
#3455 = FACE_OUTER_BOUND ( 'NONE', #3018, .T. ) ;
#3456 = CARTESIAN_POINT ( 'NONE',  ( 4.332135384791495625, -3.250019700712343695, 10.45870000000000033 ) ) ;
#3457 = CARTESIAN_POINT ( 'NONE',  ( -12.45870000000000033, -41.06251970071234325, 0.000000000000000000 ) ) ;
#3458 = CARTESIAN_POINT ( 'NONE',  ( -7.951019343464190656E-16, -38.61637914738684429, -12.98499999999999943 ) ) ;
#3459 = CARTESIAN_POINT ( 'NONE',  ( 0.1418383275197717119, -264.0000000000000000, 28.50951388376950391 ) ) ;
#3460 = ADVANCED_FACE ( 'NONE', ( #4086, #3629 ), #1413, .T. ) ;
#3461 = CARTESIAN_POINT ( 'NONE',  ( 10.45870000000000033, -2.750019700712343251, -4.332135384791490296 ) ) ;
#3462 = CARTESIAN_POINT ( 'NONE',  ( -12.45870000000000033, -32.81251970071234325, 0.000000000000000000 ) ) ;
#3463 = CARTESIAN_POINT ( 'NONE',  ( -10.90000000000000036, -0.1202350269189626647, -4.514927829866737241 ) ) ;
#3464 = EDGE_LOOP ( 'NONE', ( #834, #1756 ) ) ;
#3465 = CARTESIAN_POINT ( 'NONE',  ( 10.90000000000000213, -6.379804374505724240, 4.514927829866736353 ) ) ;
#3466 = CARTESIAN_POINT ( 'NONE',  ( 10.45870000000000033, -5.750019700712344140, -4.332135384791490296 ) ) ;
#3467 = EDGE_CURVE ( 'NONE', #4617, #5192, #296, .T. ) ;
#3468 = CARTESIAN_POINT ( 'NONE',  ( 10.90000000000000036, -5.254804374505724240, -4.514927829866737241 ) ) ;
#3469 = CARTESIAN_POINT ( 'NONE',  ( 4.556349186104045934, -4.312500000000000888, -11.00000000000000000 ) ) ;
#3470 = CARTESIAN_POINT ( 'NONE',  ( 4.332135384791488519, -0.8750197007123435844, -10.45870000000000033 ) ) ;
#3471 = EDGE_LOOP ( 'NONE', ( #3259, #753, #1560, #3206 ) ) ;
#3472 = CARTESIAN_POINT ( 'NONE',  ( 5.384776310850242886, -41.18750000000000000, 12.99999999999999645 ) ) ;
#3473 = CARTESIAN_POINT ( 'NONE',  ( -12.99999999999999645, -44.31253940142468650, 5.384776310850244663 ) ) ;
#3474 = CARTESIAN_POINT ( 'NONE',  ( -12.45870000000000033, -44.06251970071234325, 0.000000000000000000 ) ) ;
#3475 = CARTESIAN_POINT ( 'NONE',  ( 10.45870000000000033, -7.000019700712344140, -4.332135384791490296 ) ) ;
#3476 = ORIENTED_EDGE ( 'NONE', *, *, #3393, .F. ) ;
#3477 = CARTESIAN_POINT ( 'NONE',  ( 11.00000000000000000, -6.375039401424686503, -1.347111479062088405E-15 ) ) ;
#3478 = CARTESIAN_POINT ( 'NONE',  ( -13.00000000000000000, -36.43753940142468650, -5.384776310850237557 ) ) ;
#3479 = CARTESIAN_POINT ( 'NONE',  ( 13.00000000000000000, -35.00000000000000000, -1.592040838891559095E-15 ) ) ;
#3480 = CARTESIAN_POINT ( 'NONE',  ( 5.160562509537679254, -33.37501970071233615, -12.45870000000000211 ) ) ;
#3481 = CARTESIAN_POINT ( 'NONE',  ( 10.45870000000000033, -6.750019700712344140, -4.332135384791490296 ) ) ;
#3482 = ORIENTED_EDGE ( 'NONE', *, *, #5145, .T. ) ;
#3483 = CYLINDRICAL_SURFACE ( 'NONE', #2470, 12.98499999999999943 ) ;
#3484 = VECTOR ( 'NONE', #1030, 1000.000000000000000 ) ;
#3485 = CARTESIAN_POINT ( 'NONE',  ( 1.921232021736363210E-15, -3.312519700712343251, 10.45870000000000033 ) ) ;
#3486 = CARTESIAN_POINT ( 'NONE',  ( -8.809631254768838460, -33.68751970071234325, 8.809631254768842012 ) ) ;
#3487 = FACE_OUTER_BOUND ( 'NONE', #3937, .T. ) ;
#3488 = CARTESIAN_POINT ( 'NONE',  ( 24.78976073560513527, -304.0000000000000000, -10.26974988358772833 ) ) ;
#3489 = CARTESIAN_POINT ( 'NONE',  ( -10.45870000000000033, -3.375019700712343251, -4.332135384791489408 ) ) ;
#3490 = CARTESIAN_POINT ( 'NONE',  ( -5.160562509537681919, -33.62501970071234325, 12.45870000000000033 ) ) ;
#3491 = CARTESIAN_POINT ( 'NONE',  ( 4.514927829866770992, -3.370235026918963595, -10.89999999999996483 ) ) ;
#3492 = VECTOR ( 'NONE', #1158, 1000.000000000000114 ) ;
#3493 = ORIENTED_EDGE ( 'NONE', *, *, #454, .F. ) ;
#3494 = CARTESIAN_POINT ( 'NONE',  ( -4.514927829866705267, -7.629804374505723352, 10.90000000000003233 ) ) ;
#3495 = CIRCLE ( 'NONE', #2558, 10.90000000000000036 ) ;
#3496 = CARTESIAN_POINT ( 'NONE',  ( -4.332135384791490296, -2.750019700712343251, -10.45870000000000033 ) ) ;
#3497 = CARTESIAN_POINT ( 'NONE',  ( 4.556349186104045934, -6.312500000000002665, -11.00000000000000000 ) ) ;
#3498 = CARTESIAN_POINT ( 'NONE',  ( 10.90000000000000036, -0.3173043745057242404, -1.334865011070615048E-15 ) ) ;
#3499 = VERTEX_POINT ( 'NONE', #1236 ) ;
#3500 = CARTESIAN_POINT ( 'NONE',  ( -7.878347725694324843, -33.50000000000000000, -10.34548025163321050 ) ) ;
#3501 = EDGE_CURVE ( 'NONE', #1611, #5371, #4143, .T. ) ;
#3502 = CARTESIAN_POINT ( 'NONE',  ( -8.809631254768840236, -33.18751970071234325, -8.809631254768840236 ) ) ;
#3503 = CARTESIAN_POINT ( 'NONE',  ( 0.000000000000000000, -304.0000000000000568, 0.000000000000000000 ) ) ;
#3504 = CARTESIAN_POINT ( 'NONE',  ( 4.332135384791495625, -6.250019700712343251, 10.45870000000000033 ) ) ;
#3505 = EDGE_CURVE ( 'NONE', #3074, #3240, #4459, .T. ) ;
#3506 = EDGE_LOOP ( 'NONE', ( #3338, #1966, #342, #1643 ) ) ;
#3507 = CARTESIAN_POINT ( 'NONE',  ( -7.778174593052023411, -8.000039401424686503, -7.778174593052023411 ) ) ;
#3508 = CARTESIAN_POINT ( 'NONE',  ( 13.00000000000000000, -35.87503940142468650, -1.592040838891559095E-15 ) ) ;
#3509 = CARTESIAN_POINT ( 'NONE',  ( -5.384776310850238445, -34.31250000000000000, 12.99999999999999822 ) ) ;
#3510 = CARTESIAN_POINT ( 'NONE',  ( 9.181781553707322630, -39.13366025403784931, 9.181781553707319077 ) ) ;
#3511 = CARTESIAN_POINT ( 'NONE',  ( -10.45870000000000033, -8.312519700712345028, 0.000000000000000000 ) ) ;
#3512 = VERTEX_POINT ( 'NONE', #1591 ) ;
#3513 = CARTESIAN_POINT ( 'NONE',  ( -10.45870000000000033, -6.562519700712343251, 0.000000000000000000 ) ) ;
#3514 = CARTESIAN_POINT ( 'NONE',  ( 8.809631254768838460, -43.43751970071234325, -8.809631254768840236 ) ) ;
#3515 = CARTESIAN_POINT ( 'NONE',  ( -12.98499999999999943, -38.36637914738684429, 0.000000000000000000 ) ) ;
#3516 = CARTESIAN_POINT ( 'NONE',  ( 8.809631254768842012, -42.68751970071234325, 8.809631254768838460 ) ) ;
#3517 = CARTESIAN_POINT ( 'NONE',  ( -4.332135384791490296, -4.500019700712345028, -10.45870000000000033 ) ) ;
#3518 = CARTESIAN_POINT ( 'NONE',  ( 5.160562509537688136, -33.50001970071234325, 12.45869999999999855 ) ) ;
#3519 = CARTESIAN_POINT ( 'NONE',  ( -12.98499999999999766, -43.50866025403784221, 0.000000000000000000 ) ) ;
#3520 = FACE_OUTER_BOUND ( 'NONE', #1742, .T. ) ;
#3521 = ORIENTED_EDGE ( 'NONE', *, *, #3293, .F. ) ;
#3522 = CARTESIAN_POINT ( 'NONE',  ( 7.395417692395746201, -5.187519700712343251, 7.395417692395743536 ) ) ;
#3523 = CARTESIAN_POINT ( 'NONE',  ( 2.020667218593132706E-15, -6.750000000000000888, 11.00000000000000000 ) ) ;
#3524 = CARTESIAN_POINT ( 'NONE',  ( -10.45870000000000033, -3.625019700712343251, -4.332135384791489408 ) ) ;
#3525 = DIRECTION ( 'NONE',  ( -0.8660254037844371533, -0.5000000000000026645, -0.000000000000000000 ) ) ;
#3526 = CARTESIAN_POINT ( 'NONE',  ( -7.951019343464191642E-16, -42.75866025403784931, -12.98499999999999943 ) ) ;
#3527 = VERTEX_POINT ( 'NONE', #4217 ) ;
#3528 = CARTESIAN_POINT ( 'NONE',  ( 2.385305803039257098E-15, -38.11637914738683719, 12.98499999999999943 ) ) ;
#3529 = ADVANCED_FACE ( 'NONE', ( #1112 ), #3372, .T. ) ;
#3530 = CARTESIAN_POINT ( 'NONE',  ( 10.90000000000000213, -6.620235026918963150, 4.514927829866736353 ) ) ;
#3531 = CARTESIAN_POINT ( 'NONE',  ( -4.332135384791492072, -10.37501970071234680, 10.45870000000000033 ) ) ;
#3532 = ORIENTED_EDGE ( 'NONE', *, *, #3115, .T. ) ;
#3533 = CARTESIAN_POINT ( 'NONE',  ( -11.00000000000000000, -7.937539401424685614, -4.556349186104045934 ) ) ;
#3534 = CARTESIAN_POINT ( 'NONE',  ( 5.384776310850242886, -39.06253940142468650, 12.99999999999999645 ) ) ;
#3535 = ADVANCED_FACE ( 'NONE', ( #3455 ), #3483, .T. ) ;
#3536 = CARTESIAN_POINT ( 'NONE',  ( 9.192388155425119223, -34.12500000000000000, 9.192388155425115670 ) ) ;
#3537 = CARTESIAN_POINT ( 'NONE',  ( 12.45870000000000211, -37.62501970071233615, 5.160562509537678366 ) ) ;
#3538 = CARTESIAN_POINT ( 'NONE',  ( -4.332135384791490296, -8.500019700712343251, -10.45870000000000033 ) ) ;
#3539 = VERTEX_POINT ( 'NONE', #927 ) ;
#3540 = CARTESIAN_POINT ( 'NONE',  ( -10.45870000000000033, -4.625019700712344140, -4.332135384791489408 ) ) ;
#3541 = CARTESIAN_POINT ( 'NONE',  ( 7.707463914933369686, -9.442304374505724240, 7.707463914933366134 ) ) ;
#3542 = CARTESIAN_POINT ( 'NONE',  ( 2.288626061480569049E-15, -34.56251970071234325, 12.45870000000000033 ) ) ;
#3543 = CARTESIAN_POINT ( 'NONE',  ( 12.98499999999999943, -43.86637914738684429, -1.590203868692838131E-15 ) ) ;
#3544 = CARTESIAN_POINT ( 'NONE',  ( -10.45870000000000033, -5.250019700712345028, 4.332135384791498289 ) ) ;
#3545 = CARTESIAN_POINT ( 'NONE',  ( 2.288626061480569049E-15, -34.56251970071234325, 12.45870000000000033 ) ) ;
#3546 = CARTESIAN_POINT ( 'NONE',  ( 9.181781553707322630, -42.13366025403784931, 9.181781553707319077 ) ) ;
#3547 = CARTESIAN_POINT ( 'NONE',  ( 4.514927829866742570, -3.745235026918962706, 10.89999999999999858 ) ) ;
#3548 = CARTESIAN_POINT ( 'NONE',  ( -4.465680566947300534, 0.000000000000000000, -9.943223676151976775 ) ) ;
#3549 = LINE ( 'NONE', #738, #3128 ) ;
#3550 = ORIENTED_EDGE ( 'NONE', *, *, #1317, .F. ) ;
#3551 = CARTESIAN_POINT ( 'NONE',  ( 4.003536744931111002, 1.408874815470255307E-17, 9.662096005628718842 ) ) ;
#3552 = CARTESIAN_POINT ( 'NONE',  ( 5.160562509537688136, -37.50001970071233615, 12.45869999999999855 ) ) ;
#3553 = CARTESIAN_POINT ( 'NONE',  ( 4.332135384791488519, -4.875019700712345028, -10.45870000000000033 ) ) ;
#3554 = CARTESIAN_POINT ( 'NONE',  ( 11.00000000000000000, -7.437500000000001776, -4.556349186104045934 ) ) ;
#3555 = CARTESIAN_POINT ( 'NONE',  ( -4.332135384791492072, -4.375019700712344140, 10.45870000000000033 ) ) ;
#3556 = CARTESIAN_POINT ( 'NONE',  ( -0.1450056656794088128, -33.49999999999997158, 12.60953061444112144 ) ) ;
#3557 = CARTESIAN_POINT ( 'NONE',  ( 0.7116811473681080580, -33.50000000000000711, -12.78898285064355100 ) ) ;
#3558 = CARTESIAN_POINT ( 'NONE',  ( 9.662096005608745486, 8.148755823328019705E-13, -4.003536744979310669 ) ) ;
#3559 = CARTESIAN_POINT ( 'NONE',  ( 5.160562509537688136, -37.75001970071234325, 12.45869999999999855 ) ) ;
#3560 = DIRECTION ( 'NONE',  ( 0.000000000000000000, -1.000000000000000000, 0.000000000000000000 ) ) ;
#3561 = CARTESIAN_POINT ( 'NONE',  ( 0.000000000000000000, -57.50000000000000000, 12.98499999999999943 ) ) ;
#3562 = VERTEX_POINT ( 'NONE', #2235 ) ;
#3563 = CARTESIAN_POINT ( 'NONE',  ( -5.384776310850238445, -38.18753940142468650, 12.99999999999999822 ) ) ;
#3564 = CARTESIAN_POINT ( 'NONE',  ( 5.384776310850236669, -36.81249999999999289, -13.00000000000000000 ) ) ;
#3565 = CARTESIAN_POINT ( 'NONE',  ( 5.160562509537688136, -37.75001970071234325, 12.45869999999999855 ) ) ;
#3566 = CARTESIAN_POINT ( 'NONE',  ( -7.395417692395742648, -9.187519700712343251, 7.395417692395746201 ) ) ;
#3567 = ORIENTED_EDGE ( 'NONE', *, *, #2828, .F. ) ;
#3568 = EDGE_CURVE ( 'NONE', #4705, #4598, #5767, .T. ) ;
#3569 = CARTESIAN_POINT ( 'NONE',  ( 10.45870000000000033, -5.062519700712343251, -1.280821347824242272E-15 ) ) ;
#3570 = CARTESIAN_POINT ( 'NONE',  ( 8.809631254768842012, -33.43751970071234325, 8.809631254768838460 ) ) ;
#3571 = CARTESIAN_POINT ( 'NONE',  ( 0.000000000000000000, 0.3190539273024706191, 0.000000000000000000 ) ) ;
#3572 = CARTESIAN_POINT ( 'NONE',  ( 12.45870000000000211, -34.25001970071233615, -5.160562509537681031 ) ) ;
#3573 = CARTESIAN_POINT ( 'NONE',  ( 10.90000000000000036, -10.31730437450572424, -1.334865011070615048E-15 ) ) ;
#3574 = CARTESIAN_POINT ( 'NONE',  ( -7.951019343464190656E-16, -34.61637914738684429, -12.98499999999999943 ) ) ;
#3575 = CARTESIAN_POINT ( 'NONE',  ( -9.181781553707317300, -36.24137914738684429, 9.181781553707322630 ) ) ;
#3576 = DIRECTION ( 'NONE',  ( 0.000000000000000000, 1.000000000000000000, 0.000000000000000000 ) ) ;
#3577 = AXIS2_PLACEMENT_3D ( 'NONE', #2566, #4740, #796 ) ;
#3578 = VERTEX_POINT ( 'NONE', #4533 ) ;
#3579 = DIRECTION ( 'NONE',  ( 0.000000000000000000, 1.000000000000000000, 0.000000000000000000 ) ) ;
#3580 = CARTESIAN_POINT ( 'NONE',  ( -7.628753538268564813E-16, -36.06251970071234325, -12.45870000000000033 ) ) ;
#3581 = CARTESIAN_POINT ( 'NONE',  ( -7.395417692395742648, -3.437519700712343251, 7.395417692395746201 ) ) ;
#3582 = VECTOR ( 'NONE', #2378, 1000.000000000000000 ) ;
#3583 = CARTESIAN_POINT ( 'NONE',  ( 11.00000000000000355, -5.562500000000002665, 4.556349186104045046 ) ) ;
#3584 = CARTESIAN_POINT ( 'NONE',  ( 4.332135384791488519, -2.875019700712343695, -10.45870000000000033 ) ) ;
#3585 = CARTESIAN_POINT ( 'NONE',  ( -12.88581274375295216, -33.49999999999998579, 1.746934999085236750 ) ) ;
#3586 = CARTESIAN_POINT ( 'NONE',  ( 10.18654505646759745, -4.226624446410766229E-17, -2.737836589766600603 ) ) ;
#3587 = CARTESIAN_POINT ( 'NONE',  ( -10.90000000000000036, -4.120235026918962262, -4.514927829866737241 ) ) ;
#3588 = AXIS2_PLACEMENT_3D ( 'NONE', #4257, #1605, #5139 ) ;
#3589 = CARTESIAN_POINT ( 'NONE',  ( -5.160562509537681919, -39.87501970071233615, 12.45870000000000033 ) ) ;
#3590 = CYLINDRICAL_SURFACE ( 'NONE', #20, 10.90000000000000036 ) ;
#3591 =( BOUNDED_SURFACE ( )  B_SPLINE_SURFACE ( 1, 2, ( 
 ( #3462, #1794, #5238, #1293, #869, #5296, #5651, #788, #1683, #2672, #5211, #3518, #4443, #3490, #3032, #2583, #2147, #3913, #1263, #441, #4008, #3061, #1765, #3572, #5326, #4818, #5709, #815, #3545, #2611, #4384, #373, #2175, #3946, #5269, #3088, #4844, #2241, #840, #1323, #1357, #3143, #4902, #3605, #5452, #64, #494, #2820, #2357, #2267, #4037, #3174, #994, #2796, #5356, #95, #4474, #4125, #5044, #1486, #2388, #1915, #1854, #2702, #1387, #4067, #4156, #154, #965, #581, #4928, #3698, #2327, #123, #5475, #2766, #1944, #932, #3266, #5016, #1826, #1023, #554, #3292, #524, #466, #4584, #4537, #4561, #2732, #3724, #1508, #4503, #1883, #33, #2298, #3636, #5386, #1420, #3203, #4958, #4094, #3666, #5418, #1456, #3237, #4990, #4719, #1535, #253, #664, #2489, #3854, #5095, #2515, #5501, #1615, #2051, #178, #694, #4695, #1649, #4664, #3423, #5580, #1107, #2937, #4240, #284, #1587, #201, #2083, #1055, #1166, #2001, #2856, #1080, #3317, #2416, #2440, #5070, #609, #5614, #4614, #3341, #4640, #2881, #4212, #4263, #5119, #2464, #3825, #4292, #3396, #4185, #1970, #635, #3744, #3774, #5528, #5148, #1563, #2911, #226, #2031, #3798, #5553, #3366, #1135, #2967, #721, #396, #4750, #1675, #1785, #5733, #4323 ),
 ( #5176, #3104, #750, #1222, #2111, #4375, #5641, #2630, #1730, #3880, #339, #2136, #779, #2575, #1194, #1255, #5668, #2995, #1758, #1283, #4404, #4348, #3451, #4436, #4864, #2600, #3536, #3905, #2200, #3509, #1700, #313, #3971, #860, #5202, #5287, #2544, #3022, #2664, #5260, #3479, #1312, #365, #4781, #5229, #3052, #4810, #804, #2164, #3934, #431, #3078, #4837, #831, #2231, #5698, #4000, #5762, #5347, #459, #2839, #4029, #1075, #169, #2261, #4495, #487, #4922, #923, #3564, #5380, #4059, #220, #4203, #5492, #2873, #2722, #25, #2899, #3332, #1040, #1988, #2288, #4633, #1961, #58, #2695, #2430, #5086, #1848, #1819, #625, #3282, #2456, #5062, #890, #3628, #4466, #4605, #5033, #4657, #601, #3739, #2404, #3597, #5315, #4173, #1380, #194, #1412, #5518, #4894, #3167, #1098, #1527, #3311, #3762, #654, #1555, #4231, #1346, #3136, #1695, #5544, #2532, #5193, #4712, #4682, #5111, #4800, #766, #2590, #2128, #795, #3416, #2563, #2986, #273, #3842, #3472, #5219, #2070, #1242, #4766, #1212, #5597, #3042, #4339, #1156, #3791, #5166, #5631, #3898, #4738, #4308, #1578, #2927, #2022, #4365, #2045, #3385, #1637, #245, #329, #1183, #3355, #3441, #1125, #737, #685, #303, #2100, #2483, #3871, #1665, #3013, #3816 ) ),
 .UNSPECIFIED., .F., .F., .T. ) 
 B_SPLINE_SURFACE_WITH_KNOTS ( ( 2, 2 ),
 ( 3, 2, 2, 2, 2, 2, 2, 2, 2, 2, 2, 2, 2, 2, 2, 2, 2, 2, 2, 2, 2, 2, 2, 2, 2, 2, 2, 2, 2, 2, 2, 2, 2, 2, 2, 2, 2, 2, 2, 2, 2, 2, 2, 2, 2, 2, 2, 2, 2, 2, 2, 2, 2, 2, 2, 2, 2, 2, 2, 2, 2, 2, 2, 2, 2, 2, 2, 2, 2, 2, 2, 2, 2, 2, 2, 2, 2, 2, 2, 2, 2, 2, 2, 2, 2, 2, 2, 2, 3 ),
 ( 0.000000000000000000, 1.000000000000000000 ),
 ( 0.000000000000000000, 0.01136363636363636395, 0.02272727272727272790, 0.03409090909090908839, 0.04545454545454545581, 0.05681818181818181629, 0.06818181818181817677, 0.07954545454545454419, 0.09090909090909091161, 0.1022727272727272790, 0.1136363636363636326, 0.1250000000000000000, 0.1363636363636363535, 0.1477272727272727348, 0.1590909090909090884, 0.1704545454545454419, 0.1818181818181818232, 0.1931818181818181768, 0.2045454545454545581, 0.2159090909090909116, 0.2272727272727272652, 0.2386363636363636465, 0.2500000000000000000, 0.2613636363636363535, 0.2727272727272727071, 0.2840909090909091161, 0.2954545454545454697, 0.3068181818181818232, 0.3181818181818181768, 0.3295454545454545303, 0.3409090909090908839, 0.3522727272727272929, 0.3636363636363636465, 0.3750000000000000000, 0.3863636363636363535, 0.3977272727272727071, 0.4090909090909091161, 0.4204545454545454697, 0.4318181818181818232, 0.4431818181818181768, 0.4545454545454545303, 0.4659090909090908839, 0.4772727272727272929, 0.4886363636363636465, 0.5000000000000000000, 0.5113636363636363535, 0.5227272727272727071, 0.5340909090909090606, 0.5454545454545454142, 0.5568181818181817677, 0.5681818181818182323, 0.5795454545454545858, 0.5909090909090909394, 0.6022727272727272929, 0.6136363636363636465, 0.6250000000000000000, 0.6363636363636363535, 0.6477272727272727071, 0.6590909090909090606, 0.6704545454545454142, 0.6818181818181817677, 0.6931818181818182323, 0.7045454545454545858, 0.7159090909090909394, 0.7272727272727272929, 0.7386363636363636465, 0.7500000000000000000, 0.7613636363636363535, 0.7727272727272727071, 0.7840909090909090606, 0.7954545454545454142, 0.8068181818181817677, 0.8181818181818182323, 0.8295454545454545858, 0.8409090909090909394, 0.8522727272727272929, 0.8636363636363636465, 0.8750000000000000000, 0.8863636363636363535, 0.8977272727272727071, 0.9090909090909090606, 0.9204545454545454142, 0.9318181818181817677, 0.9431818181818182323, 0.9545454545454545858, 0.9659090909090909394, 0.9772727272727272929, 0.9886363636363636465, 1.000000000000000000 ),
 .UNSPECIFIED. ) 
 GEOMETRIC_REPRESENTATION_ITEM ( )  RATIONAL_B_SPLINE_SURFACE ( (
 ( 1.000000000000000000, 0.9238795325112867385, 1.000000000000000000, 0.9238795325112867385, 1.000000000000000000, 0.9238795325112867385, 1.000000000000000000, 0.9238795325112867385, 1.000000000000000000, 0.9238795325112867385, 1.000000000000000000, 0.9238795325112867385, 1.000000000000000000, 0.9238795325112867385, 1.000000000000000000, 0.9238795325112867385, 1.000000000000000000, 0.9238795325112867385, 1.000000000000000000, 0.9238795325112867385, 1.000000000000000000, 0.9238795325112867385, 1.000000000000000000, 0.9238795325112867385, 1.000000000000000000, 0.9238795325112867385, 1.000000000000000000, 0.9238795325112867385, 1.000000000000000000, 0.9238795325112867385, 1.000000000000000000, 0.9238795325112867385, 1.000000000000000000, 0.9238795325112867385, 1.000000000000000000, 0.9238795325112867385, 1.000000000000000000, 0.9238795325112867385, 1.000000000000000000, 0.9238795325112867385, 1.000000000000000000, 0.9238795325112867385, 1.000000000000000000, 0.9238795325112867385, 1.000000000000000000, 0.9238795325112867385, 1.000000000000000000, 0.9238795325112867385, 1.000000000000000000, 0.9238795325112867385, 1.000000000000000000, 0.9238795325112867385, 1.000000000000000000, 0.9238795325112867385, 1.000000000000000000, 0.9238795325112867385, 1.000000000000000000, 0.9238795325112867385, 1.000000000000000000, 0.9238795325112867385, 1.000000000000000000, 0.9238795325112867385, 1.000000000000000000, 0.9238795325112867385, 1.000000000000000000, 0.9238795325112867385, 1.000000000000000000, 0.9238795325112867385, 1.000000000000000000, 0.9238795325112867385, 1.000000000000000000, 0.9238795325112867385, 1.000000000000000000, 0.9238795325112867385, 1.000000000000000000, 0.9238795325112867385, 1.000000000000000000, 0.9238795325112867385, 1.000000000000000000, 0.9238795325112867385, 1.000000000000000000, 0.9238795325112867385, 1.000000000000000000, 0.9238795325112867385, 1.000000000000000000, 0.9238795325112867385, 1.000000000000000000, 0.9238795325112867385, 1.000000000000000000, 0.9238795325112867385, 1.000000000000000000, 0.9238795325112867385, 1.000000000000000000, 0.9238795325112867385, 1.000000000000000000, 0.9238795325112867385, 1.000000000000000000, 0.9238795325112867385, 1.000000000000000000, 0.9238795325112867385, 1.000000000000000000, 0.9238795325112867385, 1.000000000000000000, 0.9238795325112867385, 1.000000000000000000, 0.9238795325112867385, 1.000000000000000000, 0.9238795325112867385, 1.000000000000000000, 0.9238795325112867385, 1.000000000000000000, 0.9238795325112867385, 1.000000000000000000, 0.9238795325112867385, 1.000000000000000000, 0.9238795325112867385, 1.000000000000000000, 0.9238795325112867385, 1.000000000000000000, 0.9238795325112867385, 1.000000000000000000, 0.9238795325112867385, 1.000000000000000000, 0.9238795325112867385, 1.000000000000000000, 0.9238795325112867385, 1.000000000000000000, 0.9238795325112867385, 1.000000000000000000, 0.9238795325112867385, 1.000000000000000000, 0.9238795325112867385, 1.000000000000000000, 0.9238795325112867385, 1.000000000000000000, 0.9238795325112867385, 1.000000000000000000, 0.9238795325112867385, 1.000000000000000000, 0.9238795325112867385, 1.000000000000000000, 0.9238795325112867385, 1.000000000000000000, 0.9238795325112867385, 1.000000000000000000, 0.9238795325112867385, 1.000000000000000000, 0.9238795325112867385, 1.000000000000000000, 0.9238795325112867385, 1.000000000000000000, 0.9238795325112867385, 1.000000000000000000, 0.9238795325112867385, 1.000000000000000000, 0.9238795325112867385, 1.000000000000000000, 0.9238795325112867385, 1.000000000000000000, 0.9238795325112867385, 1.000000000000000000, 0.9238795325112867385, 1.000000000000000000, 0.9238795325112867385, 1.000000000000000000, 0.9238795325112867385, 1.000000000000000000, 0.9238795325112867385, 1.000000000000000000, 0.9238795325112867385, 1.000000000000000000, 0.9238795325112867385, 1.000000000000000000, 0.9238795325112867385, 1.000000000000000000, 0.9238795325112867385, 1.000000000000000000),
 ( 1.000000000000000000, 0.9238795325112867385, 1.000000000000000000, 0.9238795325112867385, 1.000000000000000000, 0.9238795325112867385, 1.000000000000000000, 0.9238795325112867385, 1.000000000000000000, 0.9238795325112867385, 1.000000000000000000, 0.9238795325112867385, 1.000000000000000000, 0.9238795325112867385, 1.000000000000000000, 0.9238795325112867385, 1.000000000000000000, 0.9238795325112867385, 1.000000000000000000, 0.9238795325112867385, 1.000000000000000000, 0.9238795325112867385, 1.000000000000000000, 0.9238795325112867385, 1.000000000000000000, 0.9238795325112867385, 1.000000000000000000, 0.9238795325112867385, 1.000000000000000000, 0.9238795325112867385, 1.000000000000000000, 0.9238795325112867385, 1.000000000000000000, 0.9238795325112867385, 1.000000000000000000, 0.9238795325112867385, 1.000000000000000000, 0.9238795325112867385, 1.000000000000000000, 0.9238795325112867385, 1.000000000000000000, 0.9238795325112867385, 1.000000000000000000, 0.9238795325112867385, 1.000000000000000000, 0.9238795325112867385, 1.000000000000000000, 0.9238795325112867385, 1.000000000000000000, 0.9238795325112867385, 1.000000000000000000, 0.9238795325112867385, 1.000000000000000000, 0.9238795325112867385, 1.000000000000000000, 0.9238795325112867385, 1.000000000000000000, 0.9238795325112867385, 1.000000000000000000, 0.9238795325112867385, 1.000000000000000000, 0.9238795325112867385, 1.000000000000000000, 0.9238795325112867385, 1.000000000000000000, 0.9238795325112867385, 1.000000000000000000, 0.9238795325112867385, 1.000000000000000000, 0.9238795325112867385, 1.000000000000000000, 0.9238795325112867385, 1.000000000000000000, 0.9238795325112867385, 1.000000000000000000, 0.9238795325112867385, 1.000000000000000000, 0.9238795325112867385, 1.000000000000000000, 0.9238795325112867385, 1.000000000000000000, 0.9238795325112867385, 1.000000000000000000, 0.9238795325112867385, 1.000000000000000000, 0.9238795325112867385, 1.000000000000000000, 0.9238795325112867385, 1.000000000000000000, 0.9238795325112867385, 1.000000000000000000, 0.9238795325112867385, 1.000000000000000000, 0.9238795325112867385, 1.000000000000000000, 0.9238795325112867385, 1.000000000000000000, 0.9238795325112867385, 1.000000000000000000, 0.9238795325112867385, 1.000000000000000000, 0.9238795325112867385, 1.000000000000000000, 0.9238795325112867385, 1.000000000000000000, 0.9238795325112867385, 1.000000000000000000, 0.9238795325112867385, 1.000000000000000000, 0.9238795325112867385, 1.000000000000000000, 0.9238795325112867385, 1.000000000000000000, 0.9238795325112867385, 1.000000000000000000, 0.9238795325112867385, 1.000000000000000000, 0.9238795325112867385, 1.000000000000000000, 0.9238795325112867385, 1.000000000000000000, 0.9238795325112867385, 1.000000000000000000, 0.9238795325112867385, 1.000000000000000000, 0.9238795325112867385, 1.000000000000000000, 0.9238795325112867385, 1.000000000000000000, 0.9238795325112867385, 1.000000000000000000, 0.9238795325112867385, 1.000000000000000000, 0.9238795325112867385, 1.000000000000000000, 0.9238795325112867385, 1.000000000000000000, 0.9238795325112867385, 1.000000000000000000, 0.9238795325112867385, 1.000000000000000000, 0.9238795325112867385, 1.000000000000000000, 0.9238795325112867385, 1.000000000000000000, 0.9238795325112867385, 1.000000000000000000, 0.9238795325112867385, 1.000000000000000000, 0.9238795325112867385, 1.000000000000000000, 0.9238795325112867385, 1.000000000000000000, 0.9238795325112867385, 1.000000000000000000, 0.9238795325112867385, 1.000000000000000000, 0.9238795325112867385, 1.000000000000000000, 0.9238795325112867385, 1.000000000000000000, 0.9238795325112867385, 1.000000000000000000, 0.9238795325112867385, 1.000000000000000000, 0.9238795325112867385, 1.000000000000000000, 0.9238795325112867385, 1.000000000000000000, 0.9238795325112867385, 1.000000000000000000, 0.9238795325112867385, 1.000000000000000000, 0.9238795325112867385, 1.000000000000000000, 0.9238795325112867385, 1.000000000000000000) ) ) 
 REPRESENTATION_ITEM ( '' )  SURFACE ( )  );
#3592 = CARTESIAN_POINT ( 'NONE',  ( 2.288626061480569049E-15, -36.81251970071233615, 12.45870000000000033 ) ) ;
#3593 = CARTESIAN_POINT ( 'NONE',  ( 9.907509958056973431, -33.50000000000001421, 7.597535951557916611 ) ) ;
#3594 = CARTESIAN_POINT ( 'NONE',  ( 2.020667218593132706E-15, -9.625039401424684726, 11.00000000000000000 ) ) ;
#3595 = DIRECTION ( 'NONE',  ( 0.000000000000000000, 0.000000000000000000, 1.000000000000000000 ) ) ;
#3596 = CARTESIAN_POINT ( 'NONE',  ( -6.735557395310442023E-16, -3.125039401424686503, -11.00000000000000000 ) ) ;
#3597 = CARTESIAN_POINT ( 'NONE',  ( 13.00000000000000000, -39.00000000000000000, -1.592040838891559095E-15 ) ) ;
#3598 = CARTESIAN_POINT ( 'NONE',  ( 2.288626061480569049E-15, -36.81251970071233615, 12.45870000000000033 ) ) ;
#3599 = DIRECTION ( 'NONE',  ( 0.000000000000000000, 1.000000000000000000, 0.000000000000000000 ) ) ;
#3600 = EDGE_LOOP ( 'NONE', ( #3892, #1189, #2154, #316 ) ) ;
#3601 = DIRECTION ( 'NONE',  ( 0.000000000000000000, 1.000000000000000000, 0.000000000000000000 ) ) ;
#3602 = CARTESIAN_POINT ( 'NONE',  ( -10.45870000000000033, -8.562519700712345028, 0.000000000000000000 ) ) ;
#3603 = CARTESIAN_POINT ( 'NONE',  ( -7.628753538268564813E-16, -35.06251970071234325, -12.45870000000000033 ) ) ;
#3604 = CARTESIAN_POINT ( 'NONE',  ( 9.192388155425115670, -39.75003940142468650, -9.192388155425117446 ) ) ;
#3605 = CARTESIAN_POINT ( 'NONE',  ( 5.160562509537688136, -35.50001970071234325, 12.45869999999999855 ) ) ;
#3606 = EDGE_CURVE ( 'NONE', #528, #4509, #2791, .T. ) ;
#3607 = CARTESIAN_POINT ( 'NONE',  ( 12.98500000000000298, -42.92887914738684429, 5.378563107414636946 ) ) ;
#3608 = CARTESIAN_POINT ( 'NONE',  ( 7.707463914933369686, -8.442304374505724240, 7.707463914933366134 ) ) ;
#3609 = ORIENTED_EDGE ( 'NONE', *, *, #1790, .T. ) ;
#3610 = CARTESIAN_POINT ( 'NONE',  ( -10.45870000000000033, -6.250019700712344140, 4.332135384791498289 ) ) ;
#3611 = CARTESIAN_POINT ( 'NONE',  ( 12.98500000000000298, -34.07116025403784931, 5.378563107414636946 ) ) ;
#3612 = CARTESIAN_POINT ( 'NONE',  ( 12.45870000000000033, -37.31251970071233615, -1.525750707653712963E-15 ) ) ;
#3613 = CARTESIAN_POINT ( 'NONE',  ( -10.45870000000000033, -3.625019700712343251, -4.332135384791489408 ) ) ;
#3614 = DIRECTION ( 'NONE',  ( 0.000000000000000000, 1.000000000000000000, 0.000000000000000000 ) ) ;
#3615 = EDGE_CURVE ( 'NONE', #1182, #3747, #3775, .T. ) ;
#3616 = CARTESIAN_POINT ( 'NONE',  ( -10.45870000000000033, -5.562519700712343251, 0.000000000000000000 ) ) ;
#3617 = CARTESIAN_POINT ( 'NONE',  ( -2.164332277592133202, -33.49999999999997158, 12.46717862004094535 ) ) ;
#3618 = DIRECTION ( 'NONE',  ( 0.000000000000000000, -0.000000000000000000, 1.000000000000000000 ) ) ;
#3619 = CARTESIAN_POINT ( 'NONE',  ( 9.797174393178825657E-16, 0.000000000000000000, 8.000000000000000000 ) ) ;
#3620 = FACE_OUTER_BOUND ( 'NONE', #399, .T. ) ;
#3621 = CARTESIAN_POINT ( 'NONE',  ( 12.45870000000000211, -36.50001970071235036, -5.160562509537681031 ) ) ;
#3622 = CARTESIAN_POINT ( 'NONE',  ( -5.378563107414723099, -35.32116025403784931, 12.98499999999991594 ) ) ;
#3623 = CARTESIAN_POINT ( 'NONE',  ( -5.160562509537682807, -37.87501970071233615, 12.45870000000000033 ) ) ;
#3624 = CARTESIAN_POINT ( 'NONE',  ( 10.81154301146806240, -33.50000000000002132, 6.244344946861056123 ) ) ;
#3625 = CARTESIAN_POINT ( 'NONE',  ( 7.778174593052023411, -9.500039401424684726, 7.778174593052021635 ) ) ;
#3626 =( BOUNDED_CURVE ( )  B_SPLINE_CURVE ( 2, ( #2980, #1574, #5590, #2449, #4302, #5212, #3432, #3891, #3866 ),
 .UNSPECIFIED., .F., .T. ) 
 B_SPLINE_CURVE_WITH_KNOTS ( ( 3, 2, 2, 2, 3 ),
 ( 0.1590909090909092272, 0.1704545454545457472, 0.1818181818181822951, 0.1931818181818188151, 0.2045454545454553630 ),
 .UNSPECIFIED. ) 
 CURVE ( )  GEOMETRIC_REPRESENTATION_ITEM ( )  RATIONAL_B_SPLINE_CURVE ( ( 0.9999999999999991118, 0.9238795325112876267, 1.000000000000000000, 0.9238795325112867385, 1.000000000000000000, 0.9238795325112867385, 1.000000000000000000, 0.9238795325112812984, 1.000000000000005329 ) ) 
 REPRESENTATION_ITEM ( '' )  );
#3627 = CARTESIAN_POINT ( 'NONE',  ( -7.951019343464190656E-16, -33.61637914738683719, -12.98499999999999943 ) ) ;
#3628 = CARTESIAN_POINT ( 'NONE',  ( -13.00000000000000000, -38.50000000000000000, 0.000000000000000000 ) ) ;
#3629 = FACE_OUTER_BOUND ( 'NONE', #1947, .T. ) ;
#3630 = CARTESIAN_POINT ( 'NONE',  ( 8.809631254768838460, -36.43751970071234325, -8.809631254768840236 ) ) ;
#3631 = CARTESIAN_POINT ( 'NONE',  ( 0.000000000000000000, -33.50000000000000000, 0.000000000000000000 ) ) ;
#3632 = CARTESIAN_POINT ( 'NONE',  ( 0.000000000000000000, -57.50000000000000000, 0.000000000000000000 ) ) ;
#3633 = CARTESIAN_POINT ( 'NONE',  ( -8.809631254768838460, -35.68751970071234325, 8.809631254768842012 ) ) ;
#3634 = LINE ( 'NONE', #963, #2929 ) ;
#3635 = CARTESIAN_POINT ( 'NONE',  ( 13.00000000000000000, -39.87503940142468650, -1.592040838891559095E-15 ) ) ;
#3636 = CARTESIAN_POINT ( 'NONE',  ( -12.45870000000000033, -38.81251970071233615, 0.000000000000000000 ) ) ;
#3637 = CARTESIAN_POINT ( 'NONE',  ( 4.514927829866736353, -7.129804374505726017, -10.90000000000000036 ) ) ;
#3638 = CARTESIAN_POINT ( 'NONE',  ( 0.000000000000000000, -258.8000000000000114, 0.000000000000000000 ) ) ;
#3639 = COORDINATED_UNIVERSAL_TIME_OFFSET ( 1, 0, .AHEAD. ) ;
#3640 = ORIENTED_EDGE ( 'NONE', *, *, #4562, .F. ) ;
#3641 = CARTESIAN_POINT ( 'NONE',  ( 1.921232021736363210E-15, -6.062519700712344140, 10.45870000000000033 ) ) ;
#3642 = CARTESIAN_POINT ( 'NONE',  ( 2.385305803039257098E-15, -37.25866025403783510, 12.98499999999999943 ) ) ;
#3643 = CARTESIAN_POINT ( 'NONE',  ( 2.288626061480569049E-15, -36.56251970071233615, 12.45870000000000033 ) ) ;
#3644 = CARTESIAN_POINT ( 'NONE',  ( 10.45870000000000033, -7.000019700712343251, -4.332135384791490296 ) ) ;
#3645 = CARTESIAN_POINT ( 'NONE',  ( -11.00000000000000000, -8.062500000000000000, -4.556349186104045934 ) ) ;
#3646 = CARTESIAN_POINT ( 'NONE',  ( 12.45870000000000211, -42.25001970071235036, -5.160562509537681031 ) ) ;
#3647 = DIRECTION ( 'NONE',  ( 0.000000000000000000, -1.000000000000000000, 0.000000000000000000 ) ) ;
#3648 = FACE_OUTER_BOUND ( 'NONE', #3769, .T. ) ;
#3649 = DIRECTION ( 'NONE',  ( 0.000000000000000000, 1.000000000000000000, 0.000000000000000000 ) ) ;
#3650 = ADVANCED_FACE ( 'NONE', ( #175 ), #5499, .T. ) ;
#3651 = CARTESIAN_POINT ( 'NONE',  ( 12.45870000000000033, -38.56251970071233615, -1.525750707653712963E-15 ) ) ;
#3652 = CARTESIAN_POINT ( 'NONE',  ( -12.45870000000000033, -34.81251970071234325, 0.000000000000000000 ) ) ;
#3653 = CARTESIAN_POINT ( 'NONE',  ( -7.395417692395742648, -7.187519700712344140, 7.395417692395746201 ) ) ;
#3654 = CARTESIAN_POINT ( 'NONE',  ( -8.809631254768840236, -35.18751970071234325, -8.809631254768840236 ) ) ;
#3655 = CARTESIAN_POINT ( 'NONE',  ( 4.769126492209386114, -33.50000000000000000, 11.50976273392751636 ) ) ;
#3656 = CARTESIAN_POINT ( 'NONE',  ( 4.332135384791488519, -0.8750197007123435844, -10.45870000000000033 ) ) ;
#3657 = CARTESIAN_POINT ( 'NONE',  ( 10.45870000000000211, -10.12501970071234503, 4.332135384791487631 ) ) ;
#3658 = CARTESIAN_POINT ( 'NONE',  ( 4.556349186104045934, -2.187539401424685614, -11.00000000000000000 ) ) ;
#3659 = CARTESIAN_POINT ( 'NONE',  ( -7.628753538268564813E-16, -35.31251970071234325, -12.45870000000000033 ) ) ;
#3660 = CARTESIAN_POINT ( 'NONE',  ( -6.674325055353075238E-16, -4.067304374505724240, -10.90000000000000036 ) ) ;
#3661 = VERTEX_POINT ( 'NONE', #3932 ) ;
#3662 = CARTESIAN_POINT ( 'NONE',  ( 0.000000000000000000, -57.50000000000000000, 0.000000000000000000 ) ) ;
#3663 = CARTESIAN_POINT ( 'NONE',  ( 8.809631254768842012, -36.43751970071234325, 8.809631254768838460 ) ) ;
#3664 = CARTESIAN_POINT ( 'NONE',  ( -12.96408980240277486, -33.50000000000000000, 0.7366142784636214857 ) ) ;
#3665 = CARTESIAN_POINT ( 'NONE',  ( 9.192388155425119223, -40.00003940142468650, 9.192388155425115670 ) ) ;
#3666 = CARTESIAN_POINT ( 'NONE',  ( 8.809631254768838460, -39.18751970071233615, -8.809631254768840236 ) ) ;
#3667 = DIRECTION ( 'NONE',  ( 0.000000000000000000, 1.000000000000000000, 0.000000000000000000 ) ) ;
#3668 = VERTEX_POINT ( 'NONE', #719 ) ;
#3669 = CALENDAR_DATE ( 2026, 6, 10 ) ;
#3670 = ORIENTED_EDGE ( 'NONE', *, *, #4840, .F. ) ;
#3671 = CIRCLE ( 'NONE', #2082, 12.00000000000000178 ) ;
#3672 = CARTESIAN_POINT ( 'NONE',  ( -4.332135384791490296, -7.500019700712344140, -10.45870000000000033 ) ) ;
#3673 = FACE_OUTER_BOUND ( 'NONE', #61, .T. ) ;
#3674 = CARTESIAN_POINT ( 'NONE',  ( 8.809631254768838460, -37.18751970071233615, -8.809631254768840236 ) ) ;
#3675 = CARTESIAN_POINT ( 'NONE',  ( -4.332135384791490296, -7.750019700712343251, -10.45870000000000033 ) ) ;
#3676 = CARTESIAN_POINT ( 'NONE',  ( -7.778174593052023411, -9.125000000000001776, -7.778174593052023411 ) ) ;
#3677 = CARTESIAN_POINT ( 'NONE',  ( 8.809631254768842012, -43.43751970071234325, 8.809631254768838460 ) ) ;
#3678 = CYLINDRICAL_SURFACE ( 'NONE', #5232, 12.98499999999999943 ) ;
#3679 = AXIS2_PLACEMENT_3D ( 'NONE', #1326, #4445, #4506 ) ;
#3680 = DIRECTION ( 'NONE',  ( 0.000000000000000000, 1.000000000000000000, 0.000000000000000000 ) ) ;
#3681 = CIRCLE ( 'NONE', #5697, 8.000000000000000000 ) ;
#3682 = CARTESIAN_POINT ( 'NONE',  ( -10.90000000000000036, -9.120235026918962262, -4.514927829866737241 ) ) ;
#3683 = CARTESIAN_POINT ( 'NONE',  ( -5.160562509537681919, -37.87501970071233615, 12.45870000000000033 ) ) ;
#3684 = LINE ( 'NONE', #1958, #4861 ) ;
#3685 = CARTESIAN_POINT ( 'NONE',  ( -7.395417692395742648, -9.187519700712343251, 7.395417692395746201 ) ) ;
#3686 = EDGE_CURVE ( 'NONE', #4050, #1997, #1799, .T. ) ;
#3687 = CARTESIAN_POINT ( 'NONE',  ( 5.160562509537679254, -38.37501970071233615, -12.45870000000000388 ) ) ;
#3688 = CARTESIAN_POINT ( 'NONE',  ( 11.00000000000000000, -10.31253940142468473, -4.556349186104045934 ) ) ;
#3689 = CYLINDRICAL_SURFACE ( 'NONE', #952, 12.75000000000000000 ) ;
#3690 = AXIS2_PLACEMENT_3D ( 'NONE', #1104, #4206, #631 ) ;
#3691 = CARTESIAN_POINT ( 'NONE',  ( -10.99999999999999822, -0.8125394014246859475, 4.556349186104052151 ) ) ;
#3692 = FACE_BOUND ( 'NONE', #392, .T. ) ;
#3693 = LINE ( 'NONE', #959, #771 ) ;
#3694 = ORIENTED_EDGE ( 'NONE', *, *, #630, .T. ) ;
#3695 = CARTESIAN_POINT ( 'NONE',  ( 12.98499999999999943, -33.80387914738684429, -5.378563107414641387 ) ) ;
#3696 = CARTESIAN_POINT ( 'NONE',  ( 5.160562509537679254, -36.12501970071233615, -12.45870000000000211 ) ) ;
#3697 = CARTESIAN_POINT ( 'NONE',  ( -13.00000000000000000, -40.37503940142468650, 0.000000000000000000 ) ) ;
#3698 = CARTESIAN_POINT ( 'NONE',  ( 12.45870000000000211, -37.25001970071234325, -5.160562509537681031 ) ) ;
#3699 = CARTESIAN_POINT ( 'NONE',  ( 7.707463914933369686, -7.682735026918963150, 7.707463914933367022 ) ) ;
#3700 = LINE ( 'NONE', #3176, #133 ) ;
#3701 = VERTEX_POINT ( 'NONE', #1377 ) ;
#3702 = CARTESIAN_POINT ( 'NONE',  ( -10.90000000000000036, -5.817304374505724240, 0.000000000000000000 ) ) ;
#3703 = CARTESIAN_POINT ( 'NONE',  ( -10.45870000000000033, -8.250019700712345028, 4.332135384791498289 ) ) ;
#3704 = DIRECTION ( 'NONE',  ( 0.000000000000000000, 1.000000000000000000, 0.000000000000000000 ) ) ;
#3705 = CARTESIAN_POINT ( 'NONE',  ( 12.45870000000000033, -39.31251970071233615, -1.525750707653712963E-15 ) ) ;
#3706 = CARTESIAN_POINT ( 'NONE',  ( -4.332135384791492072, -9.375019700712345028, 10.45870000000000033 ) ) ;
#3707 = CARTESIAN_POINT ( 'NONE',  ( -4.514927829866739017, -9.629804374505724240, 10.89999999999999858 ) ) ;
#3708 = CARTESIAN_POINT ( 'NONE',  ( -12.45869999999999855, -43.75001970071235746, 5.160562509537689024 ) ) ;
#3709 = CARTESIAN_POINT ( 'NONE',  ( 1.590203868692838131E-15, -57.50000000000000000, -12.98499999999999943 ) ) ;
#3710 = CARTESIAN_POINT ( 'NONE',  ( -9.181781553707320853, -35.49137914738685140, -9.181781553707320853 ) ) ;
#3711 = CARTESIAN_POINT ( 'NONE',  ( -12.45869999999999855, -40.00001970071234325, 5.160562509537689024 ) ) ;
#3712 = CARTESIAN_POINT ( 'NONE',  ( -12.45870000000000388, -34.87501970071234325, -5.160562509537680143 ) ) ;
#3713 = CARTESIAN_POINT ( 'NONE',  ( -4.556349186104045934, 0.8124999999999992228, -11.00000000000000000 ) ) ;
#3714 = CARTESIAN_POINT ( 'NONE',  ( 5.160562509537688136, -35.75001970071234325, 12.45869999999999855 ) ) ;
#3715 = EDGE_CURVE ( 'NONE', #3527, #4813, #4868, .T. ) ;
#3716 = CARTESIAN_POINT ( 'NONE',  ( -13.00000000000000000, -43.43753940142468650, -5.384776310850237557 ) ) ;
#3717 = DIRECTION ( 'NONE',  ( 0.000000000000000000, 0.000000000000000000, 1.000000000000000000 ) ) ;
#3718 = CARTESIAN_POINT ( 'NONE',  ( 11.00000000000000000, -2.375039401424685614, -1.347111479062088405E-15 ) ) ;
#3719 = CARTESIAN_POINT ( 'NONE',  ( -10.45870000000000033, -10.25001970071234503, 4.332135384791497401 ) ) ;
#3720 = ORIENTED_EDGE ( 'NONE', *, *, #5145, .F. ) ;
#3721 = CARTESIAN_POINT ( 'NONE',  ( 9.181781553707319077, -33.74137914738684429, -9.181781553707320853 ) ) ;
#3722 = CARTESIAN_POINT ( 'NONE',  ( 10.45870000000000033, -9.000019700712343251, -4.332135384791490296 ) ) ;
#3723 = CARTESIAN_POINT ( 'NONE',  ( -5.160562509537681919, -37.62501970071233615, 12.45870000000000033 ) ) ;
#3724 = CARTESIAN_POINT ( 'NONE',  ( 8.809631254768842012, -38.43751970071233615, 8.809631254768838460 ) ) ;
#3725 = CARTESIAN_POINT ( 'NONE',  ( -12.98500000000000121, -44.36637914738685140, 0.000000000000000000 ) ) ;
#3726 = CARTESIAN_POINT ( 'NONE',  ( 10.90000000000000213, -7.379804374505724240, 4.514927829866736353 ) ) ;
#3727 = ORIENTED_EDGE ( 'NONE', *, *, #5012, .F. ) ;
#3728 = CARTESIAN_POINT ( 'NONE',  ( -9.065852100556119453, -304.0000000000000000, -7.861954317524507907 ) ) ;
#3729 = CARTESIAN_POINT ( 'NONE',  ( 12.45870000000000388, -40.37501970071234325, 5.160562509537677478 ) ) ;
#3730 = CARTESIAN_POINT ( 'NONE',  ( 4.332135384791488519, -7.875019700712345028, -10.45870000000000033 ) ) ;
#3731 =( BOUNDED_CURVE ( )  B_SPLINE_CURVE ( 2, ( #1769, #5299, #3843, #934, #4931, #5168, #1184, #2101, #3177 ),
 .UNSPECIFIED., .F., .T. ) 
 B_SPLINE_CURVE_WITH_KNOTS ( ( 3, 2, 2, 2, 3 ),
 ( 0.2499999999999999167, 0.2613636363636362980, 0.2727272727272726516, 0.2840909090909090051, 0.2954545454545453587 ),
 .UNSPECIFIED. ) 
 CURVE ( )  GEOMETRIC_REPRESENTATION_ITEM ( )  RATIONAL_B_SPLINE_CURVE ( ( 1.000000000000000666, 0.9238795325112861834, 1.000000000000000000, 0.9238795325112867385, 1.000000000000000000, 0.9238795325112867385, 1.000000000000000000, 0.9238795325112870716, 0.9999999999999996669 ) ) 
 REPRESENTATION_ITEM ( '' )  );
#3732 = CARTESIAN_POINT ( 'NONE',  ( -7.707463914933368798, -9.942304374505724240, -7.707463914933368798 ) ) ;
#3733 = CARTESIAN_POINT ( 'NONE',  ( -5.378563107414605859, -43.17887914738685140, 12.98500000000003318 ) ) ;
#3734 = CARTESIAN_POINT ( 'NONE',  ( -5.378563107414260358, -39.17887914738683719, 12.98500000000037957 ) ) ;
#3735 = CARTESIAN_POINT ( 'NONE',  ( -10.90000000000000036, -10.81730437450572424, 0.000000000000000000 ) ) ;
#3736 = CARTESIAN_POINT ( 'NONE',  ( -12.45870000000000211, -40.12501970071233615, -5.160562509537680143 ) ) ;
#3737 = CARTESIAN_POINT ( 'NONE',  ( 5.160562509537679254, -34.12501970071234325, -12.45870000000000388 ) ) ;
#3738 = CARTESIAN_POINT ( 'NONE',  ( -4.332135384791492072, -8.125019700712345028, 10.45870000000000033 ) ) ;
#3739 = CARTESIAN_POINT ( 'NONE',  ( 9.192388155425115670, -38.87500000000000000, -9.192388155425117446 ) ) ;
#3740 = CARTESIAN_POINT ( 'NONE',  ( -5.160562509537681031, -42.25001970071235746, -12.45870000000000388 ) ) ;
#3741 = DIRECTION ( 'NONE',  ( 0.000000000000000000, 1.000000000000000000, 0.000000000000000000 ) ) ;
#3742 = CARTESIAN_POINT ( 'NONE',  ( -7.778174593052020747, -5.750039401424686503, 7.778174593052023411 ) ) ;
#3743 = CARTESIAN_POINT ( 'NONE',  ( 12.45870000000000211, -35.37501970071234325, 5.160562509537678366 ) ) ;
#3744 = CARTESIAN_POINT ( 'NONE',  ( -5.160562509537681919, -42.62501970071233615, 12.45870000000000033 ) ) ;
#3745 = CARTESIAN_POINT ( 'NONE',  ( -7.951019343464191642E-16, -42.75866025403784931, -12.98499999999999943 ) ) ;
#3746 = CARTESIAN_POINT ( 'NONE',  ( 7.395417692395746201, -2.937519700712343695, 7.395417692395743536 ) ) ;
#3747 = VERTEX_POINT ( 'NONE', #55 ) ;
#3748 = EDGE_CURVE ( 'NONE', #1164, #5019, #1846, .T. ) ;
#3749 = CARTESIAN_POINT ( 'NONE',  ( -7.951019343464191642E-16, -35.75866025403784221, -12.98499999999999943 ) ) ;
#3750 = CARTESIAN_POINT ( 'NONE',  ( 5.378563107414304767, -36.19616025403784221, 12.98500000000033516 ) ) ;
#3751 = CARTESIAN_POINT ( 'NONE',  ( -12.45870000000000033, -40.81251970071234325, 0.000000000000000000 ) ) ;
#3752 = CARTESIAN_POINT ( 'NONE',  ( -6.404106739121211359E-16, -9.812519700712345028, -10.45870000000000033 ) ) ;
#3753 = CARTESIAN_POINT ( 'NONE',  ( 2.002297516605922276E-15, -0.8077350269189627063, 10.90000000000000036 ) ) ;
#3754 = CARTESIAN_POINT ( 'NONE',  ( -8.809631254768838460, -41.68751970071234325, 8.809631254768842012 ) ) ;
#3755 = CARTESIAN_POINT ( 'NONE',  ( -5.378563107415022415, -39.55387914738683008, -12.98499999999961574 ) ) ;
#3756 = EDGE_CURVE ( 'NONE', #1391, #1511, #5058, .T. ) ;
#3757 = ORIENTED_EDGE ( 'NONE', *, *, #2568, .F. ) ;
#3758 = CARTESIAN_POINT ( 'NONE',  ( 8.809631254768842012, -41.68751970071234325, 8.809631254768838460 ) ) ;
#3759 = CARTESIAN_POINT ( 'NONE',  ( 2.288626061480569049E-15, -34.56251970071234325, 12.45870000000000033 ) ) ;
#3760 = AXIS2_PLACEMENT_3D ( 'NONE', #2421, #1174, #1593 ) ;
#3761 = CARTESIAN_POINT ( 'NONE',  ( 10.45870000000000033, -7.812519700712344140, -1.280821347824242272E-15 ) ) ;
#3762 = CARTESIAN_POINT ( 'NONE',  ( -7.960204194457795477E-16, -39.75000000000000000, -13.00000000000000000 ) ) ;
#3763 = CARTESIAN_POINT ( 'NONE',  ( -12.45869999999999855, -39.00001970071233615, 5.160562509537688136 ) ) ;
#3764 = CARTESIAN_POINT ( 'NONE',  ( -12.98499999999999943, -37.36637914738683719, 0.000000000000000000 ) ) ;
#3765 = AXIS2_PLACEMENT_3D ( 'NONE', #2688, #3649, #1867 ) ;
#3766 = CARTESIAN_POINT ( 'NONE',  ( 7.395417692395743536, 0.3124802992876564711, -7.395417692395744425 ) ) ;
#3767 = CARTESIAN_POINT ( 'NONE',  ( 10.90000000000000213, -1.379804374505724240, 4.514927829866736353 ) ) ;
#3768 = FACE_OUTER_BOUND ( 'NONE', #1631, .T. ) ;
#3769 = EDGE_LOOP ( 'NONE', ( #5218, #1218, #765, #5758 ) ) ;
#3770 = ORIENTED_EDGE ( 'NONE', *, *, #5512, .T. ) ;
#3771 = VECTOR ( 'NONE', #3204, 1000.000000000000000 ) ;
#3772 = CARTESIAN_POINT ( 'NONE',  ( 2.288626061480569049E-15, -40.56251970071234325, 12.45870000000000033 ) ) ;
#3773 = CARTESIAN_POINT ( 'NONE',  ( 5.384776310850236669, -33.68753940142468650, -13.00000000000000000 ) ) ;
#3774 = CARTESIAN_POINT ( 'NONE',  ( -8.809631254768838460, -42.68751970071234325, 8.809631254768842012 ) ) ;
#3775 =( BOUNDED_CURVE ( )  B_SPLINE_CURVE ( 2, ( #3194, #86, #4981, #5730, #670, #1471, #3541, #436, #1585 ),
 .UNSPECIFIED., .F., .F. ) 
 B_SPLINE_CURVE_WITH_KNOTS ( ( 3, 2, 2, 2, 3 ),
 ( 0.8409090909090909394, 0.8522727272727272929, 0.8636363636363636465, 0.8750000000000000000, 0.8863636363636363535 ),
 .UNSPECIFIED. ) 
 CURVE ( )  GEOMETRIC_REPRESENTATION_ITEM ( )  RATIONAL_B_SPLINE_CURVE ( ( 1.000000000000000000, 0.9238795325112867385, 1.000000000000000000, 0.9238795325112867385, 1.000000000000000000, 0.9238795325112867385, 1.000000000000000000, 0.9238795325112867385, 1.000000000000000000 ) ) 
 REPRESENTATION_ITEM ( '' )  );
#3776 = CARTESIAN_POINT ( 'NONE',  ( -7.395417692395742648, -3.187519700712343251, 7.395417692395746201 ) ) ;
#3777 = ORIENTED_EDGE ( 'NONE', *, *, #2362, .F. ) ;
#3778 = PERSON_AND_ORGANIZATION_ROLE ( 'design_supplier' ) ;
#3779 = CARTESIAN_POINT ( 'NONE',  ( -6.404106739121211359E-16, -2.812519700712343695, -10.45870000000000033 ) ) ;
#3780 = CARTESIAN_POINT ( 'NONE',  ( -4.332135384791492072, -9.125019700712343251, 10.45870000000000033 ) ) ;
#3781 = CARTESIAN_POINT ( 'NONE',  ( -7.628753538268564813E-16, -41.06251970071234325, -12.45870000000000033 ) ) ;
#3782 = EDGE_CURVE ( 'NONE', #2705, #4098, #5571, .T. ) ;
#3783 = CARTESIAN_POINT ( 'NONE',  ( -4.332135384791492072, -10.37501970071234325, 10.45870000000000033 ) ) ;
#3784 = CARTESIAN_POINT ( 'NONE',  ( -4.514927829866746123, -8.245235026918962262, -10.89999999999999325 ) ) ;
#3785 = CARTESIAN_POINT ( 'NONE',  ( 2.385305803039257098E-15, -42.25866025403784931, 12.98499999999999943 ) ) ;
#3786 = VERTEX_POINT ( 'NONE', #3962 ) ;
#3787 = DIRECTION ( 'NONE',  ( 0.000000000000000000, 1.000000000000000000, 0.000000000000000000 ) ) ;
#3788 = CARTESIAN_POINT ( 'NONE',  ( -12.45870000000000211, -42.12501970071234325, -5.160562509537680143 ) ) ;
#3789 = CARTESIAN_POINT ( 'NONE',  ( 4.514927829866742570, -5.504804374505724240, 10.89999999999999858 ) ) ;
#3790 = CARTESIAN_POINT ( 'NONE',  ( -4.556349186104047710, -0.8125000000000009992, 10.99999999999999822 ) ) ;
#3791 = CARTESIAN_POINT ( 'NONE',  ( 5.384776310850236669, -41.81250000000000000, -13.00000000000000000 ) ) ;
#3792 = CARTESIAN_POINT ( 'NONE',  ( -7.628753538268564813E-16, -41.31251970071234325, -12.45870000000000033 ) ) ;
#3793 = CARTESIAN_POINT ( 'NONE',  ( -4.332135384791492072, -1.125019700712343695, 10.45870000000000033 ) ) ;
#3794 = CARTESIAN_POINT ( 'NONE',  ( -10.99999999999999822, -4.812539401424686503, 4.556349186104052151 ) ) ;
#3795 = CARTESIAN_POINT ( 'NONE',  ( 12.98499999999999943, -35.80387914738685140, -5.378563107414641387 ) ) ;
#3796 = VERTEX_POINT ( 'NONE', #3874 ) ;
#3797 = CARTESIAN_POINT ( 'NONE',  ( 9.192388155425119223, -35.00003940142468650, 9.192388155425115670 ) ) ;
#3798 = CARTESIAN_POINT ( 'NONE',  ( 5.160562509537679254, -43.12501970071234325, -12.45870000000000211 ) ) ;
#3799 = CARTESIAN_POINT ( 'NONE',  ( 10.90000000000000036, -1.495235026918962484, -4.514927829866737241 ) ) ;
#3800 = CARTESIAN_POINT ( 'NONE',  ( -7.395417692395744425, -4.437519700712344140, -7.395417692395744425 ) ) ;
#3801 = VERTEX_POINT ( 'NONE', #2157 ) ;
#3802 = CARTESIAN_POINT ( 'NONE',  ( 5.160562509537679254, -40.37501970071234325, -12.45870000000000211 ) ) ;
#3803 = CARTESIAN_POINT ( 'NONE',  ( 2.385305803039257098E-15, -39.25866025403784931, 12.98499999999999943 ) ) ;
#3804 = CARTESIAN_POINT ( 'NONE',  ( -8.809631254768840236, -40.93751970071234325, -8.809631254768840236 ) ) ;
#3805 =( BOUNDED_CURVE ( )  B_SPLINE_CURVE ( 2, ( #16, #1808, #5398, #3587, #3215, #5338, #911, #5370, #4049 ),
 .UNSPECIFIED., .F., .F. ) 
 B_SPLINE_CURVE_WITH_KNOTS ( ( 3, 2, 2, 2, 3 ),
 ( 0.5227272727272727071, 0.5340909090909091717, 0.5454545454545454142, 0.5568181818181818787, 0.5681818181818181213 ),
 .UNSPECIFIED. ) 
 CURVE ( )  GEOMETRIC_REPRESENTATION_ITEM ( )  RATIONAL_B_SPLINE_CURVE ( ( 1.000000000000000000, 0.9238795325112867385, 1.000000000000000000, 0.9238795325112867385, 1.000000000000000000, 0.9238795325112867385, 1.000000000000000000, 0.9238795325112867385, 1.000000000000000000 ) ) 
 REPRESENTATION_ITEM ( '' )  );
#3806 = CARTESIAN_POINT ( 'NONE',  ( -6.404106739121211359E-16, -0.5625197007123435844, -10.45870000000000033 ) ) ;
#3807 = CARTESIAN_POINT ( 'NONE',  ( -10.90000000000000036, -8.057735026918964039, 0.000000000000000000 ) ) ;
#3808 = CARTESIAN_POINT ( 'NONE',  ( 12.98499999999999943, -38.00866025403784931, -1.590203868692838328E-15 ) ) ;
#3809 = VERTEX_POINT ( 'NONE', #5602 ) ;
#3810 = EDGE_CURVE ( 'NONE', #829, #1349, #3925, .T. ) ;
#3811 = CARTESIAN_POINT ( 'NONE',  ( -7.951019343464190656E-16, -35.61637914738684429, -12.98499999999999943 ) ) ;
#3812 = DIRECTION ( 'NONE',  ( 0.000000000000000000, -0.000000000000000000, -1.000000000000000000 ) ) ;
#3813 = CARTESIAN_POINT ( 'NONE',  ( -8.809631254768840236, -42.18751970071234325, -8.809631254768840236 ) ) ;
#3814 = FACE_OUTER_BOUND ( 'NONE', #4732, .T. ) ;
#3815 = CARTESIAN_POINT ( 'NONE',  ( -11.00000000000000000, -3.000000000000000888, 0.000000000000000000 ) ) ;
#3816 = CARTESIAN_POINT ( 'NONE',  ( -13.00000000000000000, -43.50000000000000000, 0.000000000000000000 ) ) ;
#3817 = CARTESIAN_POINT ( 'NONE',  ( -12.45870000000000388, -41.12501970071234325, -5.160562509537680143 ) ) ;
#3818 = EDGE_CURVE ( 'NONE', #3240, #3836, #1475, .T. ) ;
#3819 = CARTESIAN_POINT ( 'NONE',  ( 7.395417692395746201, 0.06248029928765646418, 7.395417692395743536 ) ) ;
#3820 = CARTESIAN_POINT ( 'NONE',  ( -6.735557395310442023E-16, -4.125039401424686503, -11.00000000000000000 ) ) ;
#3821 = DIRECTION ( 'NONE',  ( 0.000000000000000000, 0.000000000000000000, 1.000000000000000000 ) ) ;
#3822 = CARTESIAN_POINT ( 'NONE',  ( -7.395417692395744425, -7.687519700712343251, -7.395417692395744425 ) ) ;
#3823 = ORIENTED_EDGE ( 'NONE', *, *, #4463, .T. ) ;
#3824 = CARTESIAN_POINT ( 'NONE',  ( 0.000000000000000000, -57.50000000000000000, 12.98499999999999943 ) ) ;
#3825 = CARTESIAN_POINT ( 'NONE',  ( 12.45870000000000211, -42.25001970071235036, -5.160562509537681031 ) ) ;
#3826 = CARTESIAN_POINT ( 'NONE',  ( -5.160562509537681031, -33.25001970071234325, -12.45870000000000211 ) ) ;
#3827 = CARTESIAN_POINT ( 'NONE',  ( 10.45870000000000211, -4.875019700712344140, 4.332135384791487631 ) ) ;
#3828 = CARTESIAN_POINT ( 'NONE',  ( -9.181781553707320853, -36.63366025403784931, -9.181781553707320853 ) ) ;
#3829 = ORIENTED_EDGE ( 'NONE', *, *, #661, .F. ) ;
#3830 = CARTESIAN_POINT ( 'NONE',  ( -8.809631254768840236, -42.18751970071234325, -8.809631254768840236 ) ) ;
#3831 = CARTESIAN_POINT ( 'NONE',  ( 7.395417692395743536, -9.687519700712345028, -7.395417692395744425 ) ) ;
#3832 = CARTESIAN_POINT ( 'NONE',  ( -7.628753538268564813E-16, -43.06251970071234325, -12.45870000000000033 ) ) ;
#3833 = CARTESIAN_POINT ( 'NONE',  ( 7.395417692395746201, -1.937519700712343473, 7.395417692395743536 ) ) ;
#3834 = CARTESIAN_POINT ( 'NONE',  ( 9.181781553707319077, -39.88366025403784221, -9.181781553707320853 ) ) ;
#3835 = CARTESIAN_POINT ( 'NONE',  ( 9.181781553707319077, -37.88366025403784931, -9.181781553707320853 ) ) ;
#3836 = VERTEX_POINT ( 'NONE', #2834 ) ;
#3837 =( BOUNDED_CURVE ( )  B_SPLINE_CURVE ( 2, ( #1596, #2921, #3834, #5511, #2476, #3324, #4674, #2015, #2037 ),
 .UNSPECIFIED., .F., .T. ) 
 B_SPLINE_CURVE_WITH_KNOTS ( ( 3, 2, 2, 2, 3 ),
 ( 0.6590909090909097268, 0.6704545454545458583, 0.6818181818181821008, 0.6931818181818183433, 0.7045454545454545858 ),
 .UNSPECIFIED. ) 
 CURVE ( )  GEOMETRIC_REPRESENTATION_ITEM ( )  RATIONAL_B_SPLINE_CURVE ( ( 0.9999999999999955591, 0.9238795325112911794, 1.000000000000000000, 0.9238795325112867385, 1.000000000000000000, 0.9238795325112867385, 1.000000000000000000, 0.9238795325112867385, 1.000000000000000000 ) ) 
 REPRESENTATION_ITEM ( '' )  );
#3838 = CARTESIAN_POINT ( 'NONE',  ( 1.921232021736363210E-15, -0.3125197007123434179, 10.45870000000000033 ) ) ;
#3839 = CARTESIAN_POINT ( 'NONE',  ( 7.778174593052021635, -3.375000000000001332, -7.778174593052023411 ) ) ;
#3840 = CARTESIAN_POINT ( 'NONE',  ( -7.395417692395742648, -1.437519700712343251, 7.395417692395746201 ) ) ;
#3841 = VERTEX_POINT ( 'NONE', #5060 ) ;
#3842 = CARTESIAN_POINT ( 'NONE',  ( 9.192388155425119223, -41.12500000000000000, 9.192388155425115670 ) ) ;
#3843 = CARTESIAN_POINT ( 'NONE',  ( -7.707463914933368798, -7.182735026918962262, -7.707463914933368798 ) ) ;
#3844 = CARTESIAN_POINT ( 'NONE',  ( 8.809631254768842012, -35.68751970071234325, 8.809631254768838460 ) ) ;
#3845 = EDGE_CURVE ( 'NONE', #1482, #1789, #400, .T. ) ;
#3846 = AXIS2_PLACEMENT_3D ( 'NONE', #1920, #3704, #5458 ) ;
#3847 = ORIENTED_EDGE ( 'NONE', *, *, #4573, .T. ) ;
#3848 = CARTESIAN_POINT ( 'NONE',  ( -4.556349186104045934, -8.062539401424684726, -11.00000000000000000 ) ) ;
#3849 = CARTESIAN_POINT ( 'NONE',  ( -8.809631254768840236, -39.93751970071234325, -8.809631254768840236 ) ) ;
#3850 = CARTESIAN_POINT ( 'NONE',  ( -6.205748498943410851, -2.815552462804955401E-16, 8.784240821774018215 ) ) ;
#3851 = CARTESIAN_POINT ( 'NONE',  ( 2.388061258337338544E-15, -35.12503940142468650, 13.00000000000000000 ) ) ;
#3852 = AXIS2_PLACEMENT_3D ( 'NONE', #2516, #254, #3023 ) ;
#3853 = ADVANCED_FACE ( 'NONE', ( #4679 ), #2056, .T. ) ;
#3854 = CARTESIAN_POINT ( 'NONE',  ( -12.45870000000000033, -39.81251970071234325, 0.000000000000000000 ) ) ;
#3855 = CARTESIAN_POINT ( 'NONE',  ( 12.45870000000000211, -34.50001970071234325, -5.160562509537681031 ) ) ;
#3856 = CARTESIAN_POINT ( 'NONE',  ( -4.332135384791492072, -2.125019700712343251, 10.45870000000000033 ) ) ;
#3857 = ORIENTED_EDGE ( 'NONE', *, *, #867, .T. ) ;
#3858 = DATE_AND_TIME ( #2999, #1921 ) ;
#3859 = CIRCLE ( 'NONE', #2096, 12.75000000000000000 ) ;
#3860 = CARTESIAN_POINT ( 'NONE',  ( 8.809631254768838460, -40.43751970071234325, -8.809631254768840236 ) ) ;
#3861 = CARTESIAN_POINT ( 'NONE',  ( 4.332135384791495625, -10.00001970071234503, 10.45870000000000033 ) ) ;
#3862 = CARTESIAN_POINT ( 'NONE',  ( 8.809631254768842012, -43.43751970071234325, 8.809631254768838460 ) ) ;
#3863 = CARTESIAN_POINT ( 'NONE',  ( 10.45870000000000033, 0.2499802992876564711, -4.332135384791490296 ) ) ;
#3864 = ORGANIZATION ( 'UNSPECIFIED', 'UNSPECIFIED', '' ) ;
#3865 = CARTESIAN_POINT ( 'NONE',  ( 1.334865011070615048E-15, -33.50000000000000000, -10.90000000000000036 ) ) ;
#3866 = CARTESIAN_POINT ( 'NONE',  ( -7.951019343464191642E-16, -34.75866025403784931, -12.98499999999999943 ) ) ;
#3867 = CARTESIAN_POINT ( 'NONE',  ( -10.90000000000000036, -1.057735026918962706, 0.000000000000000000 ) ) ;
#3868 = CARTESIAN_POINT ( 'NONE',  ( 11.00000000000000000, -0.5000000000000008882, -1.347111479062088405E-15 ) ) ;
#3869 = CARTESIAN_POINT ( 'NONE',  ( 10.45870000000000033, -0.06251970071234343174, -1.280821347824242272E-15 ) ) ;
#3870 = ORIENTED_EDGE ( 'NONE', *, *, #809, .F. ) ;
#3871 = CARTESIAN_POINT ( 'NONE',  ( -5.384776310850238445, -43.31250000000000000, 12.99999999999999822 ) ) ;
#3872 = CARTESIAN_POINT ( 'NONE',  ( -12.72935000000000016, -43.65625985035617163, 0.000000000000000000 ) ) ;
#3873 = CARTESIAN_POINT ( 'NONE',  ( 10.45870000000000211, -0.8750197007123435844, 4.332135384791487631 ) ) ;
#3874 = CARTESIAN_POINT ( 'NONE',  ( 1.561424668912875111E-15, -258.8000000000000114, -12.75000000000000000 ) ) ;
#3875 = CARTESIAN_POINT ( 'NONE',  ( 12.45870000000000211, -35.50001970071234325, -5.160562509537681031 ) ) ;
#3876 = CARTESIAN_POINT ( 'NONE',  ( 7.707463914933369686, -6.682735026918963150, 7.707463914933367022 ) ) ;
#3877 = ORIENTED_EDGE ( 'NONE', *, *, #3686, .F. ) ;
#3878 = EDGE_CURVE ( 'NONE', #2687, #1672, #2864, .T. ) ;
#3879 = CARTESIAN_POINT ( 'NONE',  ( 3.340966450735900928, 1.580819003990173152E-17, 9.937635901942991623 ) ) ;
#3880 = CARTESIAN_POINT ( 'NONE',  ( 13.00000000000000533, -33.06250000000000000, 5.384776310850233116 ) ) ;
#3881 = CARTESIAN_POINT ( 'NONE',  ( 2.385305803039257098E-15, -39.25866025403784931, 12.98499999999999943 ) ) ;
#3882 = CARTESIAN_POINT ( 'NONE',  ( 10.45870000000000211, -5.875019700712343251, 4.332135384791487631 ) ) ;
#3883 = ORIENTED_EDGE ( 'NONE', *, *, #234, .F. ) ;
#3884 = CARTESIAN_POINT ( 'NONE',  ( 4.332135384791488519, -5.875019700712343251, -10.45870000000000033 ) ) ;
#3885 = CARTESIAN_POINT ( 'NONE',  ( 8.809631254768842012, -41.68751970071234325, 8.809631254768838460 ) ) ;
#3886 = CARTESIAN_POINT ( 'NONE',  ( -12.98499999999999410, -38.30387914738684429, 5.378563107414648492 ) ) ;
#3887 = CARTESIAN_POINT ( 'NONE',  ( 2.288626061480569049E-15, -43.56251970071234325, 12.45870000000000033 ) ) ;
#3888 = DESIGN_CONTEXT ( 'detailed design', #5710, 'design' ) ;
#3889 = CARTESIAN_POINT ( 'NONE',  ( 4.332135384791495625, -2.000019700712343695, 10.45870000000000033 ) ) ;
#3890 = FACE_OUTER_BOUND ( 'NONE', #667, .T. ) ;
#3891 = CARTESIAN_POINT ( 'NONE',  ( -5.378563107414350952, -34.69616025403784931, -12.98500000000029253 ) ) ;
#3892 = ORIENTED_EDGE ( 'NONE', *, *, #3014, .T. ) ;
#3893 = CARTESIAN_POINT ( 'NONE',  ( 10.90000000000000036, -6.254804374505725129, -4.514927829866737241 ) ) ;
#3894 = CARTESIAN_POINT ( 'NONE',  ( -10.45870000000000033, -5.250019700712345028, 4.332135384791498289 ) ) ;
#3895 = CARTESIAN_POINT ( 'NONE',  ( -7.395417692395742648, -1.437519700712343251, 7.395417692395746201 ) ) ;
#3896 = CARTESIAN_POINT ( 'NONE',  ( 7.778174593052023411, -2.625000000000000888, 7.778174593052021635 ) ) ;
#3897 = ORIENTED_EDGE ( 'NONE', *, *, #2941, .F. ) ;
#3898 = CARTESIAN_POINT ( 'NONE',  ( 13.00000000000000000, -42.00000000000000000, -1.592040838891559095E-15 ) ) ;
#3899 = CARTESIAN_POINT ( 'NONE',  ( 5.160562509537688136, -33.75001970071234325, 12.45869999999999855 ) ) ;
#3900 = CARTESIAN_POINT ( 'NONE',  ( 4.514927829866786091, -6.370235026918964927, -10.89999999999994884 ) ) ;
#3901 = CARTESIAN_POINT ( 'NONE',  ( -4.332135384791492072, -9.375019700712343251, 10.45870000000000033 ) ) ;
#3902 = ORIENTED_EDGE ( 'NONE', *, *, #5472, .T. ) ;
#3903 = CARTESIAN_POINT ( 'NONE',  ( -4.556349186104045934, -6.062539401424686503, -11.00000000000000000 ) ) ;
#3904 = CARTESIAN_POINT ( 'NONE',  ( -13.00000000000000000, -37.37503940142468650, 0.000000000000000000 ) ) ;
#3905 = CARTESIAN_POINT ( 'NONE',  ( 5.384776310850242886, -34.18750000000000000, 12.99999999999999645 ) ) ;
#3906 = CARTESIAN_POINT ( 'NONE',  ( -4.332135384791490296, -7.500019700712344140, -10.45870000000000033 ) ) ;
#3907 = CARTESIAN_POINT ( 'NONE',  ( -4.332135384791490296, -3.750019700712343695, -10.45870000000000033 ) ) ;
#3908 = CARTESIAN_POINT ( 'NONE',  ( -12.45870000000000033, -33.81251970071234325, 0.000000000000000000 ) ) ;
#3909 = CC_DESIGN_PERSON_AND_ORGANIZATION_ASSIGNMENT ( #1059, #4644, ( #2409 ) ) ;
#3910 = CARTESIAN_POINT ( 'NONE',  ( 0.000000000000000000, -260.8000000000000114, 0.000000000000000000 ) ) ;
#3911 = CARTESIAN_POINT ( 'NONE',  ( 0.000000000000000000, -57.50000000000000000, 0.000000000000000000 ) ) ;
#3912 = CARTESIAN_POINT ( 'NONE',  ( 5.160562509537688136, -42.50001970071234325, 12.45869999999999855 ) ) ;
#3913 = CARTESIAN_POINT ( 'NONE',  ( -12.45870000000000211, -33.87501970071234325, -5.160562509537680143 ) ) ;
#3914 = EDGE_CURVE ( 'NONE', #2039, #4860, #2368, .T. ) ;
#3915 = CARTESIAN_POINT ( 'NONE',  ( -12.98499999999999410, -43.44616025403784931, 5.378563107414648492 ) ) ;
#3916 = CARTESIAN_POINT ( 'NONE',  ( 2.385305803039257098E-15, -36.11637914738684429, 12.98499999999999943 ) ) ;
#3917 =( BOUNDED_CURVE ( )  B_SPLINE_CURVE ( 2, ( #3803, #4646, #2059, #1144, #641, #5534, #1570, #2011, #3346 ),
 .UNSPECIFIED., .F., .T. ) 
 B_SPLINE_CURVE_WITH_KNOTS ( ( 3, 2, 2, 2, 3 ),
 ( 0.6136363636363642016, 0.6250000000000005551, 0.6363636363636369087, 0.6477272727272733732, 0.6590909090909097268 ),
 .UNSPECIFIED. ) 
 CURVE ( )  GEOMETRIC_REPRESENTATION_ITEM ( )  RATIONAL_B_SPLINE_CURVE ( ( 0.9999999999999963363, 0.9238795325112904022, 1.000000000000000000, 0.9238795325112867385, 1.000000000000000000, 0.9238795325112867385, 1.000000000000000000, 0.9238795325112822976, 1.000000000000004441 ) ) 
 REPRESENTATION_ITEM ( '' )  );
#3918 = CARTESIAN_POINT ( 'NONE',  ( 2.002297516605922276E-15, -6.567304374505723352, 10.90000000000000036 ) ) ;
#3919 = CARTESIAN_POINT ( 'NONE',  ( -7.395417692395742648, -2.437519700712343251, 7.395417692395746201 ) ) ;
#3920 = CARTESIAN_POINT ( 'NONE',  ( 2.020667218593132706E-15, -4.750000000000000888, 11.00000000000000000 ) ) ;
#3921 = ADVANCED_FACE ( 'NONE', ( #564 ), #1894, .T. ) ;
#3922 = VERTEX_POINT ( 'NONE', #5430 ) ;
#3923 = CARTESIAN_POINT ( 'NONE',  ( 3.203348106858431521, -33.50000000000002132, -12.31445554083007110 ) ) ;
#3924 = DIRECTION ( 'NONE',  ( 0.000000000000000000, 0.000000000000000000, 1.000000000000000000 ) ) ;
#3925 = LINE ( 'NONE', #5252, #3492 ) ;
#3926 = CARTESIAN_POINT ( 'NONE',  ( -7.628753538268564813E-16, -36.31251970071234325, -12.45870000000000033 ) ) ;
#3927 = CARTESIAN_POINT ( 'NONE',  ( 10.45870000000000211, -5.875019700712343251, 4.332135384791487631 ) ) ;
#3928 = CARTESIAN_POINT ( 'NONE',  ( 7.707463914933369686, -3.442304374505724240, 7.707463914933366134 ) ) ;
#3929 = CARTESIAN_POINT ( 'NONE',  ( -4.332135384791490296, -7.750019700712343251, -10.45870000000000033 ) ) ;
#3930 = EDGE_LOOP ( 'NONE', ( #4003, #4993, #5174, #2661 ) ) ;
#3931 = CARTESIAN_POINT ( 'NONE',  ( 2.020667218593132706E-15, -8.625039401424686503, 11.00000000000000000 ) ) ;
#3932 = CARTESIAN_POINT ( 'NONE',  ( 0.000000000000000000, -258.8000000000000114, 12.75000000000000000 ) ) ;
#3933 = CARTESIAN_POINT ( 'NONE',  ( 13.00000000000000533, -38.93753940142468650, 5.384776310850233116 ) ) ;
#3934 = CARTESIAN_POINT ( 'NONE',  ( -13.00000000000000000, -35.56250000000001421, -5.384776310850237557 ) ) ;
#3935 = CARTESIAN_POINT ( 'NONE',  ( -7.951019343464191642E-16, -38.75866025403784221, -12.98499999999999943 ) ) ;
#3936 = CARTESIAN_POINT ( 'NONE',  ( 7.395417692395746201, -6.937519700712343251, 7.395417692395743536 ) ) ;
#3937 = EDGE_LOOP ( 'NONE', ( #960, #3829, #2879, #5300 ) ) ;
#3938 = AXIS2_PLACEMENT_3D ( 'NONE', #4234, #223, #3230 ) ;
#3939 = CARTESIAN_POINT ( 'NONE',  ( -6.404106739121211359E-16, -4.812519700712343251, -10.45870000000000033 ) ) ;
#3940 = CARTESIAN_POINT ( 'NONE',  ( -12.45870000000000211, -32.87501970071233615, -5.160562509537680143 ) ) ;
#3941 = B_SPLINE_CURVE_WITH_KNOTS ( 'NONE', 3,
 ( #3655, #5407, #4024, #83, #3996, #3192, #3593, #3624, #2785, #19, #1440, #5757, #2752, #4525, #1781, #511 ),
 .UNSPECIFIED., .F., .F.,
 ( 4, 2, 2, 2, 2, 2, 2, 4 ),
 ( 0.000000000000000000, 0.002448293068287509585, 0.004896586136575019170, 0.007344879204862528321, 0.009793172273150038340, 0.01224146534143754836, 0.01468975840972505664, 0.01958634454630007668 ),
 .UNSPECIFIED. ) ;
#3942 = DIRECTION ( 'NONE',  ( -0.000000000000000000, -1.000000000000000000, -0.000000000000000000 ) ) ;
#3943 = CARTESIAN_POINT ( 'NONE',  ( -10.90000000000000036, -1.817304374505724240, 0.000000000000000000 ) ) ;
#3944 = CARTESIAN_POINT ( 'NONE',  ( -7.778174593052020747, -1.750039401424685837, 7.778174593052023411 ) ) ;
#3945 = CARTESIAN_POINT ( 'NONE',  ( -10.45870000000000033, -4.375019700712345916, -4.332135384791489408 ) ) ;
#3946 = CARTESIAN_POINT ( 'NONE',  ( -12.45870000000000211, -34.87501970071234325, -5.160562509537680143 ) ) ;
#3947 = CARTESIAN_POINT ( 'NONE',  ( 12.98499999999999943, -39.86637914738684429, -1.590203868692838131E-15 ) ) ;
#3948 = VECTOR ( 'NONE', #1755, 1000.000000000000000 ) ;
#3949 = CARTESIAN_POINT ( 'NONE',  ( -4.514927829866737241, -9.004804374505722464, -10.90000000000000036 ) ) ;
#3950 = VERTEX_POINT ( 'NONE', #3247 ) ;
#3951 = EDGE_CURVE ( 'NONE', #3747, #1461, #1838, .T. ) ;
#3952 = CARTESIAN_POINT ( 'NONE',  ( -5.160562509537681919, -40.62501970071233615, 12.45870000000000033 ) ) ;
#3953 = CARTESIAN_POINT ( 'NONE',  ( -10.89999999999999858, -2.754804374505724684, 4.514927829866743458 ) ) ;
#3954 = CIRCLE ( 'NONE', #2850, 11.90000000000000036 ) ;
#3955 = CARTESIAN_POINT ( 'NONE',  ( -10.45870000000000033, -4.562519700712343251, 0.000000000000000000 ) ) ;
#3956 = CARTESIAN_POINT ( 'NONE',  ( -10.99999999999999822, -6.937500000000000888, 4.556349186104052151 ) ) ;
#3957 = CARTESIAN_POINT ( 'NONE',  ( -7.395417692395744425, -2.687519700712343251, -7.395417692395744425 ) ) ;
#3958 = CARTESIAN_POINT ( 'NONE',  ( 4.514927829866702602, -5.129804374505725129, -10.90000000000003588 ) ) ;
#3959 = CARTESIAN_POINT ( 'NONE',  ( 7.278334038162027397, -33.49999999999998579, -10.35067952197771923 ) ) ;
#3960 = CARTESIAN_POINT ( 'NONE',  ( -5.378563107414398026, -44.17887914738685140, 12.98500000000024279 ) ) ;
#3961 = EDGE_CURVE ( 'NONE', #1149, #3499, #2214, .T. ) ;
#3962 = CARTESIAN_POINT ( 'NONE',  ( 1.590203868692838131E-15, -203.5000000000000000, -12.98499999999999943 ) ) ;
#3963 = CARTESIAN_POINT ( 'NONE',  ( -12.45870000000000033, -35.06251970071234325, 0.000000000000000000 ) ) ;
#3964 = CARTESIAN_POINT ( 'NONE',  ( -10.45870000000000033, -6.312519700712344140, 0.000000000000000000 ) ) ;
#3965 = CARTESIAN_POINT ( 'NONE',  ( -12.45869999999999855, -34.00001970071234325, 5.160562509537688136 ) ) ;
#3966 = CARTESIAN_POINT ( 'NONE',  ( 4.332135384791495625, -10.25001970071234503, 10.45870000000000033 ) ) ;
#3967 = ORIENTED_EDGE ( 'NONE', *, *, #802, .T. ) ;
#3968 = CARTESIAN_POINT ( 'NONE',  ( -6.735557395310442023E-16, -9.125039401424684726, -11.00000000000000000 ) ) ;
#3969 = CARTESIAN_POINT ( 'NONE',  ( -5.384776310850237557, -36.56253940142468650, -13.00000000000000000 ) ) ;
#3970 = LINE ( 'NONE', #2882, #4601 ) ;
#3971 = CARTESIAN_POINT ( 'NONE',  ( -13.00000000000000000, -34.50000000000000000, 0.000000000000000000 ) ) ;
#3972 = CARTESIAN_POINT ( 'NONE',  ( -5.160562509537681031, -35.25001970071234325, -12.45870000000000211 ) ) ;
#3973 = CARTESIAN_POINT ( 'NONE',  ( 10.45870000000000211, -8.875019700712343251, 4.332135384791487631 ) ) ;
#3974 = VERTEX_POINT ( 'NONE', #2498 ) ;
#3975 = CARTESIAN_POINT ( 'NONE',  ( -4.332135384791492072, -6.375019700712343251, 10.45870000000000033 ) ) ;
#3976 = CARTESIAN_POINT ( 'NONE',  ( -7.395417692395742648, -5.187519700712344140, 7.395417692395746201 ) ) ;
#3977 = DIRECTION ( 'NONE',  ( 0.000000000000000000, 1.000000000000000000, 0.000000000000000000 ) ) ;
#3978 = FACE_OUTER_BOUND ( 'NONE', #2079, .T. ) ;
#3979 = PRODUCT_DEFINITION_SHAPE ( 'NONE', 'NONE',  #2409 ) ;
#3980 = CARTESIAN_POINT ( 'NONE',  ( 0.000000000000000000, -33.50000000000000000, 0.000000000000000000 ) ) ;
#3981 = CARTESIAN_POINT ( 'NONE',  ( 0.000000000000000000, -304.0000000000000568, -8.000000000000000000 ) ) ;
#3982 = ORIENTED_EDGE ( 'NONE', *, *, #2868, .T. ) ;
#3983 = CARTESIAN_POINT ( 'NONE',  ( 12.98499999999999943, -33.94616025403784221, -5.378563107414642275 ) ) ;
#3984 = CARTESIAN_POINT ( 'NONE',  ( -11.00000000000000000, -7.000000000000000888, 0.000000000000000000 ) ) ;
#3985 = CARTESIAN_POINT ( 'NONE',  ( -10.45870000000000033, -2.625019700712343251, -4.332135384791489408 ) ) ;
#3986 = CARTESIAN_POINT ( 'NONE',  ( 0.000000000000000000, -57.50000000000000000, 0.000000000000000000 ) ) ;
#3987 = CARTESIAN_POINT ( 'NONE',  ( 5.104015544154415274, -33.49999999999997868, -11.60640484059484656 ) ) ;
#3988 = CARTESIAN_POINT ( 'NONE',  ( -10.89999999999999858, -10.75480437450572424, 4.514927829866743458 ) ) ;
#3989 = ORIENTED_EDGE ( 'NONE', *, *, #1608, .T. ) ;
#3990 = CARTESIAN_POINT ( 'NONE',  ( -10.90000000000000036, -2.057735026918962706, 0.000000000000000000 ) ) ;
#3991 = CARTESIAN_POINT ( 'NONE',  ( 7.395417692395743536, -3.687519700712343695, -7.395417692395744425 ) ) ;
#3992 = CARTESIAN_POINT ( 'NONE',  ( -7.628753538268564813E-16, -38.31251970071233615, -12.45870000000000033 ) ) ;
#3993 =( BOUNDED_CURVE ( )  B_SPLINE_CURVE ( 2, ( #3099, #332, #4744, #3446, #1277, #3073, #5635, #359, #743 ),
 .UNSPECIFIED., .F., .T. ) 
 B_SPLINE_CURVE_WITH_KNOTS ( ( 3, 2, 2, 2, 3 ),
 ( 0.3863636363636366866, 0.3977272727272729291, 0.4090909090909091717, 0.4204545454545454142, 0.4318181818181816012 ),
 .UNSPECIFIED. ) 
 CURVE ( )  GEOMETRIC_REPRESENTATION_ITEM ( )  RATIONAL_B_SPLINE_CURVE ( ( 0.9999999999999977796, 0.9238795325112889589, 1.000000000000000000, 0.9238795325112867385, 1.000000000000000000, 0.9238795325112867385, 1.000000000000000000, 0.9238795325112881818, 0.9999999999999985567 ) ) 
 REPRESENTATION_ITEM ( '' )  );
#3994 = EDGE_CURVE ( 'NONE', #1659, #2479, #3261, .T. ) ;
#3995 = CARTESIAN_POINT ( 'NONE',  ( 2.002297516605922276E-15, -3.567304374505724684, 10.90000000000000036 ) ) ;
#3996 = CARTESIAN_POINT ( 'NONE',  ( 8.233543697220492064, -33.50000000000001421, 9.385799602186965629 ) ) ;
#3997 = EDGE_LOOP ( 'NONE', ( #1694, #4326, #556, #350 ) ) ;
#3998 = CARTESIAN_POINT ( 'NONE',  ( 0.000000000000000000, -258.8000000000000114, 0.000000000000000000 ) ) ;
#3999 = CARTESIAN_POINT ( 'NONE',  ( -13.00000000000000000, -38.37503940142468650, 0.000000000000000000 ) ) ;
#4000 = CARTESIAN_POINT ( 'NONE',  ( 13.00000000000000000, -36.00000000000000711, -1.592040838891559095E-15 ) ) ;
#4001 = CARTESIAN_POINT ( 'NONE',  ( -5.160562509537681919, -38.87501970071233615, 12.45870000000000033 ) ) ;
#4002 = CARTESIAN_POINT ( 'NONE',  ( 10.45870000000000211, -7.875019700712344140, 4.332135384791487631 ) ) ;
#4003 = ORIENTED_EDGE ( 'NONE', *, *, #5727, .T. ) ;
#4004 = CARTESIAN_POINT ( 'NONE',  ( 10.45870000000000211, -7.125019700712342363, 4.332135384791487631 ) ) ;
#4005 = FACE_OUTER_BOUND ( 'NONE', #2300, .T. ) ;
#4006 = CARTESIAN_POINT ( 'NONE',  ( -7.707463914933366134, -1.692304374505724018, 7.707463914933369686 ) ) ;
#4007 = CARTESIAN_POINT ( 'NONE',  ( -10.45870000000000033, -5.312519700712344140, 0.000000000000000000 ) ) ;
#4008 = CARTESIAN_POINT ( 'NONE',  ( -7.628753538268564813E-16, -34.06251970071234325, -12.45870000000000033 ) ) ;
#4009 = CARTESIAN_POINT ( 'NONE',  ( 12.98500000000000298, -42.07116025403784931, 5.378563107414636946 ) ) ;
#4010 = LINE ( 'NONE', #2822, #3771 ) ;
#4011 = CARTESIAN_POINT ( 'NONE',  ( -12.98499999999999943, -36.42887914738683719, -5.378563107414639610 ) ) ;
#4012 = CARTESIAN_POINT ( 'NONE',  ( -12.45869999999999855, -44.00001970071234325, 5.160562509537688136 ) ) ;
#4013 = CARTESIAN_POINT ( 'NONE',  ( 9.181781553707322630, -34.13366025403784221, 9.181781553707319077 ) ) ;
#4014 = CARTESIAN_POINT ( 'NONE',  ( -10.45870000000000033, -5.500019700712344140, 4.332135384791498289 ) ) ;
#4015 = CARTESIAN_POINT ( 'NONE',  ( 7.778174593052021635, -5.375000000000000888, -7.778174593052023411 ) ) ;
#4016 = CARTESIAN_POINT ( 'NONE',  ( -10.45870000000000033, -5.500019700712344140, 4.332135384791497401 ) ) ;
#4017 = DIRECTION ( 'NONE',  ( 0.000000000000000000, 1.000000000000000000, 0.000000000000000000 ) ) ;
#4018 = CARTESIAN_POINT ( 'NONE',  ( 9.181781553707322630, -43.13366025403784221, 9.181781553707319077 ) ) ;
#4019 = VERTEX_POINT ( 'NONE', #2554 ) ;
#4020 = CARTESIAN_POINT ( 'NONE',  ( 2.002297516605922276E-15, -1.807735026918962484, 10.90000000000000036 ) ) ;
#4021 = CARTESIAN_POINT ( 'NONE',  ( -12.45869999999999855, -38.00001970071233615, 5.160562509537689024 ) ) ;
#4022 = CARTESIAN_POINT ( 'NONE',  ( -7.591174097310736890, -1.763709437283438868E-15, 7.665297496701546365 ) ) ;
#4023 = CARTESIAN_POINT ( 'NONE',  ( -8.809631254768838460, -34.93751970071234325, 8.809631254768842012 ) ) ;
#4024 = CARTESIAN_POINT ( 'NONE',  ( 6.246427254808684992, -33.50000000000001421, 10.81033443279074113 ) ) ;
#4025 = CARTESIAN_POINT ( 'NONE',  ( -4.332135384791492072, -0.3750197007123434734, 10.45870000000000033 ) ) ;
#4026 = EDGE_CURVE ( 'NONE', #3025, #1139, #3837, .T. ) ;
#4027 =( BOUNDED_CURVE ( )  B_SPLINE_CURVE ( 2, ( #2703, #4504, #4095, #96, #1324, #4009, #3546, #1884, #4875 ),
 .UNSPECIFIED., .F., .T. ) 
 B_SPLINE_CURVE_WITH_KNOTS ( ( 3, 2, 2, 2, 3 ),
 ( 0.8409090909090910504, 0.8522727272727276260, 0.8636363636363642016, 0.8750000000000006661, 0.8863636363636372417 ),
 .UNSPECIFIED. ) 
 CURVE ( )  GEOMETRIC_REPRESENTATION_ITEM ( )  RATIONAL_B_SPLINE_CURVE ( ( 0.9999999999999992228, 0.9238795325112875156, 1.000000000000000000, 0.9238795325112867385, 1.000000000000000000, 0.9238795325112867385, 1.000000000000000000, 0.9238795325112807433, 1.000000000000005995 ) ) 
 REPRESENTATION_ITEM ( '' )  );
#4028 = CARTESIAN_POINT ( 'NONE',  ( 13.00000000000000533, -35.93753940142468650, 5.384776310850233116 ) ) ;
#4029 = CARTESIAN_POINT ( 'NONE',  ( -5.384776310850238445, -36.31249999999999289, 12.99999999999999822 ) ) ;
#4030 = CARTESIAN_POINT ( 'NONE',  ( 12.45870000000000211, -36.62501970071234325, 5.160562509537678366 ) ) ;
#4031 = CARTESIAN_POINT ( 'NONE',  ( -10.45870000000000033, -10.31251970071234325, 0.000000000000000000 ) ) ;
#4032 = ORIENTED_EDGE ( 'NONE', *, *, #3748, .T. ) ;
#4033 = DIRECTION ( 'NONE',  ( 0.000000000000000000, 0.000000000000000000, 1.000000000000000000 ) ) ;
#4034 = EDGE_CURVE ( 'NONE', #5596, #1308, #1176, .T. ) ;
#4035 = CARTESIAN_POINT ( 'NONE',  ( 4.332135384791495625, -7.250019700712343251, 10.45870000000000033 ) ) ;
#4036 = CARTESIAN_POINT ( 'NONE',  ( -12.45870000000000211, -34.87501970071234325, -5.160562509537680143 ) ) ;
#4037 = CARTESIAN_POINT ( 'NONE',  ( -8.809631254768840236, -35.93751970071234325, -8.809631254768840236 ) ) ;
#4038 = CARTESIAN_POINT ( 'NONE',  ( 10.90000000000000036, -8.317304374505724240, -1.334865011070615048E-15 ) ) ;
#4039 = VECTOR ( 'NONE', #3680, 1000.000000000000000 ) ;
#4040 = ORIENTED_EDGE ( 'NONE', *, *, #5291, .T. ) ;
#4041 = CARTESIAN_POINT ( 'NONE',  ( -12.45869999999999855, -40.75001970071234325, 5.160562509537689024 ) ) ;
#4042 = CARTESIAN_POINT ( 'NONE',  ( -10.45870000000000033, -6.312519700712344140, 0.000000000000000000 ) ) ;
#4043 = CARTESIAN_POINT ( 'NONE',  ( 10.45870000000000033, -4.000019700712344140, -4.332135384791490296 ) ) ;
#4044 = AXIS2_PLACEMENT_3D ( 'NONE', #898, #408, #5 ) ;
#4045 = CARTESIAN_POINT ( 'NONE',  ( 11.00000000000000000, -6.500000000000000888, -1.347111479062088405E-15 ) ) ;
#4046 = CARTESIAN_POINT ( 'NONE',  ( 1.921232021736363210E-15, -2.312519700712343251, 10.45870000000000033 ) ) ;
#4047 = ORIENTED_EDGE ( 'NONE', *, *, #4140, .T. ) ;
#4048 = CARTESIAN_POINT ( 'NONE',  ( -12.98499999999999943, -41.42887914738683719, -5.378563107414639610 ) ) ;
#4049 = CARTESIAN_POINT ( 'NONE',  ( 2.002297516605922276E-15, -3.807735026918962262, 10.90000000000000036 ) ) ;
#4050 = VERTEX_POINT ( 'NONE', #1981 ) ;
#4051 = FACE_OUTER_BOUND ( 'NONE', #3464, .T. ) ;
#4052 = VECTOR ( 'NONE', #3741, 1000.000000000000000 ) ;
#4053 = CARTESIAN_POINT ( 'NONE',  ( 5.160562509537679254, -36.37501970071234325, -12.45870000000000211 ) ) ;
#4054 = CARTESIAN_POINT ( 'NONE',  ( 5.160562509537679254, -35.37501970071234325, -12.45870000000000388 ) ) ;
#4055 = CARTESIAN_POINT ( 'NONE',  ( 10.90000000000000036, -9.495235026918962262, -4.514927829866737241 ) ) ;
#4056 = CARTESIAN_POINT ( 'NONE',  ( -6.404106739121211359E-16, 0.1874802992876565821, -10.45870000000000033 ) ) ;
#4057 = CARTESIAN_POINT ( 'NONE',  ( -4.514927829866739017, -0.6298043745057244625, 10.89999999999999858 ) ) ;
#4058 = CARTESIAN_POINT ( 'NONE',  ( 7.778174593052021635, -1.250039401424685837, -7.778174593052023411 ) ) ;
#4059 = CARTESIAN_POINT ( 'NONE',  ( 13.00000000000000000, -36.93749999999999289, -5.384776310850237557 ) ) ;
#4060 = CARTESIAN_POINT ( 'NONE',  ( 5.160562509537679254, -38.37501970071234325, -12.45870000000000211 ) ) ;
#4061 = CARTESIAN_POINT ( 'NONE',  ( 9.064061268091114343, 2.634661696066526428E-18, -5.307108392841270117 ) ) ;
#4062 = ORIENTED_EDGE ( 'NONE', *, *, #3328, .F. ) ;
#4063 = EDGE_CURVE ( 'NONE', #5596, #9, #5024, .T. ) ;
#4064 = CARTESIAN_POINT ( 'NONE',  ( 10.45870000000000211, -9.125019700712343251, 4.332135384791487631 ) ) ;
#4065 = CARTESIAN_POINT ( 'NONE',  ( -12.45870000000000033, -38.81251970071233615, 0.000000000000000000 ) ) ;
#4066 = CARTESIAN_POINT ( 'NONE',  ( 9.192388155425119223, -41.00003940142468650, 9.192388155425115670 ) ) ;
#4067 = CARTESIAN_POINT ( 'NONE',  ( -12.45870000000000211, -36.87501970071235036, -5.160562509537680143 ) ) ;
#4068 = CARTESIAN_POINT ( 'NONE',  ( 7.395417692395743536, -0.6875197007123434734, -7.395417692395744425 ) ) ;
#4069 = CARTESIAN_POINT ( 'NONE',  ( -10.89999999999999858, -5.754804374505724240, 4.514927829866743458 ) ) ;
#4070 = ORIENTED_EDGE ( 'NONE', *, *, #4315, .T. ) ;
#4071 = CARTESIAN_POINT ( 'NONE',  ( 10.45870000000000033, -6.812519700712343251, -1.280821347824242272E-15 ) ) ;
#4072 = CARTESIAN_POINT ( 'NONE',  ( 4.332135384791495625, -6.250019700712343251, 10.45870000000000033 ) ) ;
#4073 = CARTESIAN_POINT ( 'NONE',  ( 4.556349186104051263, -8.687500000000000000, 10.99999999999999822 ) ) ;
#4074 = CARTESIAN_POINT ( 'NONE',  ( -4.332135384791492072, -5.375019700712343251, 10.45870000000000033 ) ) ;
#4075 = CARTESIAN_POINT ( 'NONE',  ( 4.304930235654973458, -33.50000000000000000, 11.71457131761723858 ) ) ;
#4076 = DIRECTION ( 'NONE',  ( -0.000000000000000000, -1.000000000000000000, -0.000000000000000000 ) ) ;
#4077 = CARTESIAN_POINT ( 'NONE',  ( -6.674325055353075238E-16, -5.307735026918963150, -10.90000000000000036 ) ) ;
#4078 = DIRECTION ( 'NONE',  ( 0.000000000000000000, 1.000000000000000000, 0.000000000000000000 ) ) ;
#4079 = CARTESIAN_POINT ( 'NONE',  ( 10.45870000000000033, -9.750019700712343251, -4.332135384791490296 ) ) ;
#4080 = CARTESIAN_POINT ( 'NONE',  ( -7.628753538268564813E-16, -37.31251970071233615, -12.45870000000000033 ) ) ;
#4081 = CARTESIAN_POINT ( 'NONE',  ( 2.002297516605922276E-15, -9.807735026918964039, 10.90000000000000036 ) ) ;
#4082 = CARTESIAN_POINT ( 'NONE',  ( 7.395417692395743536, 0.06248029928765657520, -7.395417692395744425 ) ) ;
#4083 = CARTESIAN_POINT ( 'NONE',  ( 7.707463914933367022, -4.432735026918963150, -7.707463914933368798 ) ) ;
#4084 = CARTESIAN_POINT ( 'NONE',  ( -7.707463914933368798, -0.9423043745057243514, -7.707463914933368798 ) ) ;
#4085 = CARTESIAN_POINT ( 'NONE',  ( 4.556349186104051263, -1.562539401424686059, 10.99999999999999822 ) ) ;
#4086 = FACE_BOUND ( 'NONE', #5133, .T. ) ;
#4087 = CARTESIAN_POINT ( 'NONE',  ( -5.160562509537681031, -36.25001970071234325, -12.45870000000000211 ) ) ;
#4088 = CARTESIAN_POINT ( 'NONE',  ( -4.332135384791492072, -10.12501970071234503, 10.45870000000000033 ) ) ;
#4089 = ORIENTED_EDGE ( 'NONE', *, *, #4704, .F. ) ;
#4090 = CARTESIAN_POINT ( 'NONE',  ( -6.674325055353075238E-16, -8.067304374505724240, -10.90000000000000036 ) ) ;
#4091 = CARTESIAN_POINT ( 'NONE',  ( 1.921232021736363210E-15, -9.312519700712343251, 10.45870000000000033 ) ) ;
#4092 = CARTESIAN_POINT ( 'NONE',  ( -8.809631254768840236, -38.93751970071233615, -8.809631254768840236 ) ) ;
#4093 = CARTESIAN_POINT ( 'NONE',  ( 9.192388155425119223, -42.00003940142468650, 9.192388155425115670 ) ) ;
#4094 = CARTESIAN_POINT ( 'NONE',  ( 5.160562509537679254, -39.12501970071233615, -12.45870000000000211 ) ) ;
#4095 = CARTESIAN_POINT ( 'NONE',  ( 9.181781553707319077, -41.88366025403784221, -9.181781553707320853 ) ) ;
#4096 = CARTESIAN_POINT ( 'NONE',  ( 10.45870000000000033, -0.8125197007123435844, -1.280821347824242272E-15 ) ) ;
#4097 = DIRECTION ( 'NONE',  ( 1.000000000000000000, 0.000000000000000000, 0.000000000000000000 ) ) ;
#4098 = VERTEX_POINT ( 'NONE', #645 ) ;
#4099 = CARTESIAN_POINT ( 'NONE',  ( 10.45870000000000033, -7.750019700712344140, -4.332135384791490296 ) ) ;
#4100 = LINE ( 'NONE', #4964, #3484 ) ;
#4101 = CARTESIAN_POINT ( 'NONE',  ( -12.45870000000000388, -36.87501970071234325, -5.160562509537680143 ) ) ;
#4102 = EDGE_CURVE ( 'NONE', #1857, #5637, #3681, .T. ) ;
#4103 = CARTESIAN_POINT ( 'NONE',  ( -4.332135384791492072, -7.375019700712343251, 10.45870000000000033 ) ) ;
#4104 = CARTESIAN_POINT ( 'NONE',  ( -10.99999999999999822, -7.937500000000002665, 4.556349186104052151 ) ) ;
#4105 = CARTESIAN_POINT ( 'NONE',  ( -12.45870000000000211, -40.87501970071234325, -5.160562509537680143 ) ) ;
#4106 = CYLINDRICAL_SURFACE ( 'NONE', #497, 10.90000000000000036 ) ;
#4107 = LINE ( 'NONE', #109, #4039 ) ;
#4108 = EDGE_CURVE ( 'NONE', #969, #3950, #5387, .T. ) ;
#4109 = CARTESIAN_POINT ( 'NONE',  ( 5.160562509537688136, -36.75001970071233615, 12.45869999999999855 ) ) ;
#4110 = CARTESIAN_POINT ( 'NONE',  ( 8.809631254768838460, -34.18751970071234325, -8.809631254768840236 ) ) ;
#4111 = CARTESIAN_POINT ( 'NONE',  ( -4.332135384791490296, -9.500019700712343251, -10.45870000000000033 ) ) ;
#4112 = CARTESIAN_POINT ( 'NONE',  ( 5.160562509537679254, -36.37501970071234325, -12.45870000000000388 ) ) ;
#4113 = DIRECTION ( 'NONE',  ( 0.000000000000000000, 1.000000000000000000, 0.000000000000000000 ) ) ;
#4114 = CARTESIAN_POINT ( 'NONE',  ( 10.45870000000000211, -1.875019700712343473, 4.332135384791487631 ) ) ;
#4115 =( BOUNDED_CURVE ( )  B_SPLINE_CURVE ( 2, ( #2481, #3353, #1633, #1121, #3867, #2982, #2925, #1601, #3381 ),
 .UNSPECIFIED., .F., .T. ) 
 B_SPLINE_CURVE_WITH_KNOTS ( ( 3, 2, 2, 2, 3 ),
 ( 0.7954545454545453032, 0.8068181818181817677, 0.8181818181818181213, 0.8295454545454545858, 0.8409090909090909394 ),
 .UNSPECIFIED. ) 
 CURVE ( )  GEOMETRIC_REPRESENTATION_ITEM ( )  RATIONAL_B_SPLINE_CURVE ( ( 1.000000000000000666, 0.9238795325112859613, 1.000000000000000000, 0.9238795325112867385, 1.000000000000000000, 0.9238795325112867385, 1.000000000000000000, 0.9238795325112867385, 1.000000000000000000 ) ) 
 REPRESENTATION_ITEM ( '' )  );
#4116 = CARTESIAN_POINT ( 'NONE',  ( -4.556349186104045934, -10.06253940142468650, -11.00000000000000000 ) ) ;
#4117 = CARTESIAN_POINT ( 'NONE',  ( -6.674325055353075238E-16, -4.307735026918963150, -10.90000000000000036 ) ) ;
#4118 = FACE_OUTER_BOUND ( 'NONE', #718, .T. ) ;
#4119 = CARTESIAN_POINT ( 'NONE',  ( -11.00000000000000000, 0.1249605985753140108, 0.000000000000000000 ) ) ;
#4120 = CARTESIAN_POINT ( 'NONE',  ( 4.332135384791495625, -10.00001970071234503, 10.45870000000000033 ) ) ;
#4121 = ORIENTED_EDGE ( 'NONE', *, *, #3107, .T. ) ;
#4122 = CARTESIAN_POINT ( 'NONE',  ( 12.98499999999999943, -33.86637914738684429, -1.590203868692838131E-15 ) ) ;
#4123 = CARTESIAN_POINT ( 'NONE',  ( 12.45870000000000211, -38.37501970071234325, 5.160562509537678366 ) ) ;
#4124 = CARTESIAN_POINT ( 'NONE',  ( -13.00000000000000000, -42.43753940142468650, -5.384776310850237557 ) ) ;
#4125 = CARTESIAN_POINT ( 'NONE',  ( 12.45870000000000211, -36.37501970071234325, 5.160562509537678366 ) ) ;
#4126 = CARTESIAN_POINT ( 'NONE',  ( 9.181781553707322630, -35.13366025403784931, 9.181781553707319077 ) ) ;
#4127 = CARTESIAN_POINT ( 'NONE',  ( -4.332135384791492072, -1.125019700712343695, 10.45870000000000033 ) ) ;
#4128 = ORIENTED_EDGE ( 'NONE', *, *, #3271, .F. ) ;
#4129 = DIRECTION ( 'NONE',  ( 0.000000000000000000, 1.000000000000000000, 0.000000000000000000 ) ) ;
#4130 = CIRCLE ( 'NONE', #2744, 8.000000000000000000 ) ;
#4131 = CARTESIAN_POINT ( 'NONE',  ( -12.45869999999999855, -40.00001970071234325, 5.160562509537689024 ) ) ;
#4132 = CARTESIAN_POINT ( 'NONE',  ( 4.769126492209386114, -33.50000000000000000, 11.50976273392751636 ) ) ;
#4133 = CARTESIAN_POINT ( 'NONE',  ( 12.45870000000000033, -40.31251970071234325, -1.525750707653712963E-15 ) ) ;
#4134 = DIRECTION ( 'NONE',  ( 0.000000000000000000, 1.000000000000000000, 0.000000000000000000 ) ) ;
#4135 = CARTESIAN_POINT ( 'NONE',  ( 10.45870000000000033, -7.062519700712343251, -1.280821347824242272E-15 ) ) ;
#4136 = DIRECTION ( 'NONE',  ( 0.000000000000000000, 1.000000000000000000, 0.000000000000000000 ) ) ;
#4137 = CARTESIAN_POINT ( 'NONE',  ( -12.45870000000000033, -42.81251970071234325, 0.000000000000000000 ) ) ;
#4138 = DIRECTION ( 'NONE',  ( 0.000000000000000000, 1.000000000000000000, 0.000000000000000000 ) ) ;
#4139 = EDGE_LOOP ( 'NONE', ( #4643, #1567, #4833, #2735 ) ) ;
#4140 = EDGE_CURVE ( 'NONE', #3661, #3796, #3314, .T. ) ;
#4141 = CARTESIAN_POINT ( 'NONE',  ( -10.89999999999999858, -9.995235026918964039, 4.514927829866743458 ) ) ;
#4142 = CARTESIAN_POINT ( 'NONE',  ( -4.332135384791492072, -1.375019700712343473, 10.45870000000000033 ) ) ;
#4143 = CIRCLE ( 'NONE', #2008, 12.98499999999999943 ) ;
#4144 = CARTESIAN_POINT ( 'NONE',  ( 12.45870000000000033, -34.31251970071234325, -1.525750707653712963E-15 ) ) ;
#4145 = CARTESIAN_POINT ( 'NONE',  ( 10.45870000000000033, -8.750019700712345028, -4.332135384791490296 ) ) ;
#4146 = CARTESIAN_POINT ( 'NONE',  ( 2.288626061480569049E-15, -35.81251970071234325, 12.45870000000000033 ) ) ;
#4147 = VECTOR ( 'NONE', #688, 1000.000000000000000 ) ;
#4148 = ADVANCED_FACE ( 'NONE', ( #759, #2120 ), #348, .T. ) ;
#4149 = CARTESIAN_POINT ( 'NONE',  ( -6.674325055353075238E-16, -1.067304374505724240, -10.90000000000000036 ) ) ;
#4150 = DIRECTION ( 'NONE',  ( 0.000000000000000000, -0.000000000000000000, 1.000000000000000000 ) ) ;
#4151 = CARTESIAN_POINT ( 'NONE',  ( -4.556349186104045934, -2.062539401424686503, -11.00000000000000000 ) ) ;
#4152 = CARTESIAN_POINT ( 'NONE',  ( -2.772968783788093194, -2.623200240681211382E-17, -10.49957464532173645 ) ) ;
#4153 = VERTEX_POINT ( 'NONE', #5678 ) ;
#4154 = CARTESIAN_POINT ( 'NONE',  ( 2.288626061480569049E-15, -36.56251970071233615, 12.45870000000000033 ) ) ;
#4155 = CARTESIAN_POINT ( 'NONE',  ( -9.192388155425117446, -42.50003940142468650, -9.192388155425117446 ) ) ;
#4156 = CARTESIAN_POINT ( 'NONE',  ( -8.809631254768840236, -36.93751970071233615, -8.809631254768840236 ) ) ;
#4157 = CARTESIAN_POINT ( 'NONE',  ( 10.90000000000000036, -1.557735026918962484, -1.334865011070615048E-15 ) ) ;
#4158 = FACE_OUTER_BOUND ( 'NONE', #4388, .T. ) ;
#4159 = ORIENTED_EDGE ( 'NONE', *, *, #2173, .T. ) ;
#4160 = APPROVAL_DATE_TIME ( #5421, #1363 ) ;
#4161 = CARTESIAN_POINT ( 'NONE',  ( -5.160562509537681031, -40.25001970071234325, -12.45870000000000211 ) ) ;
#4162 = CARTESIAN_POINT ( 'NONE',  ( 4.332135384791488519, -8.625019700712343251, -10.45870000000000033 ) ) ;
#4163 = CARTESIAN_POINT ( 'NONE',  ( 5.378563107414719546, -35.82116025403785642, -12.98499999999991772 ) ) ;
#4164 = CARTESIAN_POINT ( 'NONE',  ( -5.160562509537681031, -40.00001970071234325, -12.45870000000000388 ) ) ;
#4165 = CARTESIAN_POINT ( 'NONE',  ( 7.395417692395746201, -7.187519700712343251, 7.395417692395743536 ) ) ;
#4166 = CARTESIAN_POINT ( 'NONE',  ( -7.778174593052020747, -9.875000000000001776, 7.778174593052023411 ) ) ;
#4167 = CARTESIAN_POINT ( 'NONE',  ( 12.45870000000000211, -43.37501970071235036, 5.160562509537678366 ) ) ;
#4168 = CARTESIAN_POINT ( 'NONE',  ( -9.181781553707317300, -41.38366025403784221, 9.181781553707322630 ) ) ;
#4169 = CARTESIAN_POINT ( 'NONE',  ( -5.378563107414882083, -35.55387914738684429, -12.98499999999975785 ) ) ;
#4170 = CARTESIAN_POINT ( 'NONE',  ( -5.160562509537681031, -40.25001970071234325, -12.45870000000000211 ) ) ;
#4171 = DIRECTION ( 'NONE',  ( 0.000000000000000000, 1.000000000000000000, 0.000000000000000000 ) ) ;
#4172 = CARTESIAN_POINT ( 'NONE',  ( 10.45870000000000211, -9.875019700712345028, 4.332135384791487631 ) ) ;
#4173 = CARTESIAN_POINT ( 'NONE',  ( 9.192388155425119223, -39.12500000000000000, 9.192388155425115670 ) ) ;
#4174 = CARTESIAN_POINT ( 'NONE',  ( -8.809631254768838460, -39.93751970071234325, 8.809631254768842012 ) ) ;
#4175 = CARTESIAN_POINT ( 'NONE',  ( 4.332135384791495625, -2.000019700712343695, 10.45870000000000033 ) ) ;
#4176 = CARTESIAN_POINT ( 'NONE',  ( -4.514927829866731024, -1.004804374505724462, -10.90000000000000391 ) ) ;
#4177 = CARTESIAN_POINT ( 'NONE',  ( 11.00000000000000000, -3.375039401424686059, -1.347111479062088405E-15 ) ) ;
#4178 = EDGE_CURVE ( 'NONE', #528, #4753, #768, .T. ) ;
#4179 = LINE ( 'NONE', #5496, #4052 ) ;
#4180 = ORIENTED_EDGE ( 'NONE', *, *, #5546, .T. ) ;
#4181 = CARTESIAN_POINT ( 'NONE',  ( 4.556349186104051263, -5.562539401424685614, 10.99999999999999822 ) ) ;
#4182 = CARTESIAN_POINT ( 'NONE',  ( 5.160562509537679254, -37.12501970071234325, -12.45870000000000211 ) ) ;
#4183 = CARTESIAN_POINT ( 'NONE',  ( 5.384776310850242886, -43.06253940142469361, 12.99999999999999645 ) ) ;
#4184 = EDGE_CURVE ( 'NONE', #977, #4860, #595, .T. ) ;
#4185 = CARTESIAN_POINT ( 'NONE',  ( 8.809631254768842012, -42.43751970071234325, 8.809631254768838460 ) ) ;
#4186 =( BOUNDED_CURVE ( )  B_SPLINE_CURVE ( 2, ( #1711, #789, #2269, #3607, #841, #4819, #3062, #4385, #2674 ),
 .UNSPECIFIED., .F., .F. ) 
 B_SPLINE_CURVE_WITH_KNOTS ( ( 3, 2, 2, 2, 3 ),
 ( 0.1136363636363637436, 0.1250000000000002776, 0.1363636363636367976, 0.1477272727272733177, 0.1590909090909098655 ),
 .UNSPECIFIED. ) 
 CURVE ( )  GEOMETRIC_REPRESENTATION_ITEM ( )  RATIONAL_B_SPLINE_CURVE ( ( 0.9999999999999993339, 0.9238795325112874046, 1.000000000000000000, 0.9238795325112867385, 1.000000000000000000, 0.9238795325112867385, 1.000000000000000000, 0.9238795325112812984, 1.000000000000005329 ) ) 
 REPRESENTATION_ITEM ( '' )  );
#4187 = CARTESIAN_POINT ( 'NONE',  ( 7.707463914933367022, -7.432735026918963150, -7.707463914933368798 ) ) ;
#4188 = CARTESIAN_POINT ( 'NONE',  ( -4.332135384791492072, -0.1250197007123435844, 10.45870000000000033 ) ) ;
#4189 = ORIENTED_EDGE ( 'NONE', *, *, #5051, .T. ) ;
#4190 = APPLICATION_PROTOCOL_DEFINITION ( 'international standard', 'config_control_design', 1994, #5710 ) ;
#4191 = CARTESIAN_POINT ( 'NONE',  ( -8.809631254768838460, -39.93751970071234325, 8.809631254768842012 ) ) ;
#4192 = CARTESIAN_POINT ( 'NONE',  ( -5.378563107414723099, -38.69616025403784221, -12.98499999999991772 ) ) ;
#4193 = CARTESIAN_POINT ( 'NONE',  ( 9.181781553707322630, -36.13366025403784931, 9.181781553707319077 ) ) ;
#4194 = CARTESIAN_POINT ( 'NONE',  ( -10.45870000000000033, -9.625019700712345028, -4.332135384791489408 ) ) ;
#4195 = CARTESIAN_POINT ( 'NONE',  ( -4.556349186104047710, -9.812500000000001776, 10.99999999999999822 ) ) ;
#4196 = CARTESIAN_POINT ( 'NONE',  ( 5.160562509537688136, -41.50001970071234325, 12.45869999999999855 ) ) ;
#4197 = CARTESIAN_POINT ( 'NONE',  ( -12.98499999999999943, -39.36637914738683719, 0.000000000000000000 ) ) ;
#4198 = ORIENTED_EDGE ( 'NONE', *, *, #1750, .T. ) ;
#4199 = CARTESIAN_POINT ( 'NONE',  ( -7.707463914933366134, -8.932735026918962262, 7.707463914933369686 ) ) ;
#4200 = CARTESIAN_POINT ( 'NONE',  ( 8.809631254768838460, -40.43751970071234325, -8.809631254768840236 ) ) ;
#4201 = CARTESIAN_POINT ( 'NONE',  ( 12.45870000000000388, -35.37501970071234325, 5.160562509537677478 ) ) ;
#4202 = CARTESIAN_POINT ( 'NONE',  ( -10.45870000000000033, -7.375019700712344140, -4.332135384791489408 ) ) ;
#4203 = CARTESIAN_POINT ( 'NONE',  ( 13.00000000000000533, -37.06250000000000000, 5.384776310850233116 ) ) ;
#4204 = CARTESIAN_POINT ( 'NONE',  ( -8.809631254768838460, -41.93751970071234325, 8.809631254768842012 ) ) ;
#4205 = CARTESIAN_POINT ( 'NONE',  ( -7.778174593052023411, -4.000039401424686503, -7.778174593052023411 ) ) ;
#4206 = DIRECTION ( 'NONE',  ( 0.000000000000000000, 1.000000000000000000, 0.000000000000000000 ) ) ;
#4207 = ORIENTED_EDGE ( 'NONE', *, *, #3220, .T. ) ;
#4208 = ORIENTED_EDGE ( 'NONE', *, *, #2150, .T. ) ;
#4209 = ADVANCED_FACE ( 'NONE', ( #3890 ), #3591, .T. ) ;
#4210 = CARTESIAN_POINT ( 'NONE',  ( 12.45870000000000211, -40.25001970071234325, -5.160562509537681031 ) ) ;
#4211 = CARTESIAN_POINT ( 'NONE',  ( 2.388061258337338544E-15, -34.12503940142468650, 13.00000000000000000 ) ) ;
#4212 = CARTESIAN_POINT ( 'NONE',  ( -5.160562509537681031, -42.00001970071233615, -12.45870000000000211 ) ) ;
#4213 = CARTESIAN_POINT ( 'NONE',  ( -8.648606291731537610, -33.50000000000000000, -9.685650944083297631 ) ) ;
#4214 = CARTESIAN_POINT ( 'NONE',  ( -10.45870000000000033, -1.312519700712343473, 0.000000000000000000 ) ) ;
#4215 = EDGE_LOOP ( 'NONE', ( #2195, #126, #4972, #775 ) ) ;
#4216 = ADVANCED_FACE ( 'NONE', ( #5661 ), #5569, .T. ) ;
#4217 = CARTESIAN_POINT ( 'NONE',  ( 1.457329690985350393E-15, -260.8000000000000114, -11.90000000000000036 ) ) ;
#4218 = CARTESIAN_POINT ( 'NONE',  ( 1.921232021736363210E-15, -9.062519700712343251, 10.45870000000000033 ) ) ;
#4219 = CARTESIAN_POINT ( 'NONE',  ( -5.160562509537682807, -40.62501970071233615, 12.45870000000000033 ) ) ;
#4220 =( BOUNDED_CURVE ( )  B_SPLINE_CURVE ( 2, ( #4597, #3755, #566, #2370, #4197, #2338, #1036, #3734, #3249 ),
 .UNSPECIFIED., .F., .F. ) 
 B_SPLINE_CURVE_WITH_KNOTS ( ( 3, 2, 2, 2, 3 ),
 ( 0.4318181818181828224, 0.4431818181818192870, 0.4545454545454556405, 0.4659090909090919941, 0.4772727272727283476 ),
 .UNSPECIFIED. ) 
 CURVE ( )  GEOMETRIC_REPRESENTATION_ITEM ( )  RATIONAL_B_SPLINE_CURVE ( ( 0.9999999999999928946, 0.9238795325112938439, 1.000000000000000000, 0.9238795325112867385, 1.000000000000000000, 0.9238795325112867385, 1.000000000000000000, 0.9238795325112796331, 1.000000000000007105 ) ) 
 REPRESENTATION_ITEM ( '' )  );
#4221 = CARTESIAN_POINT ( 'NONE',  ( 1.921232021736363210E-15, -0.06251970071234354276, 10.45870000000000033 ) ) ;
#4222 = CARTESIAN_POINT ( 'NONE',  ( 7.707463914933367022, -5.432735026918963150, -7.707463914933368798 ) ) ;
#4223 = CARTESIAN_POINT ( 'NONE',  ( 7.707463914933366134, -0.1923043745057242404, -7.707463914933368798 ) ) ;
#4224 = CARTESIAN_POINT ( 'NONE',  ( 2.002297516605922276E-15, -6.567304374505723352, 10.90000000000000036 ) ) ;
#4225 = ORIENTED_EDGE ( 'NONE', *, *, #5472, .F. ) ;
#4226 = CARTESIAN_POINT ( 'NONE',  ( 2.385305803039257098E-15, -37.11637914738683719, 12.98499999999999943 ) ) ;
#4227 = CARTESIAN_POINT ( 'NONE',  ( -8.809631254768838460, -41.93751970071234325, 8.809631254768842012 ) ) ;
#4228 = CARTESIAN_POINT ( 'NONE',  ( 7.395417692395746201, -0.1875197007123434456, 7.395417692395743536 ) ) ;
#4229 = AXIS2_PLACEMENT_3D ( 'NONE', #3910, #5208, #2238 ) ;
#4230 = CARTESIAN_POINT ( 'NONE',  ( -4.556349186104047710, -1.812500000000001110, 10.99999999999999822 ) ) ;
#4231 = CARTESIAN_POINT ( 'NONE',  ( 13.00000000000000000, -39.93750000000000711, -5.384776310850237557 ) ) ;
#4232 = CARTESIAN_POINT ( 'NONE',  ( -5.160562509537681031, -41.25001970071234325, -12.45870000000000388 ) ) ;
#4233 = CARTESIAN_POINT ( 'NONE',  ( 4.514927829866742570, -1.504804374505724240, 10.89999999999999858 ) ) ;
#4234 = CARTESIAN_POINT ( 'NONE',  ( 0.000000000000000000, -57.50000000000000000, 0.000000000000000000 ) ) ;
#4235 = CARTESIAN_POINT ( 'NONE',  ( -7.778174593052020747, -4.750039401424686503, 7.778174593052023411 ) ) ;
#4236 = VECTOR ( 'NONE', #4475, 1000.000000000000000 ) ;
#4237 = ORIENTED_EDGE ( 'NONE', *, *, #4840, .T. ) ;
#4238 = CIRCLE ( 'NONE', #1911, 11.98499999999999943 ) ;
#4239 = CARTESIAN_POINT ( 'NONE',  ( 13.00000000000000533, -34.93753940142468650, 5.384776310850233116 ) ) ;
#4240 = CARTESIAN_POINT ( 'NONE',  ( -12.45869999999999855, -40.75001970071234325, 5.160562509537689024 ) ) ;
#4241 = CARTESIAN_POINT ( 'NONE',  ( 5.378563107414931821, -34.82116025403784931, -12.98499999999970633 ) ) ;
#4242 = CARTESIAN_POINT ( 'NONE',  ( -10.45870000000000033, -4.375019700712345916, -4.332135384791489408 ) ) ;
#4243 = VERTEX_POINT ( 'NONE', #2958 ) ;
#4244 = CARTESIAN_POINT ( 'NONE',  ( 12.45870000000000033, -42.56251970071234325, -1.525750707653712963E-15 ) ) ;
#4245 = CARTESIAN_POINT ( 'NONE',  ( -10.45870000000000033, -4.250019700712345028, 4.332135384791498289 ) ) ;
#4246 = CARTESIAN_POINT ( 'NONE',  ( 10.45870000000000033, -9.750019700712343251, -4.332135384791490296 ) ) ;
#4247 = CARTESIAN_POINT ( 'NONE',  ( 12.45870000000000388, -39.37501970071233615, 5.160562509537677478 ) ) ;
#4248 = CARTESIAN_POINT ( 'NONE',  ( -4.332135384791490296, 0.4999802992876564156, -10.45870000000000033 ) ) ;
#4249 = CARTESIAN_POINT ( 'NONE',  ( 4.514927829866736353, -5.370235026918964039, -10.90000000000000036 ) ) ;
#4250 = EDGE_CURVE ( 'NONE', #1549, #2250, #1019, .T. ) ;
#4251 = CARTESIAN_POINT ( 'NONE',  ( 11.43217321901175687, -264.0000000000000000, 5.645167445745993717 ) ) ;
#4252 = ORIENTED_EDGE ( 'NONE', *, *, #2799, .T. ) ;
#4253 = FACE_OUTER_BOUND ( 'NONE', #997, .T. ) ;
#4254 = CARTESIAN_POINT ( 'NONE',  ( 10.45870000000000033, -0.06251970071234343174, -1.280821347824242272E-15 ) ) ;
#4255 = CARTESIAN_POINT ( 'NONE',  ( 4.556349186104051263, -0.6875000000000007772, 10.99999999999999822 ) ) ;
#4256 = CARTESIAN_POINT ( 'NONE',  ( 4.332135384791495625, -0.2500197007123433623, 10.45870000000000033 ) ) ;
#4257 = CARTESIAN_POINT ( 'NONE',  ( 0.000000000000000000, -33.50000000000000000, 0.000000000000000000 ) ) ;
#4258 = CARTESIAN_POINT ( 'NONE',  ( -8.809631254768838460, -38.93751970071233615, 8.809631254768842012 ) ) ;
#4259 = DIRECTION ( 'NONE',  ( 0.000000000000000000, 1.000000000000000000, 0.000000000000000000 ) ) ;
#4260 = CARTESIAN_POINT ( 'NONE',  ( -4.514927829866685727, -6.245235026918964927, -10.90000000000005187 ) ) ;
#4261 = VERTEX_POINT ( 'NONE', #2743 ) ;
#4262 = CARTESIAN_POINT ( 'NONE',  ( -13.00000000000000000, -33.43753940142468650, -5.384776310850237557 ) ) ;
#4263 = CARTESIAN_POINT ( 'NONE',  ( -7.628753538268564813E-16, -42.06251970071234325, -12.45870000000000033 ) ) ;
#4264 = DIRECTION ( 'NONE',  ( 0.000000000000000000, 1.000000000000000000, 0.000000000000000000 ) ) ;
#4265 = FACE_OUTER_BOUND ( 'NONE', #2443, .T. ) ;
#4266 = CARTESIAN_POINT ( 'NONE',  ( -7.395417692395744425, -2.437519700712343695, -7.395417692395744425 ) ) ;
#4267 = CARTESIAN_POINT ( 'NONE',  ( -12.98499999999999943, -36.57116025403784221, -5.378563107414639610 ) ) ;
#4268 = ORIENTED_EDGE ( 'NONE', *, *, #3043, .F. ) ;
#4269 = CARTESIAN_POINT ( 'NONE',  ( -12.45869999999999855, -41.00001970071234325, 5.160562509537689024 ) ) ;
#4270 = CARTESIAN_POINT ( 'NONE',  ( -12.98499999999999943, -38.50866025403784221, 0.000000000000000000 ) ) ;
#4271 = CARTESIAN_POINT ( 'NONE',  ( -12.45870000000000033, -43.81251970071234325, 0.000000000000000000 ) ) ;
#4272 = CARTESIAN_POINT ( 'NONE',  ( -5.378563107414962019, -40.55387914738683719, -12.98499999999967613 ) ) ;
#4273 = CARTESIAN_POINT ( 'NONE',  ( -10.18769878122403050, 9.507880860424734873E-17, 3.875666851400715984 ) ) ;
#4274 = ORIENTED_EDGE ( 'NONE', *, *, #3782, .F. ) ;
#4275 = CARTESIAN_POINT ( 'NONE',  ( -7.707463914933368798, -7.942304374505724240, -7.707463914933368798 ) ) ;
#4276 = EDGE_CURVE ( 'NONE', #2992, #3668, #2813, .T. ) ;
#4277 = CARTESIAN_POINT ( 'NONE',  ( 12.98499999999999943, -43.80387914738683719, -5.378563107414641387 ) ) ;
#4278 = CARTESIAN_POINT ( 'NONE',  ( 1.921232021736363210E-15, -1.312519700712343473, 10.45870000000000033 ) ) ;
#4279 = CARTESIAN_POINT ( 'NONE',  ( 7.778174593052021635, -2.375000000000000888, -7.778174593052023411 ) ) ;
#4280 = CARTESIAN_POINT ( 'NONE',  ( 10.45870000000000211, -0.1250197007123434734, 4.332135384791487631 ) ) ;
#4281 = ORIENTED_EDGE ( 'NONE', *, *, #3433, .T. ) ;
#4282 = CARTESIAN_POINT ( 'NONE',  ( 6.428832560393211715, -2.392766584739611882E-17, 8.362262766908420630 ) ) ;
#4283 = CARTESIAN_POINT ( 'NONE',  ( -8.809631254768838460, -40.93751970071234325, 8.809631254768842012 ) ) ;
#4284 = CARTESIAN_POINT ( 'NONE',  ( -12.98499999999999410, -37.30387914738685140, 5.378563107414648492 ) ) ;
#4285 = ADVANCED_FACE ( 'NONE', ( #384, #825 ), #47, .T. ) ;
#4286 = CARTESIAN_POINT ( 'NONE',  ( -12.45870000000000033, -36.06251970071234325, 0.000000000000000000 ) ) ;
#4287 = CARTESIAN_POINT ( 'NONE',  ( -4.556349186104047710, -3.687539401424686059, 10.99999999999999822 ) ) ;
#4288 = CARTESIAN_POINT ( 'NONE',  ( 1.590203868692838131E-15, -228.9999999999999716, -12.98499999999999943 ) ) ;
#4289 = CARTESIAN_POINT ( 'NONE',  ( 1.921232021736363210E-15, -6.312519700712343251, 10.45870000000000033 ) ) ;
#4290 = ORIENTED_EDGE ( 'NONE', *, *, #4315, .F. ) ;
#4291 = CARTESIAN_POINT ( 'NONE',  ( -9.192388155425117446, -35.50003940142468650, -9.192388155425117446 ) ) ;
#4292 = CARTESIAN_POINT ( 'NONE',  ( 12.45870000000000033, -42.31251970071234325, -1.525750707653712963E-15 ) ) ;
#4293 = CARTESIAN_POINT ( 'NONE',  ( 0.000000000000000000, -57.50000000000000000, 12.98499999999999943 ) ) ;
#4294 = CARTESIAN_POINT ( 'NONE',  ( 5.160562509537688136, -33.75001970071234325, 12.45869999999999855 ) ) ;
#4295 = CARTESIAN_POINT ( 'NONE',  ( 7.395417692395746201, -1.937519700712343473, 7.395417692395743536 ) ) ;
#4296 = ORIENTED_EDGE ( 'NONE', *, *, #1000, .T. ) ;
#4297 = PERSON_AND_ORGANIZATION ( #650, #3864 ) ;
#4298 = CARTESIAN_POINT ( 'NONE',  ( 10.45870000000000033, -2.062519700712343695, -1.280821347824242272E-15 ) ) ;
#4299 = CARTESIAN_POINT ( 'NONE',  ( -10.45870000000000033, -10.25001970071234503, 4.332135384791498289 ) ) ;
#4300 = CARTESIAN_POINT ( 'NONE',  ( -7.395417692395744425, 0.5624802992876565266, -7.395417692395744425 ) ) ;
#4301 = CARTESIAN_POINT ( 'NONE',  ( 0.000000000000000000, -258.8000000000000114, 0.000000000000000000 ) ) ;
#4302 = CARTESIAN_POINT ( 'NONE',  ( -12.98499999999999943, -34.50866025403784931, 0.000000000000000000 ) ) ;
#4303 = ORIENTED_EDGE ( 'NONE', *, *, #5445, .F. ) ;
#4304 = CARTESIAN_POINT ( 'NONE',  ( -6.404106739121211359E-16, -1.812519700712343695, -10.45870000000000033 ) ) ;
#4305 = CARTESIAN_POINT ( 'NONE',  ( 7.778174593052023411, -0.6250000000000009992, 7.778174593052021635 ) ) ;
#4306 = CARTESIAN_POINT ( 'NONE',  ( 2.002297516605922276E-15, -0.5673043745057243514, 10.90000000000000036 ) ) ;
#4307 = EDGE_LOOP ( 'NONE', ( #295, #2050, #576, #1734 ) ) ;
#4308 = CARTESIAN_POINT ( 'NONE',  ( 9.192388155425119223, -42.12500000000000000, 9.192388155425115670 ) ) ;
#4309 = EDGE_CURVE ( 'NONE', #1149, #213, #5307, .T. ) ;
#4310 = CARTESIAN_POINT ( 'NONE',  ( -12.45869999999999855, -43.00001970071234325, 5.160562509537688136 ) ) ;
#4311 = DIRECTION ( 'NONE',  ( 0.000000000000000000, 1.000000000000000000, 0.000000000000000000 ) ) ;
#4312 = CARTESIAN_POINT ( 'NONE',  ( -6.404106739121211359E-16, -0.5625197007123435844, -10.45870000000000033 ) ) ;
#4313 = AXIS2_PLACEMENT_3D ( 'NONE', #2319, #4983, #3595 ) ;
#4314 = CARTESIAN_POINT ( 'NONE',  ( 12.45870000000000211, -34.50001970071234325, -5.160562509537681031 ) ) ;
#4315 = EDGE_CURVE ( 'NONE', #845, #2859, #4985, .T. ) ;
#4316 = CARTESIAN_POINT ( 'NONE',  ( 2.002297516605922276E-15, -6.807735026918963150, 10.90000000000000036 ) ) ;
#4317 = CARTESIAN_POINT ( 'NONE',  ( 7.395417692395746201, -9.187519700712343251, 7.395417692395743536 ) ) ;
#4318 = CIRCLE ( 'NONE', #4863, 8.000000000000000000 ) ;
#4319 = ORIENTED_EDGE ( 'NONE', *, *, #1366, .T. ) ;
#4320 = CARTESIAN_POINT ( 'NONE',  ( -7.778174593052020747, -8.750039401424686503, 7.778174593052023411 ) ) ;
#4321 = CARTESIAN_POINT ( 'NONE',  ( 12.45870000000000211, -40.37501970071234325, 5.160562509537678366 ) ) ;
#4322 = CARTESIAN_POINT ( 'NONE',  ( -5.598073607594131751, 1.315805067078438183E-16, 9.148339851244228882 ) ) ;
#4323 = CARTESIAN_POINT ( 'NONE',  ( -12.45870000000000033, -43.81251970071234325, 0.000000000000000000 ) ) ;
#4324 = CARTESIAN_POINT ( 'NONE',  ( -5.160562509537681919, -34.87501970071234325, 12.45870000000000033 ) ) ;
#4325 = CARTESIAN_POINT ( 'NONE',  ( -4.332135384791490296, -4.500019700712345916, -10.45870000000000033 ) ) ;
#4326 = ORIENTED_EDGE ( 'NONE', *, *, #2568, .T. ) ;
#4327 = CARTESIAN_POINT ( 'NONE',  ( 7.395417692395746201, -2.187519700712343695, 7.395417692395743536 ) ) ;
#4328 = CARTESIAN_POINT ( 'NONE',  ( -12.45869999999999855, -42.00001970071233615, 5.160562509537689024 ) ) ;
#4329 = CARTESIAN_POINT ( 'NONE',  ( 4.332135384791495625, -4.000019700712344140, 10.45870000000000033 ) ) ;
#4330 = DIRECTION ( 'NONE',  ( 0.000000000000000000, 1.000000000000000000, 0.000000000000000000 ) ) ;
#4331 = LINE ( 'NONE', #1626, #575 ) ;
#4332 = CARTESIAN_POINT ( 'NONE',  ( -10.45870000000000033, -1.312519700712343473, 0.000000000000000000 ) ) ;
#4333 = CARTESIAN_POINT ( 'NONE',  ( 5.378563107414318090, -34.67887914738684429, -12.98500000000032095 ) ) ;
#4334 = DIRECTION ( 'NONE',  ( 0.000000000000000000, 0.000000000000000000, 1.000000000000000000 ) ) ;
#4335 = CARTESIAN_POINT ( 'NONE',  ( 1.921232021736363210E-15, -5.062519700712344140, 10.45870000000000033 ) ) ;
#4336 = CARTESIAN_POINT ( 'NONE',  ( -4.332135384791492072, -0.3750197007123434734, 10.45870000000000033 ) ) ;
#4337 = CARTESIAN_POINT ( 'NONE',  ( 11.00000000000000355, -1.562500000000000888, 4.556349186104045046 ) ) ;
#4338 = EDGE_LOOP ( 'NONE', ( #3493, #4962 ) ) ;
#4339 = CARTESIAN_POINT ( 'NONE',  ( -5.384776310850237557, -41.68750000000000711, -13.00000000000000000 ) ) ;
#4340 = CARTESIAN_POINT ( 'NONE',  ( 0.000000000000000000, -203.5000000000000000, 0.000000000000000000 ) ) ;
#4341 = CARTESIAN_POINT ( 'NONE',  ( 2.288626061480569049E-15, -34.81251970071234325, 12.45870000000000033 ) ) ;
#4342 = CARTESIAN_POINT ( 'NONE',  ( 7.395417692395746201, -6.187519700712343251, 7.395417692395743536 ) ) ;
#4343 = ORIENTED_EDGE ( 'NONE', *, *, #5051, .F. ) ;
#4344 = CARTESIAN_POINT ( 'NONE',  ( 7.778174593052021635, -6.250039401424686503, -7.778174593052023411 ) ) ;
#4345 = ADVANCED_FACE ( 'NONE', ( #5248 ), #4454, .T. ) ;
#4346 = CARTESIAN_POINT ( 'NONE',  ( 4.003536744931111002, 1.408874815470255307E-17, 9.662096005628718842 ) ) ;
#4347 = CARTESIAN_POINT ( 'NONE',  ( 2.388061258337338544E-15, -37.12503940142468650, 13.00000000000000000 ) ) ;
#4348 = CARTESIAN_POINT ( 'NONE',  ( 5.384776310850236669, -33.81250000000000000, -13.00000000000000000 ) ) ;
#4349 = CARTESIAN_POINT ( 'NONE',  ( -7.707463914933368798, -4.942304374505725129, -7.707463914933368798 ) ) ;
#4350 = CARTESIAN_POINT ( 'NONE',  ( -7.395417692395744425, -5.437519700712344140, -7.395417692395744425 ) ) ;
#4351 = EDGE_LOOP ( 'NONE', ( #5478, #3777 ) ) ;
#4352 = EDGE_CURVE ( 'NONE', #4153, #3154, #442, .T. ) ;
#4353 = CARTESIAN_POINT ( 'NONE',  ( -4.332135384791492072, -4.375019700712344140, 10.45870000000000033 ) ) ;
#4354 = CARTESIAN_POINT ( 'NONE',  ( -8.809631254768840236, -43.18751970071234325, -8.809631254768840236 ) ) ;
#4355 = CARTESIAN_POINT ( 'NONE',  ( 9.181781553707319077, -40.74137914738683719, -9.181781553707320853 ) ) ;
#4356 = CARTESIAN_POINT ( 'NONE',  ( 10.90000000000000036, -4.254804374505725129, -4.514927829866737241 ) ) ;
#4357 = CARTESIAN_POINT ( 'NONE',  ( 10.45870000000000211, -2.875019700712343695, 4.332135384791487631 ) ) ;
#4358 = CARTESIAN_POINT ( 'NONE',  ( -5.378563107414723099, -43.32116025403784221, 12.98499999999991594 ) ) ;
#4359 = CARTESIAN_POINT ( 'NONE',  ( -5.378563107414399802, -36.17887914738684429, 12.98500000000023746 ) ) ;
#4360 = VERTEX_POINT ( 'NONE', #3326 ) ;
#4361 = CARTESIAN_POINT ( 'NONE',  ( 1.921232021736363210E-15, -4.312519700712343251, 10.45870000000000033 ) ) ;
#4362 = CARTESIAN_POINT ( 'NONE',  ( 11.00000000000000000, -5.437500000000002665, -4.556349186104045934 ) ) ;
#4363 = CARTESIAN_POINT ( 'NONE',  ( -7.395417692395744425, -0.6875197007123435844, -7.395417692395744425 ) ) ;
#4364 = ORIENTED_EDGE ( 'NONE', *, *, #1967, .F. ) ;
#4365 = CARTESIAN_POINT ( 'NONE',  ( -9.192388155425113894, -42.37500000000000000, 9.192388155425119223 ) ) ;
#4366 =( BOUNDED_CURVE ( )  B_SPLINE_CURVE ( 2, ( #1523, #4141, #1095, #214, #2480 ),
 .UNSPECIFIED., .F., .T. ) 
 B_SPLINE_CURVE_WITH_KNOTS ( ( 3, 2, 3 ),
 ( 0.000000000000000000, 0.01136363636363629456, 0.02272727272727258913 ),
 .UNSPECIFIED. ) 
 CURVE ( )  GEOMETRIC_REPRESENTATION_ITEM ( )  RATIONAL_B_SPLINE_CURVE ( ( 1.000000000000000000, 0.9238795325112867385, 1.000000000000000000, 0.9238795325112875156, 0.9999999999999992228 ) ) 
 REPRESENTATION_ITEM ( '' )  );
#4367 = CYLINDRICAL_SURFACE ( 'NONE', #1053, 11.98499999999999943 ) ;
#4368 = CARTESIAN_POINT ( 'NONE',  ( 7.395417692395746201, -3.937519700712343695, 7.395417692395743536 ) ) ;
#4369 = CARTESIAN_POINT ( 'NONE',  ( 5.160562509537688136, -35.75001970071233615, 12.45869999999999855 ) ) ;
#4370 = CARTESIAN_POINT ( 'NONE',  ( -6.404106739121211359E-16, -5.562519700712344140, -10.45870000000000033 ) ) ;
#4371 = CARTESIAN_POINT ( 'NONE',  ( 4.514927829866725695, -3.504804374505724240, 10.90000000000001457 ) ) ;
#4372 = CARTESIAN_POINT ( 'NONE',  ( -6.404106739121211359E-16, -6.812519700712343251, -10.45870000000000033 ) ) ;
#4373 = EDGE_LOOP ( 'NONE', ( #361, #4653, #4723, #4456 ) ) ;
#4374 = CARTESIAN_POINT ( 'NONE',  ( 9.192388155425115670, -38.75003940142468650, -9.192388155425117446 ) ) ;
#4375 = CARTESIAN_POINT ( 'NONE',  ( 5.384776310850236669, -32.81250000000000000, -13.00000000000000000 ) ) ;
#4376 = CARTESIAN_POINT ( 'NONE',  ( -12.45870000000000211, -34.12501970071234325, -5.160562509537680143 ) ) ;
#4377 = CARTESIAN_POINT ( 'NONE',  ( -6.404106739121211359E-16, -7.562519700712344140, -10.45870000000000033 ) ) ;
#4378 = ADVANCED_FACE ( 'NONE', ( #3648 ), #1955, .T. ) ;
#4379 = CARTESIAN_POINT ( 'NONE',  ( -10.45870000000000033, -3.625019700712343251, -4.332135384791489408 ) ) ;
#4380 = CARTESIAN_POINT ( 'NONE',  ( -5.160562509537681031, -43.25001970071235036, -12.45870000000000211 ) ) ;
#4381 = CARTESIAN_POINT ( 'NONE',  ( 5.160562509537679254, -43.37501970071235036, -12.45870000000000211 ) ) ;
#4382 = CARTESIAN_POINT ( 'NONE',  ( 12.45870000000000388, -43.25001970071235746, -5.160562509537681031 ) ) ;
#4383 = CARTESIAN_POINT ( 'NONE',  ( -4.332135384791492072, -3.125019700712343695, 10.45870000000000033 ) ) ;
#4384 = CARTESIAN_POINT ( 'NONE',  ( -8.809631254768838460, -34.68751970071234325, 8.809631254768842012 ) ) ;
#4385 = CARTESIAN_POINT ( 'NONE',  ( 5.378563107414348288, -42.67887914738685140, -12.98500000000029253 ) ) ;
#4386 = CARTESIAN_POINT ( 'NONE',  ( 0.000000000000000000, -33.50000000000000000, 0.000000000000000000 ) ) ;
#4387 = EDGE_CURVE ( 'NONE', #5609, #5568, #507, .T. ) ;
#4388 = EDGE_LOOP ( 'NONE', ( #1207, #882, #2940, #648 ) ) ;
#4389 = CARTESIAN_POINT ( 'NONE',  ( 10.90000000000000036, -6.317304374505724240, -1.334865011070615048E-15 ) ) ;
#4390 = CARTESIAN_POINT ( 'NONE',  ( 10.45870000000000033, -5.000019700712345028, -4.332135384791490296 ) ) ;
#4391 = CARTESIAN_POINT ( 'NONE',  ( -10.99999999999999822, -4.937500000000001776, 4.556349186104052151 ) ) ;
#4392 = CARTESIAN_POINT ( 'NONE',  ( 10.45870000000000033, -2.062519700712343695, -1.280821347824242272E-15 ) ) ;
#4393 = ORIENTED_EDGE ( 'NONE', *, *, #5676, .T. ) ;
#4394 = CARTESIAN_POINT ( 'NONE',  ( 9.466187821056060159, -33.50000000000000000, -8.253628051623723039 ) ) ;
#4395 = CARTESIAN_POINT ( 'NONE',  ( 2.288626061480569049E-15, -35.81251970071234325, 12.45870000000000033 ) ) ;
#4396 = CARTESIAN_POINT ( 'NONE',  ( 7.395417692395746201, -5.937519700712343251, 7.395417692395743536 ) ) ;
#4397 =( BOUNDED_CURVE ( )  B_SPLINE_CURVE ( 2, ( #3424, #1256, #2165, #2490, #340, #5699, #3510, #285, #3881 ),
 .UNSPECIFIED., .F., .F. ) 
 B_SPLINE_CURVE_WITH_KNOTS ( ( 3, 2, 2, 2, 3 ),
 ( 0.5681818181818180102, 0.5795454545454545858, 0.5909090909090910504, 0.6022727272727276260, 0.6136363636363642016 ),
 .UNSPECIFIED. ) 
 CURVE ( )  GEOMETRIC_REPRESENTATION_ITEM ( )  RATIONAL_B_SPLINE_CURVE ( ( 1.000000000000001554, 0.9238795325112852952, 1.000000000000000000, 0.9238795325112867385, 1.000000000000000000, 0.9238795325112867385, 1.000000000000000000, 0.9238795325112830747, 1.000000000000003775 ) ) 
 REPRESENTATION_ITEM ( '' )  );
#4398 = CARTESIAN_POINT ( 'NONE',  ( 7.707463914933366134, -3.192304374505724240, -7.707463914933368798 ) ) ;
#4399 = CARTESIAN_POINT ( 'NONE',  ( 10.45870000000000211, -7.125019700712343251, 4.332135384791487631 ) ) ;
#4400 = ORIENTED_EDGE ( 'NONE', *, *, #2478, .F. ) ;
#4401 = AXIS2_PLACEMENT_3D ( 'NONE', #345, #2206, #1290 ) ;
#4402 = CARTESIAN_POINT ( 'NONE',  ( -7.778174593052023411, -9.000039401424684726, -7.778174593052023411 ) ) ;
#4403 = CARTESIAN_POINT ( 'NONE',  ( -13.00000000000000000, -38.43753940142467940, -5.384776310850237557 ) ) ;
#4404 = CARTESIAN_POINT ( 'NONE',  ( -7.960204194457795477E-16, -33.75000000000000000, -13.00000000000000000 ) ) ;
#4405 = CARTESIAN_POINT ( 'NONE',  ( -8.809631254768838460, -36.93751970071233615, 8.809631254768842012 ) ) ;
#4406 = CARTESIAN_POINT ( 'NONE',  ( -4.332135384791490296, -6.500019700712344140, -10.45870000000000033 ) ) ;
#4407 = ORIENTED_EDGE ( 'NONE', *, *, #4803, .T. ) ;
#4408 = CARTESIAN_POINT ( 'NONE',  ( 7.395417692395743536, -6.937519700712343251, -7.395417692395744425 ) ) ;
#4409 = CARTESIAN_POINT ( 'NONE',  ( -12.45869999999999855, -33.75001970071234325, 5.160562509537689024 ) ) ;
#4410 = LINE ( 'NONE', #3029, #4956 ) ;
#4411 = CARTESIAN_POINT ( 'NONE',  ( 12.45870000000000211, -43.50001970071234325, -5.160562509537681031 ) ) ;
#4412 = ADVANCED_FACE ( 'NONE', ( #1008 ), #3678, .T. ) ;
#4413 = CARTESIAN_POINT ( 'NONE',  ( 4.332135384791495625, -5.000019700712345028, 10.45870000000000033 ) ) ;
#4414 = CARTESIAN_POINT ( 'NONE',  ( 5.378563107414928268, -35.05387914738683008, 12.98499999999971344 ) ) ;
#4415 = CARTESIAN_POINT ( 'NONE',  ( 9.181781553707322630, -41.13366025403784931, 9.181781553707319077 ) ) ;
#4416 = VECTOR ( 'NONE', #5463, 1000.000000000000000 ) ;
#4417 = ORIENTED_EDGE ( 'NONE', *, *, #527, .T. ) ;
#4418 = CARTESIAN_POINT ( 'NONE',  ( 12.45870000000000388, -43.62501970071234325, 5.160562509537677478 ) ) ;
#4419 = CARTESIAN_POINT ( 'NONE',  ( 10.45870000000000033, -5.812519700712344140, -1.280821347824242272E-15 ) ) ;
#4420 = CARTESIAN_POINT ( 'NONE',  ( 12.45870000000000388, -37.25001970071233615, -5.160562509537681031 ) ) ;
#4421 = EDGE_CURVE ( 'NONE', #4509, #2698, #3227, .T. ) ;
#4422 = CARTESIAN_POINT ( 'NONE',  ( -4.332135384791492072, -4.375019700712344140, 10.45870000000000033 ) ) ;
#4423 = CARTESIAN_POINT ( 'NONE',  ( -4.556349186104045934, -7.187500000000000888, -11.00000000000000000 ) ) ;
#4424 = CARTESIAN_POINT ( 'NONE',  ( 10.45870000000000033, -4.000019700712343251, -4.332135384791490296 ) ) ;
#4425 = CARTESIAN_POINT ( 'NONE',  ( -6.021659597804775998, -33.49999999999999289, 11.23120625337254097 ) ) ;
#4426 = DIRECTION ( 'NONE',  ( 0.000000000000000000, 1.000000000000000000, 0.000000000000000000 ) ) ;
#4427 = CC_DESIGN_APPROVAL ( #2795, ( #2292 ) ) ;
#4428 = CARTESIAN_POINT ( 'NONE',  ( -7.628753538268564813E-16, -37.31251970071233615, -12.45870000000000033 ) ) ;
#4429 = CARTESIAN_POINT ( 'NONE',  ( 5.160562509537688136, -33.75001970071234325, 12.45869999999999855 ) ) ;
#4430 = CARTESIAN_POINT ( 'NONE',  ( 0.000000000000000000, -33.50000000000000000, 10.90000000000000036 ) ) ;
#4431 = ORIENTED_EDGE ( 'NONE', *, *, #5720, .F. ) ;
#4432 = CARTESIAN_POINT ( 'NONE',  ( -6.735557395310442023E-16, -10.12503940142468650, -11.00000000000000000 ) ) ;
#4433 =( BOUNDED_CURVE ( )  B_SPLINE_CURVE ( 2, ( #3071, #1273, #2189, #3960, #5721 ),
 .UNSPECIFIED., .F., .F. ) 
 B_SPLINE_CURVE_WITH_KNOTS ( ( 3, 2, 3 ),
 ( 0.000000000000000000, 0.01136363636363668835, 0.02272727272727337669 ),
 .UNSPECIFIED. ) 
 CURVE ( )  GEOMETRIC_REPRESENTATION_ITEM ( )  RATIONAL_B_SPLINE_CURVE ( ( 1.000000000000000000, 0.9238795325112867385, 1.000000000000000000, 0.9238795325112821866, 1.000000000000004441 ) ) 
 REPRESENTATION_ITEM ( '' )  );
#4434 = DIRECTION ( 'NONE',  ( 0.000000000000000000, 0.000000000000000000, 1.000000000000000000 ) ) ;
#4435 = CARTESIAN_POINT ( 'NONE',  ( -13.00000000000000000, -39.37503940142468650, 0.000000000000000000 ) ) ;
#4436 = CARTESIAN_POINT ( 'NONE',  ( 13.00000000000000000, -33.93750000000000000, -5.384776310850237557 ) ) ;
#4437 = CARTESIAN_POINT ( 'NONE',  ( 8.809631254768842012, -38.68751970071233615, 8.809631254768838460 ) ) ;
#4438 = CARTESIAN_POINT ( 'NONE',  ( 4.332135384791488519, -8.625019700712343251, -10.45870000000000033 ) ) ;
#4439 = ORIENTED_EDGE ( 'NONE', *, *, #4102, .F. ) ;
#4440 = CARTESIAN_POINT ( 'NONE',  ( -10.45870000000000033, -5.562519700712343251, 0.000000000000000000 ) ) ;
#4441 = CARTESIAN_POINT ( 'NONE',  ( 12.45870000000000211, -34.25001970071233615, -5.160562509537681031 ) ) ;
#4442 = CARTESIAN_POINT ( 'NONE',  ( -9.181781553707320853, -38.49137914738684429, -9.181781553707320853 ) ) ;
#4443 = CARTESIAN_POINT ( 'NONE',  ( 2.288626061480569049E-15, -33.56251970071234325, 12.45870000000000033 ) ) ;
#4444 = CARTESIAN_POINT ( 'NONE',  ( 12.98500000000000298, -39.92887914738683008, 5.378563107414636946 ) ) ;
#4445 = DIRECTION ( 'NONE',  ( 0.000000000000000000, 1.000000000000000000, 0.000000000000000000 ) ) ;
#4446 = CARTESIAN_POINT ( 'NONE',  ( 7.707463914933366134, -8.192304374505724240, -7.707463914933368798 ) ) ;
#4447 = ORIENTED_EDGE ( 'NONE', *, *, #5645, .F. ) ;
#4448 = CARTESIAN_POINT ( 'NONE',  ( -9.181781553707320853, -42.63366025403784931, -9.181781553707320853 ) ) ;
#4449 = CARTESIAN_POINT ( 'NONE',  ( 8.809631254768838460, -36.18751970071234325, -8.809631254768840236 ) ) ;
#4450 = CARTESIAN_POINT ( 'NONE',  ( -10.45870000000000033, -5.562519700712343251, 0.000000000000000000 ) ) ;
#4451 = CARTESIAN_POINT ( 'NONE',  ( -7.778174593052020747, -3.875000000000000888, 7.778174593052023411 ) ) ;
#4452 = CARTESIAN_POINT ( 'NONE',  ( -4.332135384791492072, -3.375019700712343251, 10.45870000000000033 ) ) ;
#4453 = CARTESIAN_POINT ( 'NONE',  ( 0.000000000000000000, -203.5000000000000000, 11.98499999999999943 ) ) ;
#4454 = CYLINDRICAL_SURFACE ( 'NONE', #4974, 12.98499999999999943 ) ;
#4455 = DIRECTION ( 'NONE',  ( 0.000000000000000000, 0.000000000000000000, 1.000000000000000000 ) ) ;
#4456 = ORIENTED_EDGE ( 'NONE', *, *, #3009, .T. ) ;
#4457 = EDGE_CURVE ( 'NONE', #1782, #5660, #1520, .T. ) ;
#4458 = CARTESIAN_POINT ( 'NONE',  ( -7.707463914933366134, -1.932735026918962706, 7.707463914933369686 ) ) ;
#4459 = LINE ( 'NONE', #3824, #2648 ) ;
#4460 = CARTESIAN_POINT ( 'NONE',  ( 12.45870000000000033, -39.56251970071234325, -1.525750707653712963E-15 ) ) ;
#4461 = CARTESIAN_POINT ( 'NONE',  ( 5.160562509537688136, -36.75001970071233615, 12.45869999999999855 ) ) ;
#4462 = CARTESIAN_POINT ( 'NONE',  ( 4.332135384791488519, -9.875019700712345028, -10.45870000000000033 ) ) ;
#4463 = EDGE_CURVE ( 'NONE', #4813, #3527, #3954, .T. ) ;
#4464 = CARTESIAN_POINT ( 'NONE',  ( 10.45870000000000211, -0.1250197007123434734, 4.332135384791487631 ) ) ;
#4465 = CARTESIAN_POINT ( 'NONE',  ( -9.192388155425113894, -37.25003940142468650, 9.192388155425119223 ) ) ;
#4466 = CARTESIAN_POINT ( 'NONE',  ( -13.00000000000000000, -38.56250000000000711, -5.384776310850237557 ) ) ;
#4467 = CARTESIAN_POINT ( 'NONE',  ( -7.628753538268564813E-16, -36.31251970071234325, -12.45870000000000033 ) ) ;
#4468 = CARTESIAN_POINT ( 'NONE',  ( -4.332135384791490296, -5.500019700712344140, -10.45870000000000033 ) ) ;
#4469 = EDGE_LOOP ( 'NONE', ( #1028, #2027, #2933, #1879, #3550, #3420, #4761, #1830 ) ) ;
#4470 = CARTESIAN_POINT ( 'NONE',  ( -10.45870000000000033, -5.500019700712344140, 4.332135384791498289 ) ) ;
#4471 = CARTESIAN_POINT ( 'NONE',  ( -12.98499999999999943, -33.57116025403784931, -5.378563107414639610 ) ) ;
#4472 = CARTESIAN_POINT ( 'NONE',  ( -5.160562509537681031, -43.25001970071235036, -12.45870000000000211 ) ) ;
#4473 = CARTESIAN_POINT ( 'NONE',  ( -4.332135384791492072, -4.125019700712344140, 10.45870000000000033 ) ) ;
#4474 = CARTESIAN_POINT ( 'NONE',  ( 12.45870000000000033, -36.31251970071234325, -1.525750707653712963E-15 ) ) ;
#4475 = DIRECTION ( 'NONE',  ( 0.000000000000000000, 1.000000000000000000, 0.000000000000000000 ) ) ;
#4476 = CARTESIAN_POINT ( 'NONE',  ( -7.951019343464191642E-16, -40.75866025403784931, -12.98499999999999943 ) ) ;
#4477 = DIRECTION ( 'NONE',  ( 0.000000000000000000, 1.000000000000000000, 0.000000000000000000 ) ) ;
#4478 = ORIENTED_EDGE ( 'NONE', *, *, #3994, .F. ) ;
#4479 = CARTESIAN_POINT ( 'NONE',  ( -12.98499999999999943, -42.57116025403784931, -5.378563107414639610 ) ) ;
#4480 = CARTESIAN_POINT ( 'NONE',  ( 8.809631254768842012, -37.43751970071233615, 8.809631254768838460 ) ) ;
#4481 = CARTESIAN_POINT ( 'NONE',  ( -4.332135384791492072, -2.375019700712343251, 10.45870000000000033 ) ) ;
#4482 = CARTESIAN_POINT ( 'NONE',  ( -11.00000000000000000, -6.062500000000001776, -4.556349186104045934 ) ) ;
#4483 = CARTESIAN_POINT ( 'NONE',  ( -10.45870000000000033, -3.500019700712343251, 4.332135384791497401 ) ) ;
#4484 = DIRECTION ( 'NONE',  ( 0.000000000000000000, 0.000000000000000000, 1.000000000000000000 ) ) ;
#4485 = CARTESIAN_POINT ( 'NONE',  ( 2.002297516605922276E-15, -7.567304374505723352, 10.90000000000000036 ) ) ;
#4486 = CARTESIAN_POINT ( 'NONE',  ( 12.45870000000000211, -36.62501970071234325, 5.160562509537678366 ) ) ;
#4487 = ADVANCED_FACE ( 'NONE', ( #5028 ), #1983, .T. ) ;
#4488 = CARTESIAN_POINT ( 'NONE',  ( 12.45870000000000388, -35.50001970071234325, -5.160562509537681031 ) ) ;
#4489 = CARTESIAN_POINT ( 'NONE',  ( -9.181781553707317300, -42.24137914738684429, 9.181781553707322630 ) ) ;
#4490 = CARTESIAN_POINT ( 'NONE',  ( -7.778174593052020747, -10.75003940142468650, 7.778174593052023411 ) ) ;
#4491 = CARTESIAN_POINT ( 'NONE',  ( 2.002297516605922276E-15, -0.5673043745057243514, 10.90000000000000036 ) ) ;
#4492 = CARTESIAN_POINT ( 'NONE',  ( 11.00000000000000000, -0.3750394014246860031, -1.347111479062088405E-15 ) ) ;
#4493 = EDGE_CURVE ( 'NONE', #3454, #2571, #4220, .T. ) ;
#4494 = PLANE ( 'NONE',  #3117 ) ;
#4495 = CARTESIAN_POINT ( 'NONE',  ( -13.00000000000000000, -36.56250000000000000, -5.384776310850237557 ) ) ;
#4496 = CARTESIAN_POINT ( 'NONE',  ( -7.951019343464190656E-16, -39.61637914738683719, -12.98499999999999943 ) ) ;
#4497 = CARTESIAN_POINT ( 'NONE',  ( 8.809631254768842012, -36.68751970071234325, 8.809631254768838460 ) ) ;
#4498 = CARTESIAN_POINT ( 'NONE',  ( 9.662096005608745486, 8.148755823328019705E-13, -4.003536744979310669 ) ) ;
#4499 = LINE ( 'NONE', #4534, #2936 ) ;
#4500 = CARTESIAN_POINT ( 'NONE',  ( -6.404106739121211359E-16, -8.812519700712343251, -10.45870000000000033 ) ) ;
#4501 = CARTESIAN_POINT ( 'NONE',  ( 8.809631254768838460, -36.18751970071234325, -8.809631254768840236 ) ) ;
#4502 = CARTESIAN_POINT ( 'NONE',  ( 5.384776310850236669, -39.68753940142468650, -13.00000000000000000 ) ) ;
#4503 = CARTESIAN_POINT ( 'NONE',  ( 2.288626061480569049E-15, -38.56251970071233615, 12.45870000000000033 ) ) ;
#4504 = CARTESIAN_POINT ( 'NONE',  ( 5.378563107414678690, -41.82116025403785642, -12.98499999999995858 ) ) ;
#4505 = CARTESIAN_POINT ( 'NONE',  ( -4.332135384791490296, -0.5000197007123434734, -10.45870000000000033 ) ) ;
#4506 = DIRECTION ( 'NONE',  ( 0.000000000000000000, 0.000000000000000000, 1.000000000000000000 ) ) ;
#4507 = CARTESIAN_POINT ( 'NONE',  ( -9.065852100556119453, -304.0000000000000000, -7.861954317524507907 ) ) ;
#4508 = VECTOR ( 'NONE', #2641, 1000.000000000000000 ) ;
#4509 = VERTEX_POINT ( 'NONE', #5487 ) ;
#4510 = CARTESIAN_POINT ( 'NONE',  ( 10.45870000000000033, -7.812519700712344140, -1.280821347824242272E-15 ) ) ;
#4511 = DIRECTION ( 'NONE',  ( -0.000000000000000000, -1.000000000000000000, -0.000000000000000000 ) ) ;
#4512 = CARTESIAN_POINT ( 'NONE',  ( 5.160562509537688136, -38.50001970071233615, 12.45869999999999855 ) ) ;
#4513 = CARTESIAN_POINT ( 'NONE',  ( 4.332135384791488519, -6.875019700712343251, -10.45870000000000033 ) ) ;
#4514 = CIRCLE ( 'NONE', #305, 12.98499999999999943 ) ;
#4515 = CARTESIAN_POINT ( 'NONE',  ( 0.000000000000000000, -57.50000000000000000, 0.000000000000000000 ) ) ;
#4516 = CARTESIAN_POINT ( 'NONE',  ( -4.332135384791490296, -5.750019700712343251, -10.45870000000000033 ) ) ;
#4517 = CYLINDRICAL_SURFACE ( 'NONE', #2178, 12.98499999999999943 ) ;
#4518 = CARTESIAN_POINT ( 'NONE',  ( -12.98499999999999410, -41.44616025403784931, 5.378563107414648492 ) ) ;
#4519 = DIRECTION ( 'NONE',  ( 0.000000000000000000, 1.000000000000000000, 0.000000000000000000 ) ) ;
#4520 = AXIS2_PLACEMENT_3D ( 'NONE', #1896, #4076, #3213 ) ;
#4521 = CARTESIAN_POINT ( 'NONE',  ( 8.809631254768838460, -38.43751970071233615, -8.809631254768840236 ) ) ;
#4522 = CARTESIAN_POINT ( 'NONE',  ( -12.98499999999999410, -35.44616025403784221, 5.378563107414648492 ) ) ;
#4523 = CARTESIAN_POINT ( 'NONE',  ( -10.45870000000000033, -9.250019700712343251, 4.332135384791498289 ) ) ;
#4524 = CARTESIAN_POINT ( 'NONE',  ( -12.45870000000000033, -37.06251970071233615, 0.000000000000000000 ) ) ;
#4525 = CARTESIAN_POINT ( 'NONE',  ( 12.45880931172865580, -33.49999999999999289, -1.631053857477924085 ) ) ;
#4526 =( BOUNDED_CURVE ( )  B_SPLINE_CURVE ( 2, ( #4843, #786, #838, #4756, #404, #2580, #4355, #2635, #1706 ),
 .UNSPECIFIED., .F., .T. ) 
 B_SPLINE_CURVE_WITH_KNOTS ( ( 3, 2, 2, 2, 3 ),
 ( 0.2954545454545463579, 0.3068181818181827114, 0.3181818181818191205, 0.3295454545454554740, 0.3409090909090918275 ),
 .UNSPECIFIED. ) 
 CURVE ( )  GEOMETRIC_REPRESENTATION_ITEM ( )  RATIONAL_B_SPLINE_CURVE ( ( 0.9999999999999936717, 0.9238795325112930668, 1.000000000000000000, 0.9238795325112867385, 1.000000000000000000, 0.9238795325112867385, 1.000000000000000000, 0.9238795325112807433, 1.000000000000005995 ) ) 
 REPRESENTATION_ITEM ( '' )  );
#4527 = CARTESIAN_POINT ( 'NONE',  ( 1.921232021736363210E-15, -0.3125197007123434179, 10.45870000000000033 ) ) ;
#4528 = DIRECTION ( 'NONE',  ( 0.000000000000000000, 1.000000000000000000, 0.000000000000000000 ) ) ;
#4529 = CARTESIAN_POINT ( 'NONE',  ( 11.00000000000000355, -0.4375394014246861141, 4.556349186104045046 ) ) ;
#4530 = CARTESIAN_POINT ( 'NONE',  ( 5.160562509537688136, -38.75001970071234325, 12.45869999999999855 ) ) ;
#4531 = CARTESIAN_POINT ( 'NONE',  ( -10.45870000000000033, -9.312519700712343251, 0.000000000000000000 ) ) ;
#4532 = ADVANCED_FACE ( 'NONE', ( #5514 ), #4106, .T. ) ;
#4533 = CARTESIAN_POINT ( 'NONE',  ( 2.385305803039257098E-15, -37.11637914738683719, 12.98499999999999943 ) ) ;
#4534 = CARTESIAN_POINT ( 'NONE',  ( -10.90000000000000036, -33.50000000000000000, 0.000000000000000000 ) ) ;
#4535 = CARTESIAN_POINT ( 'NONE',  ( 1.921232021736363210E-15, -7.312519700712343251, 10.45870000000000033 ) ) ;
#4536 = CARTESIAN_POINT ( 'NONE',  ( -5.160562509537681031, -36.00001970071234325, -12.45870000000000211 ) ) ;
#4537 = CARTESIAN_POINT ( 'NONE',  ( 12.45870000000000211, -38.25001970071234325, -5.160562509537681031 ) ) ;
#4538 = CARTESIAN_POINT ( 'NONE',  ( -6.674325055353075238E-16, -7.067304374505725129, -10.90000000000000036 ) ) ;
#4539 = ORIENTED_EDGE ( 'NONE', *, *, #5285, .F. ) ;
#4540 = CARTESIAN_POINT ( 'NONE',  ( -10.45870000000000033, -7.250019700712344140, 4.332135384791498289 ) ) ;
#4541 = DIRECTION ( 'NONE',  ( 0.000000000000000000, 0.000000000000000000, 1.000000000000000000 ) ) ;
#4542 = CARTESIAN_POINT ( 'NONE',  ( -10.45870000000000033, -7.500019700712343251, 4.332135384791498289 ) ) ;
#4543 = CARTESIAN_POINT ( 'NONE',  ( 0.000000000000000000, -33.50000000000000000, 10.90000000000000036 ) ) ;
#4544 = CARTESIAN_POINT ( 'NONE',  ( 2.288626061480569049E-15, -41.56251970071234325, 12.45870000000000033 ) ) ;
#4545 = DIRECTION ( 'NONE',  ( 0.000000000000000000, 0.000000000000000000, 1.000000000000000000 ) ) ;
#4546 = CYLINDRICAL_SURFACE ( 'NONE', #5225, 10.90000000000000036 ) ;
#4547 = CARTESIAN_POINT ( 'NONE',  ( 5.160562509537679254, -39.37501970071234325, -12.45870000000000211 ) ) ;
#4548 = CARTESIAN_POINT ( 'NONE',  ( -12.45870000000000388, -33.87501970071234325, -5.160562509537680143 ) ) ;
#4549 = CARTESIAN_POINT ( 'NONE',  ( 1.921232021736363210E-15, -10.06251970071234503, 10.45870000000000033 ) ) ;
#4550 = CARTESIAN_POINT ( 'NONE',  ( -12.45870000000000388, -35.12501970071233615, -5.160562509537680143 ) ) ;
#4551 = LINE ( 'NONE', #4430, #2845 ) ;
#4552 = CARTESIAN_POINT ( 'NONE',  ( 7.395417692395743536, -1.687519700712343251, -7.395417692395744425 ) ) ;
#4553 = CARTESIAN_POINT ( 'NONE',  ( 4.556349186104051263, -9.562539401424684726, 10.99999999999999822 ) ) ;
#4554 = FACE_OUTER_BOUND ( 'NONE', #1241, .T. ) ;
#4555 = CARTESIAN_POINT ( 'NONE',  ( -4.556349186104047710, -2.687539401424686059, 10.99999999999999822 ) ) ;
#4556 = CARTESIAN_POINT ( 'NONE',  ( 0.4056899493323651851, -9.844844278535943694E-17, -10.77187699156146827 ) ) ;
#4557 = DIRECTION ( 'NONE',  ( 0.000000000000000000, -0.000000000000000000, 1.000000000000000000 ) ) ;
#4558 = CARTESIAN_POINT ( 'NONE',  ( 4.332135384791488519, -7.875019700712345028, -10.45870000000000033 ) ) ;
#4559 = CARTESIAN_POINT ( 'NONE',  ( -12.45870000000000211, -35.87501970071235036, -5.160562509537680143 ) ) ;
#4560 = CARTESIAN_POINT ( 'NONE',  ( -9.192388155425117446, -39.50003940142468650, -9.192388155425117446 ) ) ;
#4561 = CARTESIAN_POINT ( 'NONE',  ( 12.45870000000000033, -38.31251970071233615, -1.525750707653712963E-15 ) ) ;
#4562 = EDGE_CURVE ( 'NONE', #1561, #606, #1548, .T. ) ;
#4563 = CARTESIAN_POINT ( 'NONE',  ( 7.707463914933366134, -10.19230437450572424, -7.707463914933368798 ) ) ;
#4564 = CARTESIAN_POINT ( 'NONE',  ( -10.45870000000000033, -0.3750197007123436399, -4.332135384791489408 ) ) ;
#4565 = ORIENTED_EDGE ( 'NONE', *, *, #4184, .F. ) ;
#4566 = CARTESIAN_POINT ( 'NONE',  ( 9.181781553707319077, -41.74137914738684429, -9.181781553707320853 ) ) ;
#4567 = ORIENTED_EDGE ( 'NONE', *, *, #562, .F. ) ;
#4568 = CARTESIAN_POINT ( 'NONE',  ( -7.395417692395742648, -8.187519700712345028, 7.395417692395746201 ) ) ;
#4569 = CARTESIAN_POINT ( 'NONE',  ( -7.951019343464191642E-16, -37.75866025403784931, -12.98499999999999943 ) ) ;
#4570 = CARTESIAN_POINT ( 'NONE',  ( 12.45870000000000388, -39.25001970071233615, -5.160562509537681031 ) ) ;
#4571 = CARTESIAN_POINT ( 'NONE',  ( 4.332135384791495625, -9.250019700712343251, 10.45870000000000033 ) ) ;
#4572 = CARTESIAN_POINT ( 'NONE',  ( 11.00000000000000000, -9.500000000000001776, -1.347111479062088405E-15 ) ) ;
#4573 = EDGE_CURVE ( 'NONE', #3012, #3539, #1041, .T. ) ;
#4574 = CARTESIAN_POINT ( 'NONE',  ( -7.628753538268564813E-16, -41.06251970071234325, -12.45870000000000033 ) ) ;
#4575 = CARTESIAN_POINT ( 'NONE',  ( -7.628753538268564813E-16, -34.06251970071234325, -12.45870000000000033 ) ) ;
#4576 = CARTESIAN_POINT ( 'NONE',  ( -7.395417692395744425, -8.437519700712343251, -7.395417692395744425 ) ) ;
#4577 = CARTESIAN_POINT ( 'NONE',  ( 12.45870000000000388, -38.62501970071233615, 5.160562509537677478 ) ) ;
#4578 = CARTESIAN_POINT ( 'NONE',  ( -4.332135384791492072, -10.37501970071234325, 10.45870000000000033 ) ) ;
#4579 = CARTESIAN_POINT ( 'NONE',  ( 11.00000000000000000, -1.312539401424686281, -4.556349186104045934 ) ) ;
#4580 = CARTESIAN_POINT ( 'NONE',  ( 5.132737384180972029, -1.582647541127700208E-17, -9.331518593174797260 ) ) ;
#4581 = CARTESIAN_POINT ( 'NONE',  ( 5.378563107414928268, -34.05387914738683719, 12.98499999999971344 ) ) ;
#4582 = CARTESIAN_POINT ( 'NONE',  ( -5.160562509537681031, -37.00001970071234325, -12.45870000000000211 ) ) ;
#4583 = CARTESIAN_POINT ( 'NONE',  ( -9.192388155425117446, -40.50003940142468650, -9.192388155425117446 ) ) ;
#4584 = CARTESIAN_POINT ( 'NONE',  ( 8.809631254768838460, -38.18751970071233615, -8.809631254768840236 ) ) ;
#4585 =( BOUNDED_CURVE ( )  B_SPLINE_CURVE ( 2, ( #4224, #2038, #5105, #237, #2062, #264, #4760, #1148, #3409 ),
 .UNSPECIFIED., .F., .F. ) 
 B_SPLINE_CURVE_WITH_KNOTS ( ( 3, 2, 2, 2, 3 ),
 ( 0.6136363636363635354, 0.6249999999999998890, 0.6363636363636362425, 0.6477272727272727071, 0.6590909090909090606 ),
 .UNSPECIFIED. ) 
 CURVE ( )  GEOMETRIC_REPRESENTATION_ITEM ( )  RATIONAL_B_SPLINE_CURVE ( ( 1.000000000000000666, 0.9238795325112859613, 1.000000000000000000, 0.9238795325112867385, 1.000000000000000000, 0.9238795325112867385, 1.000000000000000000, 0.9238795325112867385, 1.000000000000000000 ) ) 
 REPRESENTATION_ITEM ( '' )  );
#4586 = CARTESIAN_POINT ( 'NONE',  ( 10.90000000000000036, -7.557735026918963150, -1.334865011070615048E-15 ) ) ;
#4587 = CARTESIAN_POINT ( 'NONE',  ( 4.514927829866776321, -7.504804374505724240, 10.89999999999996305 ) ) ;
#4588 = VERTEX_POINT ( 'NONE', #1068 ) ;
#4589 = CARTESIAN_POINT ( 'NONE',  ( -6.674325055353075238E-16, -6.067304374505724240, -10.90000000000000036 ) ) ;
#4590 = AXIS2_PLACEMENT_3D ( 'NONE', #3110, #4871, #865 ) ;
#4591 = CARTESIAN_POINT ( 'NONE',  ( -6.404106739121211359E-16, -8.562519700712343251, -10.45870000000000033 ) ) ;
#4592 = CARTESIAN_POINT ( 'NONE',  ( -7.951019343464191642E-16, -35.75866025403784221, -12.98499999999999943 ) ) ;
#4593 = CARTESIAN_POINT ( 'NONE',  ( -12.45869999999999855, -38.75001970071233615, 5.160562509537688136 ) ) ;
#4594 = CARTESIAN_POINT ( 'NONE',  ( -7.395417692395742648, -9.437519700712345028, 7.395417692395746201 ) ) ;
#4595 = CARTESIAN_POINT ( 'NONE',  ( 4.556349186104051263, -7.687500000000001776, 10.99999999999999822 ) ) ;
#4596 = CARTESIAN_POINT ( 'NONE',  ( 5.160562509537679254, -43.12501970071234325, -12.45870000000000211 ) ) ;
#4597 = CARTESIAN_POINT ( 'NONE',  ( -7.951019343464190656E-16, -39.61637914738683719, -12.98499999999999943 ) ) ;
#4598 = VERTEX_POINT ( 'NONE', #2866 ) ;
#4599 = CARTESIAN_POINT ( 'NONE',  ( 2.002297516605922276E-15, -8.567304374505724240, 10.90000000000000036 ) ) ;
#4600 = ADVANCED_FACE ( 'NONE', ( #4627 ), #620, .T. ) ;
#4601 = VECTOR ( 'NONE', #4264, 1000.000000000000000 ) ;
#4602 = CARTESIAN_POINT ( 'NONE',  ( -12.45870000000000211, -41.12501970071233615, -5.160562509537680143 ) ) ;
#4603 = CARTESIAN_POINT ( 'NONE',  ( 0.000000000000000000, -228.9999999999999716, 0.000000000000000000 ) ) ;
#4604 = CARTESIAN_POINT ( 'NONE',  ( -10.45870000000000033, -8.312519700712345028, 0.000000000000000000 ) ) ;
#4605 = CARTESIAN_POINT ( 'NONE',  ( -9.192388155425117446, -38.62500000000000000, -9.192388155425117446 ) ) ;
#4606 = CARTESIAN_POINT ( 'NONE',  ( -12.45870000000000388, -40.12501970071234325, -5.160562509537680143 ) ) ;
#4607 = EDGE_CURVE ( 'NONE', #1672, #4261, #4585, .T. ) ;
#4608 = CARTESIAN_POINT ( 'NONE',  ( 10.45870000000000033, -10.06251970071234503, -1.280821347824242272E-15 ) ) ;
#4609 = LOCAL_TIME ( 23, 13, 58.00000000000000000, #4698 ) ;
#4610 = CARTESIAN_POINT ( 'NONE',  ( -4.556349186104045934, -3.062539401424686503, -11.00000000000000000 ) ) ;
#4611 = LINE ( 'NONE', #1128, #1545 ) ;
#4612 = CARTESIAN_POINT ( 'NONE',  ( 8.809631254768842012, -38.43751970071233615, 8.809631254768838460 ) ) ;
#4613 = CARTESIAN_POINT ( 'NONE',  ( 13.00000000000000000, -42.81253940142468650, -5.384776310850237557 ) ) ;
#4614 = CARTESIAN_POINT ( 'NONE',  ( -12.45869999999999855, -41.75001970071234325, 5.160562509537689024 ) ) ;
#4615 = CARTESIAN_POINT ( 'NONE',  ( -4.514927829866772768, -2.870235026918963150, 10.89999999999996305 ) ) ;
#4616 = CARTESIAN_POINT ( 'NONE',  ( 7.707463914933366134, -7.192304374505725129, -7.707463914933368798 ) ) ;
#4617 = VERTEX_POINT ( 'NONE', #2949 ) ;
#4618 = DATE_AND_TIME ( #2860, #2952 ) ;
#4619 = CARTESIAN_POINT ( 'NONE',  ( -6.404106739121211359E-16, -4.562519700712344140, -10.45870000000000033 ) ) ;
#4620 = CARTESIAN_POINT ( 'NONE',  ( -7.395417692395742648, -9.187519700712343251, 7.395417692395746201 ) ) ;
#4621 = CARTESIAN_POINT ( 'NONE',  ( -22.72250811050374608, -264.0000000000000000, 17.21917899227751292 ) ) ;
#4622 = CARTESIAN_POINT ( 'NONE',  ( -5.160562509537681031, -42.00001970071233615, -12.45870000000000388 ) ) ;
#4623 =( BOUNDED_CURVE ( )  B_SPLINE_CURVE ( 2, ( #1536, #202, #1136 ),
 .UNSPECIFIED., .F., .F. ) 
 B_SPLINE_CURVE_WITH_KNOTS ( ( 3, 3 ),
 ( 0.01662522553341233209, 0.02272727272727272790 ),
 .UNSPECIFIED. ) 
 CURVE ( )  GEOMETRIC_REPRESENTATION_ITEM ( )  RATIONAL_B_SPLINE_CURVE ( ( 0.9621479605633560528, 0.9591248197169337519, 1.000000000000000000 ) ) 
 REPRESENTATION_ITEM ( '' )  );
#4624 = CARTESIAN_POINT ( 'NONE',  ( -4.332135384791492072, -8.375019700712345028, 10.45870000000000033 ) ) ;
#4625 = CARTESIAN_POINT ( 'NONE',  ( 2.020667218593132706E-15, -8.750000000000000000, 11.00000000000000000 ) ) ;
#4626 = CARTESIAN_POINT ( 'NONE',  ( 12.45870000000000211, -41.25001970071234325, -5.160562509537681031 ) ) ;
#4627 = FACE_OUTER_BOUND ( 'NONE', #5011, .T. ) ;
#4628 = ORIENTED_EDGE ( 'NONE', *, *, #5682, .F. ) ;
#4629 = CARTESIAN_POINT ( 'NONE',  ( 2.002297516605922276E-15, -6.807735026918963150, 10.90000000000000036 ) ) ;
#4630 = CARTESIAN_POINT ( 'NONE',  ( -8.809631254768838460, -40.93751970071234325, 8.809631254768842012 ) ) ;
#4631 = CARTESIAN_POINT ( 'NONE',  ( -12.98499999999999766, -43.50866025403784221, 0.000000000000000000 ) ) ;
#4632 = CARTESIAN_POINT ( 'NONE',  ( -4.332135384791490296, -7.500019700712344140, -10.45870000000000033 ) ) ;
#4633 = CARTESIAN_POINT ( 'NONE',  ( -5.384776310850237557, -37.68750000000000000, -13.00000000000000000 ) ) ;
#4634 = EDGE_CURVE ( 'NONE', #5712, #3074, #2437, .T. ) ;
#4635 = CARTESIAN_POINT ( 'NONE',  ( -7.628753538268564813E-16, -39.31251970071233615, -12.45870000000000033 ) ) ;
#4636 = CARTESIAN_POINT ( 'NONE',  ( -7.951019343464190656E-16, -37.61637914738683719, -12.98499999999999943 ) ) ;
#4637 = CARTESIAN_POINT ( 'NONE',  ( -7.951019343464190656E-16, -35.61637914738684429, -12.98499999999999943 ) ) ;
#4638 = ORIENTED_EDGE ( 'NONE', *, *, #3756, .F. ) ;
#4639 = CARTESIAN_POINT ( 'NONE',  ( 0.000000000000000000, -33.50000000000000000, 0.000000000000000000 ) ) ;
#4640 = CARTESIAN_POINT ( 'NONE',  ( -12.45870000000000211, -41.87501970071234325, -5.160562509537680143 ) ) ;
#4641 = CARTESIAN_POINT ( 'NONE',  ( 10.90000000000000213, -7.620235026918964039, 4.514927829866736353 ) ) ;
#4642 = CARTESIAN_POINT ( 'NONE',  ( 4.332135384791495625, -2.000019700712343695, 10.45870000000000033 ) ) ;
#4643 = ORIENTED_EDGE ( 'NONE', *, *, #1309, .F. ) ;
#4644 = PERSON_AND_ORGANIZATION_ROLE ( 'creator' ) ;
#4645 = CARTESIAN_POINT ( 'NONE',  ( -5.160562509537681031, -42.25001970071235036, -12.45870000000000211 ) ) ;
#4646 = CARTESIAN_POINT ( 'NONE',  ( -5.378563107414844779, -39.32116025403786352, 12.98499999999979870 ) ) ;
#4647 = CARTESIAN_POINT ( 'NONE',  ( -4.514927829866737241, -5.245235026918963150, -10.90000000000000036 ) ) ;
#4648 = CARTESIAN_POINT ( 'NONE',  ( 5.160562509537679254, -39.12501970071233615, -12.45870000000000388 ) ) ;
#4649 = CARTESIAN_POINT ( 'NONE',  ( 10.45870000000000033, 0.1874802992876564711, -1.280821347824242272E-15 ) ) ;
#4650 = CARTESIAN_POINT ( 'NONE',  ( -7.707463914933368798, -8.182735026918962262, -7.707463914933368798 ) ) ;
#4651 = CARTESIAN_POINT ( 'NONE',  ( -7.951019343464190656E-16, -43.61637914738684429, -12.98499999999999943 ) ) ;
#4652 = DIRECTION ( 'NONE',  ( 0.000000000000000000, 1.000000000000000000, 0.000000000000000000 ) ) ;
#4653 = ORIENTED_EDGE ( 'NONE', *, *, #4662, .T. ) ;
#4654 = CARTESIAN_POINT ( 'NONE',  ( 2.385305803039257098E-15, -39.11637914738683719, 12.98499999999999943 ) ) ;
#4655 = CARTESIAN_POINT ( 'NONE',  ( -8.809631254768840236, -34.93751970071234325, -8.809631254768840236 ) ) ;
#4656 = CARTESIAN_POINT ( 'NONE',  ( -7.778174593052020747, 0.1249999999999991396, 7.778174593052023411 ) ) ;
#4657 = CARTESIAN_POINT ( 'NONE',  ( -7.960204194457795477E-16, -38.75000000000000000, -13.00000000000000000 ) ) ;
#4658 = CARTESIAN_POINT ( 'NONE',  ( 8.809631254768842012, -40.68751970071234325, 8.809631254768838460 ) ) ;
#4659 = CARTESIAN_POINT ( 'NONE',  ( -4.556349186104047710, -4.687539401424686503, 10.99999999999999822 ) ) ;
#4660 = CARTESIAN_POINT ( 'NONE',  ( -5.378563107414962019, -34.55387914738683719, -12.98499999999967613 ) ) ;
#4661 = ORIENTED_EDGE ( 'NONE', *, *, #2405, .T. ) ;
#4662 = EDGE_CURVE ( 'NONE', #3499, #3922, #221, .T. ) ;
#4663 = CARTESIAN_POINT ( 'NONE',  ( -9.192388155425117446, -34.50003940142468650, -9.192388155425117446 ) ) ;
#4664 = CARTESIAN_POINT ( 'NONE',  ( 8.809631254768842012, -40.43751970071234325, 8.809631254768838460 ) ) ;
#4665 = CARTESIAN_POINT ( 'NONE',  ( 0.000000000000000000, 0.000000000000000000, 0.000000000000000000 ) ) ;
#4666 = CARTESIAN_POINT ( 'NONE',  ( -4.332135384791490296, -1.500019700712343695, -10.45870000000000033 ) ) ;
#4667 = ORIENTED_EDGE ( 'NONE', *, *, #2438, .F. ) ;
#4668 = CARTESIAN_POINT ( 'NONE',  ( 10.45870000000000033, -3.000019700712343695, -4.332135384791490296 ) ) ;
#4669 = CARTESIAN_POINT ( 'NONE',  ( -5.160562509537681919, -40.87501970071234325, 12.45870000000000033 ) ) ;
#4670 = CARTESIAN_POINT ( 'NONE',  ( 7.395417692395746201, -9.937519700712345028, 7.395417692395743536 ) ) ;
#4671 = CC_DESIGN_PERSON_AND_ORGANIZATION_ASSIGNMENT ( #1198, #4754, ( #138 ) ) ;
#4672 = CARTESIAN_POINT ( 'NONE',  ( -7.628753538268564813E-16, -39.06251970071233615, -12.45870000000000033 ) ) ;
#4673 = CARTESIAN_POINT ( 'NONE',  ( -7.395417692395742648, -10.43751970071234503, 7.395417692395746201 ) ) ;
#4674 = CARTESIAN_POINT ( 'NONE',  ( 9.181781553707322630, -40.13366025403784221, 9.181781553707319077 ) ) ;
#4675 = CYLINDRICAL_SURFACE ( 'NONE', #308, 12.98499999999999943 ) ;
#4676 = VECTOR ( 'NONE', #1334, 1000.000000000000000 ) ;
#4677 = ORIENTED_EDGE ( 'NONE', *, *, #1580, .T. ) ;
#4678 = CARTESIAN_POINT ( 'NONE',  ( -12.98499999999999410, -35.30387914738684429, 5.378563107414648492 ) ) ;
#4679 = FACE_OUTER_BOUND ( 'NONE', #2310, .T. ) ;
#4680 = CARTESIAN_POINT ( 'NONE',  ( -10.99999999999999822, -2.937500000000001776, 4.556349186104052151 ) ) ;
#4681 = CARTESIAN_POINT ( 'NONE',  ( 2.385305803039257098E-15, -41.11637914738683719, 12.98499999999999943 ) ) ;
#4682 = CARTESIAN_POINT ( 'NONE',  ( -12.99999999999999645, -40.43750000000000711, 5.384776310850244663 ) ) ;
#4683 = CARTESIAN_POINT ( 'NONE',  ( 5.160562509537688136, -41.75001970071234325, 12.45869999999999855 ) ) ;
#4684 = VECTOR ( 'NONE', #4511, 1000.000000000000000 ) ;
#4685 = CARTESIAN_POINT ( 'NONE',  ( -10.45870000000000033, -1.375019700712343473, -4.332135384791489408 ) ) ;
#4686 = CARTESIAN_POINT ( 'NONE',  ( 4.514927829866739906, -1.129804374505724462, -10.89999999999999503 ) ) ;
#4687 = CARTESIAN_POINT ( 'NONE',  ( -11.00000000000000000, -3.875039401424686503, 0.000000000000000000 ) ) ;
#4688 = AXIS2_PLACEMENT_3D ( 'NONE', #4639, #4693, #691 ) ;
#4689 = CARTESIAN_POINT ( 'NONE',  ( 12.98500000000000298, -35.92887914738685140, 5.378563107414636946 ) ) ;
#4690 = ORIENTED_EDGE ( 'NONE', *, *, #4728, .T. ) ;
#4691 = CARTESIAN_POINT ( 'NONE',  ( 7.778174593052021635, -5.250039401424686503, -7.778174593052023411 ) ) ;
#4692 = AXIS2_PLACEMENT_3D ( 'NONE', #5080, #5538, #4334 ) ;
#4693 = DIRECTION ( 'NONE',  ( 0.000000000000000000, 1.000000000000000000, 0.000000000000000000 ) ) ;
#4694 = CARTESIAN_POINT ( 'NONE',  ( -5.384776310850237557, -35.56253940142468650, -13.00000000000000000 ) ) ;
#4695 = CARTESIAN_POINT ( 'NONE',  ( 12.45870000000000033, -40.31251970071234325, -1.525750707653712963E-15 ) ) ;
#4696 = CARTESIAN_POINT ( 'NONE',  ( -7.395417692395742648, -4.187519700712344140, 7.395417692395746201 ) ) ;
#4697 = EDGE_CURVE ( 'NONE', #5098, #4243, #3495, .T. ) ;
#4698 = COORDINATED_UNIVERSAL_TIME_OFFSET ( 1, 0, .AHEAD. ) ;
#4699 = CARTESIAN_POINT ( 'NONE',  ( 4.332135384791495625, -2.250019700712344584, 10.45870000000000033 ) ) ;
#4700 = CARTESIAN_POINT ( 'NONE',  ( -6.674325055353075238E-16, -2.067304374505724240, -10.90000000000000036 ) ) ;
#4701 = CARTESIAN_POINT ( 'NONE',  ( 12.45870000000000388, -43.37501970071233615, 5.160562509537677478 ) ) ;
#4702 = CARTESIAN_POINT ( 'NONE',  ( -10.45870000000000033, -10.56251970071234325, 0.000000000000000000 ) ) ;
#4703 = DIRECTION ( 'NONE',  ( 0.000000000000000000, 0.000000000000000000, -1.000000000000000000 ) ) ;
#4704 = EDGE_CURVE ( 'NONE', #1164, #2039, #3626, .T. ) ;
#4705 = VERTEX_POINT ( 'NONE', #3785 ) ;
#4706 = CARTESIAN_POINT ( 'NONE',  ( 9.181781553707319077, -36.74137914738685140, -9.181781553707320853 ) ) ;
#4707 = CARTESIAN_POINT ( 'NONE',  ( -8.809631254768838460, -43.93751970071234325, 8.809631254768842012 ) ) ;
#4708 = CARTESIAN_POINT ( 'NONE',  ( 10.90000000000000036, -5.317304374505724240, -1.334865011070615048E-15 ) ) ;
#4709 = CARTESIAN_POINT ( 'NONE',  ( 4.556349186104045934, -1.312500000000000666, -11.00000000000000000 ) ) ;
#4710 = CARTESIAN_POINT ( 'NONE',  ( 10.45870000000000033, -0.03249668154198555314, -2.081020539298889638 ) ) ;
#4711 = ORIENTED_EDGE ( 'NONE', *, *, #2716, .F. ) ;
#4712 = CARTESIAN_POINT ( 'NONE',  ( -9.192388155425113894, -40.37500000000000000, 9.192388155425119223 ) ) ;
#4713 = CARTESIAN_POINT ( 'NONE',  ( -8.809631254768840236, -39.18751970071233615, -8.809631254768840236 ) ) ;
#4714 = CARTESIAN_POINT ( 'NONE',  ( 10.45870000000000211, 0.1249802992876564017, 4.332135384791487631 ) ) ;
#4715 = LINE ( 'NONE', #2412, #5434 ) ;
#4716 = CARTESIAN_POINT ( 'NONE',  ( -10.45870000000000033, -8.562519700712345028, 0.000000000000000000 ) ) ;
#4717 = ORIENTED_EDGE ( 'NONE', *, *, #767, .F. ) ;
#4718 = CARTESIAN_POINT ( 'NONE',  ( 9.192388155425115670, -34.75003940142468650, -9.192388155425117446 ) ) ;
#4719 = CARTESIAN_POINT ( 'NONE',  ( 5.160562509537688136, -39.50001970071233615, 12.45869999999999855 ) ) ;
#4720 = CARTESIAN_POINT ( 'NONE',  ( 8.809631254768838460, -34.43751970071234325, -8.809631254768840236 ) ) ;
#4721 = CARTESIAN_POINT ( 'NONE',  ( 7.395417692395743536, -1.687519700712343251, -7.395417692395744425 ) ) ;
#4722 = CARTESIAN_POINT ( 'NONE',  ( -5.378563107414522371, -36.69616025403784221, -12.98500000000012200 ) ) ;
#4723 = ORIENTED_EDGE ( 'NONE', *, *, #3014, .F. ) ;
#4724 = DATE_AND_TIME ( #257, #407 ) ;
#4725 = CARTESIAN_POINT ( 'NONE',  ( -12.45869999999999855, -43.00001970071233615, 5.160562509537689024 ) ) ;
#4726 = CARTESIAN_POINT ( 'NONE',  ( 0.000000000000000000, -264.0000000000000000, 0.000000000000000000 ) ) ;
#4727 = CARTESIAN_POINT ( 'NONE',  ( -8.809631254768838460, -43.68751970071234325, 8.809631254768842012 ) ) ;
#4728 = EDGE_CURVE ( 'NONE', #1782, #5073, #4238, .T. ) ;
#4729 = CARTESIAN_POINT ( 'NONE',  ( -10.45870000000000033, -1.250019700712343473, 4.332135384791498289 ) ) ;
#4730 = CARTESIAN_POINT ( 'NONE',  ( -9.181781553707317300, -40.24137914738683719, 9.181781553707322630 ) ) ;
#4731 = CARTESIAN_POINT ( 'NONE',  ( 0.000000000000000000, -57.50000000000000000, 0.000000000000000000 ) ) ;
#4732 = EDGE_LOOP ( 'NONE', ( #1522, #100, #1094, #5765 ) ) ;
#4733 = ADVANCED_FACE ( 'NONE', ( #1629 ), #2894, .T. ) ;
#4734 = DIRECTION ( 'NONE',  ( 0.000000000000000000, 1.000000000000000000, 0.000000000000000000 ) ) ;
#4735 = CARTESIAN_POINT ( 'NONE',  ( -10.45870000000000033, -0.5625197007123434734, 0.000000000000000000 ) ) ;
#4736 = CARTESIAN_POINT ( 'NONE',  ( -4.556349186104047710, 0.1874999999999990841, 10.99999999999999822 ) ) ;
#4737 = ORIENTED_EDGE ( 'NONE', *, *, #3818, .F. ) ;
#4738 = CARTESIAN_POINT ( 'NONE',  ( 13.00000000000000533, -42.06250000000000711, 5.384776310850233116 ) ) ;
#4739 = CARTESIAN_POINT ( 'NONE',  ( 12.45870000000000033, -43.56251970071234325, -1.525750707653712963E-15 ) ) ;
#4740 = DIRECTION ( 'NONE',  ( 0.000000000000000000, -1.000000000000000000, -0.000000000000000000 ) ) ;
#4741 = CARTESIAN_POINT ( 'NONE',  ( -5.160562509537681031, -35.25001970071234325, -12.45870000000000211 ) ) ;
#4742 = CARTESIAN_POINT ( 'NONE',  ( -4.556349186104045934, -5.062539401424686503, -11.00000000000000000 ) ) ;
#4743 = CARTESIAN_POINT ( 'NONE',  ( 0.000000000000000000, -57.50000000000000000, 0.000000000000000000 ) ) ;
#4744 = CARTESIAN_POINT ( 'NONE',  ( 9.181781553707319077, -36.88366025403784221, -9.181781553707320853 ) ) ;
#4745 = CARTESIAN_POINT ( 'NONE',  ( 7.395417692395743536, -8.937519700712343251, -7.395417692395744425 ) ) ;
#4746 = ORIENTED_EDGE ( 'NONE', *, *, #5502, .F. ) ;
#4747 = CARTESIAN_POINT ( 'NONE',  ( -7.778174593052023411, -7.000039401424686503, -7.778174593052023411 ) ) ;
#4748 = CARTESIAN_POINT ( 'NONE',  ( 2.659570909469649802, 1.580819003990173460E-17, 10.16114083942129653 ) ) ;
#4749 = CARTESIAN_POINT ( 'NONE',  ( 5.384776310850242886, -34.06253940142468650, 12.99999999999999645 ) ) ;
#4750 = CARTESIAN_POINT ( 'NONE',  ( 2.288626061480569049E-15, -43.56251970071234325, 12.45870000000000033 ) ) ;
#4751 = CARTESIAN_POINT ( 'NONE',  ( -4.514927829866721254, -4.629804374505724240, 10.90000000000001457 ) ) ;
#4752 = CARTESIAN_POINT ( 'NONE',  ( 10.45870000000000211, -2.875019700712343695, 4.332135384791487631 ) ) ;
#4753 = VERTEX_POINT ( 'NONE', #3378 ) ;
#4754 = PERSON_AND_ORGANIZATION_ROLE ( 'classification_officer' ) ;
#4755 = CARTESIAN_POINT ( 'NONE',  ( 8.809631254768838460, -41.43751970071234325, -8.809631254768840236 ) ) ;
#4756 = CARTESIAN_POINT ( 'NONE',  ( 12.98500000000000298, -40.92887914738683719, 5.378563107414636946 ) ) ;
#4757 = DIRECTION ( 'NONE',  ( 0.000000000000000000, 1.000000000000000000, 0.000000000000000000 ) ) ;
#4758 = DIRECTION ( 'NONE',  ( 0.000000000000000000, 0.000000000000000000, 1.000000000000000000 ) ) ;
#4759 = CARTESIAN_POINT ( 'NONE',  ( 10.45870000000000211, -0.8750197007123435844, 4.332135384791487631 ) ) ;
#4760 = CARTESIAN_POINT ( 'NONE',  ( -7.707463914933368798, -6.942304374505725129, -7.707463914933368798 ) ) ;
#4761 = ORIENTED_EDGE ( 'NONE', *, *, #1550, .T. ) ;
#4762 = CARTESIAN_POINT ( 'NONE',  ( -7.395417692395744425, 0.3124802992876565821, -7.395417692395744425 ) ) ;
#4763 = CARTESIAN_POINT ( 'NONE',  ( 11.00000000000000355, -0.5625000000000008882, 4.556349186104045046 ) ) ;
#4764 = CARTESIAN_POINT ( 'NONE',  ( 7.395417692395746201, -0.1875197007123434456, 7.395417692395743536 ) ) ;
#4765 = EDGE_LOOP ( 'NONE', ( #5728, #3857, #4737, #549 ) ) ;
#4766 = CARTESIAN_POINT ( 'NONE',  ( -12.99999999999999645, -41.43750000000000711, 5.384776310850244663 ) ) ;
#4767 =( BOUNDED_CURVE ( )  B_SPLINE_CURVE ( 2, ( #1583, #4260, #716, #3361, #5576, #1609, #5143, #1161, #5172 ),
 .UNSPECIFIED., .F., .F. ) 
 B_SPLINE_CURVE_WITH_KNOTS ( ( 3, 2, 2, 2, 3 ),
 ( 0.3409090909090907728, 0.3522727272727271264, 0.3636363636363634799, 0.3749999999999998335, 0.3863636363636361870 ),
 .UNSPECIFIED. ) 
 CURVE ( )  GEOMETRIC_REPRESENTATION_ITEM ( )  RATIONAL_B_SPLINE_CURVE ( ( 1.000000000000001110, 0.9238795325112856283, 1.000000000000000000, 0.9238795325112867385, 1.000000000000000000, 0.9238795325112867385, 1.000000000000000000, 0.9238795325112878487, 0.9999999999999988898 ) ) 
 REPRESENTATION_ITEM ( '' )  );
#4768 = ADVANCED_FACE ( 'NONE', ( #2922 ), #4675, .T. ) ;
#4769 = AXIS2_PLACEMENT_3D ( 'NONE', #2787, #2814, #4150 ) ;
#4770 = CARTESIAN_POINT ( 'NONE',  ( -5.160562509537681919, -35.87501970071235036, 12.45870000000000033 ) ) ;
#4771 = CARTESIAN_POINT ( 'NONE',  ( -6.674325055353075238E-16, -6.307735026918964039, -10.90000000000000036 ) ) ;
#4772 = CARTESIAN_POINT ( 'NONE',  ( 10.45870000000000033, -8.000019700712345028, -4.332135384791490296 ) ) ;
#4773 = VECTOR ( 'NONE', #2675, 1000.000000000000000 ) ;
#4774 = EDGE_CURVE ( 'NONE', #413, #2577, #677, .T. ) ;
#4775 = ORIENTED_EDGE ( 'NONE', *, *, #5220, .F. ) ;
#4776 = CARTESIAN_POINT ( 'NONE',  ( 7.778174593052021635, -7.250039401424686503, -7.778174593052023411 ) ) ;
#4777 = CARTESIAN_POINT ( 'NONE',  ( -4.970990205330246603, 1.315805067078438429E-16, 9.482665600195756994 ) ) ;
#4778 = CARTESIAN_POINT ( 'NONE',  ( 13.00000000000000000, -36.87503940142469361, -1.592040838891559095E-15 ) ) ;
#4779 = AXIS2_PLACEMENT_3D ( 'NONE', #1837, #4426, #3618 ) ;
#4780 = CARTESIAN_POINT ( 'NONE',  ( -6.404106739121211359E-16, -6.562519700712344140, -10.45870000000000033 ) ) ;
#4781 = CARTESIAN_POINT ( 'NONE',  ( 5.384776310850242886, -35.18750000000000711, 12.99999999999999645 ) ) ;
#4782 = CARTESIAN_POINT ( 'NONE',  ( -6.674325055353075238E-16, -5.067304374505724240, -10.90000000000000036 ) ) ;
#4783 = CARTESIAN_POINT ( 'NONE',  ( 7.395417692395746201, -5.937519700712343251, 7.395417692395743536 ) ) ;
#4784 = VERTEX_POINT ( 'NONE', #2477 ) ;
#4785 = CIRCLE ( 'NONE', #2286, 11.98499999999999943 ) ;
#4786 = CARTESIAN_POINT ( 'NONE',  ( 7.395417692395743536, -5.937519700712343251, -7.395417692395744425 ) ) ;
#4787 = CARTESIAN_POINT ( 'NONE',  ( 8.809631254768838460, -33.18751970071234325, -8.809631254768840236 ) ) ;
#4788 = CARTESIAN_POINT ( 'NONE',  ( 2.385305803039257098E-15, -38.11637914738683719, 12.98499999999999943 ) ) ;
#4789 = CARTESIAN_POINT ( 'NONE',  ( -5.160562509537682807, -42.62501970071234325, 12.45870000000000033 ) ) ;
#4790 = CARTESIAN_POINT ( 'NONE',  ( -7.395417692395742648, -4.187519700712344140, 7.395417692395746201 ) ) ;
#4791 = CARTESIAN_POINT ( 'NONE',  ( 2.385305803039257098E-15, -35.11637914738684429, 12.98499999999999943 ) ) ;
#4792 = CARTESIAN_POINT ( 'NONE',  ( 5.378563107414766620, -40.05387914738683719, 12.98499999999987153 ) ) ;
#4793 = CARTESIAN_POINT ( 'NONE',  ( -7.951019343464190656E-16, -36.61637914738684429, -12.98499999999999943 ) ) ;
#4794 = ORIENTED_EDGE ( 'NONE', *, *, #913, .T. ) ;
#4795 = CARTESIAN_POINT ( 'NONE',  ( 4.514927829866776321, -6.504804374505722464, 10.89999999999996305 ) ) ;
#4796 = CARTESIAN_POINT ( 'NONE',  ( 10.45870000000000211, -4.125019700712342363, 4.332135384791487631 ) ) ;
#4797 = CARTESIAN_POINT ( 'NONE',  ( -4.556349186104047710, -5.812500000000001776, 10.99999999999999822 ) ) ;
#4798 = CARTESIAN_POINT ( 'NONE',  ( 4.332135384791488519, -1.875019700712343251, -10.45870000000000033 ) ) ;
#4799 = EDGE_LOOP ( 'NONE', ( #5423, #3902, #1432, #5399 ) ) ;
#4800 = CARTESIAN_POINT ( 'NONE',  ( -13.00000000000000000, -40.56250000000000000, -5.384776310850237557 ) ) ;
#4801 = VERTEX_POINT ( 'NONE', #4251 ) ;
#4802 = CARTESIAN_POINT ( 'NONE',  ( 12.45870000000000211, -34.62501970071234325, 5.160562509537678366 ) ) ;
#4803 = EDGE_CURVE ( 'NONE', #3668, #829, #5167, .T. ) ;
#4804 =( BOUNDED_CURVE ( )  B_SPLINE_CURVE ( 2, ( #2883, #1945, #3699, #4641, #4586, #1564, #4187, #2032, #582 ),
 .UNSPECIFIED., .F., .F. ) 
 B_SPLINE_CURVE_WITH_KNOTS ( ( 3, 2, 2, 2, 3 ),
 ( 0.2045454545454544193, 0.2159090909090908006, 0.2272727272727271819, 0.2386363636363635354, 0.2499999999999999167 ),
 .UNSPECIFIED. ) 
 CURVE ( )  GEOMETRIC_REPRESENTATION_ITEM ( )  RATIONAL_B_SPLINE_CURVE ( ( 1.000000000000001110, 0.9238795325112856283, 1.000000000000000000, 0.9238795325112867385, 1.000000000000000000, 0.9238795325112867385, 1.000000000000000000, 0.9238795325112872936, 0.9999999999999994449 ) ) 
 REPRESENTATION_ITEM ( '' )  );
#4805 = CARTESIAN_POINT ( 'NONE',  ( 12.45870000000000033, -33.53249668154180796, -2.478970674473478741 ) ) ;
#4806 = CARTESIAN_POINT ( 'NONE',  ( 4.332135384791488519, -6.875019700712343251, -10.45870000000000033 ) ) ;
#4807 = ORIENTED_EDGE ( 'NONE', *, *, #2790, .T. ) ;
#4808 = CARTESIAN_POINT ( 'NONE',  ( 7.778174593052023411, -8.500039401424686503, 7.778174593052021635 ) ) ;
#4809 = CARTESIAN_POINT ( 'NONE',  ( -7.960204194457795477E-16, -38.62503940142468650, -13.00000000000000000 ) ) ;
#4810 = CARTESIAN_POINT ( 'NONE',  ( -9.192388155425113894, -35.37500000000000711, 9.192388155425119223 ) ) ;
#4811 = CARTESIAN_POINT ( 'NONE',  ( -5.160562509537681919, -33.87501970071234325, 12.45870000000000033 ) ) ;
#4812 = CARTESIAN_POINT ( 'NONE',  ( 4.332135384791488519, -6.625019700712344140, -10.45870000000000033 ) ) ;
#4813 = VERTEX_POINT ( 'NONE', #1232 ) ;
#4814 = CARTESIAN_POINT ( 'NONE',  ( -6.404106739121211359E-16, -5.812519700712343251, -10.45870000000000033 ) ) ;
#4815 = CARTESIAN_POINT ( 'NONE',  ( 8.809631254768842012, -43.68751970071234325, 8.809631254768838460 ) ) ;
#4816 = CARTESIAN_POINT ( 'NONE',  ( -10.89999999999999858, -1.754804374505724462, 4.514927829866743458 ) ) ;
#4817 = CARTESIAN_POINT ( 'NONE',  ( 12.45870000000000033, -42.31251970071234325, -1.525750707653712963E-15 ) ) ;
#4818 = CARTESIAN_POINT ( 'NONE',  ( 12.45870000000000211, -34.37501970071234325, 5.160562509537678366 ) ) ;
#4819 = CARTESIAN_POINT ( 'NONE',  ( 12.98499999999999943, -42.80387914738685140, -5.378563107414641387 ) ) ;
#4820 = CARTESIAN_POINT ( 'NONE',  ( -6.674325055353075238E-16, -4.307735026918963150, -10.90000000000000036 ) ) ;
#4821 = ORIENTED_EDGE ( 'NONE', *, *, #5682, .T. ) ;
#4822 = CARTESIAN_POINT ( 'NONE',  ( -10.90000000000000036, -7.817304374505724240, 0.000000000000000000 ) ) ;
#4823 = CARTESIAN_POINT ( 'NONE',  ( -5.378563107414320754, -42.69616025403784931, -12.98500000000032095 ) ) ;
#4824 = CARTESIAN_POINT ( 'NONE',  ( 1.921232021736363210E-15, -2.312519700712343251, 10.45870000000000033 ) ) ;
#4825 = CARTESIAN_POINT ( 'NONE',  ( 11.00000000000000000, -4.500000000000000888, -1.347111479062088405E-15 ) ) ;
#4826 = CARTESIAN_POINT ( 'NONE',  ( -7.395417692395742648, -2.437519700712343251, 7.395417692395746201 ) ) ;
#4827 = EDGE_LOOP ( 'NONE', ( #5081, #1225, #4225, #434 ) ) ;
#4828 = CARTESIAN_POINT ( 'NONE',  ( 10.45854842104520444, 1.286955923397707939E-17, -1.370216080138267456 ) ) ;
#4829 = FACE_OUTER_BOUND ( 'NONE', #3930, .T. ) ;
#4830 = CARTESIAN_POINT ( 'NONE',  ( -8.809631254768840236, -34.18751970071234325, -8.809631254768840236 ) ) ;
#4831 = CARTESIAN_POINT ( 'NONE',  ( -8.809631254768840236, -34.18751970071234325, -8.809631254768840236 ) ) ;
#4832 = CARTESIAN_POINT ( 'NONE',  ( 4.332135384791495625, -8.250019700712345028, 10.45870000000000033 ) ) ;
#4833 = ORIENTED_EDGE ( 'NONE', *, *, #1692, .T. ) ;
#4834 = EDGE_CURVE ( 'NONE', #1139, #5068, #1190, .T. ) ;
#4835 = CARTESIAN_POINT ( 'NONE',  ( 4.556349186104045934, -6.187539401424686503, -11.00000000000000000 ) ) ;
#4836 = CARTESIAN_POINT ( 'NONE',  ( -12.99999999999999645, -38.31253940142468650, 5.384776310850244663 ) ) ;
#4837 = CARTESIAN_POINT ( 'NONE',  ( -7.960204194457795477E-16, -35.75000000000000711, -13.00000000000000000 ) ) ;
#4838 = CARTESIAN_POINT ( 'NONE',  ( 2.385305803039257098E-15, -38.25866025403784221, 12.98499999999999943 ) ) ;
#4839 = CARTESIAN_POINT ( 'NONE',  ( -7.395417692395744425, -8.437519700712343251, -7.395417692395744425 ) ) ;
#4840 = EDGE_CURVE ( 'NONE', #3950, #3454, #1653, .T. ) ;
#4841 = CARTESIAN_POINT ( 'NONE',  ( 7.395417692395746201, -5.187519700712343251, 7.395417692395743536 ) ) ;
#4842 = CARTESIAN_POINT ( 'NONE',  ( 12.45870000000000211, -33.37501970071233615, 5.160562509537678366 ) ) ;
#4843 = CARTESIAN_POINT ( 'NONE',  ( 2.385305803039257098E-15, -41.11637914738683719, 12.98499999999999943 ) ) ;
#4844 = CARTESIAN_POINT ( 'NONE',  ( -7.628753538268564813E-16, -35.06251970071234325, -12.45870000000000033 ) ) ;
#4845 = DIRECTION ( 'NONE',  ( 0.000000000000000000, 0.000000000000000000, 1.000000000000000000 ) ) ;
#4846 = CARTESIAN_POINT ( 'NONE',  ( -8.809631254768840236, -43.18751970071234325, -8.809631254768840236 ) ) ;
#4847 = ORIENTED_EDGE ( 'NONE', *, *, #1103, .T. ) ;
#4848 = CARTESIAN_POINT ( 'NONE',  ( 1.590203868692838131E-15, -57.50000000000000000, -12.98499999999999943 ) ) ;
#4849 = CARTESIAN_POINT ( 'NONE',  ( 12.45870000000000033, -36.31251970071234325, -1.525750707653712963E-15 ) ) ;
#4850 = CARTESIAN_POINT ( 'NONE',  ( 4.332135384791488519, -3.875019700712343251, -10.45870000000000033 ) ) ;
#4851 = CARTESIAN_POINT ( 'NONE',  ( -7.778174593052023411, -7.125000000000000888, -7.778174593052023411 ) ) ;
#4852 = CARTESIAN_POINT ( 'NONE',  ( -7.395417692395744425, -4.687519700712343251, -7.395417692395744425 ) ) ;
#4853 = CARTESIAN_POINT ( 'NONE',  ( -7.732349749232936276, -33.50000000000001421, 10.14730328476122878 ) ) ;
#4854 = CARTESIAN_POINT ( 'NONE',  ( 10.45885145085621026, 1.286955923397709171E-17, 1.367901133320494678 ) ) ;
#4855 = CARTESIAN_POINT ( 'NONE',  ( -6.674325055353075238E-16, -3.307735026918962706, -10.90000000000000036 ) ) ;
#4856 = CARTESIAN_POINT ( 'NONE',  ( -6.404106739121211359E-16, -3.562519700712343695, -10.45870000000000033 ) ) ;
#4857 = CARTESIAN_POINT ( 'NONE',  ( 2.288626061480569049E-15, -33.81251970071234325, 12.45870000000000033 ) ) ;
#4858 = CARTESIAN_POINT ( 'NONE',  ( 7.707463914933367022, -6.432735026918963150, -7.707463914933368798 ) ) ;
#4859 = CARTESIAN_POINT ( 'NONE',  ( -6.404106739121211359E-16, -9.812519700712345028, -10.45870000000000033 ) ) ;
#4860 = VERTEX_POINT ( 'NONE', #3574 ) ;
#4861 = VECTOR ( 'NONE', #540, 1000.000000000000000 ) ;
#4862 = CARTESIAN_POINT ( 'NONE',  ( 5.384776310850236669, -36.68753940142469361, -13.00000000000000000 ) ) ;
#4863 = AXIS2_PLACEMENT_3D ( 'NONE', #1303, #853, #5688 ) ;
#4864 = CARTESIAN_POINT ( 'NONE',  ( 13.00000000000000000, -34.00000000000000000, -1.592040838891559095E-15 ) ) ;
#4865 = CARTESIAN_POINT ( 'NONE',  ( 5.160562509537679254, -37.37501970071234325, -12.45870000000000211 ) ) ;
#4866 = CARTESIAN_POINT ( 'NONE',  ( 7.395417692395743536, -7.687519700712344140, -7.395417692395744425 ) ) ;
#4867 = ORIENTED_EDGE ( 'NONE', *, *, #1685, .F. ) ;
#4868 = CIRCLE ( 'NONE', #3222, 11.90000000000000036 ) ;
#4869 = CARTESIAN_POINT ( 'NONE',  ( -4.332135384791492072, -3.375019700712343251, 10.45870000000000033 ) ) ;
#4870 = CARTESIAN_POINT ( 'NONE',  ( -7.628753538268564813E-16, -34.06251970071234325, -12.45870000000000033 ) ) ;
#4871 = DIRECTION ( 'NONE',  ( 0.000000000000000000, 1.000000000000000000, 0.000000000000000000 ) ) ;
#4872 = CARTESIAN_POINT ( 'NONE',  ( 10.45870000000000211, -4.875019700712345028, 4.332135384791487631 ) ) ;
#4873 = CARTESIAN_POINT ( 'NONE',  ( -7.951019343464190656E-16, -34.61637914738684429, -12.98499999999999943 ) ) ;
#4874 = EDGE_CURVE ( 'NONE', #1451, #3841, #4186, .T. ) ;
#4875 = CARTESIAN_POINT ( 'NONE',  ( 2.385305803039257098E-15, -42.25866025403784931, 12.98499999999999943 ) ) ;
#4876 = DIRECTION ( 'NONE',  ( 0.000000000000000000, 1.000000000000000000, 0.000000000000000000 ) ) ;
#4877 = AXIS2_PLACEMENT_3D ( 'NONE', #3503, #3560, #389 ) ;
#4878 = CARTESIAN_POINT ( 'NONE',  ( -7.951019343464191642E-16, -37.75866025403784931, -12.98499999999999943 ) ) ;
#4879 = ORIENTED_EDGE ( 'NONE', *, *, #3229, .F. ) ;
#4880 = CARTESIAN_POINT ( 'NONE',  ( 1.590203868692838131E-15, -57.50000000000000000, -12.98499999999999943 ) ) ;
#4881 = CARTESIAN_POINT ( 'NONE',  ( 12.45870000000000388, -38.25001970071232904, -5.160562509537681031 ) ) ;
#4882 = CARTESIAN_POINT ( 'NONE',  ( 1.921232021736363210E-15, -5.312519700712343251, 10.45870000000000033 ) ) ;
#4883 = CARTESIAN_POINT ( 'NONE',  ( 11.00000000000000000, -4.437500000000000888, -4.556349186104045934 ) ) ;
#4884 = EDGE_CURVE ( 'NONE', #4617, #2188, #2028, .T. ) ;
#4885 = CARTESIAN_POINT ( 'NONE',  ( 7.395417692395746201, -5.187519700712343251, 7.395417692395743536 ) ) ;
#4886 = LINE ( 'NONE', #4453, #4676 ) ;
#4887 = CARTESIAN_POINT ( 'NONE',  ( -7.025291610196955361, -33.49999999999999289, -10.91588302012809031 ) ) ;
#4888 = DIRECTION ( 'NONE',  ( 0.000000000000000000, 1.000000000000000000, 0.000000000000000000 ) ) ;
#4889 = ORIENTED_EDGE ( 'NONE', *, *, #949, .T. ) ;
#4890 = CARTESIAN_POINT ( 'NONE',  ( -12.45870000000000033, -39.06251970071233615, 0.000000000000000000 ) ) ;
#4891 = CARTESIAN_POINT ( 'NONE',  ( -12.45870000000000388, -37.12501970071234325, -5.160562509537680143 ) ) ;
#4892 = CARTESIAN_POINT ( 'NONE',  ( -10.45870000000000033, -9.500019700712345028, 4.332135384791497401 ) ) ;
#4893 = CARTESIAN_POINT ( 'NONE',  ( -10.99999999999999822, -10.81253940142468473, 4.556349186104052151 ) ) ;
#4894 = CARTESIAN_POINT ( 'NONE',  ( -12.99999999999999645, -39.43750000000000000, 5.384776310850244663 ) ) ;
#4895 = CARTESIAN_POINT ( 'NONE',  ( 2.288626061480569049E-15, -35.81251970071234325, 12.45870000000000033 ) ) ;
#4896 = CARTESIAN_POINT ( 'NONE',  ( -4.332135384791492072, -7.125019700712344140, 10.45870000000000033 ) ) ;
#4897 = ORIENTED_EDGE ( 'NONE', *, *, #4949, .F. ) ;
#4898 = CARTESIAN_POINT ( 'NONE',  ( -7.395417692395742648, -4.437519700712343251, 7.395417692395746201 ) ) ;
#4899 = CARTESIAN_POINT ( 'NONE',  ( -12.45870000000000033, -34.81251970071234325, 0.000000000000000000 ) ) ;
#4900 = CARTESIAN_POINT ( 'NONE',  ( 2.288626061480569049E-15, -42.81251970071234325, 12.45870000000000033 ) ) ;
#4901 = CARTESIAN_POINT ( 'NONE',  ( -6.404106739121211359E-16, -4.562519700712344140, -10.45870000000000033 ) ) ;
#4902 = CARTESIAN_POINT ( 'NONE',  ( 8.809631254768842012, -35.43751970071234325, 8.809631254768838460 ) ) ;
#4903 = DIRECTION ( 'NONE',  ( 0.000000000000000000, 1.000000000000000000, 0.000000000000000000 ) ) ;
#4904 = CARTESIAN_POINT ( 'NONE',  ( 9.181781553707319077, -40.88366025403784931, -9.181781553707320853 ) ) ;
#4905 = CARTESIAN_POINT ( 'NONE',  ( 5.160562509537679254, -43.37501970071233615, -12.45870000000000388 ) ) ;
#4906 = ORIENTED_EDGE ( 'NONE', *, *, #3009, .F. ) ;
#4907 = EDGE_CURVE ( 'NONE', #5068, #3012, #4991, .T. ) ;
#4908 = CARTESIAN_POINT ( 'NONE',  ( 12.45870000000000388, -36.37501970071234325, 5.160562509537677478 ) ) ;
#4909 = CARTESIAN_POINT ( 'NONE',  ( -10.45870000000000033, -3.562519700712343251, 0.000000000000000000 ) ) ;
#4910 = CARTESIAN_POINT ( 'NONE',  ( -7.778174593052020747, -4.875000000000000888, 7.778174593052023411 ) ) ;
#4911 = CARTESIAN_POINT ( 'NONE',  ( -4.332135384791490296, -3.750019700712343251, -10.45870000000000033 ) ) ;
#4912 = FACE_OUTER_BOUND ( 'NONE', #706, .T. ) ;
#4913 = CARTESIAN_POINT ( 'NONE',  ( 0.000000000000000000, -33.50000000000000000, 10.90000000000000036 ) ) ;
#4914 = CARTESIAN_POINT ( 'NONE',  ( -7.707463914933366134, -10.69230437450572424, 7.707463914933369686 ) ) ;
#4915 = CARTESIAN_POINT ( 'NONE',  ( -10.72934999999999839, -10.71877955106851488, 0.000000000000000000 ) ) ;
#4916 = ADVANCED_FACE ( 'NONE', ( #3978 ), #5741, .T. ) ;
#4917 = CARTESIAN_POINT ( 'NONE',  ( -7.395417692395742648, -3.187519700712343251, 7.395417692395746201 ) ) ;
#4918 = CARTESIAN_POINT ( 'NONE',  ( -5.160562509537681919, -38.87501970071233615, 12.45870000000000033 ) ) ;
#4919 = CARTESIAN_POINT ( 'NONE',  ( 12.45870000000000388, -36.50001970071233615, -5.160562509537681031 ) ) ;
#4920 = LINE ( 'NONE', #3561, #3948 ) ;
#4921 = CARTESIAN_POINT ( 'NONE',  ( 6.658056534492891032, -304.0000000000000000, -25.99365851863674948 ) ) ;
#4922 = CARTESIAN_POINT ( 'NONE',  ( -5.384776310850237557, -36.68750000000000000, -13.00000000000000000 ) ) ;
#4923 = CARTESIAN_POINT ( 'NONE',  ( 12.45870000000000211, -38.50001970071233615, -5.160562509537681031 ) ) ;
#4924 = DIRECTION ( 'NONE',  ( 0.000000000000000000, 1.000000000000000000, 0.000000000000000000 ) ) ;
#4925 = ORIENTED_EDGE ( 'NONE', *, *, #875, .F. ) ;
#4926 = DIRECTION ( 'NONE',  ( -0.000000000000000000, -1.000000000000000000, -0.000000000000000000 ) ) ;
#4927 = CARTESIAN_POINT ( 'NONE',  ( 12.45870000000000211, -36.37501970071234325, 5.160562509537678366 ) ) ;
#4928 = CARTESIAN_POINT ( 'NONE',  ( 8.809631254768838460, -37.18751970071233615, -8.809631254768840236 ) ) ;
#4929 = CARTESIAN_POINT ( 'NONE',  ( -4.514927829866703490, -3.245235026918964039, -10.90000000000003588 ) ) ;
#4930 = DIRECTION ( 'NONE',  ( 0.000000000000000000, -0.000000000000000000, 1.000000000000000000 ) ) ;
#4931 = CARTESIAN_POINT ( 'NONE',  ( -10.90000000000000036, -7.057735026918962262, 0.000000000000000000 ) ) ;
#4932 = ORIENTED_EDGE ( 'NONE', *, *, #630, .F. ) ;
#4933 = CARTESIAN_POINT ( 'NONE',  ( -9.181781553707317300, -42.38366025403784931, 9.181781553707322630 ) ) ;
#4934 = CARTESIAN_POINT ( 'NONE',  ( -12.45870000000000033, -35.81251970071234325, 0.000000000000000000 ) ) ;
#4935 = CARTESIAN_POINT ( 'NONE',  ( -6.404106739121211359E-16, -7.812519700712344140, -10.45870000000000033 ) ) ;
#4936 = CARTESIAN_POINT ( 'NONE',  ( 7.778174593052023411, -8.625000000000000000, 7.778174593052021635 ) ) ;
#4937 = CARTESIAN_POINT ( 'NONE',  ( 10.45870000000000033, -5.062519700712343251, -1.280821347824242272E-15 ) ) ;
#4938 = LINE ( 'NONE', #1805, #5689 ) ;
#4939 = CARTESIAN_POINT ( 'NONE',  ( -12.98499999999999410, -41.30387914738683008, 5.378563107414648492 ) ) ;
#4940 = FACE_OUTER_BOUND ( 'NONE', #2106, .T. ) ;
#4941 = CARTESIAN_POINT ( 'NONE',  ( 12.45870000000000211, -37.62501970071233615, 5.160562509537678366 ) ) ;
#4942 = CARTESIAN_POINT ( 'NONE',  ( -10.90000000000000036, -10.05773502691896226, 0.000000000000000000 ) ) ;
#4943 = EDGE_CURVE ( 'NONE', #679, #4360, #4010, .T. ) ;
#4944 = CARTESIAN_POINT ( 'NONE',  ( -12.45869999999999855, -38.00001970071233615, 5.160562509537688136 ) ) ;
#4945 = CARTESIAN_POINT ( 'NONE',  ( -12.98499999999999943, -42.42887914738683719, -5.378563107414639610 ) ) ;
#4946 = CARTESIAN_POINT ( 'NONE',  ( 10.45870000000000033, -0.06251970071234343174, -1.280821347824242272E-15 ) ) ;
#4947 = CARTESIAN_POINT ( 'NONE',  ( -10.89999999999999858, -0.7548043745057241294, 4.514927829866743458 ) ) ;
#4948 = CARTESIAN_POINT ( 'NONE',  ( 7.778174593052023411, -1.500039401424686059, 7.778174593052021635 ) ) ;
#4949 = EDGE_CURVE ( 'NONE', #5371, #3786, #1885, .T. ) ;
#4950 = CARTESIAN_POINT ( 'NONE',  ( -8.809631254768840236, -39.18751970071233615, -8.809631254768840236 ) ) ;
#4951 = CARTESIAN_POINT ( 'NONE',  ( 6.306035886804040480, 8.654705768851558294E-16, -8.536276126361775241 ) ) ;
#4952 =( BOUNDED_CURVE ( )  B_SPLINE_CURVE ( 2, ( #3458, #2117, #4442, #5673, #3515, #3886, #3002, #438, #4788 ),
 .UNSPECIFIED., .F., .T. ) 
 B_SPLINE_CURVE_WITH_KNOTS ( ( 3, 2, 2, 2, 3 ),
 ( 0.5227272727272732622, 0.5340909090909098378, 0.5454545454545463024, 0.5568181818181829890, 0.5681818181818193425 ),
 .UNSPECIFIED. ) 
 CURVE ( )  GEOMETRIC_REPRESENTATION_ITEM ( )  RATIONAL_B_SPLINE_CURVE ( ( 0.9999999999999963363, 0.9238795325112904022, 1.000000000000000000, 0.9238795325112867385, 1.000000000000000000, 0.9238795325112867385, 1.000000000000000000, 0.9238795325112785228, 1.000000000000008216 ) ) 
 REPRESENTATION_ITEM ( '' )  );
#4953 = DIRECTION ( 'NONE',  ( 0.000000000000000000, 0.000000000000000000, 1.000000000000000000 ) ) ;
#4954 = CARTESIAN_POINT ( 'NONE',  ( 4.332135384791495625, -8.250019700712345028, 10.45870000000000033 ) ) ;
#4955 = CARTESIAN_POINT ( 'NONE',  ( -5.160562509537681031, -39.00001970071234325, -12.45870000000000211 ) ) ;
#4956 = VECTOR ( 'NONE', #3942, 1000.000000000000000 ) ;
#4957 = CARTESIAN_POINT ( 'NONE',  ( 13.00000000000000533, -39.93753940142467940, 5.384776310850233116 ) ) ;
#4958 = CARTESIAN_POINT ( 'NONE',  ( -7.628753538268564813E-16, -39.06251970071233615, -12.45870000000000033 ) ) ;
#4959 = DIRECTION ( 'NONE',  ( 0.000000000000000000, 0.000000000000000000, 1.000000000000000000 ) ) ;
#4960 = CARTESIAN_POINT ( 'NONE',  ( 12.98499999999999943, -41.80387914738685140, -5.378563107414641387 ) ) ;
#4961 = AXIS2_PLACEMENT_3D ( 'NONE', #3158, #1010, #567 ) ;
#4962 = ORIENTED_EDGE ( 'NONE', *, *, #4421, .F. ) ;
#4963 = CARTESIAN_POINT ( 'NONE',  ( -10.45870000000000033, -6.375019700712344140, -4.332135384791489408 ) ) ;
#4964 = CARTESIAN_POINT ( 'NONE',  ( 0.000000000000000000, -264.0000000000000000, 12.75000000000000000 ) ) ;
#4965 = CARTESIAN_POINT ( 'NONE',  ( -5.160562509537681031, -38.00001970071233615, -12.45870000000000388 ) ) ;
#4966 = CARTESIAN_POINT ( 'NONE',  ( 7.395417692395743536, -6.937519700712343251, -7.395417692395744425 ) ) ;
#4967 = AXIS2_PLACEMENT_3D ( 'NONE', #4515, #1862, #2424 ) ;
#4968 = CARTESIAN_POINT ( 'NONE',  ( -7.778174593052023411, -8.125000000000000000, -7.778174593052023411 ) ) ;
#4969 = CARTESIAN_POINT ( 'NONE',  ( -8.809631254768840236, -41.93751970071234325, -8.809631254768840236 ) ) ;
#4970 = CARTESIAN_POINT ( 'NONE',  ( -11.37488234295431155, -33.49999999999999289, 6.030809747739216853 ) ) ;
#4971 = DIRECTION ( 'NONE',  ( 0.000000000000000000, 1.000000000000000000, 0.000000000000000000 ) ) ;
#4972 = ORIENTED_EDGE ( 'NONE', *, *, #2756, .T. ) ;
#4973 = CARTESIAN_POINT ( 'NONE',  ( -10.90000000000000036, -2.120235026918962706, -4.514927829866737241 ) ) ;
#4974 = AXIS2_PLACEMENT_3D ( 'NONE', #451, #1806, #4484 ) ;
#4975 = CARTESIAN_POINT ( 'NONE',  ( -7.951019343464191642E-16, -35.75866025403784221, -12.98499999999999943 ) ) ;
#4976 = CARTESIAN_POINT ( 'NONE',  ( 7.395417692395746201, -9.937519700712345028, 7.395417692395743536 ) ) ;
#4977 = CARTESIAN_POINT ( 'NONE',  ( 8.809631254768842012, -36.68751970071234325, 8.809631254768838460 ) ) ;
#4978 = CARTESIAN_POINT ( 'NONE',  ( -12.98499999999999943, -42.36637914738684429, 0.000000000000000000 ) ) ;
#4979 = CARTESIAN_POINT ( 'NONE',  ( -7.395417692395744425, -2.437519700712343695, -7.395417692395744425 ) ) ;
#4980 = CARTESIAN_POINT ( 'NONE',  ( 11.00000000000000000, -9.375039401424684726, -1.347111479062088405E-15 ) ) ;
#4981 = CARTESIAN_POINT ( 'NONE',  ( 7.707463914933366134, -9.192304374505724240, -7.707463914933368798 ) ) ;
#4982 = ADVANCED_FACE ( 'NONE', ( #1027, #496 ), #933, .F. ) ;
#4983 = DIRECTION ( 'NONE',  ( 0.000000000000000000, 1.000000000000000000, 0.000000000000000000 ) ) ;
#4984 = CARTESIAN_POINT ( 'NONE',  ( -4.556349186104045934, -0.06253940142468600305, -11.00000000000000000 ) ) ;
#4985 = B_SPLINE_CURVE_WITH_KNOTS ( 'NONE', 3,
 ( #1722, #2187, #2621, #1335, #4394, #1369, #2685, #3959, #3096, #3987, #1749, #5751, #3923, #1776, #3557, #5687, #2711, #15, #3155, #3126, #5719, #4887, #3500, #880 ),
 .UNSPECIFIED., .F., .F.,
 ( 4, 2, 2, 2, 2, 2, 2, 2, 2, 2, 2, 4 ),
 ( 9.048049915312810157E-14, 0.003042625471328817745, 0.004563938206947984813, 0.006085250942567152314, 0.009127876413805484715, 0.01064918914942465135, 0.01217050188504381798, 0.01521312735628214778, 0.01673444009190131615, 0.01825575282752047931, 0.02129837829875881605, 0.02434100376999714932 ),
 .UNSPECIFIED. ) ;
#4986 = CARTESIAN_POINT ( 'NONE',  ( 2.513245723577637314, -4.696300851556112425E-17, -10.44469166837716578 ) ) ;
#4987 = ORIENTED_EDGE ( 'NONE', *, *, #4063, .F. ) ;
#4988 = DIRECTION ( 'NONE',  ( 0.000000000000000000, 1.000000000000000000, 0.000000000000000000 ) ) ;
#4989 = CARTESIAN_POINT ( 'NONE',  ( 12.45870000000000033, -36.31251970071234325, -1.525750707653712963E-15 ) ) ;
#4990 = CARTESIAN_POINT ( 'NONE',  ( 8.809631254768842012, -39.43751970071233615, 8.809631254768838460 ) ) ;
#4991 =( BOUNDED_CURVE ( )  B_SPLINE_CURVE ( 2, ( #1740, #816, #4904, #444, #5239, #2612, #4415, #5297, #1325 ),
 .UNSPECIFIED., .F., .T. ) 
 B_SPLINE_CURVE_WITH_KNOTS ( ( 3, 2, 2, 2, 3 ),
 ( 0.7500000000000006661, 0.7613636363636370197, 0.7727272727272733732, 0.7840909090909097268, 0.7954545454545460803 ),
 .UNSPECIFIED. ) 
 CURVE ( )  GEOMETRIC_REPRESENTATION_ITEM ( )  RATIONAL_B_SPLINE_CURVE ( ( 0.9999999999999955591, 0.9238795325112911794, 1.000000000000000000, 0.9238795325112867385, 1.000000000000000000, 0.9238795325112867385, 1.000000000000000000, 0.9238795325112822976, 1.000000000000004441 ) ) 
 REPRESENTATION_ITEM ( '' )  );
#4992 = CARTESIAN_POINT ( 'NONE',  ( 4.332135384791495625, -1.000019700712343695, 10.45870000000000033 ) ) ;
#4993 = ORIENTED_EDGE ( 'NONE', *, *, #4457, .T. ) ;
#4994 = CARTESIAN_POINT ( 'NONE',  ( 2.385305803039257098E-15, -42.11637914738684429, 12.98499999999999943 ) ) ;
#4995 = ORIENTED_EDGE ( 'NONE', *, *, #1478, .F. ) ;
#4996 = CARTESIAN_POINT ( 'NONE',  ( 1.921232021736363210E-15, -8.062519700712345028, 10.45870000000000033 ) ) ;
#4997 = CARTESIAN_POINT ( 'NONE',  ( 11.43217321901175687, -264.0000000000000000, 5.645167445745993717 ) ) ;
#4998 = CARTESIAN_POINT ( 'NONE',  ( 8.809631254768838460, -39.18751970071233615, -8.809631254768840236 ) ) ;
#4999 = CARTESIAN_POINT ( 'NONE',  ( -7.395417692395744425, -7.687519700712343251, -7.395417692395744425 ) ) ;
#5000 = CARTESIAN_POINT ( 'NONE',  ( -5.160562509537681919, -42.62501970071233615, 12.45870000000000033 ) ) ;
#5001 = CARTESIAN_POINT ( 'NONE',  ( -5.378563107414300326, -41.17887914738682298, 12.98500000000033872 ) ) ;
#5002 = CARTESIAN_POINT ( 'NONE',  ( 2.288626061480569049E-15, -36.81251970071233615, 12.45870000000000033 ) ) ;
#5003 = DIRECTION ( 'NONE',  ( 0.000000000000000000, 1.000000000000000000, 0.000000000000000000 ) ) ;
#5004 = CARTESIAN_POINT ( 'NONE',  ( -7.395417692395744425, -7.437519700712344140, -7.395417692395744425 ) ) ;
#5005 = CARTESIAN_POINT ( 'NONE',  ( 5.160562509537688136, -34.75001970071234325, 12.45869999999999855 ) ) ;
#5006 = CARTESIAN_POINT ( 'NONE',  ( -10.45870000000000033, -2.375019700712343695, -4.332135384791489408 ) ) ;
#5007 = CARTESIAN_POINT ( 'NONE',  ( 1.921232021736363210E-15, -1.312519700712343473, 10.45870000000000033 ) ) ;
#5008 = CARTESIAN_POINT ( 'NONE',  ( 0.000000000000000000, -264.0000000000000000, 0.000000000000000000 ) ) ;
#5009 = CARTESIAN_POINT ( 'NONE',  ( 4.556349186104051263, -0.5625394014246861696, 10.99999999999999822 ) ) ;
#5010 = CARTESIAN_POINT ( 'NONE',  ( -10.90000000000000036, -3.879804374505724240, -4.514927829866737241 ) ) ;
#5011 = EDGE_LOOP ( 'NONE', ( #3147, #4690, #181, #5278 ) ) ;
#5012 = EDGE_CURVE ( 'NONE', #4261, #2461, #2407, .T. ) ;
#5013 = CARTESIAN_POINT ( 'NONE',  ( 1.921232021736363210E-15, -8.312519700712345028, 10.45870000000000033 ) ) ;
#5014 = CARTESIAN_POINT ( 'NONE',  ( 12.45870000000000211, -36.25001970071234325, -5.160562509537681031 ) ) ;
#5015 = CARTESIAN_POINT ( 'NONE',  ( 13.00000000000000000, -41.87503940142468650, -1.592040838891559095E-15 ) ) ;
#5016 = CARTESIAN_POINT ( 'NONE',  ( -12.45869999999999855, -37.75001970071234325, 5.160562509537689024 ) ) ;
#5017 = CARTESIAN_POINT ( 'NONE',  ( 4.514927829866770992, -1.370235026918963150, -10.89999999999996483 ) ) ;
#5018 = LINE ( 'NONE', #97, #3316 ) ;
#5019 = VERTEX_POINT ( 'NONE', #3294 ) ;
#5020 = EDGE_CURVE ( 'NONE', #1349, #5497, #5018, .T. ) ;
#5021 = CARTESIAN_POINT ( 'NONE',  ( -7.395417692395744425, -6.437519700712344140, -7.395417692395744425 ) ) ;
#5022 = CARTESIAN_POINT ( 'NONE',  ( 2.002297516605922276E-15, -6.567304374505723352, 10.90000000000000036 ) ) ;
#5023 = CARTESIAN_POINT ( 'NONE',  ( -5.160562509537682807, -38.62501970071233615, 12.45870000000000033 ) ) ;
#5024 =( BOUNDED_CURVE ( )  B_SPLINE_CURVE ( 2, ( #5078, #3784, #4650, #2892, #3807, #2978, #5561, #1147, #2948 ),
 .UNSPECIFIED., .F., .T. ) 
 B_SPLINE_CURVE_WITH_KNOTS ( ( 3, 2, 2, 2, 3 ),
 ( 0.1590909090909090884, 0.1704545454545453864, 0.1818181818181817122, 0.1931818181818181213, 0.2045454545454544193 ),
 .UNSPECIFIED. ) 
 CURVE ( )  GEOMETRIC_REPRESENTATION_ITEM ( )  RATIONAL_B_SPLINE_CURVE ( ( 0.9999999999999997780, 0.9238795325112869605, 1.000000000000000000, 0.9238795325112867385, 1.000000000000000000, 0.9238795325112867385, 1.000000000000000000, 0.9238795325112878487, 0.9999999999999988898 ) ) 
 REPRESENTATION_ITEM ( '' )  );
#5025 = CARTESIAN_POINT ( 'NONE',  ( -10.45870000000000033, -6.500019700712343251, 4.332135384791498289 ) ) ;
#5026 = CARTESIAN_POINT ( 'NONE',  ( 11.00000000000000000, -8.500000000000000000, -1.347111479062088405E-15 ) ) ;
#5027 = CARTESIAN_POINT ( 'NONE',  ( 2.288626061480569049E-15, -42.56251970071234325, 12.45870000000000033 ) ) ;
#5028 = FACE_OUTER_BOUND ( 'NONE', #108, .T. ) ;
#5029 = FACE_OUTER_BOUND ( 'NONE', #5360, .T. ) ;
#5030 = CARTESIAN_POINT ( 'NONE',  ( -8.809631254768838460, -34.68751970071234325, 8.809631254768842012 ) ) ;
#5031 = CARTESIAN_POINT ( 'NONE',  ( 7.778174593052021635, 0.6249999999999991118, -7.778174593052023411 ) ) ;
#5032 = CARTESIAN_POINT ( 'NONE',  ( 4.332135384791488519, -5.625019700712344140, -10.45870000000000033 ) ) ;
#5033 = CARTESIAN_POINT ( 'NONE',  ( -5.384776310850237557, -38.68750000000000000, -13.00000000000000000 ) ) ;
#5034 = CARTESIAN_POINT ( 'NONE',  ( 8.809631254768838460, -40.43751970071234325, -8.809631254768840236 ) ) ;
#5035 = CARTESIAN_POINT ( 'NONE',  ( -9.192388155425113894, -43.25003940142468650, 9.192388155425119223 ) ) ;
#5036 = CARTESIAN_POINT ( 'NONE',  ( -11.00000000000000000, -2.875039401424686059, 0.000000000000000000 ) ) ;
#5037 = CARTESIAN_POINT ( 'NONE',  ( 2.002297516605922276E-15, -1.807735026918962484, 10.90000000000000036 ) ) ;
#5038 = ORIENTED_EDGE ( 'NONE', *, *, #3293, .T. ) ;
#5039 = CARTESIAN_POINT ( 'NONE',  ( 1.457329690985350393E-15, -258.8000000000000114, -11.90000000000000036 ) ) ;
#5040 = CARTESIAN_POINT ( 'NONE',  ( -7.395417692395742648, -8.437519700712345028, 7.395417692395746201 ) ) ;
#5041 = CARTESIAN_POINT ( 'NONE',  ( 12.45870000000000033, -38.31251970071233615, -1.525750707653712963E-15 ) ) ;
#5042 = CARTESIAN_POINT ( 'NONE',  ( -9.181781553707320853, -33.63366025403784931, -9.181781553707320853 ) ) ;
#5043 = CARTESIAN_POINT ( 'NONE',  ( 13.00000000000000000, -42.87503940142468650, -1.592040838891559095E-15 ) ) ;
#5044 = CARTESIAN_POINT ( 'NONE',  ( 8.809631254768842012, -36.43751970071234325, 8.809631254768838460 ) ) ;
#5045 = LINE ( 'NONE', #179, #1245 ) ;
#5046 = CARTESIAN_POINT ( 'NONE',  ( 10.90000000000000036, -7.254804374505724240, -4.514927829866737241 ) ) ;
#5047 = ORIENTED_EDGE ( 'NONE', *, *, #4943, .F. ) ;
#5048 = CARTESIAN_POINT ( 'NONE',  ( -4.514927829866739017, -5.629804374505723352, 10.89999999999999858 ) ) ;
#5049 = DIRECTION ( 'NONE',  ( 0.000000000000000000, 1.000000000000000000, 0.000000000000000000 ) ) ;
#5050 = CARTESIAN_POINT ( 'NONE',  ( -12.45870000000000388, -41.87501970071234325, -5.160562509537680143 ) ) ;
#5051 = EDGE_CURVE ( 'NONE', #5701, #2698, #3700, .T. ) ;
#5052 = CARTESIAN_POINT ( 'NONE',  ( -10.45870000000000033, -9.500019700712343251, 4.332135384791498289 ) ) ;
#5053 = CARTESIAN_POINT ( 'NONE',  ( 11.00000000000000000, -8.437500000000000000, -4.556349186104045934 ) ) ;
#5054 = CARTESIAN_POINT ( 'NONE',  ( 2.385305803039257098E-15, -43.11637914738685140, 12.98499999999999943 ) ) ;
#5055 = CARTESIAN_POINT ( 'NONE',  ( -7.951019343464191642E-16, -41.75866025403784221, -12.98499999999999943 ) ) ;
#5056 = VECTOR ( 'NONE', #5752, 1000.000000000000114 ) ;
#5057 = DIRECTION ( 'NONE',  ( -0.000000000000000000, -1.000000000000000000, -0.000000000000000000 ) ) ;
#5058 = CIRCLE ( 'NONE', #2556, 11.90000000000000036 ) ;
#5059 = ADVANCED_FACE ( 'NONE', ( #4158 ), #611, .T. ) ;
#5060 = CARTESIAN_POINT ( 'NONE',  ( -7.951019343464190656E-16, -42.61637914738684429, -12.98499999999999943 ) ) ;
#5061 = CARTESIAN_POINT ( 'NONE',  ( 7.395417692395743536, -9.687519700712345028, -7.395417692395744425 ) ) ;
#5062 = CARTESIAN_POINT ( 'NONE',  ( -9.192388155425113894, -38.37500000000000000, 9.192388155425119223 ) ) ;
#5063 = CARTESIAN_POINT ( 'NONE',  ( 8.809631254768838460, -42.43751970071234325, -8.809631254768840236 ) ) ;
#5064 = DIRECTION ( 'NONE',  ( 0.000000000000000000, 1.000000000000000000, 0.000000000000000000 ) ) ;
#5065 = VECTOR ( 'NONE', #1093, 1000.000000000000000 ) ;
#5066 = ORIENTED_EDGE ( 'NONE', *, *, #1448, .T. ) ;
#5067 = CARTESIAN_POINT ( 'NONE',  ( 5.378563107414888300, -36.05387914738684429, 12.98499999999975429 ) ) ;
#5068 = VERTEX_POINT ( 'NONE', #5357 ) ;
#5069 = CARTESIAN_POINT ( 'NONE',  ( 2.002297516605922276E-15, -4.807735026918962262, 10.90000000000000036 ) ) ;
#5070 = CARTESIAN_POINT ( 'NONE',  ( 2.288626061480569049E-15, -41.56251970071234325, 12.45870000000000033 ) ) ;
#5071 = CARTESIAN_POINT ( 'NONE',  ( 9.181781553707319077, -34.88366025403784931, -9.181781553707320853 ) ) ;
#5072 = CARTESIAN_POINT ( 'NONE',  ( -10.45870000000000033, -2.375019700712343695, -4.332135384791489408 ) ) ;
#5073 = VERTEX_POINT ( 'NONE', #583 ) ;
#5074 = CARTESIAN_POINT ( 'NONE',  ( -12.45870000000000211, -40.12501970071233615, -5.160562509537680143 ) ) ;
#5075 = CARTESIAN_POINT ( 'NONE',  ( -10.45870000000000033, -9.250019700712343251, 4.332135384791498289 ) ) ;
#5076 = CARTESIAN_POINT ( 'NONE',  ( -8.809631254768838460, -40.68751970071234325, 8.809631254768842012 ) ) ;
#5077 = CARTESIAN_POINT ( 'NONE',  ( 10.45870000000000211, -10.12501970071234503, 4.332135384791487631 ) ) ;
#5078 = CARTESIAN_POINT ( 'NONE',  ( -6.674325055353075238E-16, -8.307735026918962262, -10.90000000000000036 ) ) ;
#5079 = CARTESIAN_POINT ( 'NONE',  ( -5.160562509537681031, -41.00001970071234325, -12.45870000000000211 ) ) ;
#5080 = CARTESIAN_POINT ( 'NONE',  ( 0.000000000000000000, -203.5000000000000000, 0.000000000000000000 ) ) ;
#5081 = ORIENTED_EDGE ( 'NONE', *, *, #1317, .T. ) ;
#5082 = ADVANCED_FACE ( 'NONE', ( #2858 ), #996, .T. ) ;
#5083 = CYLINDRICAL_SURFACE ( 'NONE', #3395, 10.90000000000000036 ) ;
#5084 = CARTESIAN_POINT ( 'NONE',  ( -5.160562509537682807, -33.62501970071234325, 12.45870000000000033 ) ) ;
#5085 = CARTESIAN_POINT ( 'NONE',  ( 2.020667218593132706E-15, -0.7500000000000008882, 11.00000000000000000 ) ) ;
#5086 = CARTESIAN_POINT ( 'NONE',  ( 13.00000000000000000, -38.00000000000000000, -1.592040838891559095E-15 ) ) ;
#5087 = CARTESIAN_POINT ( 'NONE',  ( 5.160562509537679254, -40.37501970071234325, -12.45870000000000388 ) ) ;
#5088 = CARTESIAN_POINT ( 'NONE',  ( -10.45870000000000033, 0.6249802992876565266, -4.332135384791489408 ) ) ;
#5089 = CARTESIAN_POINT ( 'NONE',  ( 11.00000000000000355, -4.437539401424685614, 4.556349186104045046 ) ) ;
#5090 = CARTESIAN_POINT ( 'NONE',  ( -9.181781553707317300, -34.24137914738684429, 9.181781553707322630 ) ) ;
#5091 = ORIENTED_EDGE ( 'NONE', *, *, #1750, .F. ) ;
#5092 = CARTESIAN_POINT ( 'NONE',  ( 11.00000000000000000, -5.312539401424687391, -4.556349186104045934 ) ) ;
#5093 = CARTESIAN_POINT ( 'NONE',  ( -9.192388155425117446, -33.50003940142468650, -9.192388155425117446 ) ) ;
#5094 = CARTESIAN_POINT ( 'NONE',  ( 2.388061258337338544E-15, -43.12503940142468650, 13.00000000000000000 ) ) ;
#5095 = CARTESIAN_POINT ( 'NONE',  ( -12.45870000000000211, -39.87501970071233615, -5.160562509537680143 ) ) ;
#5096 = CARTESIAN_POINT ( 'NONE',  ( 2.385305803039257098E-15, -41.25866025403784931, 12.98499999999999943 ) ) ;
#5097 = CARTESIAN_POINT ( 'NONE',  ( -10.45870000000000033, -3.375019700712343695, -4.332135384791489408 ) ) ;
#5098 = VERTEX_POINT ( 'NONE', #5477 ) ;
#5099 =( BOUNDED_CURVE ( )  B_SPLINE_CURVE ( 2, ( #599, #1930, #3308, #5084, #5490, #80, #1436, #4548, #1096, #1870, #4575, #3737, #4110, #569, #4144, #2897, #2782, #2343, #3759, #2374, #5030, #1073, #3652, #3712, #4655, #623, #1500, #3280, #2428, #2402, #1525, #4201, #192, #847, #1801, #1859, #2771, #5427, #4934, #531, #2334, #5746, #3580, #5331, #4449, #2246, #4849, #4908, #3149, #2646, #3643, #938, #2303, #905, #5302, #4101, #103, #2273, #1426, #2738, #3674, #4420, #3612, #502, #4480, #3552, #2216, #1892, #5392, #1330, #3208, #3120, #43, #4965, #1832, #5363, #1396, #4881, #874, #2680, #3181, #4512, #70, #5023, #3274, #4593, #1088, #5509, #1063, #2446, #4672, #4648, #4998, #4570, #3705, #4247, #1465, #1031, #2890, #2827, #160, #1004, #3245, #674, #1542, #4164, #643, #1979, #561, #5483, #4133, #3729, #2366, #1951, #131, #4219, #5076, #208, #3751, #2012, #3804, #2395, #3781, #1114, #2804, #5535, #2918, #2474, #588, #2862, #1516, #1571, #1922, #3299, #5459, #5050, #1493, #4622, #3347, #5102, #233, #2035, #4817, #5236, #3003, #3912, #2976, #4789, #2118, #2945, #1681, #3429, #3375, #2090, #3832, #2581, #5183, #4382, #1229, #4701, #3862, #2495, #3887, #5156, #4727, #5559, #4271 ),
 .UNSPECIFIED., .F., .T. ) 
 B_SPLINE_CURVE_WITH_KNOTS ( ( 3, 2, 2, 2, 2, 2, 2, 2, 2, 2, 2, 2, 2, 2, 2, 2, 2, 2, 2, 2, 2, 2, 2, 2, 2, 2, 2, 2, 2, 2, 2, 2, 2, 2, 2, 2, 2, 2, 2, 2, 2, 2, 2, 2, 2, 2, 2, 2, 2, 2, 2, 2, 2, 2, 2, 2, 2, 2, 2, 2, 2, 2, 2, 2, 2, 2, 2, 2, 2, 2, 2, 2, 2, 2, 2, 2, 2, 2, 2, 2, 2, 2, 2, 3 ),
 ( 0.06249827719102803852, 0.06818181818181817677, 0.07954545454545454419, 0.09090909090909091161, 0.1022727272727272929, 0.1136363636363636326, 0.1250000000000000000, 0.1363636363636363535, 0.1477272727272727348, 0.1590909090909090884, 0.1704545454545454419, 0.1818181818181818232, 0.1931818181818181768, 0.2045454545454545581, 0.2159090909090909116, 0.2272727272727272652, 0.2386363636363636465, 0.2500000000000000000, 0.2613636363636363535, 0.2727272727272727071, 0.2840909090909091161, 0.2954545454545454697, 0.3068181818181818232, 0.3181818181818181768, 0.3295454545454545303, 0.3409090909090908839, 0.3522727272727272929, 0.3636363636363636465, 0.3750000000000000000, 0.3863636363636363535, 0.3977272727272727071, 0.4090909090909091161, 0.4204545454545454142, 0.4318181818181818232, 0.4431818181818181768, 0.4545454545454545303, 0.4659090909090908839, 0.4772727272727272929, 0.4886363636363636465, 0.5000000000000000000, 0.5113636363636363535, 0.5227272727272727071, 0.5340909090909090606, 0.5454545454545454142, 0.5568181818181817677, 0.5681818181818182323, 0.5795454545454545858, 0.5909090909090909394, 0.6022727272727272929, 0.6136363636363636465, 0.6250000000000000000, 0.6363636363636363535, 0.6477272727272727071, 0.6590909090909089496, 0.6704545454545454142, 0.6818181818181817677, 0.6931818181818182323, 0.7045454545454545858, 0.7159090909090909394, 0.7272727272727272929, 0.7386363636363636465, 0.7500000000000000000, 0.7613636363636363535, 0.7727272727272727071, 0.7840909090909089496, 0.7954545454545454142, 0.8068181818181817677, 0.8181818181818182323, 0.8295454545454545858, 0.8409090909090909394, 0.8522727272727272929, 0.8636363636363636465, 0.8750000000000000000, 0.8863636363636363535, 0.8977272727272727071, 0.9090909090909089496, 0.9204545454545454142, 0.9318181818181817677, 0.9431818181818182323, 0.9545454545454545858, 0.9659090909090909394, 0.9772727272727272929, 0.9886363636363636465, 1.000000000000000000 ),
 .UNSPECIFIED. ) 
 CURVE ( )  GEOMETRIC_REPRESENTATION_ITEM ( )  RATIONAL_B_SPLINE_CURVE ( ( 0.9619397697548617288, 0.9619282258455015278, 1.000000000000000000, 0.9238795325112867385, 1.000000000000000000, 0.9238795325112867385, 1.000000000000000000, 0.9238795325112867385, 1.000000000000000000, 0.9238795325112867385, 1.000000000000000000, 0.9238795325112867385, 1.000000000000000000, 0.9238795325112867385, 1.000000000000000000, 0.9238795325112867385, 1.000000000000000000, 0.9238795325112867385, 1.000000000000000000, 0.9238795325112867385, 1.000000000000000000, 0.9238795325112867385, 1.000000000000000000, 0.9238795325112867385, 1.000000000000000000, 0.9238795325112867385, 1.000000000000000000, 0.9238795325112867385, 1.000000000000000000, 0.9238795325112867385, 1.000000000000000000, 0.9238795325112867385, 1.000000000000000000, 0.9238795325112867385, 1.000000000000000000, 0.9238795325112867385, 1.000000000000000000, 0.9238795325112867385, 1.000000000000000000, 0.9238795325112867385, 1.000000000000000000, 0.9238795325112867385, 1.000000000000000000, 0.9238795325112867385, 1.000000000000000000, 0.9238795325112867385, 1.000000000000000000, 0.9238795325112867385, 1.000000000000000000, 0.9238795325112867385, 1.000000000000000000, 0.9238795325112867385, 1.000000000000000000, 0.9238795325112867385, 1.000000000000000000, 0.9238795325112867385, 1.000000000000000000, 0.9238795325112867385, 1.000000000000000000, 0.9238795325112867385, 1.000000000000000000, 0.9238795325112867385, 1.000000000000000000, 0.9238795325112867385, 1.000000000000000000, 0.9238795325112867385, 1.000000000000000000, 0.9238795325112867385, 1.000000000000000000, 0.9238795325112867385, 1.000000000000000000, 0.9238795325112867385, 1.000000000000000000, 0.9238795325112867385, 1.000000000000000000, 0.9238795325112867385, 1.000000000000000000, 0.9238795325112867385, 1.000000000000000000, 0.9238795325112867385, 1.000000000000000000, 0.9238795325112867385, 1.000000000000000000, 0.9238795325112867385, 1.000000000000000000, 0.9238795325112867385, 1.000000000000000000, 0.9238795325112867385, 1.000000000000000000, 0.9238795325112867385, 1.000000000000000000, 0.9238795325112867385, 1.000000000000000000, 0.9238795325112867385, 1.000000000000000000, 0.9238795325112867385, 1.000000000000000000, 0.9238795325112867385, 1.000000000000000000, 0.9238795325112867385, 1.000000000000000000, 0.9238795325112867385, 1.000000000000000000, 0.9238795325112867385, 1.000000000000000000, 0.9238795325112867385, 1.000000000000000000, 0.9238795325112867385, 1.000000000000000000, 0.9238795325112867385, 1.000000000000000000, 0.9238795325112867385, 1.000000000000000000, 0.9238795325112867385, 1.000000000000000000, 0.9238795325112867385, 1.000000000000000000, 0.9238795325112867385, 1.000000000000000000, 0.9238795325112867385, 1.000000000000000000, 0.9238795325112867385, 1.000000000000000000, 0.9238795325112867385, 1.000000000000000000, 0.9238795325112867385, 1.000000000000000000, 0.9238795325112867385, 1.000000000000000000, 0.9238795325112867385, 1.000000000000000000, 0.9238795325112867385, 1.000000000000000000, 0.9238795325112867385, 1.000000000000000000, 0.9238795325112867385, 1.000000000000000000, 0.9238795325112867385, 1.000000000000000000, 0.9238795325112867385, 1.000000000000000000, 0.9238795325112867385, 1.000000000000000000, 0.9238795325112867385, 1.000000000000000000, 0.9238795325112867385, 1.000000000000000000, 0.9238795325112867385, 1.000000000000000000, 0.9238795325112867385, 1.000000000000000000, 0.9238795325112867385, 1.000000000000000000, 0.9238795325112867385, 1.000000000000000000, 0.9238795325112867385, 1.000000000000000000, 0.9238795325112867385, 1.000000000000000000, 0.9238795325112867385, 1.000000000000000000, 0.9238795325112867385, 1.000000000000000000, 0.9238795325112867385, 1.000000000000000000, 0.9238795325112867385, 1.000000000000000000 ) ) 
 REPRESENTATION_ITEM ( '' )  );
#5100 = CARTESIAN_POINT ( 'NONE',  ( -8.809631254768838460, -41.93751970071234325, 8.809631254768842012 ) ) ;
#5101 = CARTESIAN_POINT ( 'NONE',  ( 10.90000000000000213, -2.379804374505724240, 4.514927829866736353 ) ) ;
#5102 = CARTESIAN_POINT ( 'NONE',  ( 5.160562509537679254, -42.12501970071234325, -12.45870000000000388 ) ) ;
#5103 = CARTESIAN_POINT ( 'NONE',  ( 4.332135384791488519, -9.875019700712345028, -10.45870000000000033 ) ) ;
#5104 = CARTESIAN_POINT ( 'NONE',  ( 10.90000000000000213, -0.6202350269189625953, 4.514927829866736353 ) ) ;
#5105 = CARTESIAN_POINT ( 'NONE',  ( -7.707463914933366134, -6.692304374505723352, 7.707463914933369686 ) ) ;
#5106 = ORIENTED_EDGE ( 'NONE', *, *, #5755, .T. ) ;
#5107 = CARTESIAN_POINT ( 'NONE',  ( 5.378563107414397138, -36.67887914738683719, -12.98500000000023924 ) ) ;
#5108 = CARTESIAN_POINT ( 'NONE',  ( -5.160562509537681031, -42.25001970071235036, -12.45870000000000211 ) ) ;
#5109 = CARTESIAN_POINT ( 'NONE',  ( 7.707463914933369686, -5.442304374505724240, 7.707463914933366134 ) ) ;
#5110 = CARTESIAN_POINT ( 'NONE',  ( 2.020667218593132706E-15, -2.750000000000000888, 11.00000000000000000 ) ) ;
#5111 = CARTESIAN_POINT ( 'NONE',  ( -13.00000000000000000, -40.50000000000000000, 0.000000000000000000 ) ) ;
#5112 = CARTESIAN_POINT ( 'NONE',  ( -8.809631254768840236, -40.18751970071234325, -8.809631254768840236 ) ) ;
#5113 = CARTESIAN_POINT ( 'NONE',  ( 7.395417692395743536, -6.687519700712344140, -7.395417692395744425 ) ) ;
#5114 = EDGE_CURVE ( 'NONE', #1549, #5329, #1009, .T. ) ;
#5115 = CARTESIAN_POINT ( 'NONE',  ( -12.98499999999999410, -34.30387914738685140, 5.378563107414648492 ) ) ;
#5116 = CARTESIAN_POINT ( 'NONE',  ( 10.45870000000000033, -2.750019700712343251, -4.332135384791490296 ) ) ;
#5117 = ORIENTED_EDGE ( 'NONE', *, *, #4607, .T. ) ;
#5118 = CARTESIAN_POINT ( 'NONE',  ( -5.384776310850238445, -35.18753940142470071, 12.99999999999999822 ) ) ;
#5119 = CARTESIAN_POINT ( 'NONE',  ( 5.160562509537679254, -42.12501970071234325, -12.45870000000000211 ) ) ;
#5120 = FACE_OUTER_BOUND ( 'NONE', #1984, .T. ) ;
#5121 = CARTESIAN_POINT ( 'NONE',  ( 4.332135384791495625, -4.000019700712343251, 10.45870000000000033 ) ) ;
#5122 = CARTESIAN_POINT ( 'NONE',  ( 5.378563107414437994, -38.67887914738683719, -12.98500000000020016 ) ) ;
#5123 = ORIENTED_EDGE ( 'NONE', *, *, #3302, .F. ) ;
#5124 = SECURITY_CLASSIFICATION_LEVEL ( 'unclassified' ) ;
#5125 = CARTESIAN_POINT ( 'NONE',  ( 0.000000000000000000, -33.50000000000000000, 0.000000000000000000 ) ) ;
#5126 = CARTESIAN_POINT ( 'NONE',  ( -10.45870000000000033, -1.500019700712343473, 4.332135384791498289 ) ) ;
#5127 = CARTESIAN_POINT ( 'NONE',  ( -8.809631254768838460, -42.93751970071234325, 8.809631254768842012 ) ) ;
#5128 = CARTESIAN_POINT ( 'NONE',  ( -9.181781553707317300, -38.38366025403784221, 9.181781553707322630 ) ) ;
#5129 = CARTESIAN_POINT ( 'NONE',  ( -22.72250811050374608, -264.0000000000000000, 17.21917899227751292 ) ) ;
#5130 = CARTESIAN_POINT ( 'NONE',  ( -10.45870000000000033, -1.375019700712343473, -4.332135384791489408 ) ) ;
#5131 = CARTESIAN_POINT ( 'NONE',  ( 7.707463914933367022, -0.4327350269189624843, -7.707463914933368798 ) ) ;
#5132 = AXIS2_PLACEMENT_3D ( 'NONE', #1913, #5450, #1942 ) ;
#5133 = EDGE_LOOP ( 'NONE', ( #5525, #4439 ) ) ;
#5134 = CARTESIAN_POINT ( 'NONE',  ( -9.181781553707317300, -35.24137914738685140, 9.181781553707322630 ) ) ;
#5135 = CARTESIAN_POINT ( 'NONE',  ( -12.45870000000000033, -43.06251970071234325, 0.000000000000000000 ) ) ;
#5136 = CARTESIAN_POINT ( 'NONE',  ( 4.332135384791495625, -0.2500197007123433623, 10.45870000000000033 ) ) ;
#5137 = CARTESIAN_POINT ( 'NONE',  ( 11.00000000000000000, -1.500000000000000888, -1.347111479062088405E-15 ) ) ;
#5138 = VERTEX_POINT ( 'NONE', #2263 ) ;
#5139 = DIRECTION ( 'NONE',  ( 0.000000000000000000, 0.000000000000000000, 1.000000000000000000 ) ) ;
#5140 = CARTESIAN_POINT ( 'NONE',  ( 5.160562509537679254, -41.37501970071234325, -12.45870000000000388 ) ) ;
#5141 = VECTOR ( 'NONE', #4734, 1000.000000000000000 ) ;
#5142 = VECTOR ( 'NONE', #5188, 1000.000000000000000 ) ;
#5143 = CARTESIAN_POINT ( 'NONE',  ( -7.707463914933366134, -5.932735026918963150, 7.707463914933369686 ) ) ;
#5144 = ORIENTED_EDGE ( 'NONE', *, *, #5727, .F. ) ;
#5145 = EDGE_CURVE ( 'NONE', #5192, #2519, #1612, .T. ) ;
#5146 = CARTESIAN_POINT ( 'NONE',  ( -12.45870000000000033, -39.81251970071234325, 0.000000000000000000 ) ) ;
#5147 = CARTESIAN_POINT ( 'NONE',  ( -13.00000000000000000, -33.37503940142468650, 0.000000000000000000 ) ) ;
#5148 = CARTESIAN_POINT ( 'NONE',  ( -12.45870000000000033, -42.81251970071234325, 0.000000000000000000 ) ) ;
#5149 = CARTESIAN_POINT ( 'NONE',  ( 5.160562509537679254, -34.37501970071234325, -12.45870000000000211 ) ) ;
#5150 = CARTESIAN_POINT ( 'NONE',  ( 4.332135384791495625, -5.000019700712344140, 10.45870000000000033 ) ) ;
#5151 = AXIS2_PLACEMENT_3D ( 'NONE', #2330, #127, #4097 ) ;
#5152 = CARTESIAN_POINT ( 'NONE',  ( -12.98499999999999943, -36.50866025403784931, 0.000000000000000000 ) ) ;
#5153 = ORIENTED_EDGE ( 'NONE', *, *, #3568, .F. ) ;
#5154 = CARTESIAN_POINT ( 'NONE',  ( -10.45870000000000033, -1.562519700712343473, 0.000000000000000000 ) ) ;
#5155 = CARTESIAN_POINT ( 'NONE',  ( -10.45870000000000033, -4.375019700712345916, -4.332135384791489408 ) ) ;
#5156 = CARTESIAN_POINT ( 'NONE',  ( -5.160562509537682807, -43.62501970071234325, 12.45870000000000033 ) ) ;
#5157 = CARTESIAN_POINT ( 'NONE',  ( 10.45870000000000033, -10.06251970071234503, -1.280821347824242272E-15 ) ) ;
#5158 = CARTESIAN_POINT ( 'NONE',  ( 9.181781553707322630, -38.13366025403784931, 9.181781553707319077 ) ) ;
#5159 = ORIENTED_EDGE ( 'NONE', *, *, #5438, .F. ) ;
#5160 = CARTESIAN_POINT ( 'NONE',  ( 10.45870000000000033, -4.812519700712343251, -1.280821347824242272E-15 ) ) ;
#5161 = B_SPLINE_CURVE_WITH_KNOTS ( 'NONE', 1,
 ( #2064, #2211 ),
 .UNSPECIFIED., .F., .F.,
 ( 2, 2 ),
 ( 0.000000000000000000, 1.000000000000000000 ),
 .UNSPECIFIED. ) ;
#5162 = CARTESIAN_POINT ( 'NONE',  ( -10.45870000000000033, -1.625019700712343473, -4.332135384791489408 ) ) ;
#5163 = CARTESIAN_POINT ( 'NONE',  ( -7.778174593052023411, -0.1250000000000009714, -7.778174593052023411 ) ) ;
#5164 = CARTESIAN_POINT ( 'NONE',  ( 7.707463914933369686, -0.4423043745057242404, 7.707463914933366134 ) ) ;
#5165 = VERTEX_POINT ( 'NONE', #2290 ) ;
#5166 = CARTESIAN_POINT ( 'NONE',  ( 9.192388155425115670, -41.87500000000000000, -9.192388155425117446 ) ) ;
#5167 =( BOUNDED_CURVE ( )  B_SPLINE_CURVE ( 2, ( #409, #4358, #5270, #3915, #3519 ),
 .UNSPECIFIED., .F., .T. ) 
 B_SPLINE_CURVE_WITH_KNOTS ( ( 3, 2, 3 ),
 ( 0.9772727272727275150, 0.9886363636363637575, 1.000000000000000000 ),
 .UNSPECIFIED. ) 
 CURVE ( )  GEOMETRIC_REPRESENTATION_ITEM ( )  RATIONAL_B_SPLINE_CURVE ( ( 0.9999999999999985567, 0.9238795325112881818, 1.000000000000000000, 0.9238795325112867385, 1.000000000000000000 ) ) 
 REPRESENTATION_ITEM ( '' )  );
#5168 = CARTESIAN_POINT ( 'NONE',  ( -10.89999999999999858, -6.995235026918963150, 4.514927829866743458 ) ) ;
#5169 = CARTESIAN_POINT ( 'NONE',  ( -5.378563107414239930, -37.17887914738685140, 12.98500000000040089 ) ) ;
#5170 = CARTESIAN_POINT ( 'NONE',  ( -12.45870000000000211, -35.12501970071233615, -5.160562509537680143 ) ) ;
#5171 = CARTESIAN_POINT ( 'NONE',  ( -10.99999999999999822, -3.812539401424686059, 4.556349186104052151 ) ) ;
#5172 = CARTESIAN_POINT ( 'NONE',  ( 2.002297516605922276E-15, -5.807735026918963150, 10.90000000000000036 ) ) ;
#5173 = EDGE_LOOP ( 'NONE', ( #1272, #2099, #3694, #2228 ) ) ;
#5174 = ORIENTED_EDGE ( 'NONE', *, *, #5291, .F. ) ;
#5175 = CARTESIAN_POINT ( 'NONE',  ( -10.99999999999999822, -8.812539401424686503, 4.556349186104052151 ) ) ;
#5176 = CARTESIAN_POINT ( 'NONE',  ( -13.00000000000000000, -32.50000000000000000, 0.000000000000000000 ) ) ;
#5177 = CARTESIAN_POINT ( 'NONE',  ( 8.809631254768838460, -33.43751970071234325, -8.809631254768840236 ) ) ;
#5178 = CARTESIAN_POINT ( 'NONE',  ( -7.395417692395744425, -1.437519700712343473, -7.395417692395744425 ) ) ;
#5179 = ORIENTED_EDGE ( 'NONE', *, *, #172, .F. ) ;
#5180 = APPROVAL_STATUS ( 'not_yet_approved' ) ;
#5181 = CARTESIAN_POINT ( 'NONE',  ( -8.809631254768838460, -40.93751970071234325, 8.809631254768842012 ) ) ;
#5182 = CARTESIAN_POINT ( 'NONE',  ( -12.98499999999999410, -38.44616025403784221, 5.378563107414648492 ) ) ;
#5183 = CARTESIAN_POINT ( 'NONE',  ( 8.809631254768838460, -43.18751970071234325, -8.809631254768840236 ) ) ;
#5184 = CARTESIAN_POINT ( 'NONE',  ( 4.332135384791495625, -1.000019700712343695, 10.45870000000000033 ) ) ;
#5185 = CARTESIAN_POINT ( 'NONE',  ( 0.000000000000000000, -304.0000000000000568, 0.000000000000000000 ) ) ;
#5186 = CARTESIAN_POINT ( 'NONE',  ( -7.395417692395744425, -5.437519700712344140, -7.395417692395744425 ) ) ;
#5187 = EDGE_CURVE ( 'NONE', #3048, #5414, #3693, .T. ) ;
#5188 = DIRECTION ( 'NONE',  ( 0.000000000000000000, 1.000000000000000000, 0.000000000000000000 ) ) ;
#5189 = VERTEX_POINT ( 'NONE', #925 ) ;
#5190 = CARTESIAN_POINT ( 'NONE',  ( -6.404106739121211359E-16, -0.8125197007123434734, -10.45870000000000033 ) ) ;
#5191 = CARTESIAN_POINT ( 'NONE',  ( 2.020667218593132706E-15, 0.2499999999999991396, 11.00000000000000000 ) ) ;
#5192 = VERTEX_POINT ( 'NONE', #3287 ) ;
#5193 = CARTESIAN_POINT ( 'NONE',  ( -5.384776310850238445, -40.31250000000000000, 12.99999999999999822 ) ) ;
#5194 = CARTESIAN_POINT ( 'NONE',  ( 0.000000000000000000, -228.9999999999999716, 0.000000000000000000 ) ) ;
#5195 = CARTESIAN_POINT ( 'NONE',  ( -10.45870000000000033, -0.3750197007123436399, -4.332135384791489408 ) ) ;
#5196 = CARTESIAN_POINT ( 'NONE',  ( -12.45870000000000211, -33.12501970071234325, -5.160562509537680143 ) ) ;
#5197 =( BOUNDED_CURVE ( )  B_SPLINE_CURVE ( 2, ( #4793, #1768, #376, #4011, #2585, #2149, #3575, #4359, #3916 ),
 .UNSPECIFIED., .F., .F. ) 
 B_SPLINE_CURVE_WITH_KNOTS ( ( 3, 2, 2, 2, 3 ),
 ( 0.7045454545454552520, 0.7159090909090914945, 0.7272727272727279590, 0.7386363636363643126, 0.7500000000000006661 ),
 .UNSPECIFIED. ) 
 CURVE ( )  GEOMETRIC_REPRESENTATION_ITEM ( )  RATIONAL_B_SPLINE_CURVE ( ( 0.9999999999999955591, 0.9238795325112911794, 1.000000000000000000, 0.9238795325112867385, 1.000000000000000000, 0.9238795325112867385, 1.000000000000000000, 0.9238795325112822976, 1.000000000000004441 ) ) 
 REPRESENTATION_ITEM ( '' )  );
#5198 = CARTESIAN_POINT ( 'NONE',  ( 4.332135384791488519, -7.875019700712344140, -10.45870000000000033 ) ) ;
#5199 = VERTEX_POINT ( 'NONE', #5037 ) ;
#5200 = CARTESIAN_POINT ( 'NONE',  ( 4.556349186104051263, -6.562539401424686503, 10.99999999999999822 ) ) ;
#5201 = CARTESIAN_POINT ( 'NONE',  ( -9.192388155425117446, -36.50003940142469361, -9.192388155425117446 ) ) ;
#5202 = CARTESIAN_POINT ( 'NONE',  ( -9.192388155425117446, -34.62500000000000000, -9.192388155425117446 ) ) ;
#5203 = CARTESIAN_POINT ( 'NONE',  ( 8.809631254768842012, -33.68751970071234325, 8.809631254768838460 ) ) ;
#5204 = CARTESIAN_POINT ( 'NONE',  ( 1.921232021736363210E-15, -7.062519700712344140, 10.45870000000000033 ) ) ;
#5205 = ORIENTED_EDGE ( 'NONE', *, *, #1608, .F. ) ;
#5206 = CARTESIAN_POINT ( 'NONE',  ( 1.921232021736363210E-15, -4.312519700712343251, 10.45870000000000033 ) ) ;
#5207 = CARTESIAN_POINT ( 'NONE',  ( -7.628753538268564813E-16, -41.31251970071234325, -12.45870000000000033 ) ) ;
#5208 = DIRECTION ( 'NONE',  ( -0.000000000000000000, -1.000000000000000000, -0.000000000000000000 ) ) ;
#5209 = CARTESIAN_POINT ( 'NONE',  ( 7.707463914933369686, -4.442304374505723352, 7.707463914933366134 ) ) ;
#5210 = CARTESIAN_POINT ( 'NONE',  ( 7.395417692395746201, -3.937519700712343695, 7.395417692395743536 ) ) ;
#5211 = CARTESIAN_POINT ( 'NONE',  ( 8.809631254768842012, -33.43751970071234325, 8.809631254768838460 ) ) ;
#5212 = CARTESIAN_POINT ( 'NONE',  ( -12.98499999999999943, -34.57116025403784931, -5.378563107414639610 ) ) ;
#5213 = ORIENTED_EDGE ( 'NONE', *, *, #1828, .T. ) ;
#5214 = ADVANCED_FACE ( 'NONE', ( #1878 ), #574, .T. ) ;
#5215 = CARTESIAN_POINT ( 'NONE',  ( 10.45870000000000211, -1.125019700712343473, 4.332135384791487631 ) ) ;
#5216 = CARTESIAN_POINT ( 'NONE',  ( 4.556349186104051263, -5.687500000000001776, 10.99999999999999822 ) ) ;
#5217 = CARTESIAN_POINT ( 'NONE',  ( -6.404106739121211359E-16, -1.812519700712343695, -10.45870000000000033 ) ) ;
#5218 = ORIENTED_EDGE ( 'NONE', *, *, #5254, .F. ) ;
#5219 = CARTESIAN_POINT ( 'NONE',  ( 2.388061258337338544E-15, -41.25000000000000000, 13.00000000000000000 ) ) ;
#5220 = EDGE_CURVE ( 'NONE', #2250, #2063, #3407, .T. ) ;
#5221 = AXIS2_PLACEMENT_3D ( 'NONE', #317, #2607, #5649 ) ;
#5222 = CARTESIAN_POINT ( 'NONE',  ( -7.628753538268564813E-16, -34.31251970071234325, -12.45870000000000033 ) ) ;
#5223 = CARTESIAN_POINT ( 'NONE',  ( 11.50976273389285964, -33.49999999999880629, -4.769126492293024988 ) ) ;
#5224 = CARTESIAN_POINT ( 'NONE',  ( -10.45870000000000033, -6.500019700712343251, 4.332135384791497401 ) ) ;
#5225 = AXIS2_PLACEMENT_3D ( 'NONE', #3097, #4888, #2712 ) ;
#5226 = ORIENTED_EDGE ( 'NONE', *, *, #1448, .F. ) ;
#5227 = CARTESIAN_POINT ( 'NONE',  ( 13.00000000000000533, -36.93753940142469361, 5.384776310850233116 ) ) ;
#5228 = VECTOR ( 'NONE', #1409, 1000.000000000000000 ) ;
#5229 = CARTESIAN_POINT ( 'NONE',  ( 2.388061258337338544E-15, -35.25000000000000000, 13.00000000000000000 ) ) ;
#5230 = CARTESIAN_POINT ( 'NONE',  ( 12.45870000000000211, -33.50001970071234325, -5.160562509537681031 ) ) ;
#5231 = CARTESIAN_POINT ( 'NONE',  ( 10.45870000000000033, -5.812519700712344140, -1.280821347824242272E-15 ) ) ;
#5232 = AXIS2_PLACEMENT_3D ( 'NONE', #2308, #136, #2398 ) ;
#5233 = CARTESIAN_POINT ( 'NONE',  ( -6.404106739121211359E-16, -3.812519700712343695, -10.45870000000000033 ) ) ;
#5234 = CARTESIAN_POINT ( 'NONE',  ( -8.809631254768840236, -33.93751970071234325, -8.809631254768840236 ) ) ;
#5235 = CARTESIAN_POINT ( 'NONE',  ( -12.45870000000000033, -44.06251970071234325, 0.000000000000000000 ) ) ;
#5236 = CARTESIAN_POINT ( 'NONE',  ( 12.45870000000000388, -42.37501970071234325, 5.160562509537677478 ) ) ;
#5237 = CARTESIAN_POINT ( 'NONE',  ( 1.921232021736363210E-15, -4.062519700712344140, 10.45870000000000033 ) ) ;
#5238 = CARTESIAN_POINT ( 'NONE',  ( -8.809631254768840236, -32.93751970071234325, -8.809631254768840236 ) ) ;
#5239 = CARTESIAN_POINT ( 'NONE',  ( 12.98499999999999943, -41.00866025403784931, -1.590203868692838328E-15 ) ) ;
#5240 = ORIENTED_EDGE ( 'NONE', *, *, #5761, .F. ) ;
#5241 = CARTESIAN_POINT ( 'NONE',  ( -10.89999999999999858, -7.754804374505724240, 4.514927829866743458 ) ) ;
#5242 = CARTESIAN_POINT ( 'NONE',  ( 2.385305803039257098E-15, -42.25866025403784931, 12.98499999999999943 ) ) ;
#5243 = CARTESIAN_POINT ( 'NONE',  ( -6.404106739121211359E-16, -2.812519700712343695, -10.45870000000000033 ) ) ;
#5244 = CARTESIAN_POINT ( 'NONE',  ( 11.00000000000000355, -3.562500000000000888, 4.556349186104045046 ) ) ;
#5245 = CARTESIAN_POINT ( 'NONE',  ( 7.395417692395743536, -5.937519700712343251, -7.395417692395744425 ) ) ;
#5246 = B_SPLINE_CURVE_WITH_KNOTS ( 'NONE', 1,
 ( #5462, #1496 ),
 .UNSPECIFIED., .F., .F.,
 ( 2, 2 ),
 ( 0.000000000000000000, 1.000000000000000000 ),
 .UNSPECIFIED. ) ;
#5247 = ORIENTED_EDGE ( 'NONE', *, *, #2433, .T. ) ;
#5248 = FACE_OUTER_BOUND ( 'NONE', #287, .T. ) ;
#5249 = EDGE_CURVE ( 'NONE', #5098, #1461, #4611, .T. ) ;
#5250 = ORIENTED_EDGE ( 'NONE', *, *, #1034, .F. ) ;
#5251 = CARTESIAN_POINT ( 'NONE',  ( 2.002297516605922276E-15, -10.56730437450572424, 10.90000000000000036 ) ) ;
#5252 = CARTESIAN_POINT ( 'NONE',  ( -12.72935000000000016, -43.65625985035617163, 0.000000000000000000 ) ) ;
#5253 = CARTESIAN_POINT ( 'NONE',  ( -5.160562509537681919, -33.87501970071234325, 12.45870000000000033 ) ) ;
#5254 = EDGE_CURVE ( 'NONE', #4019, #2705, #4715, .T. ) ;
#5255 = CARTESIAN_POINT ( 'NONE',  ( -5.160562509537682807, -33.87501970071234325, 12.45870000000000033 ) ) ;
#5256 = CARTESIAN_POINT ( 'NONE',  ( -7.395417692395744425, -6.687519700712343251, -7.395417692395744425 ) ) ;
#5257 = ORIENTED_EDGE ( 'NONE', *, *, #5676, .F. ) ;
#5258 = CARTESIAN_POINT ( 'NONE',  ( 11.00000000000000355, -8.437539401424686503, 4.556349186104045046 ) ) ;
#5259 = CARTESIAN_POINT ( 'NONE',  ( -9.192388155425117446, -38.50003940142468650, -9.192388155425117446 ) ) ;
#5260 = CARTESIAN_POINT ( 'NONE',  ( 13.00000000000000000, -34.93750000000000000, -5.384776310850237557 ) ) ;
#5261 = CYLINDRICAL_SURFACE ( 'NONE', #395, 12.98499999999999943 ) ;
#5262 = CARTESIAN_POINT ( 'NONE',  ( -7.628753538268564813E-16, -33.31251970071234325, -12.45870000000000033 ) ) ;
#5263 = CARTESIAN_POINT ( 'NONE',  ( -10.45870000000000033, -8.375019700712343251, -4.332135384791489408 ) ) ;
#5264 = ORIENTED_EDGE ( 'NONE', *, *, #2979, .T. ) ;
#5265 = CARTESIAN_POINT ( 'NONE',  ( -10.45870000000000033, -6.625019700712344140, -4.332135384791489408 ) ) ;
#5266 = FACE_OUTER_BOUND ( 'NONE', #1748, .T. ) ;
#5267 = CARTESIAN_POINT ( 'NONE',  ( -12.45869999999999855, -43.00001970071233615, 5.160562509537689024 ) ) ;
#5268 = CARTESIAN_POINT ( 'NONE',  ( 4.332135384791488519, -4.625019700712345028, -10.45870000000000033 ) ) ;
#5269 = CARTESIAN_POINT ( 'NONE',  ( -8.809631254768840236, -34.93751970071234325, -8.809631254768840236 ) ) ;
#5270 = CARTESIAN_POINT ( 'NONE',  ( -9.181781553707317300, -43.38366025403784221, 9.181781553707322630 ) ) ;
#5271 = CYLINDRICAL_SURFACE ( 'NONE', #1142, 10.90000000000000036 ) ;
#5272 = ORIENTED_EDGE ( 'NONE', *, *, #1000, .F. ) ;
#5273 = LINE ( 'NONE', #5301, #1447 ) ;
#5274 = CARTESIAN_POINT ( 'NONE',  ( 7.778174593052023411, -4.625000000000000888, 7.778174593052021635 ) ) ;
#5275 = CARTESIAN_POINT ( 'NONE',  ( 10.45870000000000033, -4.062519700712344140, -1.280821347824242272E-15 ) ) ;
#5276 = CARTESIAN_POINT ( 'NONE',  ( -12.03645459113384852, -33.50000000000002132, 4.663258645378644651 ) ) ;
#5277 = CARTESIAN_POINT ( 'NONE',  ( 2.385305803039257098E-15, -43.25866025403784221, 12.98499999999999943 ) ) ;
#5278 = ORIENTED_EDGE ( 'NONE', *, *, #1178, .F. ) ;
#5279 =( BOUNDED_CURVE ( )  B_SPLINE_CURVE ( 2, ( #1648, #3622, #2749, #4522, #1192, #1900, #1473, #2313, #4975 ),
 .UNSPECIFIED., .F., .T. ) 
 B_SPLINE_CURVE_WITH_KNOTS ( ( 3, 2, 2, 2, 3 ),
 ( 0.2500000000000002220, 0.2613636363636365756, 0.2727272727272729291, 0.2840909090909093382, 0.2954545454545456917 ),
 .UNSPECIFIED. ) 
 CURVE ( )  GEOMETRIC_REPRESENTATION_ITEM ( )  RATIONAL_B_SPLINE_CURVE ( ( 0.9999999999999985567, 0.9238795325112881818, 1.000000000000000000, 0.9238795325112867385, 1.000000000000000000, 0.9238795325112867385, 1.000000000000000000, 0.9238795325112852952, 1.000000000000001554 ) ) 
 REPRESENTATION_ITEM ( '' )  );
#5280 = CARTESIAN_POINT ( 'NONE',  ( -5.160562509537681031, -36.25001970071234325, -12.45870000000000211 ) ) ;
#5281 = CARTESIAN_POINT ( 'NONE',  ( -5.160562509537681031, -34.25001970071234325, -12.45870000000000388 ) ) ;
#5282 = CARTESIAN_POINT ( 'NONE',  ( -7.395417692395744425, -9.687519700712345028, -7.395417692395744425 ) ) ;
#5283 = ORIENTED_EDGE ( 'NONE', *, *, #1543, .T. ) ;
#5284 = CARTESIAN_POINT ( 'NONE',  ( 11.00000000000000355, -6.437539401424685614, 4.556349186104045046 ) ) ;
#5285 = EDGE_CURVE ( 'NONE', #1611, #2603, #4179, .T. ) ;
#5286 = CARTESIAN_POINT ( 'NONE',  ( -5.384776310850238445, -39.18753940142468650, 12.99999999999999822 ) ) ;
#5287 = CARTESIAN_POINT ( 'NONE',  ( -5.384776310850237557, -34.68750000000000000, -13.00000000000000000 ) ) ;
#5288 = CARTESIAN_POINT ( 'NONE',  ( -8.809631254768838460, -37.93751970071233615, 8.809631254768842012 ) ) ;
#5289 = CARTESIAN_POINT ( 'NONE',  ( -7.395417692395744425, -6.437519700712344140, -7.395417692395744425 ) ) ;
#5290 = VERTEX_POINT ( 'NONE', #2435 ) ;
#5291 = EDGE_CURVE ( 'NONE', #3809, #5660, #4785, .T. ) ;
#5292 = CARTESIAN_POINT ( 'NONE',  ( 7.395417692395746201, -4.187519700712343251, 7.395417692395743536 ) ) ;
#5293 = CARTESIAN_POINT ( 'NONE',  ( 8.809631254768838460, -34.18751970071234325, -8.809631254768840236 ) ) ;
#5294 = CYLINDRICAL_SURFACE ( 'NONE', #4590, 12.98499999999999943 ) ;
#5295 = CARTESIAN_POINT ( 'NONE',  ( 5.378563107414890077, -44.05387914738684429, 12.98499999999975252 ) ) ;
#5296 = CARTESIAN_POINT ( 'NONE',  ( 5.160562509537679254, -33.12501970071234325, -12.45870000000000211 ) ) ;
#5297 = CARTESIAN_POINT ( 'NONE',  ( 5.378563107414405131, -41.19616025403785642, 12.98500000000023569 ) ) ;
#5298 = CARTESIAN_POINT ( 'NONE',  ( 0.000000000000000000, -297.8943974769776446, 11.90000000000000036 ) ) ;
#5299 = CARTESIAN_POINT ( 'NONE',  ( -4.514927829866712372, -7.245235026918964039, -10.90000000000002522 ) ) ;
#5300 = ORIENTED_EDGE ( 'NONE', *, *, #1103, .F. ) ;
#5301 = CARTESIAN_POINT ( 'NONE',  ( 0.000000000000000000, -33.50000000000000000, 10.90000000000000036 ) ) ;
#5302 = CARTESIAN_POINT ( 'NONE',  ( -12.45870000000000033, -36.81251970071233615, 0.000000000000000000 ) ) ;
#5303 = CARTESIAN_POINT ( 'NONE',  ( 10.45870000000000033, -3.062519700712343695, -1.280821347824242272E-15 ) ) ;
#5304 = CARTESIAN_POINT ( 'NONE',  ( -4.556349186104047710, -6.812500000000001776, 10.99999999999999822 ) ) ;
#5305 = CARTESIAN_POINT ( 'NONE',  ( -10.45870000000000033, -4.625019700712344140, -4.332135384791489408 ) ) ;
#5306 = LINE ( 'NONE', #5750, #2170 ) ;
#5307 = LINE ( 'NONE', #4913, #967 ) ;
#5308 = FACE_OUTER_BOUND ( 'NONE', #2540, .T. ) ;
#5309 = CYLINDRICAL_SURFACE ( 'NONE', #2379, 12.98499999999999943 ) ;
#5310 = CARTESIAN_POINT ( 'NONE',  ( 2.288626061480569049E-15, -38.81251970071233615, 12.45870000000000033 ) ) ;
#5311 = DIRECTION ( 'NONE',  ( -0.000000000000000000, -1.000000000000000000, -0.000000000000000000 ) ) ;
#5312 = CARTESIAN_POINT ( 'NONE',  ( 7.395417692395746201, -10.18751970071234503, 7.395417692395743536 ) ) ;
#5313 = CARTESIAN_POINT ( 'NONE',  ( 11.00000000000000355, -9.437539401424684726, 4.556349186104045046 ) ) ;
#5314 = AXIS2_PLACEMENT_3D ( 'NONE', #2005, #1973, #1589 ) ;
#5315 = CARTESIAN_POINT ( 'NONE',  ( 13.00000000000000533, -39.06250000000000000, 5.384776310850233116 ) ) ;
#5316 = CARTESIAN_POINT ( 'NONE',  ( -5.160562509537681031, -38.25001970071234325, -12.45870000000000211 ) ) ;
#5317 = CARTESIAN_POINT ( 'NONE',  ( -10.45870000000000033, -9.250019700712343251, 4.332135384791497401 ) ) ;
#5318 = ORIENTED_EDGE ( 'NONE', *, *, #4421, .T. ) ;
#5319 = ADVANCED_FACE ( 'NONE', ( #3315 ), #1641, .T. ) ;
#5320 = AXIS2_PLACEMENT_3D ( 'NONE', #3342, #2441, #1509 ) ;
#5321 = CARTESIAN_POINT ( 'NONE',  ( 10.45870000000000211, -4.125019700712342363, 4.332135384791487631 ) ) ;
#5322 = CARTESIAN_POINT ( 'NONE',  ( -5.160562509537681919, -34.62501970071234325, 12.45870000000000033 ) ) ;
#5323 = DIRECTION ( 'NONE',  ( -0.000000000000000000, -1.000000000000000000, -0.000000000000000000 ) ) ;
#5324 = CARTESIAN_POINT ( 'NONE',  ( 12.45870000000000211, -43.62501970071233615, 5.160562509537678366 ) ) ;
#5325 = CARTESIAN_POINT ( 'NONE',  ( -10.45870000000000033, -5.375019700712345028, -4.332135384791489408 ) ) ;
#5326 = CARTESIAN_POINT ( 'NONE',  ( 12.45870000000000033, -34.31251970071234325, -1.525750707653712963E-15 ) ) ;
#5327 = CARTESIAN_POINT ( 'NONE',  ( 10.90000000000000213, -10.37980437450572424, 4.514927829866736353 ) ) ;
#5328 = LINE ( 'NONE', #304, #5606 ) ;
#5329 = VERTEX_POINT ( 'NONE', #173 ) ;
#5330 = CARTESIAN_POINT ( 'NONE',  ( 0.000000000000000000, -258.8000000000000114, 11.90000000000000036 ) ) ;
#5331 = CARTESIAN_POINT ( 'NONE',  ( 5.160562509537679254, -36.12501970071234325, -12.45870000000000388 ) ) ;
#5332 = CARTESIAN_POINT ( 'NONE',  ( -4.332135384791490296, -3.750019700712343695, -10.45870000000000033 ) ) ;
#5333 =( BOUNDED_CURVE ( )  B_SPLINE_CURVE ( 2, ( #4316, #1215, #3876, #3530, #3015, #1726, #4858, #3900, #4771 ),
 .UNSPECIFIED., .F., .T. ) 
 B_SPLINE_CURVE_WITH_KNOTS ( ( 3, 2, 2, 2, 3 ),
 ( 0.2954545454545453587, 0.3068181818181816567, 0.3181818181818181213, 0.3295454545454544748, 0.3409090909090907728 ),
 .UNSPECIFIED. ) 
 CURVE ( )  GEOMETRIC_REPRESENTATION_ITEM ( )  RATIONAL_B_SPLINE_CURVE ( ( 1.000000000000000444, 0.9238795325112864054, 1.000000000000000000, 0.9238795325112867385, 1.000000000000000000, 0.9238795325112867385, 1.000000000000000000, 0.9238795325112878487, 0.9999999999999988898 ) ) 
 REPRESENTATION_ITEM ( '' )  );
#5334 = CARTESIAN_POINT ( 'NONE',  ( 7.778174593052021635, -6.375000000000000888, -7.778174593052023411 ) ) ;
#5335 = CARTESIAN_POINT ( 'NONE',  ( 10.45870000000000033, -3.000019700712343695, -4.332135384791490296 ) ) ;
#5336 = CARTESIAN_POINT ( 'NONE',  ( -7.315365806447865715, -33.50000000000000000, 10.43853220930871473 ) ) ;
#5337 = CARTESIAN_POINT ( 'NONE',  ( 5.378563107414565003, -43.19616025403784221, 12.98500000000007404 ) ) ;
#5338 = CARTESIAN_POINT ( 'NONE',  ( -10.89999999999999858, -3.995235026918962262, 4.514927829866743458 ) ) ;
#5339 = CARTESIAN_POINT ( 'NONE',  ( 0.000000000000000000, -57.50000000000000000, 0.000000000000000000 ) ) ;
#5340 = CARTESIAN_POINT ( 'NONE',  ( -10.45870000000000033, -3.375019700712343251, -4.332135384791489408 ) ) ;
#5341 = CARTESIAN_POINT ( 'NONE',  ( 12.45870000000000211, -38.50001970071233615, -5.160562509537681031 ) ) ;
#5342 = CARTESIAN_POINT ( 'NONE',  ( 0.5638924953209144553, -4.975348870263549045E-15, 10.56183231949757406 ) ) ;
#5343 = CARTESIAN_POINT ( 'NONE',  ( -12.45869999999999855, -37.00001970071234325, 5.160562509537688136 ) ) ;
#5344 = CARTESIAN_POINT ( 'NONE',  ( -11.00000000000000000, -9.937539401424684726, -4.556349186104045934 ) ) ;
#5345 = CARTESIAN_POINT ( 'NONE',  ( -6.674325055353075238E-16, -1.067304374505724240, -10.90000000000000036 ) ) ;
#5346 = CARTESIAN_POINT ( 'NONE',  ( -7.778174593052023411, -1.000039401424686059, -7.778174593052023411 ) ) ;
#5347 = CARTESIAN_POINT ( 'NONE',  ( 9.192388155425119223, -36.12500000000000711, 9.192388155425115670 ) ) ;
#5348 = CARTESIAN_POINT ( 'NONE',  ( -12.45869999999999855, -38.00001970071233615, 5.160562509537689024 ) ) ;
#5349 = CARTESIAN_POINT ( 'NONE',  ( 4.332135384791488519, -9.625019700712345028, -10.45870000000000033 ) ) ;
#5350 = ORIENTED_EDGE ( 'NONE', *, *, #3159, .F. ) ;
#5351 =( BOUNDED_CURVE ( )  B_SPLINE_CURVE ( 2, ( #4651, #1547, #3277, #163, #1954, #3303, #646, #3733, #5054 ),
 .UNSPECIFIED., .F., .T. ) 
 B_SPLINE_CURVE_WITH_KNOTS ( ( 3, 2, 2, 2, 3 ),
 ( 0.06818181818181887066, 0.07954545454545508543, 0.09090909090909130019, 0.1022727272727275150, 0.1136363636363637436 ),
 .UNSPECIFIED. ) 
 CURVE ( )  GEOMETRIC_REPRESENTATION_ITEM ( )  RATIONAL_B_SPLINE_CURVE ( ( 0.9999999999999956701, 0.9238795325112910684, 1.000000000000000000, 0.9238795325112867385, 1.000000000000000000, 0.9238795325112867385, 1.000000000000000000, 0.9238795325112860723, 1.000000000000000666 ) ) 
 REPRESENTATION_ITEM ( '' )  );
#5352 = CARTESIAN_POINT ( 'NONE',  ( 12.98500000000000298, -33.92887914738683719, 5.378563107414636946 ) ) ;
#5353 = CARTESIAN_POINT ( 'NONE',  ( -4.332135384791492072, -9.375019700712345028, 10.45870000000000033 ) ) ;
#5354 = CARTESIAN_POINT ( 'NONE',  ( 12.45870000000000033, -34.31251970071234325, -1.525750707653712963E-15 ) ) ;
#5355 = CARTESIAN_POINT ( 'NONE',  ( -7.960204194457795477E-16, -39.62503940142468650, -13.00000000000000000 ) ) ;
#5356 = CARTESIAN_POINT ( 'NONE',  ( 8.809631254768838460, -36.18751970071234325, -8.809631254768840236 ) ) ;
#5357 = CARTESIAN_POINT ( 'NONE',  ( -7.951019343464191642E-16, -40.75866025403784931, -12.98499999999999943 ) ) ;
#5358 = FACE_OUTER_BOUND ( 'NONE', #4307, .T. ) ;
#5359 = CARTESIAN_POINT ( 'NONE',  ( -12.45870000000000388, -43.12501970071234325, -5.160562509537680143 ) ) ;
#5360 = EDGE_LOOP ( 'NONE', ( #2950, #238, #4252, #2127 ) ) ;
#5361 = CARTESIAN_POINT ( 'NONE',  ( 10.45870000000000211, -5.875019700712343251, 4.332135384791487631 ) ) ;
#5362 = CARTESIAN_POINT ( 'NONE',  ( 5.378563107414597866, -34.19616025403784931, 12.98500000000004562 ) ) ;
#5363 = CARTESIAN_POINT ( 'NONE',  ( 5.160562509537679254, -38.12501970071233615, -12.45870000000000388 ) ) ;
#5364 = EDGE_CURVE ( 'NONE', #1886, #2577, #3004, .T. ) ;
#5365 = CARTESIAN_POINT ( 'NONE',  ( -10.45870000000000033, -3.500019700712343251, 4.332135384791498289 ) ) ;
#5366 = CARTESIAN_POINT ( 'NONE',  ( 11.00000000000000355, -8.562500000000001776, 4.556349186104045046 ) ) ;
#5367 = CARTESIAN_POINT ( 'NONE',  ( 7.395417692395743536, -4.937519700712343251, -7.395417692395744425 ) ) ;
#5368 = CARTESIAN_POINT ( 'NONE',  ( 2.368116423208028731, -33.50000000000000711, 12.29999180526129265 ) ) ;
#5369 = CARTESIAN_POINT ( 'NONE',  ( -7.951019343464190656E-16, -41.61637914738684429, -12.98499999999999943 ) ) ;
#5370 = CARTESIAN_POINT ( 'NONE',  ( -4.514927829866739017, -3.870235026918962706, 10.89999999999999858 ) ) ;
#5371 = VERTEX_POINT ( 'NONE', #4288 ) ;
#5372 = CARTESIAN_POINT ( 'NONE',  ( 4.514927829866770992, -2.370235026918963150, -10.89999999999996483 ) ) ;
#5373 = ADVANCED_FACE ( 'NONE', ( #3768 ), #2906, .T. ) ;
#5374 = CARTESIAN_POINT ( 'NONE',  ( -4.646331282545644648, 1.426295066656555220E-16, 9.635509425141407291 ) ) ;
#5375 = CARTESIAN_POINT ( 'NONE',  ( -12.45869999999999855, -36.00001970071234325, 5.160562509537688136 ) ) ;
#5376 = CARTESIAN_POINT ( 'NONE',  ( -9.181781553707320853, -42.49137914738684429, -9.181781553707320853 ) ) ;
#5377 = DIRECTION ( 'NONE',  ( 0.000000000000000000, 1.000000000000000000, 0.000000000000000000 ) ) ;
#5378 = CARTESIAN_POINT ( 'NONE',  ( 2.385305803039257098E-15, -40.25866025403784221, 12.98499999999999943 ) ) ;
#5379 = CARTESIAN_POINT ( 'NONE',  ( 2.020667218593132706E-15, -1.625039401424686059, 11.00000000000000000 ) ) ;
#5380 = CARTESIAN_POINT ( 'NONE',  ( 9.192388155425115670, -36.87500000000000711, -9.192388155425117446 ) ) ;
#5381 = CARTESIAN_POINT ( 'NONE',  ( 5.160562509537679254, -35.37501970071234325, -12.45870000000000211 ) ) ;
#5382 = CARTESIAN_POINT ( 'NONE',  ( 7.866851207749030905, 6.096378597347862188E-16, -7.069959382213485632 ) ) ;
#5383 = CARTESIAN_POINT ( 'NONE',  ( -7.395417692395742648, -7.437519700712343251, 7.395417692395746201 ) ) ;
#5384 = CARTESIAN_POINT ( 'NONE',  ( 5.160562509537688136, -36.50001970071235036, 12.45869999999999855 ) ) ;
#5385 = CARTESIAN_POINT ( 'NONE',  ( -5.384776310850237557, -41.56253940142468650, -13.00000000000000000 ) ) ;
#5386 = CARTESIAN_POINT ( 'NONE',  ( -12.45870000000000211, -38.87501970071233615, -5.160562509537680143 ) ) ;
#5387 =( BOUNDED_CURVE ( )  B_SPLINE_CURVE ( 2, ( #1205, #4272, #263, #292, #2061, #5589, #4730, #730, #2525 ),
 .UNSPECIFIED., .F., .T. ) 
 B_SPLINE_CURVE_WITH_KNOTS ( ( 3, 2, 2, 2, 3 ),
 ( 0.3409090909090918275, 0.3522727272727280701, 0.3636363636363642571, 0.3750000000000004441, 0.3863636363636366866 ),
 .UNSPECIFIED. ) 
 CURVE ( )  GEOMETRIC_REPRESENTATION_ITEM ( )  RATIONAL_B_SPLINE_CURVE ( ( 0.9999999999999940048, 0.9238795325112927337, 1.000000000000000000, 0.9238795325112867385, 1.000000000000000000, 0.9238795325112867385, 1.000000000000000000, 0.9238795325112845180, 1.000000000000002220 ) ) 
 REPRESENTATION_ITEM ( '' )  );
#5388 = CARTESIAN_POINT ( 'NONE',  ( 12.98500000000000298, -41.92887914738684429, 5.378563107414636946 ) ) ;
#5389 = ORIENTED_EDGE ( 'NONE', *, *, #2905, .F. ) ;
#5390 = CARTESIAN_POINT ( 'NONE',  ( 7.395417692395746201, -6.937519700712343251, 7.395417692395743536 ) ) ;
#5391 = CARTESIAN_POINT ( 'NONE',  ( -12.98499999999999943, -37.50866025403784221, 0.000000000000000000 ) ) ;
#5392 = CARTESIAN_POINT ( 'NONE',  ( -8.809631254768838460, -37.68751970071233615, 8.809631254768842012 ) ) ;
#5393 = CARTESIAN_POINT ( 'NONE',  ( 10.45870000000000211, -7.125019700712342363, 4.332135384791487631 ) ) ;
#5394 = CARTESIAN_POINT ( 'NONE',  ( -11.00000000000000000, -8.000000000000001776, 0.000000000000000000 ) ) ;
#5395 = CARTESIAN_POINT ( 'NONE',  ( -12.45870000000000033, -41.81251970071234325, 0.000000000000000000 ) ) ;
#5396 = DIRECTION ( 'NONE',  ( 0.000000000000000000, 0.000000000000000000, -1.000000000000000000 ) ) ;
#5397 = CARTESIAN_POINT ( 'NONE',  ( 1.590203868692838131E-15, -57.50000000000000000, -12.98499999999999943 ) ) ;
#5398 = CARTESIAN_POINT ( 'NONE',  ( -7.707463914933368798, -4.182735026918962262, -7.707463914933368798 ) ) ;
#5399 = ORIENTED_EDGE ( 'NONE', *, *, #4250, .F. ) ;
#5400 = EDGE_CURVE ( 'NONE', #2992, #3841, #5524, .T. ) ;
#5401 = CARTESIAN_POINT ( 'NONE',  ( -6.674325055353075238E-16, -2.307735026918962706, -10.90000000000000036 ) ) ;
#5402 = CARTESIAN_POINT ( 'NONE',  ( 5.378563107415088140, -38.05387914738682298, 12.98499999999955179 ) ) ;
#5403 = CARTESIAN_POINT ( 'NONE',  ( -8.809631254768840236, -37.18751970071233615, -8.809631254768840236 ) ) ;
#5404 = CARTESIAN_POINT ( 'NONE',  ( 9.065852100556119453, -304.0000000000000000, 7.861954317524507907 ) ) ;
#5405 = CARTESIAN_POINT ( 'NONE',  ( 4.332135384791495625, -8.000019700712345028, 10.45870000000000033 ) ) ;
#5406 = CARTESIAN_POINT ( 'NONE',  ( -5.160562509537682807, -36.87501970071234325, 12.45870000000000033 ) ) ;
#5407 = CARTESIAN_POINT ( 'NONE',  ( 5.523216662188427328, -33.49999999999999289, 11.19730178314173585 ) ) ;
#5408 = CARTESIAN_POINT ( 'NONE',  ( 7.395417692395743536, -0.9375197007123433623, -7.395417692395744425 ) ) ;
#5409 = CARTESIAN_POINT ( 'NONE',  ( -8.648606291731537610, -33.50000000000000000, -9.685650944083297631 ) ) ;
#5410 = CARTESIAN_POINT ( 'NONE',  ( 7.778174593052021635, -2.250039401424685614, -7.778174593052023411 ) ) ;
#5411 = CARTESIAN_POINT ( 'NONE',  ( 12.45870000000000033, -35.56251970071234325, -1.525750707653712963E-15 ) ) ;
#5412 = CARTESIAN_POINT ( 'NONE',  ( 6.022299939454748063, 1.195203470944309439E-15, -8.749854883720711740 ) ) ;
#5413 = CIRCLE ( 'NONE', #1442, 12.75000000000000000 ) ;
#5414 = VERTEX_POINT ( 'NONE', #3336 ) ;
#5415 = CARTESIAN_POINT ( 'NONE',  ( -12.45870000000000211, -36.87501970071235036, -5.160562509537680143 ) ) ;
#5416 = AXIS2_PLACEMENT_3D ( 'NONE', #3662, #1453, #3235 ) ;
#5417 = CARTESIAN_POINT ( 'NONE',  ( 5.384776310850242886, -42.06253940142469361, 12.99999999999999645 ) ) ;
#5418 = CARTESIAN_POINT ( 'NONE',  ( 12.45870000000000211, -39.25001970071233615, -5.160562509537681031 ) ) ;
#5419 = CARTESIAN_POINT ( 'NONE',  ( 10.45870000000000211, -0.8750197007123435844, 4.332135384791487631 ) ) ;
#5420 = EDGE_LOOP ( 'NONE', ( #4821, #5247 ) ) ;
#5421 = DATE_AND_TIME ( #3669, #5439 ) ;
#5422 = AXIS2_PLACEMENT_3D ( 'NONE', #971, #2394, #4541 ) ;
#5423 = ORIENTED_EDGE ( 'NONE', *, *, #5114, .T. ) ;
#5424 = CARTESIAN_POINT ( 'NONE',  ( 7.395417692395743536, -4.687519700712344140, -7.395417692395744425 ) ) ;
#5425 = CARTESIAN_POINT ( 'NONE',  ( 7.395417692395746201, -5.937519700712343251, 7.395417692395743536 ) ) ;
#5426 = CARTESIAN_POINT ( 'NONE',  ( -12.98499999999999943, -37.57116025403784221, -5.378563107414639610 ) ) ;
#5427 = CARTESIAN_POINT ( 'NONE',  ( -12.45869999999999855, -35.75001970071234325, 5.160562509537688136 ) ) ;
#5428 = CARTESIAN_POINT ( 'NONE',  ( 7.395417692395746201, -6.187519700712343251, 7.395417692395743536 ) ) ;
#5429 = AXIS2_PLACEMENT_3D ( 'NONE', #4743, #4259, #2673 ) ;
#5430 = CARTESIAN_POINT ( 'NONE',  ( -10.18769878122403050, 9.507880860424734873E-17, 3.875666851400715984 ) ) ;
#5431 = CARTESIAN_POINT ( 'NONE',  ( 5.160562509537688136, -43.50001970071234325, 12.45869999999999855 ) ) ;
#5432 = CARTESIAN_POINT ( 'NONE',  ( 1.467739188778102786E-15, -203.5000000000000000, -11.98499999999999943 ) ) ;
#5433 = ORIENTED_EDGE ( 'NONE', *, *, #1904, .F. ) ;
#5434 = VECTOR ( 'NONE', #224, 1000.000000000000000 ) ;
#5435 = CARTESIAN_POINT ( 'NONE',  ( 5.160562509537679254, -38.37501970071234325, -12.45870000000000211 ) ) ;
#5436 = CARTESIAN_POINT ( 'NONE',  ( 1.334865011070615048E-15, -33.50000000000000000, -10.90000000000000036 ) ) ;
#5437 = CARTESIAN_POINT ( 'NONE',  ( 4.332135384791488519, -9.625019700712345028, -10.45870000000000033 ) ) ;
#5438 = EDGE_CURVE ( 'NONE', #4860, #5019, #5766, .T. ) ;
#5439 = LOCAL_TIME ( 23, 13, 58.00000000000000000, #1887 ) ;
#5440 = CARTESIAN_POINT ( 'NONE',  ( 8.809631254768838460, -38.43751970071233615, -8.809631254768840236 ) ) ;
#5441 = LINE ( 'NONE', #543, #3582 ) ;
#5442 = CARTESIAN_POINT ( 'NONE',  ( 7.395417692395746201, -1.187519700712343473, 7.395417692395743536 ) ) ;
#5443 = CARTESIAN_POINT ( 'NONE',  ( -10.45870000000000033, -10.56251970071234325, 0.000000000000000000 ) ) ;
#5444 = FACE_OUTER_BOUND ( 'NONE', #5671, .T. ) ;
#5445 = EDGE_CURVE ( 'NONE', #5165, #1659, #4767, .T. ) ;
#5446 = CARTESIAN_POINT ( 'NONE',  ( 4.184015307840992293, 1.584762677741700017E-17, -9.824558531443686960 ) ) ;
#5447 = ORIENTED_EDGE ( 'NONE', *, *, #956, .T. ) ;
#5448 = CARTESIAN_POINT ( 'NONE',  ( 5.378563107414357169, -33.67887914738683719, -12.98500000000028187 ) ) ;
#5449 = CARTESIAN_POINT ( 'NONE',  ( 12.45870000000000211, -37.25001970071234325, -5.160562509537681031 ) ) ;
#5450 = DIRECTION ( 'NONE',  ( -0.000000000000000000, 0.000000000000000000, -1.000000000000000000 ) ) ;
#5451 = CARTESIAN_POINT ( 'NONE',  ( 2.388061258337338544E-15, -41.12503940142468650, 13.00000000000000000 ) ) ;
#5452 = CARTESIAN_POINT ( 'NONE',  ( 2.288626061480569049E-15, -35.56251970071234325, 12.45870000000000033 ) ) ;
#5453 = CARTESIAN_POINT ( 'NONE',  ( -10.90000000000000036, -3.120235026918962706, -4.514927829866737241 ) ) ;
#5454 = CARTESIAN_POINT ( 'NONE',  ( 4.332135384791488519, -0.6250197007123435844, -10.45870000000000033 ) ) ;
#5455 = ORIENTED_EDGE ( 'NONE', *, *, #5570, .F. ) ;
#5456 = APPLICATION_PROTOCOL_DEFINITION ( 'international standard', 'config_control_design', 1994, #5523 ) ;
#5457 = CARTESIAN_POINT ( 'NONE',  ( -10.45870000000000033, -8.375019700712343251, -4.332135384791489408 ) ) ;
#5458 = DIRECTION ( 'NONE',  ( 0.000000000000000000, 0.000000000000000000, 1.000000000000000000 ) ) ;
#5459 = CARTESIAN_POINT ( 'NONE',  ( -12.45870000000000033, -41.81251970071234325, 0.000000000000000000 ) ) ;
#5460 = CARTESIAN_POINT ( 'NONE',  ( -10.45870000000000033, -6.625019700712344140, -4.332135384791489408 ) ) ;
#5461 = CARTESIAN_POINT ( 'NONE',  ( -7.707463914933366134, -9.692304374505724240, 7.707463914933369686 ) ) ;
#5462 = CARTESIAN_POINT ( 'NONE',  ( 9.065852100556119453, -304.0000000000000000, 7.861954317524507907 ) ) ;
#5463 = DIRECTION ( 'NONE',  ( 0.000000000000000000, 1.000000000000000000, 0.000000000000000000 ) ) ;
#5464 = DIRECTION ( 'NONE',  ( 0.000000000000000000, 0.000000000000000000, 1.000000000000000000 ) ) ;
#5465 = DIRECTION ( 'NONE',  ( 0.000000000000000000, 1.000000000000000000, 0.000000000000000000 ) ) ;
#5466 = CARTESIAN_POINT ( 'NONE',  ( 4.556349186104045934, 0.6874999999999990008, -11.00000000000000000 ) ) ;
#5467 = CARTESIAN_POINT ( 'NONE',  ( 8.809631254768838460, -39.43751970071233615, -8.809631254768840236 ) ) ;
#5468 = CARTESIAN_POINT ( 'NONE',  ( 13.00000000000000533, -43.93753940142468650, 5.384776310850233116 ) ) ;
#5469 = CARTESIAN_POINT ( 'NONE',  ( -4.332135384791490296, -9.750019700712343251, -10.45870000000000033 ) ) ;
#5470 = CARTESIAN_POINT ( 'NONE',  ( 4.556349186104051263, -2.562539401424685614, 10.99999999999999822 ) ) ;
#5471 = CARTESIAN_POINT ( 'NONE',  ( 7.395417692395746201, -9.937519700712345028, 7.395417692395743536 ) ) ;
#5472 = EDGE_CURVE ( 'NONE', #5329, #3562, #2509, .T. ) ;
#5473 = CARTESIAN_POINT ( 'NONE',  ( -8.809631254768840236, -35.93751970071234325, -8.809631254768840236 ) ) ;
#5474 = CARTESIAN_POINT ( 'NONE',  ( 5.384776310850236669, -42.68753940142468650, -13.00000000000000000 ) ) ;
#5475 = CARTESIAN_POINT ( 'NONE',  ( 8.809631254768842012, -37.43751970071233615, 8.809631254768838460 ) ) ;
#5476 = CARTESIAN_POINT ( 'NONE',  ( -10.90000000000000036, -3.057735026918962706, 0.000000000000000000 ) ) ;
#5477 = CARTESIAN_POINT ( 'NONE',  ( 1.334865011070615048E-15, -33.50000000000000000, -10.90000000000000036 ) ) ;
#5478 = ORIENTED_EDGE ( 'NONE', *, *, #732, .F. ) ;
#5479 = MECHANICAL_CONTEXT ( 'NONE', #5523, 'mechanical' ) ;
#5480 = EDGE_CURVE ( 'NONE', #1561, #4784, #3993, .T. ) ;
#5481 = CARTESIAN_POINT ( 'NONE',  ( 10.45870000000000033, -6.750019700712345028, -4.332135384791490296 ) ) ;
#5482 = CARTESIAN_POINT ( 'NONE',  ( 0.000000000000000000, -33.50000000000000000, 0.000000000000000000 ) ) ;
#5483 = CARTESIAN_POINT ( 'NONE',  ( 12.45870000000000388, -40.25001970071234325, -5.160562509537681031 ) ) ;
#5484 = CARTESIAN_POINT ( 'NONE',  ( -10.45870000000000033, -8.625019700712343251, -4.332135384791489408 ) ) ;
#5485 = CARTESIAN_POINT ( 'NONE',  ( -4.514927829866703490, -10.00480437450572424, -10.90000000000003588 ) ) ;
#5486 = CARTESIAN_POINT ( 'NONE',  ( 12.45870000000000033, -42.31251970071234325, -1.525750707653712963E-15 ) ) ;
#5487 = CARTESIAN_POINT ( 'NONE',  ( 1.561424668912875111E-15, -260.8000000000000114, -12.75000000000000000 ) ) ;
#5488 = CARTESIAN_POINT ( 'NONE',  ( 0.000000000000000000, 0.3190539273024706191, 0.000000000000000000 ) ) ;
#5489 = CARTESIAN_POINT ( 'NONE',  ( 5.160562509537679254, -41.37501970071234325, -12.45870000000000211 ) ) ;
#5490 = CARTESIAN_POINT ( 'NONE',  ( -8.809631254768838460, -33.68751970071234325, 8.809631254768842012 ) ) ;
#5491 = CARTESIAN_POINT ( 'NONE',  ( 10.45870000000000211, -6.875019700712343251, 4.332135384791487631 ) ) ;
#5492 = CARTESIAN_POINT ( 'NONE',  ( 9.192388155425119223, -37.12500000000000000, 9.192388155425115670 ) ) ;
#5493 = CARTESIAN_POINT ( 'NONE',  ( 8.809631254768842012, -39.68751970071234325, 8.809631254768838460 ) ) ;
#5494 = CARTESIAN_POINT ( 'NONE',  ( 7.395417692395746201, -1.937519700712343473, 7.395417692395743536 ) ) ;
#5495 = CARTESIAN_POINT ( 'NONE',  ( -5.384776310850237557, -43.56253940142469361, -13.00000000000000000 ) ) ;
#5496 = CARTESIAN_POINT ( 'NONE',  ( 0.000000000000000000, -228.9999999999999716, 12.98499999999999943 ) ) ;
#5497 = VERTEX_POINT ( 'NONE', #3474 ) ;
#5498 = CARTESIAN_POINT ( 'NONE',  ( -10.99999999999999822, -5.812539401424685614, 4.556349186104052151 ) ) ;
#5499 = CYLINDRICAL_SURFACE ( 'NONE', #4688, 10.90000000000000036 ) ;
#5500 = CARTESIAN_POINT ( 'NONE',  ( 8.809631254768842012, -40.43751970071234325, 8.809631254768838460 ) ) ;
#5501 = CARTESIAN_POINT ( 'NONE',  ( -5.160562509537681031, -40.00001970071234325, -12.45870000000000211 ) ) ;
#5502 = EDGE_CURVE ( 'NONE', #3801, #5192, #915, .T. ) ;
#5503 = CARTESIAN_POINT ( 'NONE',  ( -10.45870000000000033, -2.250019700712343251, 4.332135384791497401 ) ) ;
#5504 = VERTEX_POINT ( 'NONE', #2991 ) ;
#5505 = DIRECTION ( 'NONE',  ( 0.000000000000000000, 0.000000000000000000, 1.000000000000000000 ) ) ;
#5506 = VECTOR ( 'NONE', #5465, 1000.000000000000000 ) ;
#5507 = FACE_OUTER_BOUND ( 'NONE', #2923, .T. ) ;
#5508 = CARTESIAN_POINT ( 'NONE',  ( 2.385305803039257098E-15, -36.25866025403784931, 12.98499999999999943 ) ) ;
#5509 = CARTESIAN_POINT ( 'NONE',  ( -12.45870000000000388, -38.87501970071233615, -5.160562509537680143 ) ) ;
#5510 = CARTESIAN_POINT ( 'NONE',  ( -4.332135384791490296, -6.750019700712344140, -10.45870000000000033 ) ) ;
#5511 = CARTESIAN_POINT ( 'NONE',  ( 12.98499999999999943, -39.94616025403784931, -5.378563107414642275 ) ) ;
#5512 = EDGE_CURVE ( 'NONE', #3499, #5189, #2537, .T. ) ;
#5513 = CARTESIAN_POINT ( 'NONE',  ( 12.45870000000000211, -43.25001970071235036, -5.160562509537681031 ) ) ;
#5514 = FACE_OUTER_BOUND ( 'NONE', #3178, .T. ) ;
#5515 = CIRCLE ( 'NONE', #4961, 12.75000000000000000 ) ;
#5516 = VERTEX_POINT ( 'NONE', #425 ) ;
#5517 = CARTESIAN_POINT ( 'NONE',  ( 4.332135384791495625, -9.000019700712343251, 10.45870000000000033 ) ) ;
#5518 = CARTESIAN_POINT ( 'NONE',  ( -9.192388155425113894, -39.37500000000000000, 9.192388155425119223 ) ) ;
#5519 = CARTESIAN_POINT ( 'NONE',  ( 2.288626061480569049E-15, -39.81251970071234325, 12.45870000000000033 ) ) ;
#5520 = VECTOR ( 'NONE', #1670, 1000.000000000000000 ) ;
#5521 = CARTESIAN_POINT ( 'NONE',  ( -7.395417692395742648, -0.1875197007123435289, 7.395417692395746201 ) ) ;
#5522 = CARTESIAN_POINT ( 'NONE',  ( 2.020667218593132706E-15, -3.625039401424686059, 11.00000000000000000 ) ) ;
#5523 = APPLICATION_CONTEXT ( 'configuration controlled 3d designs of mechanical parts and assemblies' ) ;
#5524 = LINE ( 'NONE', #1558, #4147 ) ;
#5525 = ORIENTED_EDGE ( 'NONE', *, *, #5546, .F. ) ;
#5526 = CARTESIAN_POINT ( 'NONE',  ( 7.778174593052023411, -5.500039401424685614, 7.778174593052021635 ) ) ;
#5527 = CARTESIAN_POINT ( 'NONE',  ( 0.000000000000000000, -57.50000000000000000, 12.98499999999999943 ) ) ;
#5528 = CARTESIAN_POINT ( 'NONE',  ( -12.45869999999999855, -42.75001970071235746, 5.160562509537689024 ) ) ;
#5529 = CARTESIAN_POINT ( 'NONE',  ( 2.002297516605922276E-15, -1.807735026918962484, 10.90000000000000036 ) ) ;
#5530 = CARTESIAN_POINT ( 'NONE',  ( -4.332135384791490296, -3.500019700712343695, -10.45870000000000033 ) ) ;
#5531 = ORIENTED_EDGE ( 'NONE', *, *, #2604, .F. ) ;
#5532 = CARTESIAN_POINT ( 'NONE',  ( 4.332135384791488519, -2.875019700712343695, -10.45870000000000033 ) ) ;
#5533 = CARTESIAN_POINT ( 'NONE',  ( 5.160562509537688136, -40.75001970071234325, 12.45869999999999855 ) ) ;
#5534 = CARTESIAN_POINT ( 'NONE',  ( -12.98499999999999943, -39.57116025403784931, -5.378563107414639610 ) ) ;
#5535 = CARTESIAN_POINT ( 'NONE',  ( 12.45870000000000388, -41.25001970071234325, -5.160562509537681031 ) ) ;
#5536 = CARTESIAN_POINT ( 'NONE',  ( -6.404106739121211359E-16, 0.4374802992876564711, -10.45870000000000033 ) ) ;
#5537 = DIRECTION ( 'NONE',  ( 0.000000000000000000, -1.000000000000000000, 0.000000000000000000 ) ) ;
#5538 = DIRECTION ( 'NONE',  ( 0.000000000000000000, 1.000000000000000000, 0.000000000000000000 ) ) ;
#5539 = ORIENTED_EDGE ( 'NONE', *, *, #2596, .F. ) ;
#5540 =( BOUNDED_CURVE ( )  B_SPLINE_CURVE ( 2, ( #5242, #3064, #4933, #1800, #415, #4479, #4448, #4823, #5745 ),
 .UNSPECIFIED., .F., .T. ) 
 B_SPLINE_CURVE_WITH_KNOTS ( ( 3, 2, 2, 2, 3 ),
 ( 0.8863636363636372417, 0.8977272727272735953, 0.9090909090909099488, 0.9204545454545463024, 0.9318181818181826559 ),
 .UNSPECIFIED. ) 
 CURVE ( )  GEOMETRIC_REPRESENTATION_ITEM ( )  RATIONAL_B_SPLINE_CURVE ( ( 0.9999999999999940048, 0.9238795325112927337, 1.000000000000000000, 0.9238795325112867385, 1.000000000000000000, 0.9238795325112867385, 1.000000000000000000, 0.9238795325112807433, 1.000000000000005995 ) ) 
 REPRESENTATION_ITEM ( '' )  );
#5541 = EDGE_CURVE ( 'NONE', #2687, #5165, #5333, .T. ) ;
#5542 = CARTESIAN_POINT ( 'NONE',  ( 0.000000000000000000, -57.50000000000000000, 0.000000000000000000 ) ) ;
#5543 = CARTESIAN_POINT ( 'NONE',  ( -11.00000000000000000, -8.673617379884035472E-16, 0.000000000000000000 ) ) ;
#5544 = CARTESIAN_POINT ( 'NONE',  ( 5.384776310850242886, -40.18750000000000000, 12.99999999999999645 ) ) ;
#5545 = CARTESIAN_POINT ( 'NONE',  ( 12.45870000000000388, -41.50001970071234325, -5.160562509537681031 ) ) ;
#5546 = EDGE_CURVE ( 'NONE', #5637, #1857, #401, .T. ) ;
#5547 = CARTESIAN_POINT ( 'NONE',  ( -7.395417692395742648, -1.187519700712343251, 7.395417692395746201 ) ) ;
#5548 = CARTESIAN_POINT ( 'NONE',  ( 7.778174593052021635, -4.250039401424686503, -7.778174593052023411 ) ) ;
#5549 = CARTESIAN_POINT ( 'NONE',  ( -12.98499999999999943, -34.42887914738685851, -5.378563107414639610 ) ) ;
#5550 = EDGE_LOOP ( 'NONE', ( #2467, #638, #1155, #537 ) ) ;
#5551 = CARTESIAN_POINT ( 'NONE',  ( 12.45870000000000211, -39.37501970071234325, 5.160562509537678366 ) ) ;
#5552 = CARTESIAN_POINT ( 'NONE',  ( 5.384776310850242886, -35.06253940142468650, 12.99999999999999645 ) ) ;
#5553 = CARTESIAN_POINT ( 'NONE',  ( 8.809631254768838460, -43.18751970071234325, -8.809631254768840236 ) ) ;
#5554 = CARTESIAN_POINT ( 'NONE',  ( 2.002297516605922276E-15, -2.807735026918962706, 10.90000000000000036 ) ) ;
#5555 = CARTESIAN_POINT ( 'NONE',  ( -6.404106739121211359E-16, -4.562519700712344140, -10.45870000000000033 ) ) ;
#5556 = EDGE_LOOP ( 'NONE', ( #1296, #2203, #3384, #1416 ) ) ;
#5557 = CARTESIAN_POINT ( 'NONE',  ( 8.809631254768842012, -42.68751970071234325, 8.809631254768838460 ) ) ;
#5558 = CYLINDRICAL_SURFACE ( 'NONE', #3760, 12.98499999999999943 ) ;
#5559 = CARTESIAN_POINT ( 'NONE',  ( -12.45869999999999855, -43.75001970071235746, 5.160562509537688136 ) ) ;
#5560 = CARTESIAN_POINT ( 'NONE',  ( 10.45870000000000033, -0.7500197007123433623, -4.332135384791490296 ) ) ;
#5561 = CARTESIAN_POINT ( 'NONE',  ( -7.707463914933366134, -7.932735026918963150, 7.707463914933369686 ) ) ;
#5562 = CARTESIAN_POINT ( 'NONE',  ( 5.378563107414685796, -38.19616025403785642, 12.98499999999995502 ) ) ;
#5563 = ORIENTED_EDGE ( 'NONE', *, *, #3328, .T. ) ;
#5564 = CARTESIAN_POINT ( 'NONE',  ( 10.90000000000000036, -8.495235026918962262, -4.514927829866737241 ) ) ;
#5565 = CARTESIAN_POINT ( 'NONE',  ( 7.395417692395743536, 0.06248029928765657520, -7.395417692395744425 ) ) ;
#5566 = CARTESIAN_POINT ( 'NONE',  ( -11.00000000000000000, -3.062500000000001776, -4.556349186104045934 ) ) ;
#5567 = CARTESIAN_POINT ( 'NONE',  ( -10.45870000000000033, -0.6250197007123434734, -4.332135384791489408 ) ) ;
#5568 = VERTEX_POINT ( 'NONE', #2659 ) ;
#5569 = CYLINDRICAL_SURFACE ( 'NONE', #3588, 10.90000000000000036 ) ;
#5570 = EDGE_CURVE ( 'NONE', #845, #5497, #1976, .T. ) ;
#5571 =( BOUNDED_CURVE ( )  B_SPLINE_CURVE ( 2, ( #4149, #4686, #2875, #197, #687, #3767, #2903, #4233, #2485 ),
 .UNSPECIFIED., .F., .T. ) 
 B_SPLINE_CURVE_WITH_KNOTS ( ( 3, 2, 2, 2, 3 ),
 ( 0.1136363636363636465, 0.1250000000000000000, 0.1363636363636363535, 0.1477272727272727348, 0.1590909090909090884 ),
 .UNSPECIFIED. ) 
 CURVE ( )  GEOMETRIC_REPRESENTATION_ITEM ( )  RATIONAL_B_SPLINE_CURVE ( ( 0.9999999999999998890, 0.9238795325112868495, 1.000000000000000000, 0.9238795325112867385, 1.000000000000000000, 0.9238795325112867385, 1.000000000000000000, 0.9238795325112867385, 1.000000000000000000 ) ) 
 REPRESENTATION_ITEM ( '' )  );
#5572 = CARTESIAN_POINT ( 'NONE',  ( 12.45870000000000388, -39.50001970071233615, -5.160562509537681031 ) ) ;
#5573 = CARTESIAN_POINT ( 'NONE',  ( 4.332135384791495625, -1.970071234348291095E-05, 10.45870000000000033 ) ) ;
#5574 = CARTESIAN_POINT ( 'NONE',  ( -13.00000000000000000, -43.37503940142468650, 0.000000000000000000 ) ) ;
#5575 = CARTESIAN_POINT ( 'NONE',  ( -5.160562509537681031, -39.25001970071233615, -12.45870000000000211 ) ) ;
#5576 = CARTESIAN_POINT ( 'NONE',  ( -10.90000000000000036, -6.057735026918963150, 0.000000000000000000 ) ) ;
#5577 = CARTESIAN_POINT ( 'NONE',  ( 10.45870000000000211, -6.125019700712343251, 4.332135384791487631 ) ) ;
#5578 = ORIENTED_EDGE ( 'NONE', *, *, #1034, .T. ) ;
#5579 = CARTESIAN_POINT ( 'NONE',  ( -12.45869999999999855, -39.75001970071234325, 5.160562509537689024 ) ) ;
#5580 = CARTESIAN_POINT ( 'NONE',  ( 2.288626061480569049E-15, -40.56251970071234325, 12.45870000000000033 ) ) ;
#5581 = CARTESIAN_POINT ( 'NONE',  ( 2.288626061480569049E-15, -33.81251970071234325, 12.45870000000000033 ) ) ;
#5582 = CARTESIAN_POINT ( 'NONE',  ( -6.404106739121211359E-16, -2.562519700712343695, -10.45870000000000033 ) ) ;
#5583 = CYLINDRICAL_SURFACE ( 'NONE', #5314, 12.98499999999999943 ) ;
#5584 = ORIENTED_EDGE ( 'NONE', *, *, #5761, .T. ) ;
#5585 = APPROVAL_DATE_TIME ( #4724, #3370 ) ;
#5586 = CARTESIAN_POINT ( 'NONE',  ( 10.90000000000000036, -2.317304374505724240, -1.334865011070615048E-15 ) ) ;
#5587 = DIRECTION ( 'NONE',  ( 0.000000000000000000, 0.000000000000000000, 1.000000000000000000 ) ) ;
#5588 = CARTESIAN_POINT ( 'NONE',  ( 7.395417692395746201, 0.06248029928765646418, 7.395417692395743536 ) ) ;
#5589 = CARTESIAN_POINT ( 'NONE',  ( -12.98499999999999410, -40.30387914738684429, 5.378563107414648492 ) ) ;
#5590 = CARTESIAN_POINT ( 'NONE',  ( -9.181781553707317300, -34.38366025403784931, 9.181781553707322630 ) ) ;
#5591 = VECTOR ( 'NONE', #2810, 1000.000000000000000 ) ;
#5592 = ORIENTED_EDGE ( 'NONE', *, *, #5020, .T. ) ;
#5593 = DIRECTION ( 'NONE',  ( 0.000000000000000000, 1.000000000000000000, 0.000000000000000000 ) ) ;
#5594 = CIRCLE ( 'NONE', #3765, 12.98499999999999943 ) ;
#5595 = CARTESIAN_POINT ( 'NONE',  ( 11.00000000000000000, -2.500000000000000888, -1.347111479062088405E-15 ) ) ;
#5596 = VERTEX_POINT ( 'NONE', #2212 ) ;
#5597 = CARTESIAN_POINT ( 'NONE',  ( -13.00000000000000000, -41.56250000000000000, -5.384776310850237557 ) ) ;
#5598 = CARTESIAN_POINT ( 'NONE',  ( 1.590203868692838131E-15, -57.50000000000000000, -12.98499999999999943 ) ) ;
#5599 = AXIS2_PLACEMENT_3D ( 'NONE', #525, #4903, #1766 ) ;
#5600 = CARTESIAN_POINT ( 'NONE',  ( 10.45870000000000033, -0.8125197007123435844, -1.280821347824242272E-15 ) ) ;
#5601 = EDGE_CURVE ( 'NONE', #1997, #2519, #5328, .T. ) ;
#5602 = CARTESIAN_POINT ( 'NONE',  ( 0.000000000000000000, -57.50000000000000000, 11.98499999999999943 ) ) ;
#5603 = CARTESIAN_POINT ( 'NONE',  ( -8.809631254768838460, -34.93751970071234325, 8.809631254768842012 ) ) ;
#5604 = CARTESIAN_POINT ( 'NONE',  ( 4.556349186104051263, -4.562539401424685614, 10.99999999999999822 ) ) ;
#5605 =( BOUNDED_CURVE ( )  B_SPLINE_CURVE ( 2, ( #4636, #1043, #628, #2432, #3764, #4284, #2564, #5169, #356 ),
 .UNSPECIFIED., .F., .F. ) 
 B_SPLINE_CURVE_WITH_KNOTS ( ( 3, 2, 2, 2, 3 ),
 ( 0.6136363636363647567, 0.6250000000000011102, 0.6363636363636374638, 0.6477272727272738173, 0.6590909090909102819 ),
 .UNSPECIFIED. ) 
 CURVE ( )  GEOMETRIC_REPRESENTATION_ITEM ( )  RATIONAL_B_SPLINE_CURVE ( ( 0.9999999999999925615, 0.9238795325112941770, 1.000000000000000000, 0.9238795325112867385, 1.000000000000000000, 0.9238795325112867385, 1.000000000000000000, 0.9238795325112793000, 1.000000000000007327 ) ) 
 REPRESENTATION_ITEM ( '' )  );
#5606 = VECTOR ( 'NONE', #37, 1000.000000000000000 ) ;
#5607 = CARTESIAN_POINT ( 'NONE',  ( -12.98499999999999943, -34.36637914738684429, 0.000000000000000000 ) ) ;
#5608 = CARTESIAN_POINT ( 'NONE',  ( 10.45870000000000033, -6.062519700712344140, -1.280821347824242272E-15 ) ) ;
#5609 = VERTEX_POINT ( 'NONE', #5598 ) ;
#5610 = CARTESIAN_POINT ( 'NONE',  ( 11.00000000000000000, -8.312539401424686503, -4.556349186104045934 ) ) ;
#5611 = EDGE_CURVE ( 'NONE', #1482, #1182, #3549, .T. ) ;
#5612 = CARTESIAN_POINT ( 'NONE',  ( 0.000000000000000000, -33.50000000000000000, 0.000000000000000000 ) ) ;
#5613 = CARTESIAN_POINT ( 'NONE',  ( -13.00000000000000000, -35.43753940142468650, -5.384776310850237557 ) ) ;
#5614 = CARTESIAN_POINT ( 'NONE',  ( -8.809631254768838460, -41.68751970071234325, 8.809631254768842012 ) ) ;
#5615 = CARTESIAN_POINT ( 'NONE',  ( 8.809631254768842012, -34.68751970071234325, 8.809631254768838460 ) ) ;
#5616 = CARTESIAN_POINT ( 'NONE',  ( 4.332135384791495625, -3.000019700712343695, 10.45870000000000033 ) ) ;
#5617 = ORIENTED_EDGE ( 'NONE', *, *, #4102, .T. ) ;
#5618 = COORDINATED_UNIVERSAL_TIME_OFFSET ( 1, 0, .AHEAD. ) ;
#5619 = CARTESIAN_POINT ( 'NONE',  ( -10.45870000000000033, -2.562519700712343251, 0.000000000000000000 ) ) ;
#5620 = CARTESIAN_POINT ( 'NONE',  ( 12.45870000000000211, -40.62501970071233615, 5.160562509537678366 ) ) ;
#5621 = CARTESIAN_POINT ( 'NONE',  ( 2.385305803039257098E-15, -38.25866025403784221, 12.98499999999999943 ) ) ;
#5622 = CARTESIAN_POINT ( 'NONE',  ( 0.000000000000000000, -304.0000000000000000, 0.000000000000000000 ) ) ;
#5623 = CARTESIAN_POINT ( 'NONE',  ( 1.921232021736363210E-15, -2.062519700712343251, 10.45870000000000033 ) ) ;
#5624 = DIRECTION ( 'NONE',  ( 0.000000000000000000, -1.000000000000000000, -0.000000000000000000 ) ) ;
#5625 = DIRECTION ( 'NONE',  ( 0.000000000000000000, 0.000000000000000000, 1.000000000000000000 ) ) ;
#5626 = ORIENTED_EDGE ( 'NONE', *, *, #5445, .T. ) ;
#5627 = CARTESIAN_POINT ( 'NONE',  ( -10.45870000000000033, -0.5000197007123433623, 4.332135384791498289 ) ) ;
#5628 = CARTESIAN_POINT ( 'NONE',  ( 4.556349186104051263, -1.687500000000000888, 10.99999999999999822 ) ) ;
#5629 = CARTESIAN_POINT ( 'NONE',  ( -4.332135384791490296, -0.7500197007123432513, -10.45870000000000033 ) ) ;
#5630 = ORIENTED_EDGE ( 'NONE', *, *, #3845, .T. ) ;
#5631 = CARTESIAN_POINT ( 'NONE',  ( 13.00000000000000000, -41.93750000000000000, -5.384776310850237557 ) ) ;
#5632 = CARTESIAN_POINT ( 'NONE',  ( 5.160562509537688136, -42.75001970071235746, 12.45869999999999855 ) ) ;
#5633 = CARTESIAN_POINT ( 'NONE',  ( -7.395417692395744425, -1.437519700712343473, -7.395417692395744425 ) ) ;
#5634 = CARTESIAN_POINT ( 'NONE',  ( -8.809631254768838460, -35.93751970071234325, 8.809631254768842012 ) ) ;
#5635 = CARTESIAN_POINT ( 'NONE',  ( 9.181781553707322630, -37.13366025403783510, 9.181781553707319077 ) ) ;
#5636 = CARTESIAN_POINT ( 'NONE',  ( -4.332135384791492072, -7.375019700712343251, 10.45870000000000033 ) ) ;
#5637 = VERTEX_POINT ( 'NONE', #3981 ) ;
#5638 = CARTESIAN_POINT ( 'NONE',  ( 4.514927829866708819, -4.745235026918963150, 10.90000000000003233 ) ) ;
#5639 = DIRECTION ( 'NONE',  ( 0.000000000000000000, 1.000000000000000000, 0.000000000000000000 ) ) ;
#5640 = CARTESIAN_POINT ( 'NONE',  ( -7.960204194457795477E-16, -34.62503940142468650, -13.00000000000000000 ) ) ;
#5641 = CARTESIAN_POINT ( 'NONE',  ( 9.192388155425115670, -32.87500000000000000, -9.192388155425117446 ) ) ;
#5642 = CARTESIAN_POINT ( 'NONE',  ( -12.45870000000000211, -35.12501970071233615, -5.160562509537680143 ) ) ;
#5643 = CARTESIAN_POINT ( 'NONE',  ( 1.921232021736363210E-15, -6.062519700712344140, 10.45870000000000033 ) ) ;
#5644 = VERTEX_POINT ( 'NONE', #4507 ) ;
#5645 = EDGE_CURVE ( 'NONE', #5138, #2687, #3731, .T. ) ;
#5646 = CARTESIAN_POINT ( 'NONE',  ( 4.332135384791495625, -4.250019700712344140, 10.45870000000000033 ) ) ;
#5647 = CARTESIAN_POINT ( 'NONE',  ( -12.45870000000000033, -42.06251970071234325, 0.000000000000000000 ) ) ;
#5648 = CARTESIAN_POINT ( 'NONE',  ( 1.921232021736363210E-15, -4.062519700712344140, 10.45870000000000033 ) ) ;
#5649 = DIRECTION ( 'NONE',  ( 0.000000000000000000, 0.000000000000000000, 1.000000000000000000 ) ) ;
#5650 = CARTESIAN_POINT ( 'NONE',  ( -9.065852100556119453, -304.0000000000000000, -7.861954317524507907 ) ) ;
#5651 = CARTESIAN_POINT ( 'NONE',  ( 8.809631254768838460, -33.18751970071234325, -8.809631254768840236 ) ) ;
#5652 = CARTESIAN_POINT ( 'NONE',  ( -4.514927829866703490, -0.2452350269189632614, -10.90000000000003588 ) ) ;
#5653 = CARTESIAN_POINT ( 'NONE',  ( 2.002297516605922276E-15, -8.567304374505724240, 10.90000000000000036 ) ) ;
#5654 = ADVANCED_FACE ( 'NONE', ( #1327 ), #2734, .F. ) ;
#5655 = ORIENTED_EDGE ( 'NONE', *, *, #3615, .F. ) ;
#5656 = CARTESIAN_POINT ( 'NONE',  ( -10.45870000000000033, -1.500019700712343473, 4.332135384791498289 ) ) ;
#5657 = CARTESIAN_POINT ( 'NONE',  ( -11.00000000000000000, -2.000000000000000888, 0.000000000000000000 ) ) ;
#5658 = B_SPLINE_CURVE_WITH_KNOTS ( 'NONE', 3,
 ( #2684, #3585, #2220, #942, #5276, #1301, #4970, #1836, #450, #2742, #2710, #4853, #5336, #4425, #1368, #419, #3617, #3556, #1399, #5368, #506, #2307, #4075, #74 ),
 .UNSPECIFIED., .F., .F.,
 ( 4, 2, 2, 2, 2, 2, 2, 2, 2, 2, 2, 4 ),
 ( 0.0007372940739644825341, 0.003777291769646339177, 0.005297290617487268420, 0.006817289465328195928, 0.009857287161010053547, 0.01137728600885098279, 0.01289728485669191030, 0.01593728255237377225, 0.01897728024805563421, 0.02201727794373749963, 0.02353727679157842367, 0.02505727563941935465 ),
 .UNSPECIFIED. ) ;
#5659 = CARTESIAN_POINT ( 'NONE',  ( 10.90000000000000213, -0.3798043745057244069, 4.514927829866736353 ) ) ;
#5660 = VERTEX_POINT ( 'NONE', #3442 ) ;
#5661 = FACE_OUTER_BOUND ( 'NONE', #328, .T. ) ;
#5662 = CARTESIAN_POINT ( 'NONE',  ( 4.332135384791488519, -6.625019700712345028, -10.45870000000000033 ) ) ;
#5663 = CARTESIAN_POINT ( 'NONE',  ( -12.45869999999999855, -36.00001970071234325, 5.160562509537689024 ) ) ;
#5664 = CARTESIAN_POINT ( 'NONE',  ( 2.288626061480569049E-15, -33.81251970071234325, 12.45870000000000033 ) ) ;
#5665 = CARTESIAN_POINT ( 'NONE',  ( -7.395417692395742648, -7.437519700712343251, 7.395417692395746201 ) ) ;
#5666 = ORIENTED_EDGE ( 'NONE', *, *, #2260, .F. ) ;
#5667 = CARTESIAN_POINT ( 'NONE',  ( -13.00000000000000000, -37.43753940142468650, -5.384776310850237557 ) ) ;
#5668 = CARTESIAN_POINT ( 'NONE',  ( -13.00000000000000000, -33.50000000000000000, 0.000000000000000000 ) ) ;
#5669 = CARTESIAN_POINT ( 'NONE',  ( -10.90000000000000036, -4.879804374505725129, -4.514927829866737241 ) ) ;
#5670 = CARTESIAN_POINT ( 'NONE',  ( 4.332135384791488519, -7.625019700712344140, -10.45870000000000033 ) ) ;
#5671 = EDGE_LOOP ( 'NONE', ( #4775, #2340, #1678, #712, #462, #2595, #5655, #1770, #4431, #5433, #3727, #660, #2547, #1697, #3883, #4268, #2069, #3720, #4746, #5226, #558, #3415, #4274, #1058, #1721, #4906 ) ) ;
#5672 = CARTESIAN_POINT ( 'NONE',  ( -7.395417692395744425, -3.687519700712343251, -7.395417692395744425 ) ) ;
#5673 = CARTESIAN_POINT ( 'NONE',  ( -12.98499999999999943, -38.42887914738683719, -5.378563107414639610 ) ) ;
#5674 = DIRECTION ( 'NONE',  ( 0.000000000000000000, 0.000000000000000000, 1.000000000000000000 ) ) ;
#5675 = CARTESIAN_POINT ( 'NONE',  ( 9.065852100556119453, -304.0000000000000000, 7.861954317524507907 ) ) ;
#5676 = EDGE_CURVE ( 'NONE', #4801, #528, #3859, .T. ) ;
#5677 = CARTESIAN_POINT ( 'NONE',  ( 10.45870000000000033, -2.812519700712343695, -1.280821347824242272E-15 ) ) ;
#5678 = CARTESIAN_POINT ( 'NONE',  ( -7.951019343464190656E-16, -41.61637914738684429, -12.98499999999999943 ) ) ;
#5679 = CARTESIAN_POINT ( 'NONE',  ( 12.98499999999999943, -39.80387914738684429, -5.378563107414641387 ) ) ;
#5680 = CARTESIAN_POINT ( 'NONE',  ( -10.89999999999999858, -8.754804374505724240, 4.514927829866743458 ) ) ;
#5681 = CARTESIAN_POINT ( 'NONE',  ( -12.45870000000000033, -40.81251970071234325, 0.000000000000000000 ) ) ;
#5682 = EDGE_CURVE ( 'NONE', #2798, #879, #1345, .T. ) ;
#5683 = CARTESIAN_POINT ( 'NONE',  ( -10.45870000000000033, -2.500019700712343251, 4.332135384791498289 ) ) ;
#5684 = CARTESIAN_POINT ( 'NONE',  ( -4.556349186104045934, -4.187500000000000888, -11.00000000000000000 ) ) ;
#5685 = DIRECTION ( 'NONE',  ( 0.000000000000000000, 1.000000000000000000, 0.000000000000000000 ) ) ;
#5686 = ORIENTED_EDGE ( 'NONE', *, *, #3568, .T. ) ;
#5687 = CARTESIAN_POINT ( 'NONE',  ( -0.8067726427448179694, -33.50000000000000000, -12.78460567295566719 ) ) ;
#5688 = DIRECTION ( 'NONE',  ( 0.000000000000000000, 0.000000000000000000, 1.000000000000000000 ) ) ;
#5689 = VECTOR ( 'NONE', #3525, 1000.000000000000114 ) ;
#5690 =( BOUNDED_CURVE ( )  B_SPLINE_CURVE ( 2, ( #1594, #728, #702, #4356, #2523, #347, #5209, #2609, #318 ),
 .UNSPECIFIED., .F., .T. ) 
 B_SPLINE_CURVE_WITH_KNOTS ( ( 3, 2, 2, 2, 3 ),
 ( 0.3863636363636362980, 0.3977272727272726516, 0.4090909090909090606, 0.4204545454545454142, 0.4318181818181817677 ),
 .UNSPECIFIED. ) 
 CURVE ( )  GEOMETRIC_REPRESENTATION_ITEM ( )  RATIONAL_B_SPLINE_CURVE ( ( 1.000000000000000444, 0.9238795325112864054, 1.000000000000000000, 0.9238795325112867385, 1.000000000000000000, 0.9238795325112867385, 1.000000000000000000, 0.9238795325112870716, 0.9999999999999996669 ) ) 
 REPRESENTATION_ITEM ( '' )  );
#5691 = CARTESIAN_POINT ( 'NONE',  ( 1.334865011070615048E-15, -33.50000000000000000, -10.90000000000000036 ) ) ;
#5692 = CARTESIAN_POINT ( 'NONE',  ( -10.45870000000000033, -8.625019700712343251, -4.332135384791489408 ) ) ;
#5693 = VECTOR ( 'NONE', #2763, 1000.000000000000000 ) ;
#5694 = ORIENTED_EDGE ( 'NONE', *, *, #990, .F. ) ;
#5695 = CARTESIAN_POINT ( 'NONE',  ( -4.556349186104047710, -7.687539401424686503, 10.99999999999999822 ) ) ;
#5696 = CARTESIAN_POINT ( 'NONE',  ( -9.192388155425117446, -37.50003940142468650, -9.192388155425117446 ) ) ;
#5697 = AXIS2_PLACEMENT_3D ( 'NONE', #5185, #5537, #4703 ) ;
#5698 = CARTESIAN_POINT ( 'NONE',  ( 13.00000000000000000, -35.93750000000000000, -5.384776310850237557 ) ) ;
#5699 = CARTESIAN_POINT ( 'NONE',  ( 12.98500000000000298, -39.07116025403784931, 5.378563107414636946 ) ) ;
#5700 = CARTESIAN_POINT ( 'NONE',  ( 1.921232021736363210E-15, -8.062519700712345028, 10.45870000000000033 ) ) ;
#5701 = VERTEX_POINT ( 'NONE', #1213 ) ;
#5702 = AXIS2_PLACEMENT_3D ( 'NONE', #2418, #3667, #4959 ) ;
#5703 = CARTESIAN_POINT ( 'NONE',  ( 1.921232021736363210E-15, -6.312519700712343251, 10.45870000000000033 ) ) ;
#5704 = CARTESIAN_POINT ( 'NONE',  ( -5.160562509537681031, -33.00001970071234325, -12.45870000000000211 ) ) ;
#5705 = CARTESIAN_POINT ( 'NONE',  ( -10.90000000000000036, -1.879804374505724240, -4.514927829866737241 ) ) ;
#5706 = CARTESIAN_POINT ( 'NONE',  ( -11.00000000000000000, -1.937539401424686059, -4.556349186104045934 ) ) ;
#5707 = CARTESIAN_POINT ( 'NONE',  ( -7.395417692395744425, -4.437519700712344140, -7.395417692395744425 ) ) ;
#5708 = CC_DESIGN_APPROVAL ( #1363, ( #2409 ) ) ;
#5709 = CARTESIAN_POINT ( 'NONE',  ( 8.809631254768842012, -34.43751970071234325, 8.809631254768838460 ) ) ;
#5710 = APPLICATION_CONTEXT ( 'configuration controlled 3d designs of mechanical parts and assemblies' ) ;
#5711 = CARTESIAN_POINT ( 'NONE',  ( -6.674325055353075238E-16, -9.067304374505722464, -10.90000000000000036 ) ) ;
#5712 = VERTEX_POINT ( 'NONE', #4878 ) ;
#5713 = CARTESIAN_POINT ( 'NONE',  ( 7.707463914933366134, -6.192304374505724240, -7.707463914933368798 ) ) ;
#5714 = LINE ( 'NONE', #4880, #579 ) ;
#5715 = CARTESIAN_POINT ( 'NONE',  ( 10.45870000000000211, -5.125019700712343251, 4.332135384791487631 ) ) ;
#5716 = CARTESIAN_POINT ( 'NONE',  ( -11.00000000000000000, -7.062500000000000888, -4.556349186104045934 ) ) ;
#5717 = CARTESIAN_POINT ( 'NONE',  ( 10.45870000000000033, -2.000019700712343695, -4.332135384791490296 ) ) ;
#5718 = DIRECTION ( 'NONE',  ( 0.000000000000000000, 1.000000000000000000, 0.000000000000000000 ) ) ;
#5719 = CARTESIAN_POINT ( 'NONE',  ( -5.236350299104329586, -33.49999999999999289, -11.83052328758435046 ) ) ;
#5720 = EDGE_CURVE ( 'NONE', #1308, #2622, #2318, .T. ) ;
#5721 = CARTESIAN_POINT ( 'NONE',  ( 2.385305803039257098E-15, -44.11637914738684429, 12.98499999999999943 ) ) ;
#5722 = CARTESIAN_POINT ( 'NONE',  ( -10.45870000000000033, -3.312519700712343695, 0.000000000000000000 ) ) ;
#5723 = CARTESIAN_POINT ( 'NONE',  ( -7.628753538268564813E-16, -35.31251970071234325, -12.45870000000000033 ) ) ;
#5724 = CARTESIAN_POINT ( 'NONE',  ( 1.921232021736363210E-15, -6.062519700712344140, 10.45870000000000033 ) ) ;
#5725 = CARTESIAN_POINT ( 'NONE',  ( 12.45870000000000033, -34.56251970071234325, -1.525750707653712963E-15 ) ) ;
#5726 = CARTESIAN_POINT ( 'NONE',  ( -7.395417692395742648, -10.43751970071234503, 7.395417692395746201 ) ) ;
#5727 = EDGE_CURVE ( 'NONE', #5073, #1782, #1350, .T. ) ;
#5728 = ORIENTED_EDGE ( 'NONE', *, *, #4634, .F. ) ;
#5729 = CARTESIAN_POINT ( 'NONE',  ( 7.778174593052021635, -9.250039401424684726, -7.778174593052023411 ) ) ;
#5730 = CARTESIAN_POINT ( 'NONE',  ( 10.90000000000000036, -9.254804374505724240, -4.514927829866737241 ) ) ;
#5731 = CARTESIAN_POINT ( 'NONE',  ( -12.99999999999999645, -36.31253940142469361, 5.384776310850244663 ) ) ;
#5732 = PRODUCT ( 'Stem_modificiado', 'Stem_modificiado', '', ( #5479 ) ) ;
#5733 = CARTESIAN_POINT ( 'NONE',  ( -12.45869999999999855, -43.75001970071235746, 5.160562509537689024 ) ) ;
#5734 = CARTESIAN_POINT ( 'NONE',  ( 12.45870000000000033, -37.56251970071233615, -1.525750707653712963E-15 ) ) ;
#5735 = CARTESIAN_POINT ( 'NONE',  ( 7.395417692395746201, -8.937519700712343251, 7.395417692395743536 ) ) ;
#5736 = ORIENTED_EDGE ( 'NONE', *, *, #381, .T. ) ;
#5737 = CARTESIAN_POINT ( 'NONE',  ( -6.404106739121211359E-16, -6.812519700712343251, -10.45870000000000033 ) ) ;
#5738 = CARTESIAN_POINT ( 'NONE',  ( 5.160562509537688136, -33.50001970071234325, 12.45869999999999855 ) ) ;
#5739 = CARTESIAN_POINT ( 'NONE',  ( 1.561424668912875111E-15, -264.0000000000000000, -12.75000000000000000 ) ) ;
#5740 = CARTESIAN_POINT ( 'NONE',  ( 9.181781553707319077, -34.74137914738684429, -9.181781553707320853 ) ) ;
#5741 = CYLINDRICAL_SURFACE ( 'NONE', #1725, 11.90000000000000036 ) ;
#5742 = CYLINDRICAL_SURFACE ( 'NONE', #3679, 12.98499999999999943 ) ;
#5743 = CARTESIAN_POINT ( 'NONE',  ( -5.160562509537682807, -42.87501970071234325, 12.45870000000000033 ) ) ;
#5744 = ORIENTED_EDGE ( 'NONE', *, *, #3115, .F. ) ;
#5745 = CARTESIAN_POINT ( 'NONE',  ( -7.951019343464191642E-16, -42.75866025403784931, -12.98499999999999943 ) ) ;
#5746 = CARTESIAN_POINT ( 'NONE',  ( -5.160562509537681031, -36.00001970071234325, -12.45870000000000388 ) ) ;
#5747 = CARTESIAN_POINT ( 'NONE',  ( -6.404106739121211359E-16, -3.812519700712343695, -10.45870000000000033 ) ) ;
#5748 = CARTESIAN_POINT ( 'NONE',  ( 7.778174593052021635, -7.375000000000001776, -7.778174593052023411 ) ) ;
#5749 = CARTESIAN_POINT ( 'NONE',  ( 4.332135384791488519, -3.875019700712343695, -10.45870000000000033 ) ) ;
#5750 = CARTESIAN_POINT ( 'NONE',  ( 0.000000000000000000, -57.50000000000000000, 12.98499999999999943 ) ) ;
#5751 = CARTESIAN_POINT ( 'NONE',  ( 3.689396130223799197, -33.49999999999999289, -12.16591087887657352 ) ) ;
#5752 = DIRECTION ( 'NONE',  ( -0.8660254037844408170, -0.4999999999999963363, -0.000000000000000000 ) ) ;
#5753 = CARTESIAN_POINT ( 'NONE',  ( 10.45870000000000033, -3.750019700712344140, -4.332135384791490296 ) ) ;
#5754 = CARTESIAN_POINT ( 'NONE',  ( 8.809631254768842012, -38.68751970071233615, 8.809631254768838460 ) ) ;
#5755 = EDGE_CURVE ( 'NONE', #3068, #225, #2920, .T. ) ;
#5756 = CARTESIAN_POINT ( 'NONE',  ( 8.809631254768842012, -34.68751970071234325, 8.809631254768838460 ) ) ;
#5757 = CARTESIAN_POINT ( 'NONE',  ( 12.37859710182302209, -33.50000000000000000, 1.629395344786169986 ) ) ;
#5758 = ORIENTED_EDGE ( 'NONE', *, *, #1170, .T. ) ;
#5759 = CARTESIAN_POINT ( 'NONE',  ( -10.99999999999999822, -9.812539401424686503, 4.556349186104052151 ) ) ;
#5760 = CARTESIAN_POINT ( 'NONE',  ( 2.388061258337338544E-15, -39.12503940142468650, 13.00000000000000000 ) ) ;
#5761 = EDGE_CURVE ( 'NONE', #4598, #4153, #1532, .T. ) ;
#5762 = CARTESIAN_POINT ( 'NONE',  ( 13.00000000000000533, -36.06250000000001421, 5.384776310850233116 ) ) ;
#5763 = CARTESIAN_POINT ( 'NONE',  ( 12.45870000000000211, -36.50001970071235036, -5.160562509537681031 ) ) ;
#5764 = CARTESIAN_POINT ( 'NONE',  ( -4.332135384791492072, -9.125019700712343251, 10.45870000000000033 ) ) ;
#5765 = ORIENTED_EDGE ( 'NONE', *, *, #913, .F. ) ;
#5766 =( BOUNDED_CURVE ( )  B_SPLINE_CURVE ( 2, ( #3390, #4660, #2486, #5549, #5607, #5115, #5090, #3419, #2460 ),
 .UNSPECIFIED., .F., .T. ) 
 B_SPLINE_CURVE_WITH_KNOTS ( ( 3, 2, 2, 2, 3 ),
 ( 0.8863636363636372417, 0.8977272727272735953, 0.9090909090909098378, 0.9204545454545461913, 0.9318181818181826559 ),
 .UNSPECIFIED. ) 
 CURVE ( )  GEOMETRIC_REPRESENTATION_ITEM ( )  RATIONAL_B_SPLINE_CURVE ( ( 0.9999999999999940048, 0.9238795325112927337, 1.000000000000000000, 0.9238795325112867385, 1.000000000000000000, 0.9238795325112867385, 1.000000000000000000, 0.9238795325112815204, 1.000000000000005107 ) ) 
 REPRESENTATION_ITEM ( '' )  );
#5767 = LINE ( 'NONE', #550, #1630 ) ;
#5768 = CARTESIAN_POINT ( 'NONE',  ( 7.395417692395746201, -7.187519700712343251, 7.395417692395743536 ) ) ;
ENDSEC;
END-ISO-10303-21;
