ISO-10303-21;
HEADER;
/* Generated by software containing ST-Developer
 * from STEP Tools, Inc. (www.steptools.com) 
 */

FILE_DESCRIPTION(
/* description */ (''),
/* implementation_level */ '2;1');

FILE_NAME(
/* name */ 'CRF to TA Modified Steering Stem.step',
/* time_stamp */ '2026-08-08T15:09:23-07:00',
/* author */ (''),
/* organization */ (''),
/* preprocessor_version */ 'ST-DEVELOPER v20.1',
/* originating_system */ 'Autodesk Translation Framework v15.8.0.0',
/* authorisation */ '');

FILE_SCHEMA (('AUTOMOTIVE_DESIGN { 1 0 10303 214 3 1 1 }'));
ENDSEC;

DATA;
#10=MECHANICAL_DESIGN_GEOMETRIC_PRESENTATION_REPRESENTATION('',(#13),#7135);
#11=SHAPE_REPRESENTATION_RELATIONSHIP('SRR','None',#7142,#12);
#12=ADVANCED_BREP_SHAPE_REPRESENTATION('',(#14),#7134);
#13=STYLED_ITEM('',(#7152),#14);
#14=MANIFOLD_SOLID_BREP('Body1',#1219);
#15=B_SPLINE_SURFACE_WITH_KNOTS('',3,3,((#4245,#4246,#4247,#4248,#4249,
#4250,#4251,#4252,#4253,#4254,#4255,#4256,#4257,#4258,#4259,#4260,#4261,
#4262,#4263,#4264,#4265,#4266,#4267,#4268,#4269,#4270,#4271,#4272,#4273,
#4274,#4275,#4276,#4277,#4278,#4279,#4280,#4281,#4282,#4283,#4284,#4285,
#4286,#4287,#4288,#4289,#4290,#4291,#4292,#4293,#4294,#4295,#4296,#4297,
#4298,#4299,#4300,#4301,#4302,#4303,#4304,#4305,#4306,#4307,#4308,#4309,
#4310,#4311,#4312,#4313,#4314,#4315,#4316,#4317,#4318,#4319,#4320,#4321,
#4322,#4323,#4324,#4325,#4326,#4327,#4328,#4329,#4330,#4331,#4332,#4333,
#4334,#4335,#4336,#4337,#4338,#4339,#4340,#4341,#4342,#4343,#4344,#4345,
#4346,#4347,#4348,#4349,#4350,#4351,#4352,#4353,#4354,#4355,#4356,#4357,
#4358,#4359,#4360,#4361,#4362,#4363,#4364,#4365,#4366,#4367,#4368,#4369,
#4370,#4371,#4372,#4373,#4374,#4375,#4376,#4377,#4378,#4379,#4380,#4381,
#4382,#4383,#4384,#4385,#4386,#4387,#4388,#4389,#4390,#4391,#4392,#4393,
#4394,#4395,#4396,#4397,#4398,#4399,#4400,#4401,#4402,#4403),(#4404,#4405,
#4406,#4407,#4408,#4409,#4410,#4411,#4412,#4413,#4414,#4415,#4416,#4417,
#4418,#4419,#4420,#4421,#4422,#4423,#4424,#4425,#4426,#4427,#4428,#4429,
#4430,#4431,#4432,#4433,#4434,#4435,#4436,#4437,#4438,#4439,#4440,#4441,
#4442,#4443,#4444,#4445,#4446,#4447,#4448,#4449,#4450,#4451,#4452,#4453,
#4454,#4455,#4456,#4457,#4458,#4459,#4460,#4461,#4462,#4463,#4464,#4465,
#4466,#4467,#4468,#4469,#4470,#4471,#4472,#4473,#4474,#4475,#4476,#4477,
#4478,#4479,#4480,#4481,#4482,#4483,#4484,#4485,#4486,#4487,#4488,#4489,
#4490,#4491,#4492,#4493,#4494,#4495,#4496,#4497,#4498,#4499,#4500,#4501,
#4502,#4503,#4504,#4505,#4506,#4507,#4508,#4509,#4510,#4511,#4512,#4513,
#4514,#4515,#4516,#4517,#4518,#4519,#4520,#4521,#4522,#4523,#4524,#4525,
#4526,#4527,#4528,#4529,#4530,#4531,#4532,#4533,#4534,#4535,#4536,#4537,
#4538,#4539,#4540,#4541,#4542,#4543,#4544,#4545,#4546,#4547,#4548,#4549,
#4550,#4551,#4552,#4553,#4554,#4555,#4556,#4557,#4558,#4559,#4560,#4561,
#4562),(#4563,#4564,#4565,#4566,#4567,#4568,#4569,#4570,#4571,#4572,#4573,
#4574,#4575,#4576,#4577,#4578,#4579,#4580,#4581,#4582,#4583,#4584,#4585,
#4586,#4587,#4588,#4589,#4590,#4591,#4592,#4593,#4594,#4595,#4596,#4597,
#4598,#4599,#4600,#4601,#4602,#4603,#4604,#4605,#4606,#4607,#4608,#4609,
#4610,#4611,#4612,#4613,#4614,#4615,#4616,#4617,#4618,#4619,#4620,#4621,
#4622,#4623,#4624,#4625,#4626,#4627,#4628,#4629,#4630,#4631,#4632,#4633,
#4634,#4635,#4636,#4637,#4638,#4639,#4640,#4641,#4642,#4643,#4644,#4645,
#4646,#4647,#4648,#4649,#4650,#4651,#4652,#4653,#4654,#4655,#4656,#4657,
#4658,#4659,#4660,#4661,#4662,#4663,#4664,#4665,#4666,#4667,#4668,#4669,
#4670,#4671,#4672,#4673,#4674,#4675,#4676,#4677,#4678,#4679,#4680,#4681,
#4682,#4683,#4684,#4685,#4686,#4687,#4688,#4689,#4690,#4691,#4692,#4693,
#4694,#4695,#4696,#4697,#4698,#4699,#4700,#4701,#4702,#4703,#4704,#4705,
#4706,#4707,#4708,#4709,#4710,#4711,#4712,#4713,#4714,#4715,#4716,#4717,
#4718,#4719,#4720,#4721),(#4722,#4723,#4724,#4725,#4726,#4727,#4728,#4729,
#4730,#4731,#4732,#4733,#4734,#4735,#4736,#4737,#4738,#4739,#4740,#4741,
#4742,#4743,#4744,#4745,#4746,#4747,#4748,#4749,#4750,#4751,#4752,#4753,
#4754,#4755,#4756,#4757,#4758,#4759,#4760,#4761,#4762,#4763,#4764,#4765,
#4766,#4767,#4768,#4769,#4770,#4771,#4772,#4773,#4774,#4775,#4776,#4777,
#4778,#4779,#4780,#4781,#4782,#4783,#4784,#4785,#4786,#4787,#4788,#4789,
#4790,#4791,#4792,#4793,#4794,#4795,#4796,#4797,#4798,#4799,#4800,#4801,
#4802,#4803,#4804,#4805,#4806,#4807,#4808,#4809,#4810,#4811,#4812,#4813,
#4814,#4815,#4816,#4817,#4818,#4819,#4820,#4821,#4822,#4823,#4824,#4825,
#4826,#4827,#4828,#4829,#4830,#4831,#4832,#4833,#4834,#4835,#4836,#4837,
#4838,#4839,#4840,#4841,#4842,#4843,#4844,#4845,#4846,#4847,#4848,#4849,
#4850,#4851,#4852,#4853,#4854,#4855,#4856,#4857,#4858,#4859,#4860,#4861,
#4862,#4863,#4864,#4865,#4866,#4867,#4868,#4869,#4870,#4871,#4872,#4873,
#4874,#4875,#4876,#4877,#4878,#4879,#4880)),.UNSPECIFIED.,.F.,.F.,.F.,(4,
4),(4,1,1,1,1,1,1,1,1,1,1,1,1,1,1,1,1,1,1,1,1,1,1,1,1,1,1,1,1,1,1,1,1,1,
1,1,1,1,1,1,1,1,1,1,1,1,1,1,1,1,1,1,1,1,1,1,1,1,1,1,1,1,1,1,1,1,1,1,1,1,
1,1,1,1,1,1,1,1,1,1,1,1,1,1,1,1,1,1,1,1,1,1,1,1,1,1,1,1,1,1,1,1,1,1,1,1,
1,1,1,1,1,1,1,1,1,1,1,1,1,1,1,1,1,1,1,1,1,1,1,1,1,1,1,1,1,1,1,1,1,1,1,1,
1,1,1,1,1,1,1,1,1,1,1,1,1,1,4),(0.,0.0661932083625908),(14.579780063395,
15.0764322727363,15.5730844820777,16.069736691419,16.5663889007604,17.0630411101017,
17.559693319443,18.0563455287844,18.5529977381257,19.0496499474671,19.5463021568084,
20.0429543661498,20.5396065754911,21.0362587848324,21.5329109941738,22.0295632035151,
22.5262154128565,23.0228676221978,23.5195198315392,24.0161720408805,24.5128242502219,
25.0094764595632,25.5061286689045,26.0027808782459,26.4994330875872,26.9960852969286,
27.4927375062699,27.9893897156113,28.4860419249526,28.9826941342939,29.4793463436353,
29.9759985529766,30.472650762318,30.9693029716593,31.4659551810007,31.962607390342,
32.4592595996833,32.9559118090247,33.452564018366,33.9492162277074,34.4458684370487,
34.9425206463901,35.4391728557314,35.9358250650727,36.4324772744141,36.9291294837554,
37.4257816930968,37.9224339024381,38.4190861117795,38.9157383211208,39.4123905304621,
39.9090427398035,40.4056949491448,40.9023471584862,41.3989993678275,41.8956515771689,
42.3923037865102,42.8889559958516,43.3856082051929,43.8822604145342,44.3789126238756,
44.8755648332169,45.3722170425583,45.8688692518996,46.365521461241,46.8621736705823,
47.3588258799236,47.855478089265,48.3521302986063,48.8487825079477,49.345434717289,
49.8420869266304,50.3387391359717,50.835391345313,51.3320435546544,51.8286957639957,
52.3253479733371,52.8220001826784,53.3186523920198,53.8153046013611,54.3119568107025,
54.8086090200438,55.3052612293851,55.8019134387265,56.2985656480678,56.7952178574092,
57.2918700667505,57.7885222760919,58.2851744854332,58.7818266947745,59.2784789041159,
59.7751311134572,60.2717833227986,60.7684355321399,61.2650877414813,61.7617399508226,
62.2583921601639,62.7550443695053,63.2516965788466,63.748348788188,64.2450009975293,
64.7416532068707,65.238305416212,65.7349576255533,66.2316098348947,66.728262044236,
67.2249142535774,67.7215664629187,68.2182186722601,68.7148708816014,69.2115230909428,
69.7081753002841,70.2048275096254,70.7014797189668,71.1981319283081,71.6947841376495,
72.1914363469908,72.6880885563322,73.1847407656735,73.6813929750148,74.1780451843562,
74.6746973936975,75.1713496030389,75.6680018123802,76.1646540217216,76.6613062310629,
77.1579584404043,77.6546106497456,78.1512628590869,78.6479150684283,79.1445672777696,
79.641219487111,80.1378716964523,80.6345239057936,81.131176115135,81.6278283244763,
82.1244805338177,82.621132743159,83.1177849525004,83.6144371618417,84.1110893711831,
84.6077415805244,85.1043937898658,85.6010459992071,86.0976982085484,86.5943504178898,
87.0910026272311,87.5876548365725,88.0843070459138,88.5809592552551,89.0776114645965,
89.5742636739378,90.0709158832792,90.5675680926205,91.0642203019619,91.5608725113032,
92.0575247206445),.UNSPECIFIED.);
#16=B_SPLINE_SURFACE_WITH_KNOTS('',3,3,((#5172,#5173,#5174,#5175,#5176,
#5177,#5178,#5179,#5180,#5181,#5182,#5183,#5184,#5185,#5186,#5187,#5188,
#5189,#5190,#5191,#5192,#5193,#5194,#5195,#5196,#5197,#5198,#5199,#5200,
#5201,#5202,#5203,#5204,#5205,#5206,#5207,#5208,#5209,#5210,#5211,#5212,
#5213,#5214,#5215,#5216,#5217,#5218,#5219,#5220,#5221,#5222,#5223,#5224,
#5225,#5226,#5227,#5228,#5229,#5230,#5231,#5232,#5233,#5234,#5235,#5236,
#5237,#5238,#5239,#5240,#5241,#5242,#5243,#5244,#5245,#5246,#5247,#5248,
#5249,#5250,#5251,#5252,#5253,#5254,#5255,#5256,#5257,#5258,#5259,#5260,
#5261,#5262,#5263,#5264,#5265,#5266,#5267,#5268,#5269,#5270,#5271,#5272,
#5273,#5274,#5275,#5276,#5277,#5278,#5279,#5280,#5281,#5282,#5283,#5284,
#5285,#5286,#5287,#5288,#5289,#5290,#5291,#5292,#5293,#5294,#5295,#5296,
#5297,#5298,#5299,#5300,#5301,#5302,#5303,#5304,#5305,#5306,#5307,#5308,
#5309,#5310,#5311,#5312,#5313,#5314,#5315,#5316,#5317,#5318,#5319,#5320,
#5321,#5322,#5323,#5324,#5325,#5326,#5327,#5328,#5329,#5330),(#5331,#5332,
#5333,#5334,#5335,#5336,#5337,#5338,#5339,#5340,#5341,#5342,#5343,#5344,
#5345,#5346,#5347,#5348,#5349,#5350,#5351,#5352,#5353,#5354,#5355,#5356,
#5357,#5358,#5359,#5360,#5361,#5362,#5363,#5364,#5365,#5366,#5367,#5368,
#5369,#5370,#5371,#5372,#5373,#5374,#5375,#5376,#5377,#5378,#5379,#5380,
#5381,#5382,#5383,#5384,#5385,#5386,#5387,#5388,#5389,#5390,#5391,#5392,
#5393,#5394,#5395,#5396,#5397,#5398,#5399,#5400,#5401,#5402,#5403,#5404,
#5405,#5406,#5407,#5408,#5409,#5410,#5411,#5412,#5413,#5414,#5415,#5416,
#5417,#5418,#5419,#5420,#5421,#5422,#5423,#5424,#5425,#5426,#5427,#5428,
#5429,#5430,#5431,#5432,#5433,#5434,#5435,#5436,#5437,#5438,#5439,#5440,
#5441,#5442,#5443,#5444,#5445,#5446,#5447,#5448,#5449,#5450,#5451,#5452,
#5453,#5454,#5455,#5456,#5457,#5458,#5459,#5460,#5461,#5462,#5463,#5464,
#5465,#5466,#5467,#5468,#5469,#5470,#5471,#5472,#5473,#5474,#5475,#5476,
#5477,#5478,#5479,#5480,#5481,#5482,#5483,#5484,#5485,#5486,#5487,#5488,
#5489),(#5490,#5491,#5492,#5493,#5494,#5495,#5496,#5497,#5498,#5499,#5500,
#5501,#5502,#5503,#5504,#5505,#5506,#5507,#5508,#5509,#5510,#5511,#5512,
#5513,#5514,#5515,#5516,#5517,#5518,#5519,#5520,#5521,#5522,#5523,#5524,
#5525,#5526,#5527,#5528,#5529,#5530,#5531,#5532,#5533,#5534,#5535,#5536,
#5537,#5538,#5539,#5540,#5541,#5542,#5543,#5544,#5545,#5546,#5547,#5548,
#5549,#5550,#5551,#5552,#5553,#5554,#5555,#5556,#5557,#5558,#5559,#5560,
#5561,#5562,#5563,#5564,#5565,#5566,#5567,#5568,#5569,#5570,#5571,#5572,
#5573,#5574,#5575,#5576,#5577,#5578,#5579,#5580,#5581,#5582,#5583,#5584,
#5585,#5586,#5587,#5588,#5589,#5590,#5591,#5592,#5593,#5594,#5595,#5596,
#5597,#5598,#5599,#5600,#5601,#5602,#5603,#5604,#5605,#5606,#5607,#5608,
#5609,#5610,#5611,#5612,#5613,#5614,#5615,#5616,#5617,#5618,#5619,#5620,
#5621,#5622,#5623,#5624,#5625,#5626,#5627,#5628,#5629,#5630,#5631,#5632,
#5633,#5634,#5635,#5636,#5637,#5638,#5639,#5640,#5641,#5642,#5643,#5644,
#5645,#5646,#5647,#5648),(#5649,#5650,#5651,#5652,#5653,#5654,#5655,#5656,
#5657,#5658,#5659,#5660,#5661,#5662,#5663,#5664,#5665,#5666,#5667,#5668,
#5669,#5670,#5671,#5672,#5673,#5674,#5675,#5676,#5677,#5678,#5679,#5680,
#5681,#5682,#5683,#5684,#5685,#5686,#5687,#5688,#5689,#5690,#5691,#5692,
#5693,#5694,#5695,#5696,#5697,#5698,#5699,#5700,#5701,#5702,#5703,#5704,
#5705,#5706,#5707,#5708,#5709,#5710,#5711,#5712,#5713,#5714,#5715,#5716,
#5717,#5718,#5719,#5720,#5721,#5722,#5723,#5724,#5725,#5726,#5727,#5728,
#5729,#5730,#5731,#5732,#5733,#5734,#5735,#5736,#5737,#5738,#5739,#5740,
#5741,#5742,#5743,#5744,#5745,#5746,#5747,#5748,#5749,#5750,#5751,#5752,
#5753,#5754,#5755,#5756,#5757,#5758,#5759,#5760,#5761,#5762,#5763,#5764,
#5765,#5766,#5767,#5768,#5769,#5770,#5771,#5772,#5773,#5774,#5775,#5776,
#5777,#5778,#5779,#5780,#5781,#5782,#5783,#5784,#5785,#5786,#5787,#5788,
#5789,#5790,#5791,#5792,#5793,#5794,#5795,#5796,#5797,#5798,#5799,#5800,
#5801,#5802,#5803,#5804,#5805,#5806,#5807)),.UNSPECIFIED.,.F.,.F.,.F.,(4,
4),(4,1,1,1,1,1,1,1,1,1,1,1,1,1,1,1,1,1,1,1,1,1,1,1,1,1,1,1,1,1,1,1,1,1,
1,1,1,1,1,1,1,1,1,1,1,1,1,1,1,1,1,1,1,1,1,1,1,1,1,1,1,1,1,1,1,1,1,1,1,1,
1,1,1,1,1,1,1,1,1,1,1,1,1,1,1,1,1,1,1,1,1,1,1,1,1,1,1,1,1,1,1,1,1,1,1,1,
1,1,1,1,1,1,1,1,1,1,1,1,1,1,1,1,1,1,1,1,1,1,1,1,1,1,1,1,1,1,1,1,1,1,1,1,
1,1,1,1,1,1,1,1,1,1,1,1,1,1,4),(0.,0.0661932083625908),(17.8982181549978,
18.3948703643391,18.8915225736805,19.3881747830218,19.8848269923632,20.3814792017045,
20.8781314110458,21.3747836203872,21.8714358297285,22.3680880390699,22.8647402484112,
23.3613924577526,23.8580446670939,24.3546968764352,24.8513490857766,25.3480012951179,
25.8446535044593,26.3413057138006,26.837957923142,27.3346101324833,27.8312623418246,
28.327914551166,28.8245667605073,29.3212189698487,29.81787117919,30.3145233885314,
30.8111755978727,31.307827807214,31.8044800165554,32.3011322258967,32.7977844352381,
33.2944366445794,33.7910888539208,34.2877410632621,34.7843932726035,35.2810454819448,
35.7776976912861,36.2743499006275,36.7710021099688,37.2676543193102,37.7643065286515,
38.2609587379929,38.7576109473342,39.2542631566755,39.7509153660169,40.2475675753582,
40.7442197846996,41.2408719940409,41.7375242033823,42.2341764127236,42.7308286220649,
43.2274808314063,43.7241330407476,44.220785250089,44.7174374594303,45.2140896687717,
45.710741878113,46.2073940874543,46.7040462967957,47.200698506137,47.6973507154784,
48.1940029248197,48.6906551341611,49.1873073435024,49.6839595528437,50.1806117621851,
50.6772639715264,51.1739161808678,51.6705683902091,52.1672205995505,52.6638728088918,
53.1605250182331,53.6571772275745,54.1538294369158,54.6504816462572,55.1471338555985,
55.6437860649399,56.1404382742812,56.6370904836226,57.1337426929639,57.6303949023052,
58.1270471116466,58.6236993209879,59.1203515303293,59.6170037396706,60.113655949012,
60.6103081583533,61.1069603676946,61.603612577036,62.1002647863773,62.5969169957187,
63.09356920506,63.5902214144014,64.0868736237427,64.5835258330841,65.0801780424254,
65.5768302517667,66.0734824611081,66.5701346704494,67.0667868797908,67.5634390891321,
68.0600912984735,68.5567435078148,69.0533957171561,69.5500479264975,70.0467001358388,
70.5433523451802,71.0400045545215,71.5366567638629,72.0333089732042,72.5299611825455,
73.0266133918869,73.5232656012282,74.0199178105696,74.5165700199109,75.0132222292522,
75.5098744385936,76.0065266479349,76.5031788572763,76.9998310666176,77.496483275959,
77.9931354853003,78.4897876946416,78.986439903983,79.4830921133243,79.9797443226657,
80.476396532007,80.9730487413484,81.4697009506897,81.966353160031,82.4630053693724,
82.9596575787137,83.4563097880551,83.9529619973964,84.4496142067378,84.9462664160791,
85.4429186254205,85.9395708347618,86.4362230441031,86.9328752534445,87.4295274627858,
87.9261796721272,88.4228318814685,88.9194840908099,89.4161363001512,89.9127885094925,
90.4094407188339,90.9060929281752,91.4027451375166,91.8993973468579,92.3960495561993,
92.8927017655406,93.389353974882,93.8860061842233,94.3826583935646,94.879310602906,
95.3759628122473),.UNSPECIFIED.);
#17=B_SPLINE_SURFACE_WITH_KNOTS('',3,3,((#5831,#5832,#5833,#5834,#5835,
#5836,#5837,#5838,#5839,#5840,#5841,#5842,#5843,#5844,#5845,#5846,#5847,
#5848,#5849,#5850,#5851,#5852,#5853,#5854,#5855,#5856,#5857,#5858,#5859,
#5860,#5861,#5862,#5863,#5864,#5865,#5866,#5867,#5868,#5869,#5870,#5871,
#5872,#5873,#5874,#5875,#5876,#5877,#5878,#5879,#5880,#5881,#5882,#5883,
#5884,#5885,#5886,#5887,#5888,#5889,#5890,#5891,#5892,#5893,#5894,#5895,
#5896,#5897,#5898,#5899,#5900,#5901,#5902,#5903,#5904,#5905,#5906,#5907,
#5908,#5909,#5910,#5911,#5912,#5913,#5914,#5915,#5916,#5917,#5918,#5919,
#5920,#5921),(#5922,#5923,#5924,#5925,#5926,#5927,#5928,#5929,#5930,#5931,
#5932,#5933,#5934,#5935,#5936,#5937,#5938,#5939,#5940,#5941,#5942,#5943,
#5944,#5945,#5946,#5947,#5948,#5949,#5950,#5951,#5952,#5953,#5954,#5955,
#5956,#5957,#5958,#5959,#5960,#5961,#5962,#5963,#5964,#5965,#5966,#5967,
#5968,#5969,#5970,#5971,#5972,#5973,#5974,#5975,#5976,#5977,#5978,#5979,
#5980,#5981,#5982,#5983,#5984,#5985,#5986,#5987,#5988,#5989,#5990,#5991,
#5992,#5993,#5994,#5995,#5996,#5997,#5998,#5999,#6000,#6001,#6002,#6003,
#6004,#6005,#6006,#6007,#6008,#6009,#6010,#6011,#6012),(#6013,#6014,#6015,
#6016,#6017,#6018,#6019,#6020,#6021,#6022,#6023,#6024,#6025,#6026,#6027,
#6028,#6029,#6030,#6031,#6032,#6033,#6034,#6035,#6036,#6037,#6038,#6039,
#6040,#6041,#6042,#6043,#6044,#6045,#6046,#6047,#6048,#6049,#6050,#6051,
#6052,#6053,#6054,#6055,#6056,#6057,#6058,#6059,#6060,#6061,#6062,#6063,
#6064,#6065,#6066,#6067,#6068,#6069,#6070,#6071,#6072,#6073,#6074,#6075,
#6076,#6077,#6078,#6079,#6080,#6081,#6082,#6083,#6084,#6085,#6086,#6087,
#6088,#6089,#6090,#6091,#6092,#6093,#6094,#6095,#6096,#6097,#6098,#6099,
#6100,#6101,#6102,#6103),(#6104,#6105,#6106,#6107,#6108,#6109,#6110,#6111,
#6112,#6113,#6114,#6115,#6116,#6117,#6118,#6119,#6120,#6121,#6122,#6123,
#6124,#6125,#6126,#6127,#6128,#6129,#6130,#6131,#6132,#6133,#6134,#6135,
#6136,#6137,#6138,#6139,#6140,#6141,#6142,#6143,#6144,#6145,#6146,#6147,
#6148,#6149,#6150,#6151,#6152,#6153,#6154,#6155,#6156,#6157,#6158,#6159,
#6160,#6161,#6162,#6163,#6164,#6165,#6166,#6167,#6168,#6169,#6170,#6171,
#6172,#6173,#6174,#6175,#6176,#6177,#6178,#6179,#6180,#6181,#6182,#6183,
#6184,#6185,#6186,#6187,#6188,#6189,#6190,#6191,#6192,#6193,#6194)),
 .UNSPECIFIED.,.F.,.F.,.F.,(4,4),(4,1,1,1,1,1,1,1,1,1,1,1,1,1,1,1,1,1,1,
1,1,1,1,1,1,1,1,1,1,1,1,1,1,1,1,1,1,1,1,1,1,1,1,1,1,1,1,1,1,1,1,1,1,1,1,
1,1,1,1,1,1,1,1,1,1,1,1,1,1,1,1,1,1,1,1,1,1,1,1,1,1,1,1,1,1,1,1,1,4),(0.,
0.0991945497494697),(15.8037625926258,16.3033697271674,16.8029768617089,
17.3025839962505,17.8021911307921,18.3017982653336,18.8014053998752,19.3010125344168,
19.8006196689583,20.3002268034999,20.7998339380415,21.299441072583,21.7990482071246,
22.2986553416662,22.7982624762077,23.2978696107493,23.7974767452909,24.2970838798324,
24.796691014374,25.2962981489156,25.7959052834571,26.2955124179987,26.7951195525403,
27.2947266870818,27.7943338216234,28.293940956165,28.7935480907065,29.2931552252481,
29.7927623597897,30.2923694943312,30.7919766288728,31.2915837634144,31.7911908979559,
32.2907980324975,32.7904051670391,33.2900123015806,33.7896194361222,34.2892265706638,
34.7888337052053,35.2884408397469,35.7880479742885,36.28765510883,36.7872622433716,
37.2868693779131,37.7864765124547,38.2860836469963,38.7856907815379,39.2852979160794,
39.784905050621,40.2845121851626,40.7841193197041,41.2837264542457,41.7833335887872,
42.2829407233288,42.7825478578704,43.2821549924119,43.7817621269535,44.2813692614951,
44.7809763960366,45.2805835305782,45.7801906651198,46.2797977996613,46.7794049342029,
47.2790120687445,47.778619203286,48.2782263378276,48.7778334723692,49.2774406069107,
49.7770477414523,50.2766548759939,50.7762620105354,51.275869145077,51.7754762796186,
52.2750834141601,52.7746905487017,53.2742976832433,53.7739048177848,54.2735119523264,
54.773119086868,55.2727262214095,55.7723333559511,56.2719404904927,56.7715476250342,
57.2711547595758,57.7707618941174,58.2703690286589,58.7699761632005,59.2695832977421,
59.7691904322836),.UNSPECIFIED.);
#18=B_SPLINE_SURFACE_WITH_KNOTS('',3,3,((#6608,#6609,#6610,#6611,#6612,
#6613,#6614,#6615,#6616,#6617,#6618,#6619,#6620,#6621,#6622,#6623,#6624,
#6625,#6626,#6627,#6628,#6629,#6630,#6631,#6632,#6633,#6634,#6635,#6636,
#6637,#6638,#6639,#6640,#6641,#6642,#6643,#6644,#6645,#6646,#6647,#6648,
#6649,#6650,#6651,#6652,#6653,#6654,#6655,#6656,#6657,#6658,#6659,#6660,
#6661,#6662,#6663,#6664,#6665,#6666,#6667,#6668,#6669,#6670,#6671,#6672,
#6673,#6674,#6675,#6676,#6677,#6678,#6679,#6680,#6681,#6682,#6683,#6684,
#6685,#6686,#6687,#6688,#6689,#6690,#6691,#6692,#6693,#6694,#6695,#6696,
#6697,#6698),(#6699,#6700,#6701,#6702,#6703,#6704,#6705,#6706,#6707,#6708,
#6709,#6710,#6711,#6712,#6713,#6714,#6715,#6716,#6717,#6718,#6719,#6720,
#6721,#6722,#6723,#6724,#6725,#6726,#6727,#6728,#6729,#6730,#6731,#6732,
#6733,#6734,#6735,#6736,#6737,#6738,#6739,#6740,#6741,#6742,#6743,#6744,
#6745,#6746,#6747,#6748,#6749,#6750,#6751,#6752,#6753,#6754,#6755,#6756,
#6757,#6758,#6759,#6760,#6761,#6762,#6763,#6764,#6765,#6766,#6767,#6768,
#6769,#6770,#6771,#6772,#6773,#6774,#6775,#6776,#6777,#6778,#6779,#6780,
#6781,#6782,#6783,#6784,#6785,#6786,#6787,#6788,#6789),(#6790,#6791,#6792,
#6793,#6794,#6795,#6796,#6797,#6798,#6799,#6800,#6801,#6802,#6803,#6804,
#6805,#6806,#6807,#6808,#6809,#6810,#6811,#6812,#6813,#6814,#6815,#6816,
#6817,#6818,#6819,#6820,#6821,#6822,#6823,#6824,#6825,#6826,#6827,#6828,
#6829,#6830,#6831,#6832,#6833,#6834,#6835,#6836,#6837,#6838,#6839,#6840,
#6841,#6842,#6843,#6844,#6845,#6846,#6847,#6848,#6849,#6850,#6851,#6852,
#6853,#6854,#6855,#6856,#6857,#6858,#6859,#6860,#6861,#6862,#6863,#6864,
#6865,#6866,#6867,#6868,#6869,#6870,#6871,#6872,#6873,#6874,#6875,#6876,
#6877,#6878,#6879,#6880),(#6881,#6882,#6883,#6884,#6885,#6886,#6887,#6888,
#6889,#6890,#6891,#6892,#6893,#6894,#6895,#6896,#6897,#6898,#6899,#6900,
#6901,#6902,#6903,#6904,#6905,#6906,#6907,#6908,#6909,#6910,#6911,#6912,
#6913,#6914,#6915,#6916,#6917,#6918,#6919,#6920,#6921,#6922,#6923,#6924,
#6925,#6926,#6927,#6928,#6929,#6930,#6931,#6932,#6933,#6934,#6935,#6936,
#6937,#6938,#6939,#6940,#6941,#6942,#6943,#6944,#6945,#6946,#6947,#6948,
#6949,#6950,#6951,#6952,#6953,#6954,#6955,#6956,#6957,#6958,#6959,#6960,
#6961,#6962,#6963,#6964,#6965,#6966,#6967,#6968,#6969,#6970,#6971)),
 .UNSPECIFIED.,.F.,.F.,.F.,(4,4),(4,1,1,1,1,1,1,1,1,1,1,1,1,1,1,1,1,1,1,
1,1,1,1,1,1,1,1,1,1,1,1,1,1,1,1,1,1,1,1,1,1,1,1,1,1,1,1,1,1,1,1,1,1,1,1,
1,1,1,1,1,1,1,1,1,1,1,1,1,1,1,1,1,1,1,1,1,1,1,1,1,1,1,1,1,1,1,1,1,4),(0.,
0.0991945497494697),(12.4874406002816,12.9870477348231,13.4866548693647,
13.9862620039062,14.4858691384478,14.9854762729894,15.4850834075309,15.9846905420725,
16.4842976766141,16.9839048111556,17.4835119456972,17.9831190802388,18.4827262147803,
18.9823333493219,19.4819404838635,19.981547618405,20.4811547529466,20.9807618874882,
21.4803690220297,21.9799761565713,22.4795832911129,22.9791904256544,23.478797560196,
23.9784046947376,24.4780118292791,24.9776189638207,25.4772260983623,25.9768332329038,
26.4764403674454,26.976047501987,27.4756546365285,27.9752617710701,28.4748689056117,
28.9744760401532,29.4740831746948,29.9736903092364,30.4732974437779,30.9729045783195,
31.4725117128611,31.9721188474026,32.4717259819442,32.9713331164858,33.4709402510273,
33.9705473855689,34.4701545201105,34.969761654652,35.4693687891936,35.9689759237352,
36.4685830582767,36.9681901928183,37.4677973273598,37.9674044619014,38.467011596443,
38.9666187309845,39.4662258655261,39.9658330000677,40.4654401346092,40.9650472691508,
41.4646544036924,41.9642615382339,42.4638686727755,42.9634758073171,43.4630829418586,
43.9626900764002,44.4622972109418,44.9619043454833,45.4615114800249,45.9611186145665,
46.460725749108,46.9603328836496,47.4599400181912,47.9595471527327,48.4591542872743,
48.9587614218159,49.4583685563574,49.957975690899,50.4575828254406,50.9571899599821,
51.4567970945237,51.9564042290653,52.4560113636068,52.9556184981484,53.45522563269,
53.9548327672315,54.4544399017731,54.9540470363147,55.4536541708562,55.9532613053978,
56.4528684399394),.UNSPECIFIED.);
#19=FACE_BOUND('',#158,.T.);
#20=FACE_BOUND('',#161,.T.);
#21=FACE_BOUND('',#163,.T.);
#22=FACE_BOUND('',#167,.T.);
#23=FACE_BOUND('',#175,.T.);
#24=FACE_BOUND('',#178,.T.);
#25=FACE_BOUND('',#181,.T.);
#26=FACE_BOUND('',#193,.T.);
#27=PLANE('',#1293);
#28=PLANE('',#1297);
#29=PLANE('',#1299);
#30=PLANE('',#1304);
#31=PLANE('',#1306);
#32=PLANE('',#1307);
#33=PLANE('',#1313);
#34=PLANE('',#1317);
#35=PLANE('',#1320);
#36=PLANE('',#1325);
#37=PLANE('',#1326);
#38=PLANE('',#1333);
#39=PLANE('',#1336);
#40=CONICAL_SURFACE('',#1288,12.579,0.785398163397447);
#41=CONICAL_SURFACE('',#1295,12.579,0.785398163397447);
#42=CONICAL_SURFACE('',#1301,11.442,0.785398163397442);
#43=CONICAL_SURFACE('',#1310,8.02867965644036,0.785398163397448);
#44=TOROIDAL_SURFACE('',#1283,15.16888,0.5);
#45=FACE_OUTER_BOUND('',#116,.T.);
#46=FACE_OUTER_BOUND('',#117,.T.);
#47=FACE_OUTER_BOUND('',#118,.T.);
#48=FACE_OUTER_BOUND('',#119,.T.);
#49=FACE_OUTER_BOUND('',#120,.T.);
#50=FACE_OUTER_BOUND('',#121,.T.);
#51=FACE_OUTER_BOUND('',#122,.T.);
#52=FACE_OUTER_BOUND('',#123,.T.);
#53=FACE_OUTER_BOUND('',#124,.T.);
#54=FACE_OUTER_BOUND('',#125,.T.);
#55=FACE_OUTER_BOUND('',#126,.T.);
#56=FACE_OUTER_BOUND('',#127,.T.);
#57=FACE_OUTER_BOUND('',#128,.T.);
#58=FACE_OUTER_BOUND('',#129,.T.);
#59=FACE_OUTER_BOUND('',#130,.T.);
#60=FACE_OUTER_BOUND('',#131,.T.);
#61=FACE_OUTER_BOUND('',#132,.T.);
#62=FACE_OUTER_BOUND('',#133,.T.);
#63=FACE_OUTER_BOUND('',#134,.T.);
#64=FACE_OUTER_BOUND('',#135,.T.);
#65=FACE_OUTER_BOUND('',#136,.T.);
#66=FACE_OUTER_BOUND('',#137,.T.);
#67=FACE_OUTER_BOUND('',#138,.T.);
#68=FACE_OUTER_BOUND('',#139,.T.);
#69=FACE_OUTER_BOUND('',#140,.T.);
#70=FACE_OUTER_BOUND('',#141,.T.);
#71=FACE_OUTER_BOUND('',#142,.T.);
#72=FACE_OUTER_BOUND('',#143,.T.);
#73=FACE_OUTER_BOUND('',#144,.T.);
#74=FACE_OUTER_BOUND('',#145,.T.);
#75=FACE_OUTER_BOUND('',#146,.T.);
#76=FACE_OUTER_BOUND('',#147,.T.);
#77=FACE_OUTER_BOUND('',#148,.T.);
#78=FACE_OUTER_BOUND('',#149,.T.);
#79=FACE_OUTER_BOUND('',#150,.T.);
#80=FACE_OUTER_BOUND('',#151,.T.);
#81=FACE_OUTER_BOUND('',#152,.T.);
#82=FACE_OUTER_BOUND('',#153,.T.);
#83=FACE_OUTER_BOUND('',#154,.T.);
#84=FACE_OUTER_BOUND('',#155,.T.);
#85=FACE_OUTER_BOUND('',#156,.T.);
#86=FACE_OUTER_BOUND('',#157,.T.);
#87=FACE_OUTER_BOUND('',#159,.T.);
#88=FACE_OUTER_BOUND('',#160,.T.);
#89=FACE_OUTER_BOUND('',#162,.T.);
#90=FACE_OUTER_BOUND('',#164,.T.);
#91=FACE_OUTER_BOUND('',#165,.T.);
#92=FACE_OUTER_BOUND('',#166,.T.);
#93=FACE_OUTER_BOUND('',#168,.T.);
#94=FACE_OUTER_BOUND('',#169,.T.);
#95=FACE_OUTER_BOUND('',#170,.T.);
#96=FACE_OUTER_BOUND('',#171,.T.);
#97=FACE_OUTER_BOUND('',#172,.T.);
#98=FACE_OUTER_BOUND('',#173,.T.);
#99=FACE_OUTER_BOUND('',#174,.T.);
#100=FACE_OUTER_BOUND('',#176,.T.);
#101=FACE_OUTER_BOUND('',#177,.T.);
#102=FACE_OUTER_BOUND('',#179,.T.);
#103=FACE_OUTER_BOUND('',#180,.T.);
#104=FACE_OUTER_BOUND('',#182,.T.);
#105=FACE_OUTER_BOUND('',#183,.T.);
#106=FACE_OUTER_BOUND('',#184,.T.);
#107=FACE_OUTER_BOUND('',#185,.T.);
#108=FACE_OUTER_BOUND('',#186,.T.);
#109=FACE_OUTER_BOUND('',#187,.T.);
#110=FACE_OUTER_BOUND('',#188,.T.);
#111=FACE_OUTER_BOUND('',#189,.T.);
#112=FACE_OUTER_BOUND('',#190,.T.);
#113=FACE_OUTER_BOUND('',#191,.T.);
#114=FACE_OUTER_BOUND('',#192,.T.);
#115=FACE_OUTER_BOUND('',#194,.T.);
#116=EDGE_LOOP('',(#733,#734,#735,#736,#737,#738,#739,#740));
#117=EDGE_LOOP('',(#741,#742,#743,#744));
#118=EDGE_LOOP('',(#745,#746,#747,#748));
#119=EDGE_LOOP('',(#749,#750,#751,#752));
#120=EDGE_LOOP('',(#753,#754,#755,#756));
#121=EDGE_LOOP('',(#757,#758,#759,#760));
#122=EDGE_LOOP('',(#761,#762,#763,#764));
#123=EDGE_LOOP('',(#765,#766,#767,#768));
#124=EDGE_LOOP('',(#769,#770,#771,#772));
#125=EDGE_LOOP('',(#773,#774,#775,#776));
#126=EDGE_LOOP('',(#777,#778,#779,#780));
#127=EDGE_LOOP('',(#781,#782,#783,#784));
#128=EDGE_LOOP('',(#785,#786,#787,#788));
#129=EDGE_LOOP('',(#789,#790,#791,#792,#793));
#130=EDGE_LOOP('',(#794,#795,#796,#797));
#131=EDGE_LOOP('',(#798,#799,#800,#801));
#132=EDGE_LOOP('',(#802,#803,#804,#805));
#133=EDGE_LOOP('',(#806,#807,#808,#809));
#134=EDGE_LOOP('',(#810,#811,#812,#813));
#135=EDGE_LOOP('',(#814,#815,#816,#817));
#136=EDGE_LOOP('',(#818,#819,#820,#821));
#137=EDGE_LOOP('',(#822,#823,#824,#825));
#138=EDGE_LOOP('',(#826,#827,#828,#829));
#139=EDGE_LOOP('',(#830,#831,#832,#833));
#140=EDGE_LOOP('',(#834,#835,#836,#837));
#141=EDGE_LOOP('',(#838,#839,#840,#841));
#142=EDGE_LOOP('',(#842,#843,#844,#845,#846,#847,#848,#849));
#143=EDGE_LOOP('',(#850,#851,#852,#853));
#144=EDGE_LOOP('',(#854,#855,#856,#857));
#145=EDGE_LOOP('',(#858,#859,#860,#861));
#146=EDGE_LOOP('',(#862,#863,#864,#865));
#147=EDGE_LOOP('',(#866,#867,#868,#869));
#148=EDGE_LOOP('',(#870,#871,#872,#873));
#149=EDGE_LOOP('',(#874,#875,#876,#877));
#150=EDGE_LOOP('',(#878,#879,#880,#881));
#151=EDGE_LOOP('',(#882,#883,#884,#885));
#152=EDGE_LOOP('',(#886,#887,#888,#889));
#153=EDGE_LOOP('',(#890,#891,#892,#893,#894,#895,#896,#897));
#154=EDGE_LOOP('',(#898,#899,#900,#901,#902));
#155=EDGE_LOOP('',(#903,#904,#905,#906));
#156=EDGE_LOOP('',(#907,#908,#909,#910));
#157=EDGE_LOOP('',(#911));
#158=EDGE_LOOP('',(#912));
#159=EDGE_LOOP('',(#913,#914,#915,#916));
#160=EDGE_LOOP('',(#917));
#161=EDGE_LOOP('',(#918));
#162=EDGE_LOOP('',(#919));
#163=EDGE_LOOP('',(#920));
#164=EDGE_LOOP('',(#921,#922,#923,#924));
#165=EDGE_LOOP('',(#925,#926,#927,#928));
#166=EDGE_LOOP('',(#929));
#167=EDGE_LOOP('',(#930));
#168=EDGE_LOOP('',(#931,#932,#933,#934,#935));
#169=EDGE_LOOP('',(#936,#937,#938,#939,#940,#941,#942,#943,#944,#945,#946,
#947,#948,#949,#950,#951,#952,#953,#954,#955,#956,#957,#958,#959,#960,#961,
#962,#963));
#170=EDGE_LOOP('',(#964,#965,#966,#967,#968));
#171=EDGE_LOOP('',(#969,#970,#971,#972));
#172=EDGE_LOOP('',(#973,#974,#975,#976,#977,#978,#979,#980,#981,#982,#983,
#984,#985,#986,#987,#988,#989,#990,#991,#992,#993,#994,#995,#996,#997,#998,
#999,#1000));
#173=EDGE_LOOP('',(#1001,#1002,#1003,#1004));
#174=EDGE_LOOP('',(#1005));
#175=EDGE_LOOP('',(#1006));
#176=EDGE_LOOP('',(#1007,#1008,#1009,#1010));
#177=EDGE_LOOP('',(#1011));
#178=EDGE_LOOP('',(#1012));
#179=EDGE_LOOP('',(#1013,#1014,#1015,#1016,#1017));
#180=EDGE_LOOP('',(#1018));
#181=EDGE_LOOP('',(#1019));
#182=EDGE_LOOP('',(#1020,#1021,#1022,#1023));
#183=EDGE_LOOP('',(#1024,#1025,#1026,#1027,#1028,#1029,#1030,#1031,#1032,
#1033,#1034,#1035,#1036,#1037,#1038,#1039,#1040,#1041));
#184=EDGE_LOOP('',(#1042,#1043,#1044));
#185=EDGE_LOOP('',(#1045,#1046,#1047,#1048,#1049,#1050));
#186=EDGE_LOOP('',(#1051,#1052,#1053,#1054,#1055,#1056,#1057,#1058,#1059,
#1060,#1061,#1062,#1063,#1064,#1065,#1066,#1067,#1068,#1069));
#187=EDGE_LOOP('',(#1070,#1071,#1072,#1073));
#188=EDGE_LOOP('',(#1074,#1075,#1076,#1077));
#189=EDGE_LOOP('',(#1078,#1079,#1080,#1081,#1082,#1083));
#190=EDGE_LOOP('',(#1084,#1085,#1086,#1087,#1088));
#191=EDGE_LOOP('',(#1089,#1090,#1091,#1092));
#192=EDGE_LOOP('',(#1093));
#193=EDGE_LOOP('',(#1094));
#194=EDGE_LOOP('',(#1095,#1096,#1097,#1098));
#195=CIRCLE('',#1234,12.925);
#196=CIRCLE('',#1235,12.925);
#197=CIRCLE('',#1236,12.925);
#198=CIRCLE('',#1244,12.06595);
#199=CIRCLE('',#1251,12.06595);
#200=CIRCLE('',#1253,11.36875);
#201=CIRCLE('',#1266,11.942);
#202=CIRCLE('',#1267,11.942);
#203=CIRCLE('',#1268,11.942);
#204=CIRCLE('',#1280,11.942);
#205=CIRCLE('',#1281,11.942);
#206=CIRCLE('',#1282,11.942);
#207=CIRCLE('',#1284,15.16888);
#208=CIRCLE('',#1285,15.16888);
#209=CIRCLE('',#1286,0.5);
#210=CIRCLE('',#1287,15.16888);
#211=CIRCLE('',#1289,12.929);
#212=CIRCLE('',#1290,12.229);
#213=CIRCLE('',#1292,12.229);
#214=CIRCLE('',#1294,13.);
#215=CIRCLE('',#1296,12.929);
#216=CIRCLE('',#1298,12.98702);
#217=CIRCLE('',#1300,12.229);
#218=CIRCLE('',#1302,10.942);
#219=CIRCLE('',#1305,6.65);
#220=CIRCLE('',#1308,11.36875);
#221=CIRCLE('',#1311,6.65);
#222=CIRCLE('',#1312,9.40735931288072);
#223=CIRCLE('',#1314,15.93088);
#224=CIRCLE('',#1316,15.93088);
#225=CIRCLE('',#1319,15.16888);
#226=CIRCLE('',#1321,13.);
#227=CIRCLE('',#1324,12.06595);
#228=CIRCLE('',#1327,12.229);
#229=CIRCLE('',#1329,12.925);
#230=CIRCLE('',#1331,12.229);
#231=CIRCLE('',#1332,12.229);
#232=CIRCLE('',#1335,12.98702);
#233=B_SPLINE_CURVE_WITH_KNOTS('',3,(#1608,#1609,#1610,#1611,#1612,#1613,
#1614,#1615,#1616,#1617,#1618,#1619,#1620,#1621,#1622,#1623,#1624,#1625,
#1626,#1627,#1628,#1629,#1630,#1631,#1632,#1633,#1634,#1635),
 .UNSPECIFIED.,.F.,.F.,(4,3,3,3,3,3,3,3,3,4),(-6.18738598250268,-5.9952856144988,
-5.49567847995723,-4.99607134541566,-4.4964642108741,-3.99685707633253,
-3.49724994179096,-2.9976428072494,-2.49803567270783,-2.07752579179402),
 .UNSPECIFIED.);
#234=B_SPLINE_CURVE_WITH_KNOTS('',3,(#1643,#1644,#1645,#1646,#1647,#1648,
#1649,#1650,#1651,#1652,#1653,#1654,#1655,#1656,#1657,#1658,#1659,#1660,
#1661,#1662,#1663,#1664),.UNSPECIFIED.,.F.,.F.,(4,3,3,3,3,3,3,4),(0.,0.499607134541563,
0.99921426908313,1.4988214036247,1.99842853816626,2.49803567270783,2.99764280724939,
3.22052266766741),.UNSPECIFIED.);
#235=B_SPLINE_CURVE_WITH_KNOTS('',3,(#1669,#1670,#1671,#1672,#1673,#1674,
#1675,#1676,#1677,#1678,#1679,#1680,#1681,#1682,#1683,#1684,#1685,#1686,
#1687,#1688,#1689,#1690,#1691,#1692,#1693,#1694,#1695,#1696,#1697,#1698,
#1699,#1700,#1701,#1702,#1703,#1704,#1705,#1706,#1707,#1708),
 .UNSPECIFIED.,.F.,.F.,(4,3,3,3,3,3,3,3,3,3,3,3,3,4),(-12.4705712896824,
-11.9905712289976,-11.490964094456,-10.9913569599145,-10.4917498253729,
-9.99214269083132,-9.49253555628976,-8.99292842174819,-8.49332128720662,
-7.99371415266506,-7.49410701812349,-6.99449988358193,-6.49489274904036,
-6.18738598250268),.UNSPECIFIED.);
#236=B_SPLINE_CURVE_WITH_KNOTS('',3,(#1709,#1710,#1711,#1712,#1713,#1714,
#1715,#1716,#1717,#1718,#1719,#1720,#1721,#1722,#1723,#1724,#1725,#1726,
#1727,#1728,#1729,#1730,#1731,#1732,#1733,#1734,#1735,#1736,#1737,#1738,
#1739,#1740,#1741,#1742,#1743,#1744,#1745,#1746,#1747,#1748,#1749,#1750,
#1751),.UNSPECIFIED.,.F.,.F.,(4,3,3,3,3,3,3,3,3,3,3,3,3,3,4),(3.22052266766741,
3.49724994179096,3.99685707633253,4.49646421087409,4.99607134541566,5.49567847995722,
5.99528561449879,6.49489274904036,6.99449988358192,7.49410701812348,7.99371415266505,
8.49332128720662,8.99292842174818,9.49253555628975,9.50370797484694),
 .UNSPECIFIED.);
#237=B_SPLINE_CURVE_WITH_KNOTS('',3,(#1756,#1757,#1758,#1759,#1760,#1761,
#1762,#1763,#1764,#1765,#1766,#1767,#1768,#1769,#1770,#1771,#1772,#1773,
#1774,#1775,#1776,#1777,#1778,#1779,#1780,#1781,#1782,#1783,#1784,#1785,
#1786,#1787,#1788,#1789,#1790,#1791,#1792,#1793,#1794,#1795,#1796,#1797,
#1798),.UNSPECIFIED.,.F.,.F.,(4,3,3,3,3,3,3,3,3,3,3,3,3,3,4),(-18.7537565968619,
-18.4854639780379,-17.9858568434964,-17.4862497089548,-16.9866425744132,
-16.4870354398717,-15.9874283053301,-15.4878211707885,-14.988214036247,
-14.4886069017054,-13.9889997671639,-13.4893926326223,-12.9897854980807,
-12.4901783635392,-12.4705712896824),.UNSPECIFIED.);
#238=B_SPLINE_CURVE_WITH_KNOTS('',3,(#1799,#1800,#1801,#1802,#1803,#1804,
#1805,#1806,#1807,#1808,#1809,#1810,#1811,#1812,#1813,#1814,#1815,#1816,
#1817,#1818,#1819,#1820,#1821,#1822,#1823,#1824,#1825,#1826,#1827,#1828,
#1829,#1830,#1831,#1832,#1833,#1834,#1835,#1836,#1837,#1838),
 .UNSPECIFIED.,.F.,.F.,(4,3,3,3,3,3,3,3,3,3,3,3,3,4),(9.50370797484694,
9.99214269083131,10.4917498253729,10.9913569599144,11.490964094456,11.9905712289976,
12.4901783635392,12.9897854980807,13.4893926326223,13.9889997671639,14.4886069017054,
14.988214036247,15.4878211707886,15.7868932820266),.UNSPECIFIED.);
#239=B_SPLINE_CURVE_WITH_KNOTS('',3,(#1843,#1844,#1845,#1846,#1847,#1848,
#1849,#1850,#1851,#1852,#1853,#1854,#1855,#1856,#1857,#1858,#1859,#1860,
#1861,#1862,#1863,#1864,#1865,#1866,#1867,#1868,#1869,#1870,#1871,#1872,
#1873,#1874,#1875,#1876,#1877,#1878,#1879,#1880,#1881,#1882,#1883,#1884,
#1885),.UNSPECIFIED.,.F.,.F.,(4,3,3,3,3,3,3,3,3,3,3,3,3,3,4),(-25.0369419040415,
-24.9803567270783,-24.4807495925367,-23.9811424579952,-23.4815353234536,
-22.981928188912,-22.4823210543705,-21.9827139198289,-21.4831067852873,
-20.9834996507458,-20.4838925162042,-19.9842853816627,-19.4846782471211,
-18.9850711125795,-18.7537565968619),.UNSPECIFIED.);
#240=B_SPLINE_CURVE_WITH_KNOTS('',3,(#1886,#1887,#1888,#1889,#1890,#1891,
#1892,#1893,#1894,#1895,#1896,#1897,#1898,#1899,#1900,#1901,#1902,#1903,
#1904,#1905,#1906,#1907,#1908,#1909,#1910,#1911,#1912,#1913,#1914,#1915,
#1916,#1917,#1918,#1919,#1920,#1921,#1922,#1923,#1924,#1925,#1926,#1927,
#1928),.UNSPECIFIED.,.F.,.F.,(4,3,3,3,3,3,3,3,3,3,3,3,3,3,4),(15.7868932820266,
15.9874283053301,16.4870354398717,16.9866425744132,17.4862497089548,17.9858568434964,
18.4854639780379,18.9850711125795,19.4846782471211,19.9842853816626,20.4838925162042,
20.9834996507458,21.4831067852873,21.9827139198289,22.0700785892061),
 .UNSPECIFIED.);
#241=B_SPLINE_CURVE_WITH_KNOTS('',3,(#1933,#1934,#1935,#1936,#1937,#1938,
#1939,#1940,#1941,#1942,#1943,#1944,#1945,#1946,#1947,#1948,#1949,#1950,
#1951,#1952,#1953,#1954,#1955,#1956,#1957,#1958,#1959,#1960,#1961,#1962,
#1963,#1964,#1965,#1966,#1967,#1968,#1969,#1970,#1971,#1972),
 .UNSPECIFIED.,.F.,.F.,(4,3,3,3,3,3,3,3,3,3,3,3,3,4),(-31.3201272112211,
-30.9756423415771,-30.4760352070355,-29.976428072494,-29.4768209379524,
-28.9772138034108,-28.4776066688693,-27.9779995343277,-27.4783923997861,
-26.9787852652446,-26.479178130703,-25.9795709961614,-25.4799638616199,
-25.0369419040415),.UNSPECIFIED.);
#242=B_SPLINE_CURVE_WITH_KNOTS('',3,(#1973,#1974,#1975,#1976,#1977,#1978,
#1979,#1980,#1981,#1982,#1983,#1984,#1985,#1986,#1987,#1988,#1989,#1990,
#1991,#1992,#1993,#1994,#1995,#1996,#1997,#1998,#1999,#2000,#2001,#2002,
#2003,#2004,#2005,#2006,#2007,#2008,#2009,#2010,#2011,#2012),
 .UNSPECIFIED.,.F.,.F.,(4,3,3,3,3,3,3,3,3,3,3,3,3,4),(22.0700785892061,
22.4823210543705,22.981928188912,23.4815353234536,23.9811424579952,24.4807495925367,
24.9803567270783,25.4799638616199,25.9795709961614,26.479178130703,26.9787852652446,
27.4783923997861,27.9779995343277,28.3532638963858),.UNSPECIFIED.);
#243=B_SPLINE_CURVE_WITH_KNOTS('',3,(#2017,#2018,#2019,#2020,#2021,#2022,
#2023,#2024,#2025,#2026,#2027,#2028,#2029,#2030,#2031,#2032,#2033,#2034,
#2035,#2036,#2037,#2038,#2039,#2040,#2041,#2042,#2043,#2044,#2045,#2046,
#2047,#2048,#2049,#2050,#2051,#2052,#2053,#2054,#2055,#2056,#2057,#2058,
#2059),.UNSPECIFIED.,.F.,.F.,(4,3,3,3,3,3,3,3,3,3,3,3,3,3,4),(-37.6033125184006,
-37.4705350906175,-36.9709279560759,-36.4713208215343,-35.9717136869928,
-35.4721065524512,-34.9724994179096,-34.4728922833681,-33.9732851488265,
-33.4736780142849,-32.9740708797434,-32.4744637452018,-31.9748566106602,
-31.4752494761187,-31.3201272112211),.UNSPECIFIED.);
#244=B_SPLINE_CURVE_WITH_KNOTS('',3,(#2060,#2061,#2062,#2063,#2064,#2065,
#2066,#2067,#2068,#2069,#2070,#2071,#2072,#2073,#2074,#2075,#2076,#2077,
#2078,#2079,#2080,#2081,#2082,#2083,#2084,#2085,#2086,#2087,#2088,#2089,
#2090,#2091,#2092,#2093,#2094,#2095,#2096,#2097,#2098,#2099,#2100,#2101,
#2102),.UNSPECIFIED.,.F.,.F.,(4,3,3,3,3,3,3,3,3,3,3,3,3,3,4),(28.3532638963858,
28.4776066688693,28.9772138034108,29.4768209379524,29.976428072494,30.4760352070355,
30.9756423415771,31.4752494761187,31.9748566106602,32.4744637452018,32.9740708797434,
33.4736780142849,33.9732851488265,34.472892283368,34.6364492035653),
 .UNSPECIFIED.);
#245=B_SPLINE_CURVE_WITH_KNOTS('',3,(#2107,#2108,#2109,#2110,#2111,#2112,
#2113,#2114,#2115,#2116,#2117,#2118,#2119,#2120,#2121,#2122,#2123,#2124,
#2125,#2126,#2127,#2128,#2129,#2130,#2131,#2132,#2133,#2134,#2135,#2136,
#2137,#2138,#2139,#2140,#2141,#2142,#2143,#2144,#2145,#2146),
 .UNSPECIFIED.,.F.,.F.,(4,3,3,3,3,3,3,3,3,3,3,3,3,4),(-43.8864978255803,
-43.4658207051163,-42.9662135705747,-42.4666064360331,-41.9669993014916,
-41.46739216695,-40.9677850324084,-40.4681778978669,-39.9685707633253,-39.4689636287837,
-38.9693564942422,-38.4697493597006,-37.970142225159,-37.6033125184006),
 .UNSPECIFIED.);
#246=B_SPLINE_CURVE_WITH_KNOTS('',3,(#2147,#2148,#2149,#2150,#2151,#2152,
#2153,#2154,#2155,#2156,#2157,#2158,#2159,#2160,#2161,#2162,#2163,#2164,
#2165,#2166,#2167,#2168,#2169,#2170,#2171,#2172,#2173,#2174,#2175,#2176,
#2177,#2178,#2179,#2180,#2181,#2182,#2183,#2184,#2185,#2186),
 .UNSPECIFIED.,.F.,.F.,(4,3,3,3,3,3,3,3,3,3,3,3,3,4),(34.6364492035653,
34.9724994179096,35.4721065524512,35.9717136869928,36.4713208215343,36.9709279560759,
37.4705350906175,37.970142225159,38.4697493597006,38.9693564942421,39.4689636287837,
39.9685707633253,40.4681778978669,40.9196345107449),.UNSPECIFIED.);
#247=B_SPLINE_CURVE_WITH_KNOTS('',3,(#2192,#2193,#2194,#2195,#2196,#2197,
#2198,#2199,#2200,#2201,#2202,#2203),.UNSPECIFIED.,.F.,.F.,(4,1,1,1,1,1,
1,1,1,4),(53.4070751110264,53.7739048177848,54.2735119523264,54.773119086868,
55.2727262214095,55.7723333559511,56.2719404904927,56.7715476250342,57.2711547595758,
57.6916646404897),.UNSPECIFIED.);
#248=B_SPLINE_CURVE_WITH_KNOTS('',3,(#2206,#2207,#2208,#2209,#2210,#2211,
#2212,#2213,#2214,#2215),.UNSPECIFIED.,.F.,.F.,(4,1,1,1,1,1,1,4),(53.4070751110264,
53.45522563269,53.9548327672315,54.4544399017731,54.9540470363147,55.4536541708562,
55.9532613053978,56.4528684399394),.UNSPECIFIED.);
#249=B_SPLINE_CURVE_WITH_KNOTS('',3,(#2220,#2221,#2222,#2223,#2224,#2225,
#2226,#2227,#2228,#2229,#2230,#2231,#2232,#2233,#2234,#2235,#2236),
 .UNSPECIFIED.,.F.,.F.,(4,1,1,1,1,1,1,1,1,1,1,1,1,1,4),(47.1238898038469,
47.2790120687445,47.778619203286,48.2782263378276,48.7778334723692,49.2774406069107,
49.7770477414523,50.2766548759939,50.7762620105354,51.275869145077,51.7754762796186,
52.2750834141601,52.7746905487017,53.2742976832433,53.4070751110264),
 .UNSPECIFIED.);
#250=B_SPLINE_CURVE_WITH_KNOTS('',3,(#2237,#2238,#2239,#2240,#2241,#2242,
#2243,#2244,#2245,#2246,#2247,#2248,#2249,#2250,#2251,#2252),
 .UNSPECIFIED.,.F.,.F.,(4,1,1,1,1,1,1,1,1,1,1,1,1,4),(47.1238898038469,
47.4599400181912,47.9595471527327,48.4591542872743,48.9587614218159,49.4583685563574,
49.957975690899,50.4575828254406,50.9571899599821,51.4567970945237,51.9564042290653,
52.4560113636068,52.9556184981484,53.4070751110264),.UNSPECIFIED.);
#251=B_SPLINE_CURVE_WITH_KNOTS('',3,(#2257,#2258,#2259,#2260,#2261,#2262,
#2263,#2264,#2265,#2266,#2267,#2268,#2269,#2270,#2271,#2272),
 .UNSPECIFIED.,.F.,.F.,(4,1,1,1,1,1,1,1,1,1,1,1,1,4),(40.8407044966674,
41.2837264542457,41.7833335887872,42.2829407233288,42.7825478578704,43.2821549924119,
43.7817621269535,44.2813692614951,44.7809763960366,45.2805835305782,45.7801906651198,
46.2797977996613,46.7794049342029,47.1238898038469),.UNSPECIFIED.);
#252=B_SPLINE_CURVE_WITH_KNOTS('',3,(#2273,#2274,#2275,#2276,#2277,#2278,
#2279,#2280,#2281,#2282,#2283,#2284,#2285,#2286,#2287,#2288,#2289),
 .UNSPECIFIED.,.F.,.F.,(4,1,1,1,1,1,1,1,1,1,1,1,1,1,4),(40.8407044966674,
40.9650472691508,41.4646544036924,41.9642615382339,42.4638686727755,42.9634758073171,
43.4630829418586,43.9626900764002,44.4622972109418,44.9619043454833,45.4615114800249,
45.9611186145665,46.460725749108,46.9603328836496,47.1238898038469),
 .UNSPECIFIED.);
#253=B_SPLINE_CURVE_WITH_KNOTS('',3,(#2294,#2295,#2296,#2297,#2298,#2299,
#2300,#2301,#2302,#2303,#2304,#2305,#2306,#2307,#2308,#2309,#2310),
 .UNSPECIFIED.,.F.,.F.,(4,1,1,1,1,1,1,1,1,1,1,1,1,1,4),(34.5575191894877,
34.7888337052053,35.2884408397469,35.7880479742885,36.28765510883,36.7872622433716,
37.2868693779131,37.7864765124547,38.2860836469963,38.7856907815379,39.2852979160794,
39.784905050621,40.2845121851626,40.7841193197041,40.8407044966674),
 .UNSPECIFIED.);
#254=B_SPLINE_CURVE_WITH_KNOTS('',3,(#2311,#2312,#2313,#2314,#2315,#2316,
#2317,#2318,#2319,#2320,#2321,#2322,#2323,#2324,#2325,#2326),
 .UNSPECIFIED.,.F.,.F.,(4,1,1,1,1,1,1,1,1,1,1,1,1,4),(34.5575191894877,
34.969761654652,35.4693687891936,35.9689759237352,36.4685830582767,36.9681901928183,
37.4677973273598,37.9674044619014,38.467011596443,38.9666187309845,39.4662258655261,
39.9658330000677,40.4654401346092,40.8407044966674),.UNSPECIFIED.);
#255=B_SPLINE_CURVE_WITH_KNOTS('',3,(#2331,#2332,#2333,#2334,#2335,#2336,
#2337,#2338,#2339,#2340,#2341,#2342,#2343,#2344,#2345,#2346,#2347),
 .UNSPECIFIED.,.F.,.F.,(4,1,1,1,1,1,1,1,1,1,1,1,1,1,4),(28.2743338823082,
28.293940956165,28.7935480907065,29.2931552252481,29.7927623597897,30.2923694943312,
30.7919766288728,31.2915837634144,31.7911908979559,32.2907980324975,32.7904051670391,
33.2900123015806,33.7896194361222,34.2892265706638,34.5575191894877),
 .UNSPECIFIED.);
#256=B_SPLINE_CURVE_WITH_KNOTS('',3,(#2348,#2349,#2350,#2351,#2352,#2353,
#2354,#2355,#2356,#2357,#2358,#2359,#2360,#2361,#2362,#2363,#2364),
 .UNSPECIFIED.,.F.,.F.,(4,1,1,1,1,1,1,1,1,1,1,1,1,1,4),(28.2743338823082,
28.4748689056117,28.9744760401532,29.4740831746948,29.9736903092364,30.4732974437779,
30.9729045783195,31.4725117128611,31.9721188474026,32.4717259819442,32.9713331164858,
33.4709402510273,33.9705473855689,34.4701545201105,34.5575191894877),
 .UNSPECIFIED.);
#257=B_SPLINE_CURVE_WITH_KNOTS('',3,(#2369,#2370,#2371,#2372,#2373,#2374,
#2375,#2376,#2377,#2378,#2379,#2380,#2381,#2382,#2383,#2384),
 .UNSPECIFIED.,.F.,.F.,(4,1,1,1,1,1,1,1,1,1,1,1,1,4),(21.9911485751285,
22.2986553416662,22.7982624762077,23.2978696107493,23.7974767452909,24.2970838798324,
24.796691014374,25.2962981489156,25.7959052834571,26.2955124179987,26.7951195525403,
27.2947266870818,27.7943338216234,28.2743338823082),.UNSPECIFIED.);
#258=B_SPLINE_CURVE_WITH_KNOTS('',3,(#2385,#2386,#2387,#2388,#2389,#2390,
#2391,#2392,#2393,#2394,#2395,#2396,#2397,#2398,#2399,#2400),
 .UNSPECIFIED.,.F.,.F.,(4,1,1,1,1,1,1,1,1,1,1,1,1,4),(21.9911485751285,
22.4795832911129,22.9791904256544,23.478797560196,23.9784046947376,24.4780118292791,
24.9776189638207,25.4772260983623,25.9768332329038,26.4764403674454,26.976047501987,
27.4756546365285,27.9752617710701,28.2743338823082),.UNSPECIFIED.);
#259=B_SPLINE_CURVE_WITH_KNOTS('',3,(#2407,#2408,#2409,#2410,#2411,#2412,
#2413,#2414,#2415,#2416,#2417,#2418,#2419,#2420,#2421,#2422),
 .UNSPECIFIED.,.F.,.F.,(4,1,1,1,1,1,1,1,1,1,1,1,1,4),(15.8037625926258,
16.3033697271674,16.8029768617089,17.3025839962505,17.8021911307921,18.3017982653336,
18.8014053998752,19.3010125344168,19.8006196689583,20.3002268034999,20.7998339380415,
21.299441072583,21.7990482071246,21.9911485751285),.UNSPECIFIED.);
#260=B_SPLINE_CURVE_WITH_KNOTS('',3,(#2423,#2424,#2425,#2426,#2427,#2428,
#2429,#2430,#2431,#2432,#2433,#2434,#2435,#2436,#2437,#2438,#2439),
 .UNSPECIFIED.,.F.,.F.,(4,1,1,1,1,1,1,1,1,1,1,1,1,1,4),(15.707963267949,
15.9846905420725,16.4842976766141,16.9839048111556,17.4835119456972,17.9831190802388,
18.4827262147803,18.9823333493219,19.4819404838635,19.981547618405,20.4811547529466,
20.9807618874882,21.4803690220297,21.9799761565713,21.9911485751285),
 .UNSPECIFIED.);
#261=B_SPLINE_CURVE_WITH_KNOTS('',3,(#2445,#2446,#2447,#2448,#2449,#2450,
#2451,#2452),.UNSPECIFIED.,.F.,.F.,(4,1,1,1,1,4),(91.106186954104,91.4027451375166,
91.8993973468579,92.3960495561993,92.8927017655406,93.2964418411528),
 .UNSPECIFIED.);
#262=B_SPLINE_CURVE_WITH_KNOTS('',3,(#2455,#2456,#2457,#2458,#2459),
 .UNSPECIFIED.,.F.,.F.,(4,1,4),(91.106186954104,91.5608725113032,92.0575247206445),
 .UNSPECIFIED.);
#263=B_SPLINE_CURVE_WITH_KNOTS('',3,(#2464,#2465,#2466,#2467,#2468,#2469,
#2470,#2471,#2472,#2473,#2474,#2475,#2476,#2477,#2478,#2479,#2480),
 .UNSPECIFIED.,.F.,.F.,(4,1,1,1,1,1,1,1,1,1,1,1,1,1,4),(84.8230016469245,
84.9462664160791,85.4429186254205,85.9395708347618,86.4362230441031,86.9328752534445,
87.4295274627858,87.9261796721272,88.4228318814685,88.9194840908099,89.4161363001512,
89.9127885094925,90.4094407188339,90.9060929281752,91.106186954104),
 .UNSPECIFIED.);
#264=B_SPLINE_CURVE_WITH_KNOTS('',3,(#2481,#2482,#2483,#2484,#2485,#2486,
#2487,#2488,#2489,#2490,#2491,#2492,#2493,#2494,#2495,#2496,#2497),
 .UNSPECIFIED.,.F.,.F.,(4,1,1,1,1,1,1,1,1,1,1,1,1,1,4),(84.8230016469245,
85.1043937898658,85.6010459992071,86.0976982085484,86.5943504178898,87.0910026272311,
87.5876548365725,88.0843070459138,88.5809592552551,89.0776114645965,89.5742636739378,
90.0709158832792,90.5675680926205,91.0642203019619,91.106186954104),
 .UNSPECIFIED.);
#265=B_SPLINE_CURVE_WITH_KNOTS('',3,(#2502,#2503,#2504,#2505,#2506,#2507,
#2508,#2509,#2510,#2511,#2512,#2513,#2514,#2515,#2516,#2517),
 .UNSPECIFIED.,.F.,.F.,(4,1,1,1,1,1,1,1,1,1,1,1,1,4),(78.5398163397448,
78.986439903983,79.4830921133243,79.9797443226657,80.476396532007,80.9730487413484,
81.4697009506897,81.966353160031,82.4630053693724,82.9596575787137,83.4563097880551,
83.9529619973964,84.4496142067378,84.8230016469245),.UNSPECIFIED.);
#266=B_SPLINE_CURVE_WITH_KNOTS('',3,(#2518,#2519,#2520,#2521,#2522,#2523,
#2524,#2525,#2526,#2527,#2528,#2529,#2530,#2531,#2532,#2533,#2534),
 .UNSPECIFIED.,.F.,.F.,(4,1,1,1,1,1,1,1,1,1,1,1,1,1,4),(78.5398163397448,
78.6479150684283,79.1445672777696,79.641219487111,80.1378716964523,80.6345239057936,
81.131176115135,81.6278283244763,82.1244805338177,82.621132743159,83.1177849525004,
83.6144371618417,84.1110893711831,84.6077415805244,84.8230016469245),
 .UNSPECIFIED.);
#267=B_SPLINE_CURVE_WITH_KNOTS('',3,(#2539,#2540,#2541,#2542,#2543,#2544,
#2545,#2546,#2547,#2548,#2549,#2550,#2551,#2552,#2553,#2554,#2555),
 .UNSPECIFIED.,.F.,.F.,(4,1,1,1,1,1,1,1,1,1,1,1,1,1,4),(72.2566310325651,
72.5299611825455,73.0266133918869,73.5232656012282,74.0199178105696,74.5165700199109,
75.0132222292522,75.5098744385936,76.0065266479349,76.5031788572763,76.9998310666176,
77.496483275959,77.9931354853003,78.4897876946416,78.5398163397448),
 .UNSPECIFIED.);
#268=B_SPLINE_CURVE_WITH_KNOTS('',3,(#2556,#2557,#2558,#2559,#2560,#2561,
#2562,#2563,#2564,#2565,#2566,#2567,#2568,#2569,#2570,#2571),
 .UNSPECIFIED.,.F.,.F.,(4,1,1,1,1,1,1,1,1,1,1,1,1,4),(72.2566310325651,
72.6880885563322,73.1847407656735,73.6813929750148,74.1780451843562,74.6746973936975,
75.1713496030389,75.6680018123802,76.1646540217216,76.6613062310629,77.1579584404043,
77.6546106497456,78.1512628590869,78.5398163397448),.UNSPECIFIED.);
#269=B_SPLINE_CURVE_WITH_KNOTS('',3,(#2576,#2577,#2578,#2579,#2580,#2581,
#2582,#2583,#2584,#2585,#2586,#2587,#2588,#2589,#2590,#2591,#2592),
 .UNSPECIFIED.,.F.,.F.,(4,1,1,1,1,1,1,1,1,1,1,1,1,1,4),(65.9734457253857,
66.0734824611081,66.5701346704494,67.0667868797908,67.5634390891321,68.0600912984735,
68.5567435078148,69.0533957171561,69.5500479264975,70.0467001358388,70.5433523451802,
71.0400045545215,71.5366567638629,72.0333089732042,72.2566310325651),
 .UNSPECIFIED.);
#270=B_SPLINE_CURVE_WITH_KNOTS('',3,(#2593,#2594,#2595,#2596,#2597,#2598,
#2599,#2600,#2601,#2602,#2603,#2604,#2605,#2606,#2607,#2608,#2609),
 .UNSPECIFIED.,.F.,.F.,(4,1,1,1,1,1,1,1,1,1,1,1,1,1,4),(65.9734457253857,
66.2316098348947,66.728262044236,67.2249142535774,67.7215664629187,68.2182186722601,
68.7148708816014,69.2115230909428,69.7081753002841,70.2048275096254,70.7014797189668,
71.1981319283081,71.6947841376495,72.1914363469908,72.2566310325651),
 .UNSPECIFIED.);
#271=B_SPLINE_CURVE_WITH_KNOTS('',3,(#2614,#2615,#2616,#2617,#2618,#2619,
#2620,#2621,#2622,#2623,#2624,#2625,#2626,#2627,#2628,#2629),
 .UNSPECIFIED.,.F.,.F.,(4,1,1,1,1,1,1,1,1,1,1,1,1,4),(59.690260418206,60.113655949012,
60.6103081583533,61.1069603676946,61.603612577036,62.1002647863773,62.5969169957187,
63.09356920506,63.5902214144014,64.0868736237427,64.5835258330841,65.0801780424254,
65.5768302517667,65.9734457253857),.UNSPECIFIED.);
#272=B_SPLINE_CURVE_WITH_KNOTS('',3,(#2630,#2631,#2632,#2633,#2634,#2635,
#2636,#2637,#2638,#2639,#2640,#2641,#2642,#2643,#2644,#2645,#2646),
 .UNSPECIFIED.,.F.,.F.,(4,1,1,1,1,1,1,1,1,1,1,1,1,1,4),(59.690260418206,
59.7751311134572,60.2717833227986,60.7684355321399,61.2650877414813,61.7617399508226,
62.2583921601639,62.7550443695053,63.2516965788466,63.748348788188,64.2450009975293,
64.7416532068707,65.238305416212,65.7349576255533,65.9734457253857),
 .UNSPECIFIED.);
#273=B_SPLINE_CURVE_WITH_KNOTS('',3,(#2651,#2652,#2653,#2654,#2655,#2656,
#2657,#2658,#2659,#2660,#2661,#2662,#2663,#2664,#2665,#2666,#2667),
 .UNSPECIFIED.,.F.,.F.,(4,1,1,1,1,1,1,1,1,1,1,1,1,1,4),(53.4070751110263,
53.6571772275745,54.1538294369158,54.6504816462572,55.1471338555985,55.6437860649399,
56.1404382742812,56.6370904836226,57.1337426929639,57.6303949023052,58.1270471116466,
58.6236993209879,59.1203515303293,59.6170037396706,59.690260418206),
 .UNSPECIFIED.);
#274=B_SPLINE_CURVE_WITH_KNOTS('',3,(#2668,#2669,#2670,#2671,#2672,#2673,
#2674,#2675,#2676,#2677,#2678,#2679,#2680,#2681,#2682,#2683),
 .UNSPECIFIED.,.F.,.F.,(4,1,1,1,1,1,1,1,1,1,1,1,1,4),(53.4070751110263,
53.8153046013611,54.3119568107025,54.8086090200438,55.3052612293851,55.8019134387265,
56.2985656480678,56.7952178574092,57.2918700667505,57.7885222760919,58.2851744854332,
58.7818266947745,59.2784789041159,59.690260418206),.UNSPECIFIED.);
#275=B_SPLINE_CURVE_WITH_KNOTS('',3,(#2688,#2689,#2690,#2691,#2692,#2693,
#2694,#2695,#2696,#2697,#2698,#2699,#2700,#2701,#2702,#2703,#2704),
 .UNSPECIFIED.,.F.,.F.,(4,1,1,1,1,1,1,1,1,1,1,1,1,1,4),(47.1238898038469,
47.200698506137,47.6973507154784,48.1940029248197,48.6906551341611,49.1873073435024,
49.6839595528437,50.1806117621851,50.6772639715264,51.1739161808678,51.6705683902091,
52.1672205995505,52.6638728088918,53.1605250182331,53.4070751110263),
 .UNSPECIFIED.);
#276=B_SPLINE_CURVE_WITH_KNOTS('',3,(#2705,#2706,#2707,#2708,#2709,#2710,
#2711,#2712,#2713,#2714,#2715,#2716,#2717,#2718,#2719,#2720,#2721),
 .UNSPECIFIED.,.F.,.F.,(4,1,1,1,1,1,1,1,1,1,1,1,1,1,4),(47.1238898038469,
47.3588258799236,47.855478089265,48.3521302986063,48.8487825079477,49.345434717289,
49.8420869266304,50.3387391359717,50.835391345313,51.3320435546544,51.8286957639957,
52.3253479733371,52.8220001826784,53.3186523920198,53.4070751110263),
 .UNSPECIFIED.);
#277=B_SPLINE_CURVE_WITH_KNOTS('',3,(#2726,#2727,#2728,#2729,#2730,#2731,
#2732,#2733,#2734,#2735,#2736,#2737,#2738,#2739,#2740,#2741),
 .UNSPECIFIED.,.F.,.F.,(4,1,1,1,1,1,1,1,1,1,1,1,1,4),(40.8407044966672,
41.2408719940409,41.7375242033823,42.2341764127236,42.7308286220649,43.2274808314063,
43.7241330407476,44.220785250089,44.7174374594303,45.2140896687717,45.710741878113,
46.2073940874543,46.7040462967957,47.1238898038469),.UNSPECIFIED.);
#278=B_SPLINE_CURVE_WITH_KNOTS('',3,(#2742,#2743,#2744,#2745,#2746,#2747,
#2748,#2749,#2750,#2751,#2752,#2753,#2754,#2755,#2756,#2757,#2758),
 .UNSPECIFIED.,.F.,.F.,(4,1,1,1,1,1,1,1,1,1,1,1,1,1,4),(40.8407044966672,
40.9023471584862,41.3989993678275,41.8956515771689,42.3923037865102,42.8889559958516,
43.3856082051929,43.8822604145342,44.3789126238756,44.8755648332169,45.3722170425583,
45.8688692518996,46.365521461241,46.8621736705823,47.1238898038469),
 .UNSPECIFIED.);
#279=B_SPLINE_CURVE_WITH_KNOTS('',3,(#2763,#2764,#2765,#2766,#2767,#2768,
#2769,#2770,#2771,#2772,#2773,#2774,#2775,#2776,#2777,#2778,#2779),
 .UNSPECIFIED.,.F.,.F.,(4,1,1,1,1,1,1,1,1,1,1,1,1,1,4),(34.5575191894878,
34.7843932726035,35.2810454819448,35.7776976912861,36.2743499006275,36.7710021099688,
37.2676543193102,37.7643065286515,38.2609587379929,38.7576109473342,39.2542631566755,
39.7509153660169,40.2475675753582,40.7442197846996,40.8407044966672),
 .UNSPECIFIED.);
#280=B_SPLINE_CURVE_WITH_KNOTS('',3,(#2780,#2781,#2782,#2783,#2784,#2785,
#2786,#2787,#2788,#2789,#2790,#2791,#2792,#2793,#2794,#2795),
 .UNSPECIFIED.,.F.,.F.,(4,1,1,1,1,1,1,1,1,1,1,1,1,4),(34.5575191894878,
34.9425206463901,35.4391728557314,35.9358250650727,36.4324772744141,36.9291294837554,
37.4257816930968,37.9224339024381,38.4190861117795,38.9157383211208,39.4123905304621,
39.9090427398035,40.4056949491448,40.8407044966672),.UNSPECIFIED.);
#281=B_SPLINE_CURVE_WITH_KNOTS('',3,(#2800,#2801,#2802,#2803,#2804,#2805,
#2806,#2807,#2808,#2809,#2810,#2811,#2812,#2813,#2814,#2815,#2816),
 .UNSPECIFIED.,.F.,.F.,(4,1,1,1,1,1,1,1,1,1,1,1,1,1,4),(28.2743338823081,
28.327914551166,28.8245667605073,29.3212189698487,29.81787117919,30.3145233885314,
30.8111755978727,31.307827807214,31.8044800165554,32.3011322258967,32.7977844352381,
33.2944366445794,33.7910888539208,34.2877410632621,34.5575191894878),
 .UNSPECIFIED.);
#282=B_SPLINE_CURVE_WITH_KNOTS('',3,(#2817,#2818,#2819,#2820,#2821,#2822,
#2823,#2824,#2825,#2826,#2827,#2828,#2829,#2830,#2831,#2832,#2833),
 .UNSPECIFIED.,.F.,.F.,(4,1,1,1,1,1,1,1,1,1,1,1,1,1,4),(28.2743338823081,
28.4860419249526,28.9826941342939,29.4793463436353,29.9759985529766,30.472650762318,
30.9693029716593,31.4659551810007,31.962607390342,32.4592595996833,32.9559118090247,
33.452564018366,33.9492162277074,34.4458684370487,34.5575191894878),
 .UNSPECIFIED.);
#283=B_SPLINE_CURVE_WITH_KNOTS('',3,(#2838,#2839,#2840,#2841,#2842,#2843,
#2844,#2845,#2846,#2847,#2848,#2849,#2850,#2851,#2852,#2853),
 .UNSPECIFIED.,.F.,.F.,(4,1,1,1,1,1,1,1,1,1,1,1,1,4),(21.9911485751284,
22.3680880390699,22.8647402484112,23.3613924577526,23.8580446670939,24.3546968764352,
24.8513490857766,25.3480012951179,25.8446535044593,26.3413057138006,26.837957923142,
27.3346101324833,27.8312623418246,28.2743338823081),.UNSPECIFIED.);
#284=B_SPLINE_CURVE_WITH_KNOTS('',3,(#2854,#2855,#2856,#2857,#2858,#2859,
#2860,#2861,#2862,#2863,#2864,#2865,#2866,#2867,#2868,#2869,#2870),
 .UNSPECIFIED.,.F.,.F.,(4,1,1,1,1,1,1,1,1,1,1,1,1,1,4),(21.9911485751284,
22.0295632035151,22.5262154128565,23.0228676221978,23.5195198315392,24.0161720408805,
24.5128242502219,25.0094764595632,25.5061286689045,26.0027808782459,26.4994330875872,
26.9960852969286,27.4927375062699,27.9893897156113,28.2743338823081),
 .UNSPECIFIED.);
#285=B_SPLINE_CURVE_WITH_KNOTS('',3,(#2876,#2877,#2878,#2879,#2880,#2881,
#2882,#2883,#2884,#2885,#2886,#2887,#2888,#2889,#2890,#2891,#2892,#2893,
#2894,#2895,#2896,#2897,#2898,#2899,#2900,#2901,#2902,#2903,#2904,#2905,
#2906,#2907,#2908,#2909),.UNSPECIFIED.,.F.,.F.,(4,3,3,3,3,3,3,3,3,3,3,4),
(70.2432215835293,70.5246137264708,71.0212659358121,71.5179181451534,72.0145703544948,
72.5112225638361,73.0078747731775,73.5045269825188,74.0011791918601,74.4978314012015,
74.9944836105428,75.398223686155),.UNSPECIFIED.);
#286=B_SPLINE_CURVE_WITH_KNOTS('',3,(#2917,#2918,#2919,#2920,#2921,#2922,
#2923,#2924,#2925,#2926,#2927,#2928,#2929,#2930,#2931,#2932,#2933,#2934,
#2935,#2936,#2937,#2938,#2939,#2940,#2941,#2942,#2943,#2944),
 .UNSPECIFIED.,.F.,.F.,(4,3,3,3,3,3,3,3,3,4),(-77.4777446572495,-76.9810924479082,
-76.4844402385669,-75.9877880292255,-75.4911358198842,-74.9944836105428,
-74.4978314012015,-74.0011791918601,-73.5045269825188,-73.2079687991062),
 .UNSPECIFIED.);
#287=B_SPLINE_CURVE_WITH_KNOTS('',3,(#2949,#2950,#2951,#2952,#2953,#2954,
#2955,#2956,#2957,#2958,#2959,#2960,#2961,#2962,#2963,#2964,#2965,#2966,
#2967,#2968,#2969,#2970,#2971,#2972,#2973,#2974,#2975,#2976,#2977,#2978,
#2979,#2980,#2981,#2982,#2983,#2984,#2985,#2986,#2987,#2988,#2989,#2990,
#2991),.UNSPECIFIED.,.F.,.F.,(4,3,3,3,3,3,3,3,3,3,3,3,3,3,4),(63.9600362763498,
64.0681350050333,64.5647872143746,65.061439423716,65.5580916330573,66.0547438423987,
66.55139605174,67.0480482610813,67.5447004704227,68.041352679764,68.5380048891054,
69.0346570984467,69.5313093077881,70.0279615171294,70.2432215835293),
 .UNSPECIFIED.);
#288=B_SPLINE_CURVE_WITH_KNOTS('',3,(#2992,#2993,#2994,#2995,#2996,#2997,
#2998,#2999,#3000,#3001,#3002,#3003,#3004,#3005,#3006,#3007,#3008,#3009,
#3010,#3011,#3012,#3013,#3014,#3015,#3016,#3017,#3018,#3019,#3020,#3021,
#3022,#3023,#3024,#3025,#3026,#3027,#3028,#3029,#3030,#3031,#3032,#3033,
#3034),.UNSPECIFIED.,.F.,.F.,(4,3,3,3,3,3,3,3,3,3,3,3,3,3,4),(-73.2079687991062,
-73.0078747731775,-72.5112225638361,-72.0145703544948,-71.5179181451534,
-71.0212659358121,-70.5246137264707,-70.0279615171294,-69.5313093077881,
-69.0346570984467,-68.5380048891054,-68.041352679764,-67.5447004704227,
-67.0480482610813,-66.9247834919267),.UNSPECIFIED.);
#289=B_SPLINE_CURVE_WITH_KNOTS('',3,(#3039,#3040,#3041,#3042,#3043,#3044,
#3045,#3046,#3047,#3048,#3049,#3050,#3051,#3052,#3053,#3054,#3055,#3056,
#3057,#3058,#3059,#3060,#3061,#3062,#3063,#3064,#3065,#3066,#3067,#3068,
#3069,#3070,#3071,#3072,#3073,#3074,#3075,#3076,#3077,#3078),
 .UNSPECIFIED.,.F.,.F.,(4,3,3,3,3,3,3,3,3,3,3,3,3,4),(57.6768509691702,
58.1083084929372,58.6049607022785,59.1016129116199,59.5982651209612,60.0949173303026,
60.5915695396439,61.0882217489852,61.5848739583266,62.0815261676679,62.5781783770093,
63.0748305863506,63.5714827956919,63.9600362763498),.UNSPECIFIED.);
#290=B_SPLINE_CURVE_WITH_KNOTS('',3,(#3079,#3080,#3081,#3082,#3083,#3084,
#3085,#3086,#3087,#3088,#3089,#3090,#3091,#3092,#3093,#3094,#3095,#3096,
#3097,#3098,#3099,#3100,#3101,#3102,#3103,#3104,#3105,#3106,#3107,#3108,
#3109,#3110,#3111,#3112,#3113,#3114,#3115,#3116,#3117,#3118),
 .UNSPECIFIED.,.F.,.F.,(4,3,3,3,3,3,3,3,3,3,3,3,3,4),(-66.9247834919267,
-66.55139605174,-66.0547438423987,-65.5580916330573,-65.061439423716,-64.5647872143746,
-64.0681350050333,-63.5714827956919,-63.0748305863506,-62.5781783770093,
-62.0815261676679,-61.5848739583266,-61.0882217489852,-60.641598184747),
 .UNSPECIFIED.);
#291=B_SPLINE_CURVE_WITH_KNOTS('',3,(#3123,#3124,#3125,#3126,#3127,#3128,
#3129,#3130,#3131,#3132,#3133,#3134,#3135,#3136,#3137,#3138,#3139,#3140,
#3141,#3142,#3143,#3144,#3145,#3146,#3147,#3148,#3149,#3150,#3151,#3152,
#3153,#3154,#3155,#3156,#3157,#3158,#3159,#3160,#3161,#3162,#3163,#3164,
#3165),.UNSPECIFIED.,.F.,.F.,(4,3,3,3,3,3,3,3,3,3,3,3,3,3,4),(51.3936656619905,
51.6518297714997,52.148481980841,52.6451341901824,53.1417863995238,53.6384386088651,
54.1350908182064,54.6317430275478,55.1283952368891,55.6250474462305,56.1216996555718,
56.6183518649132,57.1150040742545,57.6116562835958,57.6768509691702),
 .UNSPECIFIED.);
#292=B_SPLINE_CURVE_WITH_KNOTS('',3,(#3166,#3167,#3168,#3169,#3170,#3171,
#3172,#3173,#3174,#3175,#3176,#3177,#3178,#3179,#3180,#3181,#3182,#3183,
#3184,#3185,#3186,#3187,#3188,#3189,#3190,#3191,#3192,#3193,#3194,#3195,
#3196,#3197,#3198,#3199,#3200,#3201,#3202,#3203,#3204,#3205,#3206,#3207,
#3208),.UNSPECIFIED.,.F.,.F.,(4,3,3,3,3,3,3,3,3,3,3,3,3,3,4),(-60.641598184747,
-60.5915695396439,-60.0949173303025,-59.5982651209612,-59.1016129116198,
-58.6049607022785,-58.1083084929372,-57.6116562835958,-57.1150040742545,
-56.6183518649131,-56.1216996555718,-55.6250474462304,-55.1283952368891,
-54.6317430275478,-54.3584128775674),.UNSPECIFIED.);
#293=B_SPLINE_CURVE_WITH_KNOTS('',3,(#3213,#3214,#3215,#3216,#3217,#3218,
#3219,#3220,#3221,#3222,#3223,#3224,#3225,#3226,#3227,#3228,#3229,#3230,
#3231,#3232,#3233,#3234,#3235,#3236,#3237,#3238,#3239,#3240,#3241,#3242,
#3243,#3244,#3245,#3246,#3247,#3248,#3249,#3250,#3251,#3252,#3253,#3254,
#3255),.UNSPECIFIED.,.F.,.F.,(4,3,3,3,3,3,3,3,3,3,3,3,3,3,4),(45.110480354811,
45.1953510500622,45.6920032594036,46.1886554687449,46.6853076780863,47.1819598874276,
47.678612096769,48.1752643061103,48.6719165154516,49.168568724793,49.6652209341343,
50.1618731434757,50.658525352817,51.1551775621584,51.3936656619905),
 .UNSPECIFIED.);
#294=B_SPLINE_CURVE_WITH_KNOTS('',3,(#3256,#3257,#3258,#3259,#3260,#3261,
#3262,#3263,#3264,#3265,#3266,#3267,#3268,#3269,#3270,#3271,#3272,#3273,
#3274,#3275,#3276,#3277,#3278,#3279,#3280,#3281,#3282,#3283,#3284,#3285,
#3286,#3287,#3288,#3289,#3290,#3291,#3292,#3293,#3294,#3295,#3296,#3297,
#3298),.UNSPECIFIED.,.F.,.F.,(4,3,3,3,3,3,3,3,3,3,3,3,3,3,4),(-54.3584128775674,
-54.1350908182064,-53.6384386088651,-53.1417863995237,-52.6451341901824,
-52.148481980841,-51.6518297714997,-51.1551775621584,-50.658525352817,-50.1618731434757,
-49.6652209341343,-49.168568724793,-48.6719165154516,-48.1752643061103,
-48.0752275703879),.UNSPECIFIED.);
#295=B_SPLINE_CURVE_WITH_KNOTS('',3,(#3303,#3304,#3305,#3306,#3307,#3308,
#3309,#3310,#3311,#3312,#3313,#3314,#3315,#3316,#3317,#3318,#3319,#3320,
#3321,#3322,#3323,#3324,#3325,#3326,#3327,#3328,#3329,#3330,#3331,#3332,
#3333,#3334,#3335,#3336,#3337,#3338,#3339,#3340,#3341,#3342),
 .UNSPECIFIED.,.F.,.F.,(4,3,3,3,3,3,3,3,3,3,3,3,3,4),(38.8272950476314,
39.2355245379661,39.7321767473075,40.2288289566488,40.7254811659901,41.2221333753315,
41.7187855846728,42.2154377940142,42.7120900033555,43.2087422126969,43.7053944220382,
44.2020466313796,44.6986988407209,45.110480354811),.UNSPECIFIED.);
#296=B_SPLINE_CURVE_WITH_KNOTS('',3,(#3343,#3344,#3345,#3346,#3347,#3348,
#3349,#3350,#3351,#3352,#3353,#3354,#3355,#3356,#3357,#3358,#3359,#3360,
#3361,#3362,#3363,#3364,#3365,#3366,#3367,#3368,#3369,#3370,#3371,#3372,
#3373,#3374,#3375,#3376,#3377,#3378,#3379,#3380,#3381,#3382),
 .UNSPECIFIED.,.F.,.F.,(4,3,3,3,3,3,3,3,3,3,3,3,3,4),(-48.0752275703879,
-47.678612096769,-47.1819598874276,-46.6853076780863,-46.1886554687449,
-45.6920032594036,-45.1953510500622,-44.6986988407209,-44.2020466313795,
-43.7053944220382,-43.2087422126969,-42.7120900033555,-42.2154377940142,
-41.7920422632082),.UNSPECIFIED.);
#297=B_SPLINE_CURVE_WITH_KNOTS('',3,(#3387,#3388,#3389,#3390,#3391,#3392,
#3393,#3394,#3395,#3396,#3397,#3398,#3399,#3400,#3401,#3402,#3403,#3404,
#3405,#3406,#3407,#3408,#3409,#3410,#3411,#3412,#3413,#3414,#3415,#3416,
#3417,#3418,#3419,#3420,#3421,#3422,#3423,#3424,#3425,#3426,#3427,#3428,
#3429),.UNSPECIFIED.,.F.,.F.,(4,3,3,3,3,3,3,3,3,3,3,3,3,3,4),(32.5441097404519,
32.7790458165287,33.27569802587,33.7723502352113,34.2690024445527,34.765654653894,
35.2623068632354,35.7589590725767,36.2556112819181,36.7522634912594,37.2489157006008,
37.7455679099421,38.2422201192834,38.7388723286248,38.8272950476314),
 .UNSPECIFIED.);
#298=B_SPLINE_CURVE_WITH_KNOTS('',3,(#3430,#3431,#3432,#3433,#3434,#3435,
#3436,#3437,#3438,#3439,#3440,#3441,#3442,#3443,#3444,#3445,#3446,#3447,
#3448,#3449,#3450,#3451,#3452,#3453,#3454,#3455,#3456,#3457,#3458,#3459,
#3460,#3461,#3462,#3463,#3464,#3465,#3466,#3467,#3468,#3469,#3470,#3471,
#3472),.UNSPECIFIED.,.F.,.F.,(4,3,3,3,3,3,3,3,3,3,3,3,3,3,4),(-41.7920422632082,
-41.7187855846728,-41.2221333753315,-40.7254811659901,-40.2288289566488,
-39.7321767473075,-39.2355245379661,-38.7388723286248,-38.2422201192834,
-37.7455679099421,-37.2489157006008,-36.7522634912594,-36.2556112819181,
-35.7589590725767,-35.5088569560286),.UNSPECIFIED.);
#299=B_SPLINE_CURVE_WITH_KNOTS('',3,(#3477,#3478,#3479,#3480,#3481,#3482,
#3483,#3484,#3485,#3486,#3487,#3488,#3489,#3490,#3491,#3492,#3493,#3494,
#3495,#3496,#3497,#3498,#3499,#3500,#3501,#3502,#3503,#3504,#3505,#3506,
#3507,#3508,#3509,#3510,#3511,#3512,#3513,#3514,#3515,#3516,#3517,#3518,
#3519),.UNSPECIFIED.,.F.,.F.,(4,3,3,3,3,3,3,3,3,3,3,3,3,3,4),(26.2609244332722,
26.3225670950912,26.8192193044325,27.3158715137739,27.8125237231152,28.3091759324566,
28.8058281417979,29.3024803511393,29.7991325604806,30.2957847698219,30.7924369791633,
31.2890891885046,31.785741397846,32.2823936071873,32.5441097404519),
 .UNSPECIFIED.);
#300=B_SPLINE_CURVE_WITH_KNOTS('',3,(#3520,#3521,#3522,#3523,#3524,#3525,
#3526,#3527,#3528,#3529,#3530,#3531,#3532,#3533,#3534,#3535,#3536,#3537,
#3538,#3539,#3540,#3541,#3542,#3543,#3544,#3545,#3546,#3547,#3548,#3549,
#3550,#3551,#3552,#3553,#3554,#3555,#3556,#3557,#3558,#3559,#3560,#3561,
#3562),.UNSPECIFIED.,.F.,.F.,(4,3,3,3,3,3,3,3,3,3,3,3,3,3,4),(-35.5088569560286,
-35.2623068632354,-34.765654653894,-34.2690024445527,-33.7723502352113,
-33.27569802587,-32.7790458165287,-32.2823936071873,-31.785741397846,-31.2890891885046,
-30.7924369791633,-30.2957847698219,-29.7991325604806,-29.3024803511393,
-29.2256716488491),.UNSPECIFIED.);
#301=B_SPLINE_CURVE_WITH_KNOTS('',3,(#3567,#3568,#3569,#3570,#3571,#3572,
#3573,#3574,#3575,#3576,#3577,#3578,#3579,#3580,#3581,#3582,#3583,#3584,
#3585,#3586,#3587,#3588,#3589,#3590,#3591,#3592,#3593,#3594,#3595,#3596,
#3597,#3598,#3599,#3600,#3601,#3602,#3603,#3604,#3605,#3606),
 .UNSPECIFIED.,.F.,.F.,(4,3,3,3,3,3,3,3,3,3,3,3,3,4),(19.9777391260926,
20.3627405829951,20.8593927923364,21.3560450016778,21.8526972110191,22.3493494203605,
22.8460016297018,23.3426538390431,23.8393060483845,24.3359582577258,24.8326104670672,
25.3292626764085,25.8259148857499,26.2609244332722),.UNSPECIFIED.);
#302=B_SPLINE_CURVE_WITH_KNOTS('',3,(#3607,#3608,#3609,#3610,#3611,#3612,
#3613,#3614,#3615,#3616,#3617,#3618,#3619,#3620,#3621,#3622,#3623,#3624,
#3625,#3626,#3627,#3628,#3629,#3630,#3631,#3632,#3633,#3634,#3635,#3636,
#3637,#3638,#3639,#3640,#3641,#3642,#3643,#3644,#3645,#3646),
 .UNSPECIFIED.,.F.,.F.,(4,3,3,3,3,3,3,3,3,3,3,3,3,4),(-29.2256716488491,
-28.8058281417979,-28.3091759324566,-27.8125237231152,-27.3158715137739,
-26.8192193044325,-26.3225670950912,-25.8259148857499,-25.3292626764085,
-24.8326104670672,-24.3359582577258,-23.8393060483845,-23.3426538390431,
-22.9424863416694),.UNSPECIFIED.);
#303=B_SPLINE_CURVE_WITH_KNOTS('',3,(#3651,#3652,#3653,#3654,#3655,#3656,
#3657,#3658,#3659,#3660,#3661,#3662,#3663,#3664,#3665,#3666,#3667,#3668,
#3669,#3670,#3671,#3672,#3673,#3674,#3675,#3676,#3677,#3678,#3679,#3680,
#3681,#3682,#3683,#3684,#3685,#3686,#3687,#3688,#3689,#3690,#3691,#3692,
#3693),.UNSPECIFIED.,.F.,.F.,(4,3,3,3,3,3,3,3,3,3,3,3,3,3,4),(13.6945538189131,
13.9062618615576,14.402914070899,14.8995662802403,15.3962184895816,15.892870698923,
16.3895229082643,16.8861751176057,17.382827326947,17.8794795362884,18.3761317456297,
18.8727839549711,19.3694361643124,19.8660883736537,19.9777391260926),
 .UNSPECIFIED.);
#304=B_SPLINE_CURVE_WITH_KNOTS('',3,(#3694,#3695,#3696,#3697,#3698,#3699,
#3700,#3701,#3702,#3703,#3704,#3705,#3706,#3707,#3708,#3709,#3710,#3711,
#3712,#3713,#3714,#3715,#3716,#3717,#3718,#3719,#3720,#3721,#3722,#3723,
#3724,#3725,#3726,#3727,#3728,#3729,#3730,#3731,#3732,#3733,#3734,#3735,
#3736),.UNSPECIFIED.,.F.,.F.,(4,3,3,3,3,3,3,3,3,3,3,3,3,3,4),(-22.9424863416694,
-22.8460016297018,-22.3493494203605,-21.8526972110191,-21.3560450016778,
-20.8593927923364,-20.3627405829951,-19.8660883736537,-19.3694361643124,
-18.872783954971,-18.3761317456297,-17.8794795362884,-17.382827326947,-16.8861751176057,
-16.65930103449),.UNSPECIFIED.);
#305=B_SPLINE_CURVE_WITH_KNOTS('',3,(#3741,#3742,#3743,#3744,#3745,#3746,
#3747,#3748,#3749,#3750,#3751,#3752,#3753,#3754,#3755,#3756,#3757,#3758,
#3759,#3760,#3761,#3762,#3763,#3764,#3765,#3766,#3767,#3768,#3769,#3770,
#3771,#3772,#3773,#3774,#3775,#3776,#3777,#3778,#3779,#3780,#3781,#3782,
#3783),.UNSPECIFIED.,.F.,.F.,(4,3,3,3,3,3,3,3,3,3,3,3,3,3,4),(7.41136851173343,
7.44978314012015,7.9464353494615,8.44308755880284,8.93973976814418,9.43639197748552,
9.93304418682687,10.4296963961682,10.9263486055096,11.4230008148509,11.9196530241922,
12.4163052335336,12.9129574428749,13.4096096522163,13.6945538189131),
 .UNSPECIFIED.);
#306=B_SPLINE_CURVE_WITH_KNOTS('',3,(#3784,#3785,#3786,#3787,#3788,#3789,
#3790,#3791,#3792,#3793,#3794,#3795,#3796,#3797,#3798,#3799,#3800,#3801,
#3802,#3803,#3804,#3805,#3806,#3807,#3808,#3809,#3810,#3811,#3812,#3813,
#3814,#3815,#3816,#3817,#3818,#3819,#3820,#3821,#3822,#3823,#3824,#3825,
#3826),.UNSPECIFIED.,.F.,.F.,(4,3,3,3,3,3,3,3,3,3,3,3,3,3,4),(-16.65930103449,
-16.3895229082643,-15.892870698923,-15.3962184895816,-14.8995662802403,
-14.402914070899,-13.9062618615576,-13.4096096522163,-12.9129574428749,
-12.4163052335336,-11.9196530241922,-11.4230008148509,-10.9263486055096,
-10.4296963961682,-10.3761157273103),.UNSPECIFIED.);
#307=B_SPLINE_CURVE_WITH_KNOTS('',3,(#3835,#3836,#3837,#3838,#3839,#3840,
#3841,#3842,#3843,#3844),.UNSPECIFIED.,.F.,.F.,(4,3,3,4),(0.,0.496652209341342,
0.993304418682687,1.12818320455398),.UNSPECIFIED.);
#308=B_SPLINE_CURVE_WITH_KNOTS('',3,(#3848,#3849,#3850,#3851,#3852,#3853,
#3854,#3855,#3856,#3857,#3858,#3859,#3860,#3861,#3862,#3863),
 .UNSPECIFIED.,.F.,.F.,(4,3,3,3,3,4),(-4.09293042013064,-3.97321767473075,
-3.47656546538941,-2.97991325604806,-2.48326104670672,-2.07952097109455),
 .UNSPECIFIED.);
#309=B_SPLINE_CURVE_WITH_KNOTS('',3,(#3901,#3902,#3903,#3904,#3905,#3906,
#3907,#3908,#3909,#3910,#3911,#3912,#3913,#3914,#3915,#3916,#3917,#3918,
#3919,#3920,#3921,#3922,#3923,#3924,#3925,#3926,#3927,#3928,#3929,#3930,
#3931,#3932,#3933,#3934,#3935,#3936,#3937,#3938,#3939,#3940),
 .UNSPECIFIED.,.F.,.F.,(4,3,3,3,3,3,3,3,3,3,3,3,3,4),(1.12818320455398,
1.48995662802403,1.98660883736537,2.48326104670672,2.97991325604806,3.47656546538941,
3.97321767473075,4.46986988407209,4.96652209341343,5.46317430275478,5.95982651209612,
6.45647872143746,6.9531309307788,7.41136851173343),.UNSPECIFIED.);
#310=B_SPLINE_CURVE_WITH_KNOTS('',3,(#3941,#3942,#3943,#3944,#3945,#3946,
#3947,#3948,#3949,#3950,#3951,#3952,#3953,#3954,#3955,#3956,#3957,#3958,
#3959,#3960,#3961,#3962,#3963,#3964,#3965,#3966,#3967,#3968,#3969,#3970,
#3971,#3972,#3973,#3974,#3975,#3976,#3977,#3978,#3979,#3980),
 .UNSPECIFIED.,.F.,.F.,(4,3,3,3,3,3,3,3,3,3,3,3,3,4),(-10.3761157273103,
-9.93304418682687,-9.43639197748552,-8.93973976814418,-8.44308755880284,
-7.94643534946149,-7.44978314012015,-6.95313093077881,-6.45647872143746,
-5.95982651209612,-5.46317430275477,-4.96652209341343,-4.46986988407209,
-4.09293042013064),.UNSPECIFIED.);
#311=B_SPLINE_CURVE_WITH_KNOTS('',3,(#3985,#3986,#3987,#3988,#3989,#3990,
#3991,#3992,#3993,#3994,#3995,#3996,#3997,#3998,#3999,#4000,#4001,#4002,
#4003,#4004,#4005,#4006,#4007,#4008,#4009,#4010,#4011,#4012,#4013,#4014,
#4015,#4016,#4017,#4018,#4019,#4020,#4021,#4022,#4023,#4024,#4025,#4026,
#4027,#4028,#4029,#4030,#4031,#4032,#4033,#4034,#4035,#4036,#4037,#4038,
#4039,#4040,#4041,#4042,#4043,#4044,#4045,#4046,#4047,#4048,#4049,#4050,
#4051,#4052,#4053,#4054,#4055,#4056,#4057,#4058,#4059,#4060,#4061,#4062,
#4063,#4064,#4065,#4066,#4067,#4068,#4069,#4070,#4071,#4072,#4073,#4074,
#4075,#4076,#4077,#4078,#4079,#4080,#4081,#4082,#4083,#4084,#4085,#4086,
#4087,#4088,#4089,#4090,#4091,#4092,#4093,#4094,#4095,#4096,#4097,#4098,
#4099,#4100,#4101,#4102,#4103,#4104,#4105,#4106,#4107,#4108,#4109,#4110,
#4111,#4112,#4113,#4114),.UNSPECIFIED.,.F.,.F.,(4,3,3,3,3,3,3,3,3,3,3,3,
3,3,3,3,3,3,3,3,3,3,3,3,3,3,3,3,3,3,3,3,3,3,3,3,3,3,3,3,3,3,3,4),(-2.43230470134186,
-2.34952327712496,-2.32630804460979,-2.24388736341313,-2.18284240475177,
-2.15348836867981,-2.13534553933388,-2.12468769819708,-2.04195091699733,
-1.95873973289522,-1.87583922371512,-1.8457613413169,-1.83481288807229,
-1.82542166274828,-1.75552769412225,-1.67282713639572,-1.58931654893174,
-1.50550853668867,-1.42337598446806,-1.39257627738533,-1.3812071263448,
-1.37233112054415,-1.28828421418584,-1.20394092888885,-1.17697832780622,
-1.09289676265213,-1.00857117170296,-0.956459438354964,-0.932547280205506,
-0.923433580690942,-0.838971157221755,-0.75407221440577,-0.669398402408674,
-0.59167730491896,-0.51771764180409,-0.485360289191334,-0.465646414014984,
-0.456992636058786,-0.372805867715342,-0.287701009020378,-0.20218474739873,
-0.117009927742275,-0.0330246484817162,0.),.UNSPECIFIED.);
#312=B_SPLINE_CURVE_WITH_KNOTS('',3,(#4115,#4116,#4117,#4118,#4119,#4120,
#4121,#4122,#4123,#4124,#4125,#4126,#4127,#4128,#4129,#4130,#4131,#4132,
#4133,#4134,#4135,#4136,#4137,#4138,#4139,#4140,#4141,#4142,#4143,#4144,
#4145,#4146,#4147,#4148,#4149,#4150,#4151,#4152,#4153,#4154,#4155,#4156,
#4157,#4158,#4159,#4160,#4161,#4162,#4163,#4164,#4165,#4166,#4167,#4168,
#4169,#4170,#4171,#4172,#4173,#4174,#4175,#4176,#4177,#4178,#4179,#4180,
#4181,#4182,#4183,#4184,#4185,#4186,#4187,#4188,#4189,#4190,#4191,#4192,
#4193,#4194,#4195,#4196,#4197,#4198,#4199,#4200,#4201,#4202,#4203,#4204,
#4205,#4206,#4207,#4208,#4209,#4210,#4211,#4212,#4213,#4214,#4215,#4216,
#4217,#4218,#4219,#4220,#4221,#4222,#4223,#4224,#4225,#4226,#4227,#4228,
#4229,#4230,#4231,#4232,#4233,#4234,#4235,#4236,#4237,#4238,#4239,#4240,
#4241,#4242,#4243,#4244),.UNSPECIFIED.,.F.,.F.,(4,3,3,3,3,3,3,3,3,3,3,3,
3,3,3,3,3,3,3,3,3,3,3,3,3,3,3,3,3,3,3,3,3,3,3,3,3,3,3,3,3,3,3,4),(-2.42980247828698,
-2.34460744675115,-2.31890645763637,-2.23362444897145,-2.17066308219144,
-2.13892885655973,-2.12077661660253,-2.11021231259733,-2.02537364888326,
-1.9405152927201,-1.85621462556025,-1.82464434785302,-1.81125607234945,
-1.80270463880117,-1.72993351473133,-1.6458934053465,-1.56128312694461,
-1.47667930751491,-1.39415019799613,-1.36320178192659,-1.35246330238074,
-1.34469785318337,-1.2607539096749,-1.17688479575983,-1.1465628694398,-1.06252113135772,
-0.978546199806251,-0.927452762811553,-0.903838260842919,-0.895702878353075,
-0.81236906941105,-0.728863900130727,-0.645994241772088,-0.569798703848674,
-0.49857386586759,-0.467412999250865,-0.448717016613411,-0.440081289084605,
-0.357908235388588,-0.275068496751429,-0.192269790016111,-0.110043460684893,
-0.0292048302740552,0.),.UNSPECIFIED.);
#313=B_SPLINE_CURVE_WITH_KNOTS('',3,(#4882,#4883,#4884,#4885,#4886,#4887,
#4888,#4889,#4890,#4891,#4892,#4893,#4894,#4895,#4896,#4897,#4898,#4899,
#4900,#4901,#4902,#4903,#4904,#4905,#4906,#4907,#4908,#4909,#4910,#4911,
#4912,#4913,#4914,#4915,#4916,#4917,#4918,#4919,#4920,#4921,#4922,#4923,
#4924,#4925,#4926,#4927,#4928,#4929,#4930,#4931,#4932,#4933,#4934,#4935,
#4936,#4937,#4938,#4939,#4940,#4941,#4942,#4943,#4944,#4945,#4946,#4947,
#4948,#4949,#4950,#4951,#4952,#4953,#4954,#4955,#4956,#4957,#4958,#4959,
#4960,#4961,#4962,#4963,#4964,#4965,#4966,#4967,#4968,#4969,#4970,#4971,
#4972,#4973,#4974,#4975,#4976,#4977,#4978,#4979,#4980,#4981,#4982,#4983,
#4984,#4985,#4986,#4987,#4988,#4989,#4990,#4991,#4992,#4993,#4994,#4995,
#4996,#4997,#4998,#4999,#5000,#5001,#5002,#5003,#5004,#5005,#5006,#5007,
#5008,#5009,#5010,#5011),.UNSPECIFIED.,.F.,.F.,(4,3,3,3,3,3,3,3,3,3,3,3,
3,3,3,3,3,3,3,3,3,3,3,3,3,3,3,3,3,3,3,3,3,3,3,3,3,3,3,3,3,3,3,4),(-2.43230470134179,
-2.34952327696594,-2.32630804460974,-2.2438873630799,-2.18284240446019,
-2.15348836871372,-2.13534553927408,-2.12468769912248,-2.04195091756953,
-1.95873973361349,-1.87583922465911,-1.84576134202489,-1.83481289527366,
-1.82542167269821,-1.75552769412224,-1.6728271367884,-1.58931654943716,
-1.50550853750091,-1.42337598507722,-1.39257627791834,-1.38120714959109,
-1.37233112447431,-1.28828421824598,-1.20394093351885,-1.17697832780616,
-1.09289676383038,-1.00857117209859,-0.956459438701129,-0.932547280576882,
-0.923433580656228,-0.838971158580747,-0.75407221566341,-0.669398399738077,
-0.591677304918887,-0.517717641804026,-0.485360289191274,-0.465646414105248,
-0.456992636345676,-0.372805860853053,-0.28770099766924,-0.202184737648226,
-0.117009923560568,-0.033024654977813,0.),.UNSPECIFIED.);
#314=B_SPLINE_CURVE_WITH_KNOTS('',3,(#5012,#5013,#5014,#5015,#5016,#5017,
#5018,#5019,#5020,#5021,#5022,#5023,#5024,#5025),.UNSPECIFIED.,.F.,.F.,
(4,1,1,1,1,1,1,1,1,1,1,4),(16.6593010344895,17.0630411101017,17.559693319443,
18.0563455287844,18.5529977381257,19.0496499474671,19.5463021568084,20.0429543661498,
20.5396065754911,21.0362587848324,21.5329109941738,21.9911485751284),
 .UNSPECIFIED.);
#315=B_SPLINE_CURVE_WITH_KNOTS('',3,(#5028,#5029,#5030,#5031,#5032,#5033,
#5034,#5035,#5036,#5037,#5038,#5039,#5040,#5041,#5042,#5043,#5044,#5045,
#5046,#5047,#5048,#5049,#5050,#5051,#5052,#5053,#5054,#5055,#5056,#5057,
#5058,#5059,#5060,#5061,#5062,#5063,#5064,#5065,#5066,#5067,#5068,#5069,
#5070,#5071,#5072,#5073,#5074,#5075,#5076,#5077,#5078,#5079,#5080,#5081,
#5082,#5083,#5084,#5085,#5086,#5087,#5088,#5089,#5090,#5091,#5092,#5093,
#5094,#5095,#5096,#5097,#5098,#5099,#5100,#5101,#5102,#5103,#5104,#5105,
#5106,#5107,#5108,#5109,#5110,#5111,#5112,#5113,#5114,#5115,#5116,#5117,
#5118,#5119,#5120,#5121,#5122,#5123,#5124,#5125,#5126,#5127,#5128,#5129,
#5130,#5131,#5132,#5133,#5134,#5135,#5136,#5137,#5138,#5139,#5140,#5141,
#5142,#5143,#5144,#5145,#5146,#5147,#5148,#5149,#5150,#5151,#5152,#5153,
#5154,#5155,#5156,#5157),.UNSPECIFIED.,.F.,.F.,(4,3,3,3,3,3,3,3,3,3,3,3,
3,3,3,3,3,3,3,3,3,3,3,3,3,3,3,3,3,3,3,3,3,3,3,3,3,3,3,3,3,3,3,4),(-2.42980247828697,
-2.34460744706782,-2.31890645763636,-2.23362444904654,-2.17066308225714,
-2.13892885653656,-2.12077661668235,-2.11021231236153,-2.02537364873018,
-1.94051529242218,-1.85621462523059,-1.82464434760577,-1.81125607161446,
-1.80270463720118,-1.72993351473129,-1.64589340529276,-1.56128312670246,
-1.47667930642142,-1.39415019717601,-1.36320178120899,-1.3524633068197,
-1.34469785845483,-1.26075391468219,-1.17688479947674,-1.14656286943981,
-1.06252113121226,-0.978546202218468,-0.927452764922238,-0.903838264319855,
-0.895702879745048,-0.812369070326,-0.728863902705051,-0.645994250247479,
-0.569798703848629,-0.498573865867551,-0.467412999250829,-0.448717016478575,
-0.440081288723072,-0.357908240896759,-0.275068504557539,-0.19226979353719,
-0.110043456322882,-0.029204814002223,0.),.UNSPECIFIED.);
#316=B_SPLINE_CURVE_WITH_KNOTS('',3,(#5160,#5161,#5162,#5163,#5164,#5165,
#5166,#5167,#5168,#5169,#5170,#5171),.UNSPECIFIED.,.F.,.F.,(4,1,1,1,1,1,
1,1,1,4),(17.8982181549978,18.3948703643391,18.8915225736805,19.3881747830218,
19.8848269923632,20.3814792017045,20.8781314110458,21.3747836203872,21.8714358297285,
21.9911485751284),.UNSPECIFIED.);
#317=B_SPLINE_CURVE_WITH_KNOTS('',3,(#6196,#6197,#6198,#6199,#6200,#6201,
#6202,#6203,#6204,#6205,#6206,#6207,#6208,#6209,#6210,#6211,#6212,#6213,
#6214,#6215,#6216,#6217,#6218,#6219,#6220),.UNSPECIFIED.,.F.,.F.,(4,3,3,
3,3,3,3,3,4),(-2.60634605818256,-2.51973479703712,-2.51050438720097,-2.4247620575644,
-2.35002325659021,-2.29007205681145,-2.2788577943569,-2.19190972184543,
-2.12580685366764),.UNSPECIFIED.);
#318=B_SPLINE_CURVE_WITH_KNOTS('',3,(#6221,#6222,#6223,#6224,#6225,#6226,
#6227,#6228,#6229,#6230,#6231,#6232,#6233,#6234,#6235,#6236,#6237,#6238,
#6239,#6240,#6241,#6242,#6243,#6244,#6245,#6246,#6247,#6248,#6249,#6250,
#6251,#6252,#6253,#6254,#6255,#6256,#6257,#6258,#6259,#6260,#6261,#6262,
#6263,#6264,#6265,#6266,#6267,#6268,#6269,#6270,#6271,#6272,#6273,#6274,
#6275,#6276,#6277,#6278,#6279,#6280,#6281,#6282,#6283,#6284,#6285,#6286,
#6287,#6288,#6289,#6290,#6291,#6292,#6293,#6294,#6295,#6296,#6297,#6298,
#6299,#6300,#6301,#6302,#6303,#6304,#6305,#6306,#6307,#6308,#6309,#6310,
#6311,#6312,#6313,#6314,#6315,#6316,#6317,#6318,#6319,#6320,#6321,#6322,
#6323,#6324,#6325,#6326,#6327,#6328,#6329,#6330,#6331,#6332,#6333,#6334,
#6335,#6336,#6337,#6338,#6339,#6340,#6341,#6342,#6343,#6344,#6345,#6346,
#6347,#6348,#6349,#6350,#6351,#6352,#6353),.UNSPECIFIED.,.F.,.F.,(4,3,3,
3,3,3,3,3,3,3,3,3,3,3,3,3,3,3,3,3,3,3,3,3,3,3,3,3,3,3,3,3,3,3,3,3,3,3,3,
3,3,3,3,3,4),(-2.60259689136377,-2.51241821640989,-2.50046307128439,-2.41014254243796,
-2.31974749870706,-2.2886722365772,-2.26994281805191,-2.2587948304647,-2.16903965233586,
-2.07937753087828,-1.99033662098281,-1.95799954347604,-1.93497062205918,
-1.92519123903398,-1.86098831095573,-1.7723538780727,-1.68312140552924,
-1.59387969503794,-1.50303343217903,-1.46896608360694,-1.44364162465114,
-1.43466859980083,-1.34635768805204,-1.25819870451401,-1.23049464360231,
-1.14207948004246,-1.05375220969252,-0.99828629861241,-0.973950782394199,
-0.959424263324807,-0.94817422667084,-0.860697934275614,-0.7731316314066,
-0.686319268279222,-0.610024921051609,-0.533771805920158,-0.500411068050148,
-0.480258660928745,-0.4679388761429,-0.381881354763018,-0.295193519543023,
-0.208631486901356,-0.12269239585846,-0.0382363853488483,0.),
 .UNSPECIFIED.);
#319=B_SPLINE_CURVE_WITH_KNOTS('',3,(#6355,#6356,#6357,#6358),
 .UNSPECIFIED.,.F.,.F.,(4,4),(-43.9654278396579,-43.8864978255803),
 .UNSPECIFIED.);
#320=B_SPLINE_CURVE_WITH_KNOTS('',3,(#6359,#6360,#6361,#6362,#6363,#6364,
#6365,#6366,#6367,#6368,#6369,#6370,#6371,#6372,#6373,#6374,#6375,#6376,
#6377,#6378,#6379,#6380,#6381,#6382,#6383,#6384,#6385,#6386,#6387,#6388,
#6389,#6390,#6391,#6392,#6393,#6394,#6395,#6396,#6397,#6398,#6399,#6400,
#6401,#6402,#6403,#6404,#6405,#6406,#6407,#6408,#6409,#6410,#6411,#6412,
#6413,#6414,#6415,#6416,#6417,#6418,#6419,#6420,#6421,#6422,#6423,#6424,
#6425,#6426,#6427,#6428,#6429,#6430,#6431,#6432,#6433,#6434,#6435,#6436,
#6437,#6438,#6439,#6440,#6441,#6442,#6443,#6444,#6445,#6446,#6447,#6448,
#6449,#6450,#6451,#6452,#6453,#6454,#6455,#6456,#6457,#6458,#6459,#6460,
#6461,#6462,#6463,#6464),.UNSPECIFIED.,.F.,.F.,(4,3,3,3,3,3,3,3,3,3,3,3,
3,3,3,3,3,3,3,3,3,3,3,3,3,3,3,3,3,3,3,3,3,3,3,4),(-2.12580685366764,-2.03874022769673,
-2.00314857314463,-1.97374484683093,-1.96313902559653,-1.89893654882637,
-1.81229814896116,-1.72473119441845,-1.63672580831971,-1.54655828648502,
-1.51274546579702,-1.49035899971289,-1.48029189557912,-1.39184559989055,
-1.30299586916918,-1.27605572098096,-1.18760621377556,-1.09880211855686,
-1.04181794235927,-1.01688736527282,-1.00244610930229,-0.990711486367006,
-0.901547662229525,-0.81190588845826,-0.722431146938895,-0.642928708976119,
-0.562562620354104,-0.527402456581972,-0.507542621991609,-0.495240905730039,
-0.406232709238604,-0.316222619588874,-0.225664361768786,-0.135386349677536,
-0.0462916598095891,0.),.UNSPECIFIED.);
#321=B_SPLINE_CURVE_WITH_KNOTS('',3,(#6467,#6468,#6469,#6470,#6471,#6472),
 .UNSPECIFIED.,.F.,.F.,(4,1,1,4),(14.5649663920754,14.9854762729894,15.4850834075309,
15.707963267949),.UNSPECIFIED.);
#322=B_SPLINE_CURVE_WITH_KNOTS('',3,(#6475,#6476,#6477,#6478,#6479,#6480,
#6481,#6482,#6483,#6484,#6485,#6486,#6487,#6488,#6489,#6490,#6491,#6492,
#6493,#6494,#6495,#6496,#6497,#6498,#6499,#6500,#6501,#6502,#6503,#6504,
#6505,#6506,#6507,#6508,#6509,#6510,#6511,#6512,#6513,#6514,#6515,#6516,
#6517,#6518,#6519,#6520,#6521,#6522,#6523,#6524,#6525,#6526,#6527,#6528,
#6529,#6530,#6531,#6532,#6533,#6534,#6535,#6536,#6537,#6538,#6539,#6540,
#6541,#6542,#6543,#6544,#6545,#6546,#6547,#6548,#6549,#6550,#6551,#6552,
#6553,#6554,#6555,#6556,#6557,#6558,#6559,#6560,#6561,#6562,#6563,#6564,
#6565,#6566,#6567,#6568,#6569,#6570,#6571,#6572,#6573,#6574,#6575,#6576,
#6577,#6578,#6579,#6580,#6581,#6582,#6583,#6584,#6585,#6586,#6587,#6588,
#6589,#6590,#6591,#6592,#6593,#6594,#6595,#6596,#6597,#6598,#6599,#6600,
#6601,#6602,#6603,#6604,#6605,#6606,#6607),.UNSPECIFIED.,.F.,.F.,(4,3,3,
3,3,3,3,3,3,3,3,3,3,3,3,3,3,3,3,3,3,3,3,3,3,3,3,3,3,3,3,3,3,3,3,3,3,3,3,
3,3,3,3,3,4),(-2.60634605818249,-2.51973479673772,-2.51050438720095,-2.42444776362346,
-2.33789473341565,-2.31001341151367,-2.29129418231708,-2.28034477520086,
-2.19366721797844,-2.10643060112893,-2.01946074579674,-1.98932969655413,
-1.97059360598503,-1.95995200058484,-1.89893654882631,-1.81229815001848,
-1.72473119582665,-1.63672581016877,-1.54655828787181,-1.51274546701045,
-1.49035899959589,-1.48029189546668,-1.39184560005911,-1.30299587023196,
-1.27605572098093,-1.18760621630829,-1.09880212014813,-1.04181794375162,
-1.01688736657815,-1.00244610911434,-0.99071148597301,-0.901547664470639,
-0.811905890479461,-0.722431141331356,-0.642928708976066,-0.562562620354058,
-0.527402456581929,-0.507542622324757,-0.495240906003615,-0.406232694115836,
-0.316222594186689,-0.225664338582992,-0.135386337091773,-0.0462916693100746,
0.),.UNSPECIFIED.);
#323=B_SPLINE_CURVE_WITH_KNOTS('',3,(#6974,#6975,#6976,#6977,#6978,#6979,
#6980,#6981,#6982,#6983,#6984,#6985,#6986,#6987,#6988,#6989,#6990,#6991,
#6992,#6993,#6994,#6995,#6996,#6997,#6998,#6999,#7000,#7001,#7002,#7003,
#7004,#7005,#7006,#7007,#7008,#7009,#7010,#7011,#7012,#7013,#7014,#7015,
#7016,#7017,#7018,#7019,#7020,#7021,#7022,#7023,#7024,#7025,#7026,#7027,
#7028,#7029,#7030,#7031,#7032,#7033,#7034,#7035,#7036,#7037,#7038,#7039,
#7040,#7041,#7042,#7043,#7044,#7045,#7046,#7047,#7048,#7049,#7050,#7051,
#7052,#7053,#7054,#7055,#7056,#7057,#7058,#7059,#7060,#7061,#7062,#7063,
#7064,#7065,#7066,#7067,#7068,#7069,#7070,#7071,#7072,#7073,#7074,#7075,
#7076,#7077,#7078,#7079,#7080,#7081,#7082),.UNSPECIFIED.,.F.,.F.,(4,3,3,
3,3,3,3,3,3,3,3,3,3,3,3,3,3,3,3,3,3,3,3,3,3,3,3,3,3,3,3,3,3,3,3,3,4),(-2.60259689136414,
-2.51241821579418,-2.50046307128456,-2.41014254229543,-2.31974749879757,
-2.28867223655706,-2.26994281784729,-2.25879482994423,-2.16903965174867,
-2.07937753057699,-1.99033662077446,-1.9579995433198,-1.9349706186805,-1.92519123389079,
-1.86098831095584,-1.77235387820888,-1.68312140611643,-1.59387969733895,
-1.50303343390482,-1.46896608511701,-1.44364162245792,-1.4346685982768,
-1.34635768729978,-1.2581987064923,-1.2304946436024,-1.14207947974631,-1.05375220352563,
-0.998286296855727,-0.973949678471169,-0.959423091463759,-0.948173136707657,
-0.860696842091474,-0.773130537789557,-0.68631816931707,-0.610024950166426,
-0.522564052774638,-0.480713999052995),.UNSPECIFIED.);
#324=B_SPLINE_CURVE_WITH_KNOTS('',3,(#7083,#7084,#7085,#7086,#7087,#7088,
#7089,#7090,#7091,#7092),.UNSPECIFIED.,.F.,.F.,(4,3,3,4),(40.9196345107449,
40.9677850324084,41.46739216695,41.8879020478639),.UNSPECIFIED.);
#325=B_SPLINE_CURVE_WITH_KNOTS('',3,(#7093,#7094,#7095,#7096,#7097,#7098,
#7099,#7100,#7101,#7102,#7103,#7104,#7105,#7106,#7107,#7108,#7109,#7110,
#7111,#7112,#7113,#7114),.UNSPECIFIED.,.F.,.F.,(4,3,3,3,3,3,3,4),(-0.480713999052995,
-0.467821653633725,-0.38176290208156,-0.295074578883398,-0.208513152798954,
-0.122575173649651,-0.038120257147934,0.),.UNSPECIFIED.);
#326=LINE('',#1606,#378);
#327=LINE('',#1639,#379);
#328=LINE('',#1668,#380);
#329=LINE('',#1755,#381);
#330=LINE('',#1842,#382);
#331=LINE('',#1932,#383);
#332=LINE('',#2016,#384);
#333=LINE('',#2106,#385);
#334=LINE('',#2190,#386);
#335=LINE('',#2219,#387);
#336=LINE('',#2256,#388);
#337=LINE('',#2293,#389);
#338=LINE('',#2330,#390);
#339=LINE('',#2368,#391);
#340=LINE('',#2404,#392);
#341=LINE('',#2443,#393);
#342=LINE('',#2463,#394);
#343=LINE('',#2501,#395);
#344=LINE('',#2538,#396);
#345=LINE('',#2575,#397);
#346=LINE('',#2613,#398);
#347=LINE('',#2650,#399);
#348=LINE('',#2687,#400);
#349=LINE('',#2725,#401);
#350=LINE('',#2762,#402);
#351=LINE('',#2799,#403);
#352=LINE('',#2837,#404);
#353=LINE('',#2874,#405);
#354=LINE('',#2913,#406);
#355=LINE('',#2948,#407);
#356=LINE('',#3038,#408);
#357=LINE('',#3122,#409);
#358=LINE('',#3212,#410);
#359=LINE('',#3302,#411);
#360=LINE('',#3386,#412);
#361=LINE('',#3476,#413);
#362=LINE('',#3566,#414);
#363=LINE('',#3650,#415);
#364=LINE('',#3740,#416);
#365=LINE('',#3831,#417);
#366=LINE('',#3846,#418);
#367=LINE('',#3877,#419);
#368=LINE('',#3881,#420);
#369=LINE('',#3889,#421);
#370=LINE('',#3899,#422);
#371=LINE('',#5812,#423);
#372=LINE('',#5820,#424);
#373=LINE('',#5824,#425);
#374=LINE('',#5830,#426);
#375=LINE('',#7123,#427);
#376=LINE('',#7127,#428);
#377=LINE('',#7131,#429);
#378=VECTOR('',#1342,13.);
#379=VECTOR('',#1345,13.);
#380=VECTOR('',#1352,13.);
#381=VECTOR('',#1355,13.);
#382=VECTOR('',#1358,13.);
#383=VECTOR('',#1361,13.);
#384=VECTOR('',#1364,13.);
#385=VECTOR('',#1367,13.);
#386=VECTOR('',#1370,12.06595);
#387=VECTOR('',#1375,12.06595);
#388=VECTOR('',#1378,12.06595);
#389=VECTOR('',#1381,12.06595);
#390=VECTOR('',#1384,12.06595);
#391=VECTOR('',#1387,12.06595);
#392=VECTOR('',#1390,12.06595);
#393=VECTOR('',#1395,11.36875);
#394=VECTOR('',#1400,11.36875);
#395=VECTOR('',#1403,11.36875);
#396=VECTOR('',#1406,11.36875);
#397=VECTOR('',#1409,11.36875);
#398=VECTOR('',#1412,11.36875);
#399=VECTOR('',#1415,11.36875);
#400=VECTOR('',#1418,11.36875);
#401=VECTOR('',#1421,11.36875);
#402=VECTOR('',#1424,11.36875);
#403=VECTOR('',#1427,11.36875);
#404=VECTOR('',#1430,11.36875);
#405=VECTOR('',#1433,12.);
#406=VECTOR('',#1436,12.);
#407=VECTOR('',#1443,12.);
#408=VECTOR('',#1446,12.);
#409=VECTOR('',#1449,12.);
#410=VECTOR('',#1452,12.);
#411=VECTOR('',#1455,12.);
#412=VECTOR('',#1458,12.);
#413=VECTOR('',#1461,12.);
#414=VECTOR('',#1464,12.);
#415=VECTOR('',#1467,12.);
#416=VECTOR('',#1470,12.);
#417=VECTOR('',#1475,12.);
#418=VECTOR('',#1478,12.);
#419=VECTOR('',#1495,12.579);
#420=VECTOR('',#1500,12.229);
#421=VECTOR('',#1511,12.579);
#422=VECTOR('',#1524,11.442);
#423=VECTOR('',#1543,10.15);
#424=VECTOR('',#1554,15.93088);
#425=VECTOR('',#1559,15.16888);
#426=VECTOR('',#1568,13.);
#427=VECTOR('',#1589,12.229);
#428=VECTOR('',#1594,12.98702);
#429=VECTOR('',#1601,6.65);
#430=VERTEX_POINT('',#1604);
#431=VERTEX_POINT('',#1605);
#432=VERTEX_POINT('',#1607);
#433=VERTEX_POINT('',#1636);
#434=VERTEX_POINT('',#1638);
#435=VERTEX_POINT('',#1641);
#436=VERTEX_POINT('',#1666);
#437=VERTEX_POINT('',#1667);
#438=VERTEX_POINT('',#1753);
#439=VERTEX_POINT('',#1754);
#440=VERTEX_POINT('',#1840);
#441=VERTEX_POINT('',#1841);
#442=VERTEX_POINT('',#1930);
#443=VERTEX_POINT('',#1931);
#444=VERTEX_POINT('',#2014);
#445=VERTEX_POINT('',#2015);
#446=VERTEX_POINT('',#2104);
#447=VERTEX_POINT('',#2105);
#448=VERTEX_POINT('',#2188);
#449=VERTEX_POINT('',#2189);
#450=VERTEX_POINT('',#2191);
#451=VERTEX_POINT('',#2204);
#452=VERTEX_POINT('',#2217);
#453=VERTEX_POINT('',#2218);
#454=VERTEX_POINT('',#2254);
#455=VERTEX_POINT('',#2255);
#456=VERTEX_POINT('',#2291);
#457=VERTEX_POINT('',#2292);
#458=VERTEX_POINT('',#2328);
#459=VERTEX_POINT('',#2329);
#460=VERTEX_POINT('',#2366);
#461=VERTEX_POINT('',#2367);
#462=VERTEX_POINT('',#2402);
#463=VERTEX_POINT('',#2403);
#464=VERTEX_POINT('',#2405);
#465=VERTEX_POINT('',#2441);
#466=VERTEX_POINT('',#2442);
#467=VERTEX_POINT('',#2444);
#468=VERTEX_POINT('',#2453);
#469=VERTEX_POINT('',#2461);
#470=VERTEX_POINT('',#2462);
#471=VERTEX_POINT('',#2499);
#472=VERTEX_POINT('',#2500);
#473=VERTEX_POINT('',#2536);
#474=VERTEX_POINT('',#2537);
#475=VERTEX_POINT('',#2573);
#476=VERTEX_POINT('',#2574);
#477=VERTEX_POINT('',#2611);
#478=VERTEX_POINT('',#2612);
#479=VERTEX_POINT('',#2648);
#480=VERTEX_POINT('',#2649);
#481=VERTEX_POINT('',#2685);
#482=VERTEX_POINT('',#2686);
#483=VERTEX_POINT('',#2723);
#484=VERTEX_POINT('',#2724);
#485=VERTEX_POINT('',#2760);
#486=VERTEX_POINT('',#2761);
#487=VERTEX_POINT('',#2797);
#488=VERTEX_POINT('',#2798);
#489=VERTEX_POINT('',#2835);
#490=VERTEX_POINT('',#2836);
#491=VERTEX_POINT('',#2872);
#492=VERTEX_POINT('',#2873);
#493=VERTEX_POINT('',#2875);
#494=VERTEX_POINT('',#2910);
#495=VERTEX_POINT('',#2912);
#496=VERTEX_POINT('',#2915);
#497=VERTEX_POINT('',#2946);
#498=VERTEX_POINT('',#2947);
#499=VERTEX_POINT('',#3036);
#500=VERTEX_POINT('',#3037);
#501=VERTEX_POINT('',#3120);
#502=VERTEX_POINT('',#3121);
#503=VERTEX_POINT('',#3210);
#504=VERTEX_POINT('',#3211);
#505=VERTEX_POINT('',#3300);
#506=VERTEX_POINT('',#3301);
#507=VERTEX_POINT('',#3384);
#508=VERTEX_POINT('',#3385);
#509=VERTEX_POINT('',#3474);
#510=VERTEX_POINT('',#3475);
#511=VERTEX_POINT('',#3564);
#512=VERTEX_POINT('',#3565);
#513=VERTEX_POINT('',#3648);
#514=VERTEX_POINT('',#3649);
#515=VERTEX_POINT('',#3738);
#516=VERTEX_POINT('',#3739);
#517=VERTEX_POINT('',#3828);
#518=VERTEX_POINT('',#3830);
#519=VERTEX_POINT('',#3832);
#520=VERTEX_POINT('',#3834);
#521=VERTEX_POINT('',#3845);
#522=VERTEX_POINT('',#3847);
#523=VERTEX_POINT('',#3866);
#524=VERTEX_POINT('',#3867);
#525=VERTEX_POINT('',#3870);
#526=VERTEX_POINT('',#3874);
#527=VERTEX_POINT('',#3876);
#528=VERTEX_POINT('',#3880);
#529=VERTEX_POINT('',#3884);
#530=VERTEX_POINT('',#3887);
#531=VERTEX_POINT('',#3891);
#532=VERTEX_POINT('',#3894);
#533=VERTEX_POINT('',#3897);
#534=VERTEX_POINT('',#3982);
#535=VERTEX_POINT('',#4881);
#536=VERTEX_POINT('',#5027);
#537=VERTEX_POINT('',#5809);
#538=VERTEX_POINT('',#5811);
#539=VERTEX_POINT('',#5815);
#540=VERTEX_POINT('',#5818);
#541=VERTEX_POINT('',#5823);
#542=VERTEX_POINT('',#5827);
#543=VERTEX_POINT('',#6195);
#544=VERTEX_POINT('',#6354);
#545=VERTEX_POINT('',#6466);
#546=VERTEX_POINT('',#6972);
#547=VERTEX_POINT('',#6973);
#548=VERTEX_POINT('',#7120);
#549=VERTEX_POINT('',#7126);
#550=EDGE_CURVE('',#430,#431,#326,.T.);
#551=EDGE_CURVE('',#430,#432,#233,.T.);
#552=EDGE_CURVE('',#432,#433,#195,.T.);
#553=EDGE_CURVE('',#433,#434,#327,.T.);
#554=EDGE_CURVE('',#434,#434,#196,.F.);
#555=EDGE_CURVE('',#433,#435,#197,.T.);
#556=EDGE_CURVE('',#435,#431,#234,.T.);
#557=EDGE_CURVE('',#436,#437,#328,.T.);
#558=EDGE_CURVE('',#436,#430,#235,.T.);
#559=EDGE_CURVE('',#431,#437,#236,.T.);
#560=EDGE_CURVE('',#438,#439,#329,.T.);
#561=EDGE_CURVE('',#438,#436,#237,.T.);
#562=EDGE_CURVE('',#437,#439,#238,.T.);
#563=EDGE_CURVE('',#440,#441,#330,.T.);
#564=EDGE_CURVE('',#440,#438,#239,.T.);
#565=EDGE_CURVE('',#439,#441,#240,.T.);
#566=EDGE_CURVE('',#442,#443,#331,.T.);
#567=EDGE_CURVE('',#442,#440,#241,.T.);
#568=EDGE_CURVE('',#441,#443,#242,.T.);
#569=EDGE_CURVE('',#444,#445,#332,.T.);
#570=EDGE_CURVE('',#444,#442,#243,.T.);
#571=EDGE_CURVE('',#443,#445,#244,.T.);
#572=EDGE_CURVE('',#446,#447,#333,.T.);
#573=EDGE_CURVE('',#446,#444,#245,.T.);
#574=EDGE_CURVE('',#445,#447,#246,.T.);
#575=EDGE_CURVE('',#448,#449,#334,.T.);
#576=EDGE_CURVE('',#448,#450,#247,.T.);
#577=EDGE_CURVE('',#451,#450,#198,.T.);
#578=EDGE_CURVE('',#449,#451,#248,.T.);
#579=EDGE_CURVE('',#452,#453,#335,.T.);
#580=EDGE_CURVE('',#452,#448,#249,.T.);
#581=EDGE_CURVE('',#453,#449,#250,.T.);
#582=EDGE_CURVE('',#454,#455,#336,.T.);
#583=EDGE_CURVE('',#454,#452,#251,.T.);
#584=EDGE_CURVE('',#455,#453,#252,.T.);
#585=EDGE_CURVE('',#456,#457,#337,.T.);
#586=EDGE_CURVE('',#456,#454,#253,.T.);
#587=EDGE_CURVE('',#457,#455,#254,.T.);
#588=EDGE_CURVE('',#458,#459,#338,.T.);
#589=EDGE_CURVE('',#458,#456,#255,.T.);
#590=EDGE_CURVE('',#459,#457,#256,.T.);
#591=EDGE_CURVE('',#460,#461,#339,.T.);
#592=EDGE_CURVE('',#460,#458,#257,.T.);
#593=EDGE_CURVE('',#461,#459,#258,.T.);
#594=EDGE_CURVE('',#462,#463,#340,.T.);
#595=EDGE_CURVE('',#464,#462,#199,.T.);
#596=EDGE_CURVE('',#464,#460,#259,.T.);
#597=EDGE_CURVE('',#463,#461,#260,.T.);
#598=EDGE_CURVE('',#465,#466,#341,.T.);
#599=EDGE_CURVE('',#465,#467,#261,.T.);
#600=EDGE_CURVE('',#468,#467,#200,.T.);
#601=EDGE_CURVE('',#466,#468,#262,.T.);
#602=EDGE_CURVE('',#469,#470,#342,.T.);
#603=EDGE_CURVE('',#469,#465,#263,.T.);
#604=EDGE_CURVE('',#470,#466,#264,.T.);
#605=EDGE_CURVE('',#471,#472,#343,.T.);
#606=EDGE_CURVE('',#471,#469,#265,.T.);
#607=EDGE_CURVE('',#472,#470,#266,.T.);
#608=EDGE_CURVE('',#473,#474,#344,.T.);
#609=EDGE_CURVE('',#473,#471,#267,.T.);
#610=EDGE_CURVE('',#474,#472,#268,.T.);
#611=EDGE_CURVE('',#475,#476,#345,.T.);
#612=EDGE_CURVE('',#475,#473,#269,.T.);
#613=EDGE_CURVE('',#476,#474,#270,.T.);
#614=EDGE_CURVE('',#477,#478,#346,.T.);
#615=EDGE_CURVE('',#477,#475,#271,.T.);
#616=EDGE_CURVE('',#478,#476,#272,.T.);
#617=EDGE_CURVE('',#479,#480,#347,.T.);
#618=EDGE_CURVE('',#479,#477,#273,.T.);
#619=EDGE_CURVE('',#480,#478,#274,.T.);
#620=EDGE_CURVE('',#481,#482,#348,.T.);
#621=EDGE_CURVE('',#481,#479,#275,.T.);
#622=EDGE_CURVE('',#482,#480,#276,.T.);
#623=EDGE_CURVE('',#483,#484,#349,.T.);
#624=EDGE_CURVE('',#483,#481,#277,.T.);
#625=EDGE_CURVE('',#484,#482,#278,.T.);
#626=EDGE_CURVE('',#485,#486,#350,.T.);
#627=EDGE_CURVE('',#485,#483,#279,.T.);
#628=EDGE_CURVE('',#486,#484,#280,.T.);
#629=EDGE_CURVE('',#487,#488,#351,.T.);
#630=EDGE_CURVE('',#487,#485,#281,.T.);
#631=EDGE_CURVE('',#488,#486,#282,.T.);
#632=EDGE_CURVE('',#489,#490,#352,.T.);
#633=EDGE_CURVE('',#489,#487,#283,.T.);
#634=EDGE_CURVE('',#490,#488,#284,.T.);
#635=EDGE_CURVE('',#491,#492,#353,.T.);
#636=EDGE_CURVE('',#491,#493,#285,.T.);
#637=EDGE_CURVE('',#493,#494,#201,.T.);
#638=EDGE_CURVE('',#494,#495,#354,.T.);
#639=EDGE_CURVE('',#495,#495,#202,.T.);
#640=EDGE_CURVE('',#494,#496,#203,.T.);
#641=EDGE_CURVE('',#496,#492,#286,.T.);
#642=EDGE_CURVE('',#497,#498,#355,.T.);
#643=EDGE_CURVE('',#497,#491,#287,.T.);
#644=EDGE_CURVE('',#492,#498,#288,.T.);
#645=EDGE_CURVE('',#499,#500,#356,.T.);
#646=EDGE_CURVE('',#499,#497,#289,.T.);
#647=EDGE_CURVE('',#498,#500,#290,.T.);
#648=EDGE_CURVE('',#501,#502,#357,.T.);
#649=EDGE_CURVE('',#501,#499,#291,.T.);
#650=EDGE_CURVE('',#500,#502,#292,.T.);
#651=EDGE_CURVE('',#503,#504,#358,.T.);
#652=EDGE_CURVE('',#503,#501,#293,.T.);
#653=EDGE_CURVE('',#502,#504,#294,.T.);
#654=EDGE_CURVE('',#505,#506,#359,.T.);
#655=EDGE_CURVE('',#505,#503,#295,.T.);
#656=EDGE_CURVE('',#504,#506,#296,.T.);
#657=EDGE_CURVE('',#507,#508,#360,.T.);
#658=EDGE_CURVE('',#507,#505,#297,.T.);
#659=EDGE_CURVE('',#506,#508,#298,.T.);
#660=EDGE_CURVE('',#509,#510,#361,.T.);
#661=EDGE_CURVE('',#509,#507,#299,.T.);
#662=EDGE_CURVE('',#508,#510,#300,.T.);
#663=EDGE_CURVE('',#511,#512,#362,.T.);
#664=EDGE_CURVE('',#511,#509,#301,.T.);
#665=EDGE_CURVE('',#510,#512,#302,.T.);
#666=EDGE_CURVE('',#513,#514,#363,.T.);
#667=EDGE_CURVE('',#513,#511,#303,.T.);
#668=EDGE_CURVE('',#512,#514,#304,.T.);
#669=EDGE_CURVE('',#515,#516,#364,.T.);
#670=EDGE_CURVE('',#515,#513,#305,.T.);
#671=EDGE_CURVE('',#514,#516,#306,.T.);
#672=EDGE_CURVE('',#517,#517,#204,.F.);
#673=EDGE_CURVE('',#517,#518,#365,.T.);
#674=EDGE_CURVE('',#518,#519,#205,.T.);
#675=EDGE_CURVE('',#519,#520,#307,.T.);
#676=EDGE_CURVE('',#520,#521,#366,.T.);
#677=EDGE_CURVE('',#521,#522,#308,.T.);
#678=EDGE_CURVE('',#522,#518,#206,.T.);
#679=EDGE_CURVE('',#523,#524,#207,.T.);
#680=EDGE_CURVE('',#524,#523,#208,.T.);
#681=EDGE_CURVE('',#524,#525,#209,.T.);
#682=EDGE_CURVE('',#525,#525,#210,.T.);
#683=EDGE_CURVE('',#526,#526,#211,.T.);
#684=EDGE_CURVE('',#526,#527,#367,.T.);
#685=EDGE_CURVE('',#527,#527,#212,.T.);
#686=EDGE_CURVE('',#527,#528,#368,.T.);
#687=EDGE_CURVE('',#528,#528,#213,.T.);
#688=EDGE_CURVE('',#529,#529,#214,.T.);
#689=EDGE_CURVE('',#530,#530,#215,.T.);
#690=EDGE_CURVE('',#530,#528,#369,.T.);
#691=EDGE_CURVE('',#531,#531,#216,.T.);
#692=EDGE_CURVE('',#532,#532,#217,.T.);
#693=EDGE_CURVE('',#533,#533,#218,.T.);
#694=EDGE_CURVE('',#533,#495,#370,.T.);
#695=EDGE_CURVE('',#520,#515,#309,.T.);
#696=EDGE_CURVE('',#516,#521,#310,.T.);
#697=EDGE_CURVE('',#534,#534,#219,.T.);
#698=EDGE_CURVE('',#467,#496,#311,.T.);
#699=EDGE_CURVE('',#493,#468,#312,.T.);
#700=EDGE_CURVE('',#535,#519,#313,.T.);
#701=EDGE_CURVE('',#535,#490,#314,.T.);
#702=EDGE_CURVE('',#522,#536,#315,.T.);
#703=EDGE_CURVE('',#536,#535,#220,.T.);
#704=EDGE_CURVE('',#536,#489,#316,.T.);
#705=EDGE_CURVE('',#537,#537,#221,.T.);
#706=EDGE_CURVE('',#537,#538,#371,.T.);
#707=EDGE_CURVE('',#538,#538,#222,.F.);
#708=EDGE_CURVE('',#539,#539,#223,.T.);
#709=EDGE_CURVE('',#540,#540,#224,.T.);
#710=EDGE_CURVE('',#540,#539,#372,.T.);
#711=EDGE_CURVE('',#523,#541,#373,.T.);
#712=EDGE_CURVE('',#541,#541,#225,.T.);
#713=EDGE_CURVE('',#542,#542,#226,.T.);
#714=EDGE_CURVE('',#529,#542,#374,.T.);
#715=EDGE_CURVE('',#450,#543,#317,.T.);
#716=EDGE_CURVE('',#432,#464,#318,.T.);
#717=EDGE_CURVE('',#544,#446,#319,.T.);
#718=EDGE_CURVE('',#543,#544,#320,.T.);
#719=EDGE_CURVE('',#545,#463,#321,.T.);
#720=EDGE_CURVE('',#462,#545,#227,.T.);
#721=EDGE_CURVE('',#545,#435,#322,.T.);
#722=EDGE_CURVE('',#546,#547,#323,.T.);
#723=EDGE_CURVE('',#447,#546,#324,.T.);
#724=EDGE_CURVE('',#547,#451,#325,.T.);
#725=EDGE_CURVE('',#543,#547,#228,.T.);
#726=EDGE_CURVE('',#546,#544,#229,.T.);
#727=EDGE_CURVE('',#547,#548,#230,.T.);
#728=EDGE_CURVE('',#548,#543,#231,.T.);
#729=EDGE_CURVE('',#548,#532,#375,.T.);
#730=EDGE_CURVE('',#531,#549,#376,.T.);
#731=EDGE_CURVE('',#549,#549,#232,.T.);
#732=EDGE_CURVE('',#534,#537,#377,.T.);
#733=ORIENTED_EDGE('',*,*,#550,.F.);
#734=ORIENTED_EDGE('',*,*,#551,.T.);
#735=ORIENTED_EDGE('',*,*,#552,.T.);
#736=ORIENTED_EDGE('',*,*,#553,.T.);
#737=ORIENTED_EDGE('',*,*,#554,.T.);
#738=ORIENTED_EDGE('',*,*,#553,.F.);
#739=ORIENTED_EDGE('',*,*,#555,.T.);
#740=ORIENTED_EDGE('',*,*,#556,.T.);
#741=ORIENTED_EDGE('',*,*,#557,.F.);
#742=ORIENTED_EDGE('',*,*,#558,.T.);
#743=ORIENTED_EDGE('',*,*,#550,.T.);
#744=ORIENTED_EDGE('',*,*,#559,.T.);
#745=ORIENTED_EDGE('',*,*,#560,.F.);
#746=ORIENTED_EDGE('',*,*,#561,.T.);
#747=ORIENTED_EDGE('',*,*,#557,.T.);
#748=ORIENTED_EDGE('',*,*,#562,.T.);
#749=ORIENTED_EDGE('',*,*,#563,.F.);
#750=ORIENTED_EDGE('',*,*,#564,.T.);
#751=ORIENTED_EDGE('',*,*,#560,.T.);
#752=ORIENTED_EDGE('',*,*,#565,.T.);
#753=ORIENTED_EDGE('',*,*,#566,.F.);
#754=ORIENTED_EDGE('',*,*,#567,.T.);
#755=ORIENTED_EDGE('',*,*,#563,.T.);
#756=ORIENTED_EDGE('',*,*,#568,.T.);
#757=ORIENTED_EDGE('',*,*,#569,.F.);
#758=ORIENTED_EDGE('',*,*,#570,.T.);
#759=ORIENTED_EDGE('',*,*,#566,.T.);
#760=ORIENTED_EDGE('',*,*,#571,.T.);
#761=ORIENTED_EDGE('',*,*,#572,.F.);
#762=ORIENTED_EDGE('',*,*,#573,.T.);
#763=ORIENTED_EDGE('',*,*,#569,.T.);
#764=ORIENTED_EDGE('',*,*,#574,.T.);
#765=ORIENTED_EDGE('',*,*,#575,.F.);
#766=ORIENTED_EDGE('',*,*,#576,.T.);
#767=ORIENTED_EDGE('',*,*,#577,.F.);
#768=ORIENTED_EDGE('',*,*,#578,.F.);
#769=ORIENTED_EDGE('',*,*,#579,.F.);
#770=ORIENTED_EDGE('',*,*,#580,.T.);
#771=ORIENTED_EDGE('',*,*,#575,.T.);
#772=ORIENTED_EDGE('',*,*,#581,.F.);
#773=ORIENTED_EDGE('',*,*,#582,.F.);
#774=ORIENTED_EDGE('',*,*,#583,.T.);
#775=ORIENTED_EDGE('',*,*,#579,.T.);
#776=ORIENTED_EDGE('',*,*,#584,.F.);
#777=ORIENTED_EDGE('',*,*,#585,.F.);
#778=ORIENTED_EDGE('',*,*,#586,.T.);
#779=ORIENTED_EDGE('',*,*,#582,.T.);
#780=ORIENTED_EDGE('',*,*,#587,.F.);
#781=ORIENTED_EDGE('',*,*,#588,.F.);
#782=ORIENTED_EDGE('',*,*,#589,.T.);
#783=ORIENTED_EDGE('',*,*,#585,.T.);
#784=ORIENTED_EDGE('',*,*,#590,.F.);
#785=ORIENTED_EDGE('',*,*,#591,.F.);
#786=ORIENTED_EDGE('',*,*,#592,.T.);
#787=ORIENTED_EDGE('',*,*,#588,.T.);
#788=ORIENTED_EDGE('',*,*,#593,.F.);
#789=ORIENTED_EDGE('',*,*,#594,.F.);
#790=ORIENTED_EDGE('',*,*,#595,.F.);
#791=ORIENTED_EDGE('',*,*,#596,.T.);
#792=ORIENTED_EDGE('',*,*,#591,.T.);
#793=ORIENTED_EDGE('',*,*,#597,.F.);
#794=ORIENTED_EDGE('',*,*,#598,.F.);
#795=ORIENTED_EDGE('',*,*,#599,.T.);
#796=ORIENTED_EDGE('',*,*,#600,.F.);
#797=ORIENTED_EDGE('',*,*,#601,.F.);
#798=ORIENTED_EDGE('',*,*,#602,.F.);
#799=ORIENTED_EDGE('',*,*,#603,.T.);
#800=ORIENTED_EDGE('',*,*,#598,.T.);
#801=ORIENTED_EDGE('',*,*,#604,.F.);
#802=ORIENTED_EDGE('',*,*,#605,.F.);
#803=ORIENTED_EDGE('',*,*,#606,.T.);
#804=ORIENTED_EDGE('',*,*,#602,.T.);
#805=ORIENTED_EDGE('',*,*,#607,.F.);
#806=ORIENTED_EDGE('',*,*,#608,.F.);
#807=ORIENTED_EDGE('',*,*,#609,.T.);
#808=ORIENTED_EDGE('',*,*,#605,.T.);
#809=ORIENTED_EDGE('',*,*,#610,.F.);
#810=ORIENTED_EDGE('',*,*,#611,.F.);
#811=ORIENTED_EDGE('',*,*,#612,.T.);
#812=ORIENTED_EDGE('',*,*,#608,.T.);
#813=ORIENTED_EDGE('',*,*,#613,.F.);
#814=ORIENTED_EDGE('',*,*,#614,.F.);
#815=ORIENTED_EDGE('',*,*,#615,.T.);
#816=ORIENTED_EDGE('',*,*,#611,.T.);
#817=ORIENTED_EDGE('',*,*,#616,.F.);
#818=ORIENTED_EDGE('',*,*,#617,.F.);
#819=ORIENTED_EDGE('',*,*,#618,.T.);
#820=ORIENTED_EDGE('',*,*,#614,.T.);
#821=ORIENTED_EDGE('',*,*,#619,.F.);
#822=ORIENTED_EDGE('',*,*,#620,.F.);
#823=ORIENTED_EDGE('',*,*,#621,.T.);
#824=ORIENTED_EDGE('',*,*,#617,.T.);
#825=ORIENTED_EDGE('',*,*,#622,.F.);
#826=ORIENTED_EDGE('',*,*,#623,.F.);
#827=ORIENTED_EDGE('',*,*,#624,.T.);
#828=ORIENTED_EDGE('',*,*,#620,.T.);
#829=ORIENTED_EDGE('',*,*,#625,.F.);
#830=ORIENTED_EDGE('',*,*,#626,.F.);
#831=ORIENTED_EDGE('',*,*,#627,.T.);
#832=ORIENTED_EDGE('',*,*,#623,.T.);
#833=ORIENTED_EDGE('',*,*,#628,.F.);
#834=ORIENTED_EDGE('',*,*,#629,.F.);
#835=ORIENTED_EDGE('',*,*,#630,.T.);
#836=ORIENTED_EDGE('',*,*,#626,.T.);
#837=ORIENTED_EDGE('',*,*,#631,.F.);
#838=ORIENTED_EDGE('',*,*,#632,.F.);
#839=ORIENTED_EDGE('',*,*,#633,.T.);
#840=ORIENTED_EDGE('',*,*,#629,.T.);
#841=ORIENTED_EDGE('',*,*,#634,.F.);
#842=ORIENTED_EDGE('',*,*,#635,.F.);
#843=ORIENTED_EDGE('',*,*,#636,.T.);
#844=ORIENTED_EDGE('',*,*,#637,.T.);
#845=ORIENTED_EDGE('',*,*,#638,.T.);
#846=ORIENTED_EDGE('',*,*,#639,.F.);
#847=ORIENTED_EDGE('',*,*,#638,.F.);
#848=ORIENTED_EDGE('',*,*,#640,.T.);
#849=ORIENTED_EDGE('',*,*,#641,.T.);
#850=ORIENTED_EDGE('',*,*,#642,.F.);
#851=ORIENTED_EDGE('',*,*,#643,.T.);
#852=ORIENTED_EDGE('',*,*,#635,.T.);
#853=ORIENTED_EDGE('',*,*,#644,.T.);
#854=ORIENTED_EDGE('',*,*,#645,.F.);
#855=ORIENTED_EDGE('',*,*,#646,.T.);
#856=ORIENTED_EDGE('',*,*,#642,.T.);
#857=ORIENTED_EDGE('',*,*,#647,.T.);
#858=ORIENTED_EDGE('',*,*,#648,.F.);
#859=ORIENTED_EDGE('',*,*,#649,.T.);
#860=ORIENTED_EDGE('',*,*,#645,.T.);
#861=ORIENTED_EDGE('',*,*,#650,.T.);
#862=ORIENTED_EDGE('',*,*,#651,.F.);
#863=ORIENTED_EDGE('',*,*,#652,.T.);
#864=ORIENTED_EDGE('',*,*,#648,.T.);
#865=ORIENTED_EDGE('',*,*,#653,.T.);
#866=ORIENTED_EDGE('',*,*,#654,.F.);
#867=ORIENTED_EDGE('',*,*,#655,.T.);
#868=ORIENTED_EDGE('',*,*,#651,.T.);
#869=ORIENTED_EDGE('',*,*,#656,.T.);
#870=ORIENTED_EDGE('',*,*,#657,.F.);
#871=ORIENTED_EDGE('',*,*,#658,.T.);
#872=ORIENTED_EDGE('',*,*,#654,.T.);
#873=ORIENTED_EDGE('',*,*,#659,.T.);
#874=ORIENTED_EDGE('',*,*,#660,.F.);
#875=ORIENTED_EDGE('',*,*,#661,.T.);
#876=ORIENTED_EDGE('',*,*,#657,.T.);
#877=ORIENTED_EDGE('',*,*,#662,.T.);
#878=ORIENTED_EDGE('',*,*,#663,.F.);
#879=ORIENTED_EDGE('',*,*,#664,.T.);
#880=ORIENTED_EDGE('',*,*,#660,.T.);
#881=ORIENTED_EDGE('',*,*,#665,.T.);
#882=ORIENTED_EDGE('',*,*,#666,.F.);
#883=ORIENTED_EDGE('',*,*,#667,.T.);
#884=ORIENTED_EDGE('',*,*,#663,.T.);
#885=ORIENTED_EDGE('',*,*,#668,.T.);
#886=ORIENTED_EDGE('',*,*,#669,.F.);
#887=ORIENTED_EDGE('',*,*,#670,.T.);
#888=ORIENTED_EDGE('',*,*,#666,.T.);
#889=ORIENTED_EDGE('',*,*,#671,.T.);
#890=ORIENTED_EDGE('',*,*,#672,.F.);
#891=ORIENTED_EDGE('',*,*,#673,.T.);
#892=ORIENTED_EDGE('',*,*,#674,.T.);
#893=ORIENTED_EDGE('',*,*,#675,.T.);
#894=ORIENTED_EDGE('',*,*,#676,.T.);
#895=ORIENTED_EDGE('',*,*,#677,.T.);
#896=ORIENTED_EDGE('',*,*,#678,.T.);
#897=ORIENTED_EDGE('',*,*,#673,.F.);
#898=ORIENTED_EDGE('',*,*,#679,.F.);
#899=ORIENTED_EDGE('',*,*,#680,.F.);
#900=ORIENTED_EDGE('',*,*,#681,.T.);
#901=ORIENTED_EDGE('',*,*,#682,.F.);
#902=ORIENTED_EDGE('',*,*,#681,.F.);
#903=ORIENTED_EDGE('',*,*,#683,.T.);
#904=ORIENTED_EDGE('',*,*,#684,.T.);
#905=ORIENTED_EDGE('',*,*,#685,.T.);
#906=ORIENTED_EDGE('',*,*,#684,.F.);
#907=ORIENTED_EDGE('',*,*,#685,.F.);
#908=ORIENTED_EDGE('',*,*,#686,.T.);
#909=ORIENTED_EDGE('',*,*,#687,.F.);
#910=ORIENTED_EDGE('',*,*,#686,.F.);
#911=ORIENTED_EDGE('',*,*,#688,.F.);
#912=ORIENTED_EDGE('',*,*,#683,.F.);
#913=ORIENTED_EDGE('',*,*,#689,.T.);
#914=ORIENTED_EDGE('',*,*,#690,.T.);
#915=ORIENTED_EDGE('',*,*,#687,.T.);
#916=ORIENTED_EDGE('',*,*,#690,.F.);
#917=ORIENTED_EDGE('',*,*,#691,.T.);
#918=ORIENTED_EDGE('',*,*,#689,.F.);
#919=ORIENTED_EDGE('',*,*,#692,.T.);
#920=ORIENTED_EDGE('',*,*,#672,.T.);
#921=ORIENTED_EDGE('',*,*,#693,.T.);
#922=ORIENTED_EDGE('',*,*,#694,.T.);
#923=ORIENTED_EDGE('',*,*,#639,.T.);
#924=ORIENTED_EDGE('',*,*,#694,.F.);
#925=ORIENTED_EDGE('',*,*,#676,.F.);
#926=ORIENTED_EDGE('',*,*,#695,.T.);
#927=ORIENTED_EDGE('',*,*,#669,.T.);
#928=ORIENTED_EDGE('',*,*,#696,.T.);
#929=ORIENTED_EDGE('',*,*,#693,.F.);
#930=ORIENTED_EDGE('',*,*,#697,.T.);
#931=ORIENTED_EDGE('',*,*,#600,.T.);
#932=ORIENTED_EDGE('',*,*,#698,.T.);
#933=ORIENTED_EDGE('',*,*,#640,.F.);
#934=ORIENTED_EDGE('',*,*,#637,.F.);
#935=ORIENTED_EDGE('',*,*,#699,.T.);
#936=ORIENTED_EDGE('',*,*,#699,.F.);
#937=ORIENTED_EDGE('',*,*,#636,.F.);
#938=ORIENTED_EDGE('',*,*,#643,.F.);
#939=ORIENTED_EDGE('',*,*,#646,.F.);
#940=ORIENTED_EDGE('',*,*,#649,.F.);
#941=ORIENTED_EDGE('',*,*,#652,.F.);
#942=ORIENTED_EDGE('',*,*,#655,.F.);
#943=ORIENTED_EDGE('',*,*,#658,.F.);
#944=ORIENTED_EDGE('',*,*,#661,.F.);
#945=ORIENTED_EDGE('',*,*,#664,.F.);
#946=ORIENTED_EDGE('',*,*,#667,.F.);
#947=ORIENTED_EDGE('',*,*,#670,.F.);
#948=ORIENTED_EDGE('',*,*,#695,.F.);
#949=ORIENTED_EDGE('',*,*,#675,.F.);
#950=ORIENTED_EDGE('',*,*,#700,.F.);
#951=ORIENTED_EDGE('',*,*,#701,.T.);
#952=ORIENTED_EDGE('',*,*,#634,.T.);
#953=ORIENTED_EDGE('',*,*,#631,.T.);
#954=ORIENTED_EDGE('',*,*,#628,.T.);
#955=ORIENTED_EDGE('',*,*,#625,.T.);
#956=ORIENTED_EDGE('',*,*,#622,.T.);
#957=ORIENTED_EDGE('',*,*,#619,.T.);
#958=ORIENTED_EDGE('',*,*,#616,.T.);
#959=ORIENTED_EDGE('',*,*,#613,.T.);
#960=ORIENTED_EDGE('',*,*,#610,.T.);
#961=ORIENTED_EDGE('',*,*,#607,.T.);
#962=ORIENTED_EDGE('',*,*,#604,.T.);
#963=ORIENTED_EDGE('',*,*,#601,.T.);
#964=ORIENTED_EDGE('',*,*,#678,.F.);
#965=ORIENTED_EDGE('',*,*,#702,.T.);
#966=ORIENTED_EDGE('',*,*,#703,.T.);
#967=ORIENTED_EDGE('',*,*,#700,.T.);
#968=ORIENTED_EDGE('',*,*,#674,.F.);
#969=ORIENTED_EDGE('',*,*,#632,.T.);
#970=ORIENTED_EDGE('',*,*,#701,.F.);
#971=ORIENTED_EDGE('',*,*,#703,.F.);
#972=ORIENTED_EDGE('',*,*,#704,.T.);
#973=ORIENTED_EDGE('',*,*,#698,.F.);
#974=ORIENTED_EDGE('',*,*,#599,.F.);
#975=ORIENTED_EDGE('',*,*,#603,.F.);
#976=ORIENTED_EDGE('',*,*,#606,.F.);
#977=ORIENTED_EDGE('',*,*,#609,.F.);
#978=ORIENTED_EDGE('',*,*,#612,.F.);
#979=ORIENTED_EDGE('',*,*,#615,.F.);
#980=ORIENTED_EDGE('',*,*,#618,.F.);
#981=ORIENTED_EDGE('',*,*,#621,.F.);
#982=ORIENTED_EDGE('',*,*,#624,.F.);
#983=ORIENTED_EDGE('',*,*,#627,.F.);
#984=ORIENTED_EDGE('',*,*,#630,.F.);
#985=ORIENTED_EDGE('',*,*,#633,.F.);
#986=ORIENTED_EDGE('',*,*,#704,.F.);
#987=ORIENTED_EDGE('',*,*,#702,.F.);
#988=ORIENTED_EDGE('',*,*,#677,.F.);
#989=ORIENTED_EDGE('',*,*,#696,.F.);
#990=ORIENTED_EDGE('',*,*,#671,.F.);
#991=ORIENTED_EDGE('',*,*,#668,.F.);
#992=ORIENTED_EDGE('',*,*,#665,.F.);
#993=ORIENTED_EDGE('',*,*,#662,.F.);
#994=ORIENTED_EDGE('',*,*,#659,.F.);
#995=ORIENTED_EDGE('',*,*,#656,.F.);
#996=ORIENTED_EDGE('',*,*,#653,.F.);
#997=ORIENTED_EDGE('',*,*,#650,.F.);
#998=ORIENTED_EDGE('',*,*,#647,.F.);
#999=ORIENTED_EDGE('',*,*,#644,.F.);
#1000=ORIENTED_EDGE('',*,*,#641,.F.);
#1001=ORIENTED_EDGE('',*,*,#705,.T.);
#1002=ORIENTED_EDGE('',*,*,#706,.T.);
#1003=ORIENTED_EDGE('',*,*,#707,.T.);
#1004=ORIENTED_EDGE('',*,*,#706,.F.);
#1005=ORIENTED_EDGE('',*,*,#708,.F.);
#1006=ORIENTED_EDGE('',*,*,#707,.F.);
#1007=ORIENTED_EDGE('',*,*,#709,.T.);
#1008=ORIENTED_EDGE('',*,*,#710,.T.);
#1009=ORIENTED_EDGE('',*,*,#708,.T.);
#1010=ORIENTED_EDGE('',*,*,#710,.F.);
#1011=ORIENTED_EDGE('',*,*,#709,.F.);
#1012=ORIENTED_EDGE('',*,*,#682,.T.);
#1013=ORIENTED_EDGE('',*,*,#679,.T.);
#1014=ORIENTED_EDGE('',*,*,#680,.T.);
#1015=ORIENTED_EDGE('',*,*,#711,.T.);
#1016=ORIENTED_EDGE('',*,*,#712,.T.);
#1017=ORIENTED_EDGE('',*,*,#711,.F.);
#1018=ORIENTED_EDGE('',*,*,#712,.F.);
#1019=ORIENTED_EDGE('',*,*,#713,.T.);
#1020=ORIENTED_EDGE('',*,*,#688,.T.);
#1021=ORIENTED_EDGE('',*,*,#714,.T.);
#1022=ORIENTED_EDGE('',*,*,#713,.F.);
#1023=ORIENTED_EDGE('',*,*,#714,.F.);
#1024=ORIENTED_EDGE('',*,*,#715,.F.);
#1025=ORIENTED_EDGE('',*,*,#576,.F.);
#1026=ORIENTED_EDGE('',*,*,#580,.F.);
#1027=ORIENTED_EDGE('',*,*,#583,.F.);
#1028=ORIENTED_EDGE('',*,*,#586,.F.);
#1029=ORIENTED_EDGE('',*,*,#589,.F.);
#1030=ORIENTED_EDGE('',*,*,#592,.F.);
#1031=ORIENTED_EDGE('',*,*,#596,.F.);
#1032=ORIENTED_EDGE('',*,*,#716,.F.);
#1033=ORIENTED_EDGE('',*,*,#551,.F.);
#1034=ORIENTED_EDGE('',*,*,#558,.F.);
#1035=ORIENTED_EDGE('',*,*,#561,.F.);
#1036=ORIENTED_EDGE('',*,*,#564,.F.);
#1037=ORIENTED_EDGE('',*,*,#567,.F.);
#1038=ORIENTED_EDGE('',*,*,#570,.F.);
#1039=ORIENTED_EDGE('',*,*,#573,.F.);
#1040=ORIENTED_EDGE('',*,*,#717,.F.);
#1041=ORIENTED_EDGE('',*,*,#718,.F.);
#1042=ORIENTED_EDGE('',*,*,#594,.T.);
#1043=ORIENTED_EDGE('',*,*,#719,.F.);
#1044=ORIENTED_EDGE('',*,*,#720,.F.);
#1045=ORIENTED_EDGE('',*,*,#552,.F.);
#1046=ORIENTED_EDGE('',*,*,#716,.T.);
#1047=ORIENTED_EDGE('',*,*,#595,.T.);
#1048=ORIENTED_EDGE('',*,*,#720,.T.);
#1049=ORIENTED_EDGE('',*,*,#721,.T.);
#1050=ORIENTED_EDGE('',*,*,#555,.F.);
#1051=ORIENTED_EDGE('',*,*,#722,.F.);
#1052=ORIENTED_EDGE('',*,*,#723,.F.);
#1053=ORIENTED_EDGE('',*,*,#574,.F.);
#1054=ORIENTED_EDGE('',*,*,#571,.F.);
#1055=ORIENTED_EDGE('',*,*,#568,.F.);
#1056=ORIENTED_EDGE('',*,*,#565,.F.);
#1057=ORIENTED_EDGE('',*,*,#562,.F.);
#1058=ORIENTED_EDGE('',*,*,#559,.F.);
#1059=ORIENTED_EDGE('',*,*,#556,.F.);
#1060=ORIENTED_EDGE('',*,*,#721,.F.);
#1061=ORIENTED_EDGE('',*,*,#719,.T.);
#1062=ORIENTED_EDGE('',*,*,#597,.T.);
#1063=ORIENTED_EDGE('',*,*,#593,.T.);
#1064=ORIENTED_EDGE('',*,*,#590,.T.);
#1065=ORIENTED_EDGE('',*,*,#587,.T.);
#1066=ORIENTED_EDGE('',*,*,#584,.T.);
#1067=ORIENTED_EDGE('',*,*,#581,.T.);
#1068=ORIENTED_EDGE('',*,*,#578,.T.);
#1069=ORIENTED_EDGE('',*,*,#724,.F.);
#1070=ORIENTED_EDGE('',*,*,#725,.T.);
#1071=ORIENTED_EDGE('',*,*,#724,.T.);
#1072=ORIENTED_EDGE('',*,*,#577,.T.);
#1073=ORIENTED_EDGE('',*,*,#715,.T.);
#1074=ORIENTED_EDGE('',*,*,#572,.T.);
#1075=ORIENTED_EDGE('',*,*,#723,.T.);
#1076=ORIENTED_EDGE('',*,*,#726,.T.);
#1077=ORIENTED_EDGE('',*,*,#717,.T.);
#1078=ORIENTED_EDGE('',*,*,#727,.F.);
#1079=ORIENTED_EDGE('',*,*,#725,.F.);
#1080=ORIENTED_EDGE('',*,*,#728,.F.);
#1081=ORIENTED_EDGE('',*,*,#729,.T.);
#1082=ORIENTED_EDGE('',*,*,#692,.F.);
#1083=ORIENTED_EDGE('',*,*,#729,.F.);
#1084=ORIENTED_EDGE('',*,*,#722,.T.);
#1085=ORIENTED_EDGE('',*,*,#727,.T.);
#1086=ORIENTED_EDGE('',*,*,#728,.T.);
#1087=ORIENTED_EDGE('',*,*,#718,.T.);
#1088=ORIENTED_EDGE('',*,*,#726,.F.);
#1089=ORIENTED_EDGE('',*,*,#691,.F.);
#1090=ORIENTED_EDGE('',*,*,#730,.T.);
#1091=ORIENTED_EDGE('',*,*,#731,.F.);
#1092=ORIENTED_EDGE('',*,*,#730,.F.);
#1093=ORIENTED_EDGE('',*,*,#731,.T.);
#1094=ORIENTED_EDGE('',*,*,#554,.F.);
#1095=ORIENTED_EDGE('',*,*,#697,.F.);
#1096=ORIENTED_EDGE('',*,*,#732,.T.);
#1097=ORIENTED_EDGE('',*,*,#705,.F.);
#1098=ORIENTED_EDGE('',*,*,#732,.F.);
#1099=CYLINDRICAL_SURFACE('',#1233,12.925);
#1100=CYLINDRICAL_SURFACE('',#1237,12.925);
#1101=CYLINDRICAL_SURFACE('',#1238,12.925);
#1102=CYLINDRICAL_SURFACE('',#1239,12.925);
#1103=CYLINDRICAL_SURFACE('',#1240,12.925);
#1104=CYLINDRICAL_SURFACE('',#1241,12.925);
#1105=CYLINDRICAL_SURFACE('',#1242,12.925);
#1106=CYLINDRICAL_SURFACE('',#1243,12.06595);
#1107=CYLINDRICAL_SURFACE('',#1245,12.06595);
#1108=CYLINDRICAL_SURFACE('',#1246,12.06595);
#1109=CYLINDRICAL_SURFACE('',#1247,12.06595);
#1110=CYLINDRICAL_SURFACE('',#1248,12.06595);
#1111=CYLINDRICAL_SURFACE('',#1249,12.06595);
#1112=CYLINDRICAL_SURFACE('',#1250,12.06595);
#1113=CYLINDRICAL_SURFACE('',#1252,11.36875);
#1114=CYLINDRICAL_SURFACE('',#1254,11.36875);
#1115=CYLINDRICAL_SURFACE('',#1255,11.36875);
#1116=CYLINDRICAL_SURFACE('',#1256,11.36875);
#1117=CYLINDRICAL_SURFACE('',#1257,11.36875);
#1118=CYLINDRICAL_SURFACE('',#1258,11.36875);
#1119=CYLINDRICAL_SURFACE('',#1259,11.36875);
#1120=CYLINDRICAL_SURFACE('',#1260,11.36875);
#1121=CYLINDRICAL_SURFACE('',#1261,11.36875);
#1122=CYLINDRICAL_SURFACE('',#1262,11.36875);
#1123=CYLINDRICAL_SURFACE('',#1263,11.36875);
#1124=CYLINDRICAL_SURFACE('',#1264,11.36875);
#1125=CYLINDRICAL_SURFACE('',#1265,11.942);
#1126=CYLINDRICAL_SURFACE('',#1269,11.942);
#1127=CYLINDRICAL_SURFACE('',#1270,11.942);
#1128=CYLINDRICAL_SURFACE('',#1271,11.942);
#1129=CYLINDRICAL_SURFACE('',#1272,11.942);
#1130=CYLINDRICAL_SURFACE('',#1273,11.942);
#1131=CYLINDRICAL_SURFACE('',#1274,11.942);
#1132=CYLINDRICAL_SURFACE('',#1275,11.942);
#1133=CYLINDRICAL_SURFACE('',#1276,11.942);
#1134=CYLINDRICAL_SURFACE('',#1277,11.942);
#1135=CYLINDRICAL_SURFACE('',#1278,11.942);
#1136=CYLINDRICAL_SURFACE('',#1279,11.942);
#1137=CYLINDRICAL_SURFACE('',#1291,12.229);
#1138=CYLINDRICAL_SURFACE('',#1303,11.942);
#1139=CYLINDRICAL_SURFACE('',#1309,11.36875);
#1140=CYLINDRICAL_SURFACE('',#1315,15.93088);
#1141=CYLINDRICAL_SURFACE('',#1318,15.16888);
#1142=CYLINDRICAL_SURFACE('',#1322,13.);
#1143=CYLINDRICAL_SURFACE('',#1323,12.06595);
#1144=CYLINDRICAL_SURFACE('',#1328,12.925);
#1145=CYLINDRICAL_SURFACE('',#1330,12.229);
#1146=CYLINDRICAL_SURFACE('',#1334,12.98702);
#1147=CYLINDRICAL_SURFACE('',#1337,6.65);
#1148=ADVANCED_FACE('',(#45),#1099,.T.);
#1149=ADVANCED_FACE('',(#46),#1100,.T.);
#1150=ADVANCED_FACE('',(#47),#1101,.T.);
#1151=ADVANCED_FACE('',(#48),#1102,.T.);
#1152=ADVANCED_FACE('',(#49),#1103,.T.);
#1153=ADVANCED_FACE('',(#50),#1104,.T.);
#1154=ADVANCED_FACE('',(#51),#1105,.T.);
#1155=ADVANCED_FACE('',(#52),#1106,.T.);
#1156=ADVANCED_FACE('',(#53),#1107,.T.);
#1157=ADVANCED_FACE('',(#54),#1108,.T.);
#1158=ADVANCED_FACE('',(#55),#1109,.T.);
#1159=ADVANCED_FACE('',(#56),#1110,.T.);
#1160=ADVANCED_FACE('',(#57),#1111,.T.);
#1161=ADVANCED_FACE('',(#58),#1112,.T.);
#1162=ADVANCED_FACE('',(#59),#1113,.T.);
#1163=ADVANCED_FACE('',(#60),#1114,.T.);
#1164=ADVANCED_FACE('',(#61),#1115,.T.);
#1165=ADVANCED_FACE('',(#62),#1116,.T.);
#1166=ADVANCED_FACE('',(#63),#1117,.T.);
#1167=ADVANCED_FACE('',(#64),#1118,.T.);
#1168=ADVANCED_FACE('',(#65),#1119,.T.);
#1169=ADVANCED_FACE('',(#66),#1120,.T.);
#1170=ADVANCED_FACE('',(#67),#1121,.T.);
#1171=ADVANCED_FACE('',(#68),#1122,.T.);
#1172=ADVANCED_FACE('',(#69),#1123,.T.);
#1173=ADVANCED_FACE('',(#70),#1124,.T.);
#1174=ADVANCED_FACE('',(#71),#1125,.T.);
#1175=ADVANCED_FACE('',(#72),#1126,.T.);
#1176=ADVANCED_FACE('',(#73),#1127,.T.);
#1177=ADVANCED_FACE('',(#74),#1128,.T.);
#1178=ADVANCED_FACE('',(#75),#1129,.T.);
#1179=ADVANCED_FACE('',(#76),#1130,.T.);
#1180=ADVANCED_FACE('',(#77),#1131,.T.);
#1181=ADVANCED_FACE('',(#78),#1132,.T.);
#1182=ADVANCED_FACE('',(#79),#1133,.T.);
#1183=ADVANCED_FACE('',(#80),#1134,.T.);
#1184=ADVANCED_FACE('',(#81),#1135,.T.);
#1185=ADVANCED_FACE('',(#82),#1136,.T.);
#1186=ADVANCED_FACE('',(#83),#44,.F.);
#1187=ADVANCED_FACE('',(#84),#40,.T.);
#1188=ADVANCED_FACE('',(#85),#1137,.T.);
#1189=ADVANCED_FACE('',(#86,#19),#27,.F.);
#1190=ADVANCED_FACE('',(#87),#41,.T.);
#1191=ADVANCED_FACE('',(#88,#20),#28,.F.);
#1192=ADVANCED_FACE('',(#89,#21),#29,.T.);
#1193=ADVANCED_FACE('',(#90),#42,.T.);
#1194=ADVANCED_FACE('',(#91),#1138,.T.);
#1195=ADVANCED_FACE('',(#92,#22),#30,.T.);
#1196=ADVANCED_FACE('',(#93),#31,.F.);
#1197=ADVANCED_FACE('',(#94),#15,.F.);
#1198=ADVANCED_FACE('',(#95),#32,.T.);
#1199=ADVANCED_FACE('',(#96),#1139,.T.);
#1200=ADVANCED_FACE('',(#97),#16,.F.);
#1201=ADVANCED_FACE('',(#98),#43,.F.);
#1202=ADVANCED_FACE('',(#99,#23),#33,.F.);
#1203=ADVANCED_FACE('',(#100),#1140,.T.);
#1204=ADVANCED_FACE('',(#101,#24),#34,.T.);
#1205=ADVANCED_FACE('',(#102),#1141,.T.);
#1206=ADVANCED_FACE('',(#103,#25),#35,.T.);
#1207=ADVANCED_FACE('',(#104),#1142,.T.);
#1208=ADVANCED_FACE('',(#105),#17,.F.);
#1209=ADVANCED_FACE('',(#106),#1143,.T.);
#1210=ADVANCED_FACE('',(#107),#36,.T.);
#1211=ADVANCED_FACE('',(#108),#18,.F.);
#1212=ADVANCED_FACE('',(#109),#37,.F.);
#1213=ADVANCED_FACE('',(#110),#1144,.T.);
#1214=ADVANCED_FACE('',(#111),#1145,.T.);
#1215=ADVANCED_FACE('',(#112),#38,.T.);
#1216=ADVANCED_FACE('',(#113),#1146,.T.);
#1217=ADVANCED_FACE('',(#114,#26),#39,.T.);
#1218=ADVANCED_FACE('',(#115),#1147,.F.);
#1219=CLOSED_SHELL('',(#1148,#1149,#1150,#1151,#1152,#1153,#1154,#1155,
#1156,#1157,#1158,#1159,#1160,#1161,#1162,#1163,#1164,#1165,#1166,#1167,
#1168,#1169,#1170,#1171,#1172,#1173,#1174,#1175,#1176,#1177,#1178,#1179,
#1180,#1181,#1182,#1183,#1184,#1185,#1186,#1187,#1188,#1189,#1190,#1191,
#1192,#1193,#1194,#1195,#1196,#1197,#1198,#1199,#1200,#1201,#1202,#1203,
#1204,#1205,#1206,#1207,#1208,#1209,#1210,#1211,#1212,#1213,#1214,#1215,
#1216,#1217,#1218));
#1220=DERIVED_UNIT_ELEMENT(#1222,1.);
#1221=DERIVED_UNIT_ELEMENT(#7137,-3.);
#1222=(
MASS_UNIT()
NAMED_UNIT(*)
SI_UNIT(.KILO.,.GRAM.)
);
#1223=DERIVED_UNIT((#1220,#1221));
#1224=MEASURE_REPRESENTATION_ITEM('density measure',
POSITIVE_RATIO_MEASURE(7850.),#1223);
#1225=PROPERTY_DEFINITION_REPRESENTATION(#1230,#1227);
#1226=PROPERTY_DEFINITION_REPRESENTATION(#1231,#1228);
#1227=REPRESENTATION('material name',(#1229),#7134);
#1228=REPRESENTATION('density',(#1224),#7134);
#1229=DESCRIPTIVE_REPRESENTATION_ITEM('Steel','Steel');
#1230=PROPERTY_DEFINITION('material property','material name',#7144);
#1231=PROPERTY_DEFINITION('material property','density of part',#7144);
#1232=AXIS2_PLACEMENT_3D('',#1602,#1338,#1339);
#1233=AXIS2_PLACEMENT_3D('',#1603,#1340,#1341);
#1234=AXIS2_PLACEMENT_3D('',#1637,#1343,#1344);
#1235=AXIS2_PLACEMENT_3D('',#1640,#1346,#1347);
#1236=AXIS2_PLACEMENT_3D('',#1642,#1348,#1349);
#1237=AXIS2_PLACEMENT_3D('',#1665,#1350,#1351);
#1238=AXIS2_PLACEMENT_3D('',#1752,#1353,#1354);
#1239=AXIS2_PLACEMENT_3D('',#1839,#1356,#1357);
#1240=AXIS2_PLACEMENT_3D('',#1929,#1359,#1360);
#1241=AXIS2_PLACEMENT_3D('',#2013,#1362,#1363);
#1242=AXIS2_PLACEMENT_3D('',#2103,#1365,#1366);
#1243=AXIS2_PLACEMENT_3D('',#2187,#1368,#1369);
#1244=AXIS2_PLACEMENT_3D('',#2205,#1371,#1372);
#1245=AXIS2_PLACEMENT_3D('',#2216,#1373,#1374);
#1246=AXIS2_PLACEMENT_3D('',#2253,#1376,#1377);
#1247=AXIS2_PLACEMENT_3D('',#2290,#1379,#1380);
#1248=AXIS2_PLACEMENT_3D('',#2327,#1382,#1383);
#1249=AXIS2_PLACEMENT_3D('',#2365,#1385,#1386);
#1250=AXIS2_PLACEMENT_3D('',#2401,#1388,#1389);
#1251=AXIS2_PLACEMENT_3D('',#2406,#1391,#1392);
#1252=AXIS2_PLACEMENT_3D('',#2440,#1393,#1394);
#1253=AXIS2_PLACEMENT_3D('',#2454,#1396,#1397);
#1254=AXIS2_PLACEMENT_3D('',#2460,#1398,#1399);
#1255=AXIS2_PLACEMENT_3D('',#2498,#1401,#1402);
#1256=AXIS2_PLACEMENT_3D('',#2535,#1404,#1405);
#1257=AXIS2_PLACEMENT_3D('',#2572,#1407,#1408);
#1258=AXIS2_PLACEMENT_3D('',#2610,#1410,#1411);
#1259=AXIS2_PLACEMENT_3D('',#2647,#1413,#1414);
#1260=AXIS2_PLACEMENT_3D('',#2684,#1416,#1417);
#1261=AXIS2_PLACEMENT_3D('',#2722,#1419,#1420);
#1262=AXIS2_PLACEMENT_3D('',#2759,#1422,#1423);
#1263=AXIS2_PLACEMENT_3D('',#2796,#1425,#1426);
#1264=AXIS2_PLACEMENT_3D('',#2834,#1428,#1429);
#1265=AXIS2_PLACEMENT_3D('',#2871,#1431,#1432);
#1266=AXIS2_PLACEMENT_3D('',#2911,#1434,#1435);
#1267=AXIS2_PLACEMENT_3D('',#2914,#1437,#1438);
#1268=AXIS2_PLACEMENT_3D('',#2916,#1439,#1440);
#1269=AXIS2_PLACEMENT_3D('',#2945,#1441,#1442);
#1270=AXIS2_PLACEMENT_3D('',#3035,#1444,#1445);
#1271=AXIS2_PLACEMENT_3D('',#3119,#1447,#1448);
#1272=AXIS2_PLACEMENT_3D('',#3209,#1450,#1451);
#1273=AXIS2_PLACEMENT_3D('',#3299,#1453,#1454);
#1274=AXIS2_PLACEMENT_3D('',#3383,#1456,#1457);
#1275=AXIS2_PLACEMENT_3D('',#3473,#1459,#1460);
#1276=AXIS2_PLACEMENT_3D('',#3563,#1462,#1463);
#1277=AXIS2_PLACEMENT_3D('',#3647,#1465,#1466);
#1278=AXIS2_PLACEMENT_3D('',#3737,#1468,#1469);
#1279=AXIS2_PLACEMENT_3D('',#3827,#1471,#1472);
#1280=AXIS2_PLACEMENT_3D('',#3829,#1473,#1474);
#1281=AXIS2_PLACEMENT_3D('',#3833,#1476,#1477);
#1282=AXIS2_PLACEMENT_3D('',#3864,#1479,#1480);
#1283=AXIS2_PLACEMENT_3D('',#3865,#1481,#1482);
#1284=AXIS2_PLACEMENT_3D('',#3868,#1483,#1484);
#1285=AXIS2_PLACEMENT_3D('',#3869,#1485,#1486);
#1286=AXIS2_PLACEMENT_3D('',#3871,#1487,#1488);
#1287=AXIS2_PLACEMENT_3D('',#3872,#1489,#1490);
#1288=AXIS2_PLACEMENT_3D('',#3873,#1491,#1492);
#1289=AXIS2_PLACEMENT_3D('',#3875,#1493,#1494);
#1290=AXIS2_PLACEMENT_3D('',#3878,#1496,#1497);
#1291=AXIS2_PLACEMENT_3D('',#3879,#1498,#1499);
#1292=AXIS2_PLACEMENT_3D('',#3882,#1501,#1502);
#1293=AXIS2_PLACEMENT_3D('',#3883,#1503,#1504);
#1294=AXIS2_PLACEMENT_3D('',#3885,#1505,#1506);
#1295=AXIS2_PLACEMENT_3D('',#3886,#1507,#1508);
#1296=AXIS2_PLACEMENT_3D('',#3888,#1509,#1510);
#1297=AXIS2_PLACEMENT_3D('',#3890,#1512,#1513);
#1298=AXIS2_PLACEMENT_3D('',#3892,#1514,#1515);
#1299=AXIS2_PLACEMENT_3D('',#3893,#1516,#1517);
#1300=AXIS2_PLACEMENT_3D('',#3895,#1518,#1519);
#1301=AXIS2_PLACEMENT_3D('',#3896,#1520,#1521);
#1302=AXIS2_PLACEMENT_3D('',#3898,#1522,#1523);
#1303=AXIS2_PLACEMENT_3D('',#3900,#1525,#1526);
#1304=AXIS2_PLACEMENT_3D('',#3981,#1527,#1528);
#1305=AXIS2_PLACEMENT_3D('',#3983,#1529,#1530);
#1306=AXIS2_PLACEMENT_3D('',#3984,#1531,#1532);
#1307=AXIS2_PLACEMENT_3D('',#5026,#1533,#1534);
#1308=AXIS2_PLACEMENT_3D('',#5158,#1535,#1536);
#1309=AXIS2_PLACEMENT_3D('',#5159,#1537,#1538);
#1310=AXIS2_PLACEMENT_3D('',#5808,#1539,#1540);
#1311=AXIS2_PLACEMENT_3D('',#5810,#1541,#1542);
#1312=AXIS2_PLACEMENT_3D('',#5813,#1544,#1545);
#1313=AXIS2_PLACEMENT_3D('',#5814,#1546,#1547);
#1314=AXIS2_PLACEMENT_3D('',#5816,#1548,#1549);
#1315=AXIS2_PLACEMENT_3D('',#5817,#1550,#1551);
#1316=AXIS2_PLACEMENT_3D('',#5819,#1552,#1553);
#1317=AXIS2_PLACEMENT_3D('',#5821,#1555,#1556);
#1318=AXIS2_PLACEMENT_3D('',#5822,#1557,#1558);
#1319=AXIS2_PLACEMENT_3D('',#5825,#1560,#1561);
#1320=AXIS2_PLACEMENT_3D('',#5826,#1562,#1563);
#1321=AXIS2_PLACEMENT_3D('',#5828,#1564,#1565);
#1322=AXIS2_PLACEMENT_3D('',#5829,#1566,#1567);
#1323=AXIS2_PLACEMENT_3D('',#6465,#1569,#1570);
#1324=AXIS2_PLACEMENT_3D('',#6473,#1571,#1572);
#1325=AXIS2_PLACEMENT_3D('',#6474,#1573,#1574);
#1326=AXIS2_PLACEMENT_3D('',#7115,#1575,#1576);
#1327=AXIS2_PLACEMENT_3D('',#7116,#1577,#1578);
#1328=AXIS2_PLACEMENT_3D('',#7117,#1579,#1580);
#1329=AXIS2_PLACEMENT_3D('',#7118,#1581,#1582);
#1330=AXIS2_PLACEMENT_3D('',#7119,#1583,#1584);
#1331=AXIS2_PLACEMENT_3D('',#7121,#1585,#1586);
#1332=AXIS2_PLACEMENT_3D('',#7122,#1587,#1588);
#1333=AXIS2_PLACEMENT_3D('',#7124,#1590,#1591);
#1334=AXIS2_PLACEMENT_3D('',#7125,#1592,#1593);
#1335=AXIS2_PLACEMENT_3D('',#7128,#1595,#1596);
#1336=AXIS2_PLACEMENT_3D('',#7129,#1597,#1598);
#1337=AXIS2_PLACEMENT_3D('',#7130,#1599,#1600);
#1338=DIRECTION('axis',(0.,0.,1.));
#1339=DIRECTION('refdir',(1.,0.,0.));
#1340=DIRECTION('center_axis',(0.,1.,0.));
#1341=DIRECTION('ref_axis',(1.,0.,0.));
#1342=DIRECTION('',(0.,-1.,0.));
#1343=DIRECTION('center_axis',(0.,-1.,0.));
#1344=DIRECTION('ref_axis',(1.,0.,0.));
#1345=DIRECTION('',(0.,-1.,0.));
#1346=DIRECTION('center_axis',(0.,-1.,0.));
#1347=DIRECTION('ref_axis',(1.,0.,0.));
#1348=DIRECTION('center_axis',(0.,-1.,0.));
#1349=DIRECTION('ref_axis',(1.,0.,0.));
#1350=DIRECTION('center_axis',(0.,1.,0.));
#1351=DIRECTION('ref_axis',(1.,0.,0.));
#1352=DIRECTION('',(0.,-1.,0.));
#1353=DIRECTION('center_axis',(0.,1.,0.));
#1354=DIRECTION('ref_axis',(1.,0.,0.));
#1355=DIRECTION('',(0.,-1.,0.));
#1356=DIRECTION('center_axis',(0.,1.,0.));
#1357=DIRECTION('ref_axis',(1.,0.,0.));
#1358=DIRECTION('',(0.,-1.,0.));
#1359=DIRECTION('center_axis',(0.,1.,0.));
#1360=DIRECTION('ref_axis',(1.,0.,0.));
#1361=DIRECTION('',(0.,-1.,0.));
#1362=DIRECTION('center_axis',(0.,1.,0.));
#1363=DIRECTION('ref_axis',(1.,0.,0.));
#1364=DIRECTION('',(0.,-1.,0.));
#1365=DIRECTION('center_axis',(0.,1.,0.));
#1366=DIRECTION('ref_axis',(1.,0.,0.));
#1367=DIRECTION('',(0.,-1.,0.));
#1368=DIRECTION('center_axis',(0.,1.,0.));
#1369=DIRECTION('ref_axis',(0.54089156389263,0.,0.841092335067788));
#1370=DIRECTION('',(0.,1.,0.));
#1371=DIRECTION('center_axis',(0.,1.,0.));
#1372=DIRECTION('ref_axis',(1.,0.,-1.92906346759499E-14));
#1373=DIRECTION('center_axis',(0.,1.,0.));
#1374=DIRECTION('ref_axis',(1.,0.,-1.92906346759499E-14));
#1375=DIRECTION('',(0.,1.,0.));
#1376=DIRECTION('center_axis',(0.,1.,0.));
#1377=DIRECTION('ref_axis',(1.,0.,-1.92906346759499E-14));
#1378=DIRECTION('',(0.,1.,0.));
#1379=DIRECTION('center_axis',(0.,1.,0.));
#1380=DIRECTION('ref_axis',(1.,0.,-1.92906346759499E-14));
#1381=DIRECTION('',(0.,1.,0.));
#1382=DIRECTION('center_axis',(0.,1.,0.));
#1383=DIRECTION('ref_axis',(1.,0.,-1.92906346759499E-14));
#1384=DIRECTION('',(0.,1.,0.));
#1385=DIRECTION('center_axis',(0.,1.,0.));
#1386=DIRECTION('ref_axis',(1.,0.,-1.92906346759499E-14));
#1387=DIRECTION('',(0.,1.,0.));
#1388=DIRECTION('center_axis',(0.,1.,0.));
#1389=DIRECTION('ref_axis',(1.,0.,-1.92906346759499E-14));
#1390=DIRECTION('',(0.,1.,0.));
#1391=DIRECTION('center_axis',(0.,-1.,0.));
#1392=DIRECTION('ref_axis',(1.,0.,-1.92906346759499E-14));
#1393=DIRECTION('center_axis',(0.,1.,0.));
#1394=DIRECTION('ref_axis',(-0.457930723747139,0.,0.888987880822018));
#1395=DIRECTION('',(0.,1.,0.));
#1396=DIRECTION('center_axis',(0.,1.,0.));
#1397=DIRECTION('ref_axis',(1.,0.,-6.55647115627669E-14));
#1398=DIRECTION('center_axis',(0.,1.,0.));
#1399=DIRECTION('ref_axis',(1.,0.,-6.55647115627669E-14));
#1400=DIRECTION('',(0.,1.,0.));
#1401=DIRECTION('center_axis',(0.,1.,0.));
#1402=DIRECTION('ref_axis',(1.,0.,-6.55647115627669E-14));
#1403=DIRECTION('',(0.,1.,0.));
#1404=DIRECTION('center_axis',(0.,1.,0.));
#1405=DIRECTION('ref_axis',(1.,0.,-6.55647115627669E-14));
#1406=DIRECTION('',(0.,1.,0.));
#1407=DIRECTION('center_axis',(0.,1.,0.));
#1408=DIRECTION('ref_axis',(1.,0.,-6.55647115627669E-14));
#1409=DIRECTION('',(0.,1.,0.));
#1410=DIRECTION('center_axis',(0.,1.,0.));
#1411=DIRECTION('ref_axis',(1.,0.,-6.55647115627669E-14));
#1412=DIRECTION('',(0.,1.,0.));
#1413=DIRECTION('center_axis',(0.,1.,0.));
#1414=DIRECTION('ref_axis',(1.,0.,-6.55647115627669E-14));
#1415=DIRECTION('',(0.,1.,0.));
#1416=DIRECTION('center_axis',(0.,1.,0.));
#1417=DIRECTION('ref_axis',(1.,0.,-6.55647115627669E-14));
#1418=DIRECTION('',(0.,1.,0.));
#1419=DIRECTION('center_axis',(0.,1.,0.));
#1420=DIRECTION('ref_axis',(1.,0.,-6.55647115627669E-14));
#1421=DIRECTION('',(0.,1.,0.));
#1422=DIRECTION('center_axis',(0.,1.,0.));
#1423=DIRECTION('ref_axis',(1.,0.,-6.55647115627669E-14));
#1424=DIRECTION('',(0.,1.,0.));
#1425=DIRECTION('center_axis',(0.,1.,0.));
#1426=DIRECTION('ref_axis',(1.,0.,-6.55647115627669E-14));
#1427=DIRECTION('',(0.,1.,0.));
#1428=DIRECTION('center_axis',(0.,1.,0.));
#1429=DIRECTION('ref_axis',(1.,0.,-6.55647115627669E-14));
#1430=DIRECTION('',(0.,1.,0.));
#1431=DIRECTION('center_axis',(0.,1.,0.));
#1432=DIRECTION('ref_axis',(1.,0.,0.));
#1433=DIRECTION('',(0.,1.,0.));
#1434=DIRECTION('center_axis',(0.,1.,0.));
#1435=DIRECTION('ref_axis',(1.,0.,0.));
#1436=DIRECTION('',(0.,1.,0.));
#1437=DIRECTION('center_axis',(0.,1.,0.));
#1438=DIRECTION('ref_axis',(1.,0.,0.));
#1439=DIRECTION('center_axis',(0.,1.,0.));
#1440=DIRECTION('ref_axis',(1.,0.,0.));
#1441=DIRECTION('center_axis',(0.,1.,0.));
#1442=DIRECTION('ref_axis',(1.,0.,0.));
#1443=DIRECTION('',(0.,1.,0.));
#1444=DIRECTION('center_axis',(0.,1.,0.));
#1445=DIRECTION('ref_axis',(1.,0.,0.));
#1446=DIRECTION('',(0.,1.,0.));
#1447=DIRECTION('center_axis',(0.,1.,0.));
#1448=DIRECTION('ref_axis',(1.,0.,0.));
#1449=DIRECTION('',(0.,1.,0.));
#1450=DIRECTION('center_axis',(0.,1.,0.));
#1451=DIRECTION('ref_axis',(1.,0.,0.));
#1452=DIRECTION('',(0.,1.,0.));
#1453=DIRECTION('center_axis',(0.,1.,0.));
#1454=DIRECTION('ref_axis',(1.,0.,0.));
#1455=DIRECTION('',(0.,1.,0.));
#1456=DIRECTION('center_axis',(0.,1.,0.));
#1457=DIRECTION('ref_axis',(1.,0.,0.));
#1458=DIRECTION('',(0.,1.,0.));
#1459=DIRECTION('center_axis',(0.,1.,0.));
#1460=DIRECTION('ref_axis',(1.,0.,0.));
#1461=DIRECTION('',(0.,1.,0.));
#1462=DIRECTION('center_axis',(0.,1.,0.));
#1463=DIRECTION('ref_axis',(1.,0.,0.));
#1464=DIRECTION('',(0.,1.,0.));
#1465=DIRECTION('center_axis',(0.,1.,0.));
#1466=DIRECTION('ref_axis',(1.,0.,0.));
#1467=DIRECTION('',(0.,1.,0.));
#1468=DIRECTION('center_axis',(0.,1.,0.));
#1469=DIRECTION('ref_axis',(1.,0.,0.));
#1470=DIRECTION('',(0.,1.,0.));
#1471=DIRECTION('center_axis',(0.,1.,0.));
#1472=DIRECTION('ref_axis',(1.,0.,0.));
#1473=DIRECTION('center_axis',(0.,1.,0.));
#1474=DIRECTION('ref_axis',(1.,0.,0.));
#1475=DIRECTION('',(0.,1.,0.));
#1476=DIRECTION('center_axis',(0.,-1.,0.));
#1477=DIRECTION('ref_axis',(1.,0.,0.));
#1478=DIRECTION('',(0.,1.,0.));
#1479=DIRECTION('center_axis',(0.,-1.,0.));
#1480=DIRECTION('ref_axis',(1.,0.,0.));
#1481=DIRECTION('center_axis',(0.,1.,0.));
#1482=DIRECTION('ref_axis',(0.,0.,1.));
#1483=DIRECTION('center_axis',(0.,1.,0.));
#1484=DIRECTION('ref_axis',(1.,0.,0.));
#1485=DIRECTION('center_axis',(0.,1.,0.));
#1486=DIRECTION('ref_axis',(1.,0.,0.));
#1487=DIRECTION('center_axis',(1.,0.,-1.22464679914735E-16));
#1488=DIRECTION('ref_axis',(-1.22464679914735E-16,0.,-1.));
#1489=DIRECTION('center_axis',(0.,-1.,0.));
#1490=DIRECTION('ref_axis',(1.,0.,0.));
#1491=DIRECTION('center_axis',(0.,-1.,0.));
#1492=DIRECTION('ref_axis',(1.,0.,0.));
#1493=DIRECTION('center_axis',(0.,1.,0.));
#1494=DIRECTION('ref_axis',(1.,0.,0.));
#1495=DIRECTION('',(0.707106781186546,0.707106781186549,8.65956056235492E-17));
#1496=DIRECTION('center_axis',(0.,-1.,0.));
#1497=DIRECTION('ref_axis',(1.,0.,0.));
#1498=DIRECTION('center_axis',(0.,1.,0.));
#1499=DIRECTION('ref_axis',(1.,0.,0.));
#1500=DIRECTION('',(0.,1.,0.));
#1501=DIRECTION('center_axis',(0.,1.,0.));
#1502=DIRECTION('ref_axis',(1.,0.,0.));
#1503=DIRECTION('center_axis',(0.,-1.,0.));
#1504=DIRECTION('ref_axis',(0.,0.,-1.));
#1505=DIRECTION('center_axis',(0.,-1.,0.));
#1506=DIRECTION('ref_axis',(1.,0.,0.));
#1507=DIRECTION('center_axis',(0.,1.,0.));
#1508=DIRECTION('ref_axis',(1.,0.,0.));
#1509=DIRECTION('center_axis',(0.,-1.,0.));
#1510=DIRECTION('ref_axis',(1.,0.,0.));
#1511=DIRECTION('',(0.707106781186546,-0.707106781186549,-8.65956056235492E-17));
#1512=DIRECTION('center_axis',(0.,1.,0.));
#1513=DIRECTION('ref_axis',(0.,0.,1.));
#1514=DIRECTION('center_axis',(0.,-1.,0.));
#1515=DIRECTION('ref_axis',(1.,0.,0.));
#1516=DIRECTION('center_axis',(0.,1.,0.));
#1517=DIRECTION('ref_axis',(0.,0.,1.));
#1518=DIRECTION('center_axis',(0.,1.,0.));
#1519=DIRECTION('ref_axis',(1.,0.,0.));
#1520=DIRECTION('center_axis',(0.,-1.,0.));
#1521=DIRECTION('ref_axis',(1.,0.,0.));
#1522=DIRECTION('center_axis',(0.,-1.,0.));
#1523=DIRECTION('ref_axis',(1.,0.,0.));
#1524=DIRECTION('',(-0.707106781186543,-0.707106781186552,8.65956056235488E-17));
#1525=DIRECTION('center_axis',(0.,1.,0.));
#1526=DIRECTION('ref_axis',(1.,0.,0.));
#1527=DIRECTION('center_axis',(0.,1.,0.));
#1528=DIRECTION('ref_axis',(1.,0.,0.));
#1529=DIRECTION('center_axis',(0.,-1.,0.));
#1530=DIRECTION('ref_axis',(1.,0.,0.));
#1531=DIRECTION('center_axis',(0.,1.,0.));
#1532=DIRECTION('ref_axis',(0.,0.,1.));
#1533=DIRECTION('center_axis',(0.,1.,0.));
#1534=DIRECTION('ref_axis',(0.,0.,1.));
#1535=DIRECTION('center_axis',(0.,-1.,0.));
#1536=DIRECTION('ref_axis',(1.,0.,-6.55647115627669E-14));
#1537=DIRECTION('center_axis',(0.,1.,0.));
#1538=DIRECTION('ref_axis',(0.888989140575973,0.,-0.457928278159356));
#1539=DIRECTION('center_axis',(0.,-1.,0.));
#1540=DIRECTION('ref_axis',(1.,0.,0.));
#1541=DIRECTION('center_axis',(0.,1.,0.));
#1542=DIRECTION('ref_axis',(1.,0.,0.));
#1543=DIRECTION('',(-0.707106781186547,-0.707106781186547,8.65956056235493E-17));
#1544=DIRECTION('center_axis',(0.,1.,0.));
#1545=DIRECTION('ref_axis',(1.,0.,0.));
#1546=DIRECTION('center_axis',(0.,1.,0.));
#1547=DIRECTION('ref_axis',(1.,0.,0.));
#1548=DIRECTION('center_axis',(0.,1.,0.));
#1549=DIRECTION('ref_axis',(1.,0.,0.));
#1550=DIRECTION('center_axis',(0.,1.,0.));
#1551=DIRECTION('ref_axis',(1.,0.,0.));
#1552=DIRECTION('center_axis',(0.,-1.,0.));
#1553=DIRECTION('ref_axis',(1.,0.,0.));
#1554=DIRECTION('',(0.,-1.,0.));
#1555=DIRECTION('center_axis',(0.,1.,0.));
#1556=DIRECTION('ref_axis',(1.,0.,0.));
#1557=DIRECTION('center_axis',(0.,1.,0.));
#1558=DIRECTION('ref_axis',(1.,0.,0.));
#1559=DIRECTION('',(0.,1.,0.));
#1560=DIRECTION('center_axis',(0.,-1.,0.));
#1561=DIRECTION('ref_axis',(1.,0.,0.));
#1562=DIRECTION('center_axis',(0.,1.,0.));
#1563=DIRECTION('ref_axis',(1.,0.,0.));
#1564=DIRECTION('center_axis',(0.,-1.,0.));
#1565=DIRECTION('ref_axis',(1.,0.,0.));
#1566=DIRECTION('center_axis',(0.,1.,0.));
#1567=DIRECTION('ref_axis',(1.,0.,0.));
#1568=DIRECTION('',(0.,-1.,0.));
#1569=DIRECTION('center_axis',(0.,1.,0.));
#1570=DIRECTION('ref_axis',(1.,0.,-1.92906346759499E-14));
#1571=DIRECTION('center_axis',(0.,-1.,0.));
#1572=DIRECTION('ref_axis',(1.,0.,-1.92906346759499E-14));
#1573=DIRECTION('center_axis',(0.,1.,0.));
#1574=DIRECTION('ref_axis',(0.,0.,1.));
#1575=DIRECTION('center_axis',(0.,1.,0.));
#1576=DIRECTION('ref_axis',(0.,0.,1.));
#1577=DIRECTION('center_axis',(0.,-1.,0.));
#1578=DIRECTION('ref_axis',(1.,0.,0.));
#1579=DIRECTION('center_axis',(0.,1.,0.));
#1580=DIRECTION('ref_axis',(1.,0.,0.));
#1581=DIRECTION('center_axis',(0.,-1.,0.));
#1582=DIRECTION('ref_axis',(1.,0.,0.));
#1583=DIRECTION('center_axis',(0.,1.,0.));
#1584=DIRECTION('ref_axis',(1.,0.,0.));
#1585=DIRECTION('center_axis',(0.,-1.,0.));
#1586=DIRECTION('ref_axis',(1.,0.,0.));
#1587=DIRECTION('center_axis',(0.,-1.,0.));
#1588=DIRECTION('ref_axis',(1.,0.,0.));
#1589=DIRECTION('',(0.,1.,0.));
#1590=DIRECTION('center_axis',(0.,1.,0.));
#1591=DIRECTION('ref_axis',(1.,0.,0.));
#1592=DIRECTION('center_axis',(0.,1.,0.));
#1593=DIRECTION('ref_axis',(1.,0.,0.));
#1594=DIRECTION('',(0.,1.,0.));
#1595=DIRECTION('center_axis',(0.,1.,0.));
#1596=DIRECTION('ref_axis',(1.,0.,0.));
#1597=DIRECTION('center_axis',(0.,1.,0.));
#1598=DIRECTION('ref_axis',(0.,0.,1.));
#1599=DIRECTION('center_axis',(0.,1.,0.));
#1600=DIRECTION('ref_axis',(1.,0.,0.));
#1601=DIRECTION('',(0.,-1.,0.));
#1602=CARTESIAN_POINT('',(0.,0.,0.));
#1603=CARTESIAN_POINT('Origin',(0.,28.5,0.));
#1604=CARTESIAN_POINT('',(-12.9241373710947,211.481156847152,-0.000215852828472363));
#1605=CARTESIAN_POINT('',(-12.9239572248504,211.268843152848,-0.000109683079592705));
#1606=CARTESIAN_POINT('',(-12.925,28.5,1.58285598789795E-15));
#1607=CARTESIAN_POINT('',(7.32501367615744,210.5,10.6495703496781));
#1608=CARTESIAN_POINT('Ctrl Pts',(-12.9241373710947,211.481156847152,-0.000215852828472363));
#1609=CARTESIAN_POINT('Ctrl Pts',(-12.9246279493796,211.465869985583,-0.827994250394013));
#1610=CARTESIAN_POINT('Ctrl Pts',(-12.8463332118526,211.450583124014,-1.65568103268803));
#1611=CARTESIAN_POINT('Ctrl Pts',(-12.6883632518888,211.435296262445,-2.46787109106163));
#1612=CARTESIAN_POINT('Ctrl Pts',(-12.2775211496001,211.395538789912,-4.58018327444584));
#1613=CARTESIAN_POINT('Ctrl Pts',(-11.3277592296804,211.355781317379,-6.58767627598586));
#1614=CARTESIAN_POINT('Ctrl Pts',(-9.95516588768135,211.316023844846,-8.24497569571853));
#1615=CARTESIAN_POINT('Ctrl Pts',(-8.58257254568229,211.276266372313,-9.90227511545119));
#1616=CARTESIAN_POINT('Ctrl Pts',(-6.78714778160385,211.23650889978,-11.2093809533765));
#1617=CARTESIAN_POINT('Ctrl Pts',(-4.78834527956483,211.196751427247,-12.0065272432863));
#1618=CARTESIAN_POINT('Ctrl Pts',(-2.7895427775258,211.156993954714,-12.8036735331961));
#1619=CARTESIAN_POINT('Ctrl Pts',(-0.587362537526182,211.11723648218,-13.0908602750904));
#1620=CARTESIAN_POINT('Ctrl Pts',(1.5490257231222,211.077479009647,-12.8329838610844));
#1621=CARTESIAN_POINT('Ctrl Pts',(3.68541398377057,211.037721537114,-12.5751074470784));
#1622=CARTESIAN_POINT('Ctrl Pts',(5.7560102650677,210.997964064581,-11.772167877172));
#1623=CARTESIAN_POINT('Ctrl Pts',(7.50772538581009,210.958206592048,-10.5223099349064));
#1624=CARTESIAN_POINT('Ctrl Pts',(9.2594405065525,210.918449119515,-9.27245199264084));
#1625=CARTESIAN_POINT('Ctrl Pts',(10.6922744667401,210.878691646982,-7.57567567801603));
#1626=CARTESIAN_POINT('Ctrl Pts',(11.6310973178625,210.838934174448,-5.63937194109495));
#1627=CARTESIAN_POINT('Ctrl Pts',(12.5699201689848,210.799176701915,-3.7030682041739));
#1628=CARTESIAN_POINT('Ctrl Pts',(13.0147319110418,210.759419229382,-1.52723704495659));
#1629=CARTESIAN_POINT('Ctrl Pts',(12.9111547957252,210.719661756849,0.622161777489716));
#1630=CARTESIAN_POINT('Ctrl Pts',(12.8075776804085,210.679904284316,2.77156059993604));
#1631=CARTESIAN_POINT('Ctrl Pts',(12.1556117077182,210.640146811783,4.89452708561137));
#1632=CARTESIAN_POINT('Ctrl Pts',(11.0349648802167,210.60038933925,6.73159356506014));
#1633=CARTESIAN_POINT('Ctrl Pts',(10.0917376294459,210.566926226166,8.27781769417029));
#1634=CARTESIAN_POINT('Ctrl Pts',(8.81648417462941,210.533463113083,9.62150251997924));
#1635=CARTESIAN_POINT('Ctrl Pts',(7.32501367615744,210.5,10.6495703496781));
#1636=CARTESIAN_POINT('',(-12.925,210.5,1.58285598789795E-15));
#1637=CARTESIAN_POINT('Origin',(0.,210.5,0.));
#1638=CARTESIAN_POINT('',(-12.925,209.5,-1.58285598789795E-15));
#1639=CARTESIAN_POINT('',(-12.925,28.5,1.58285598789795E-15));
#1640=CARTESIAN_POINT('Origin',(0.,209.5,0.));
#1641=CARTESIAN_POINT('',(12.8847598643911,210.5,1.01911149388877));
#1642=CARTESIAN_POINT('Origin',(0.,210.5,0.));
#1643=CARTESIAN_POINT('Ctrl Pts',(12.8847598643911,210.5,1.01911149388879));
#1644=CARTESIAN_POINT('Ctrl Pts',(13.0544783221378,210.539757472533,-1.12666115781274));
#1645=CARTESIAN_POINT('Ctrl Pts',(12.6774606466297,210.579514945066,-3.31459322201405));
#1646=CARTESIAN_POINT('Ctrl Pts',(11.798930661999,210.619272417599,-5.27870346705932));
#1647=CARTESIAN_POINT('Ctrl Pts',(10.9204006773683,210.659029890132,-7.2428137121046));
#1648=CARTESIAN_POINT('Ctrl Pts',(9.54035838361506,210.698787362666,-8.98310213799382));
#1649=CARTESIAN_POINT('Ctrl Pts',(7.82792079118106,210.738544835199,-10.2863336434509));
#1650=CARTESIAN_POINT('Ctrl Pts',(6.11548319874705,210.778302307732,-11.5895651489081));
#1651=CARTESIAN_POINT('Ctrl Pts',(4.07065030763227,210.818059780265,-12.4557397339331));
#1652=CARTESIAN_POINT('Ctrl Pts',(1.94323115757962,210.857817252798,-12.7792120621236));
#1653=CARTESIAN_POINT('Ctrl Pts',(-0.184187992473026,210.897574725331,-13.1026843903141));
#1654=CARTESIAN_POINT('Ctrl Pts',(-2.39419340146355,210.937332197864,-12.88345446167));
#1655=CARTESIAN_POINT('Ctrl Pts',(-4.41658874693216,210.977089670398,-12.1482112189487));
#1656=CARTESIAN_POINT('Ctrl Pts',(-6.43898409240076,211.016847142931,-11.4129679762274));
#1657=CARTESIAN_POINT('Ctrl Pts',(-8.27376937434746,211.056604615464,-10.1617114194287));
#1658=CARTESIAN_POINT('Ctrl Pts',(-9.69671140844823,211.096362087997,-8.54743183720433));
#1659=CARTESIAN_POINT('Ctrl Pts',(-11.119653442549,211.13611956053,-6.93315225497994));
#1660=CARTESIAN_POINT('Ctrl Pts',(-12.1307522288039,211.175877033063,-4.95584964732982));
#1661=CARTESIAN_POINT('Ctrl Pts',(-12.6064071776123,211.215634505596,-2.85718437643693));
#1662=CARTESIAN_POINT('Ctrl Pts',(-12.8186017226218,211.233370721347,-1.9209483015259));
#1663=CARTESIAN_POINT('Ctrl Pts',(-12.924235260731,211.251106937098,-0.960559315159334));
#1664=CARTESIAN_POINT('Ctrl Pts',(-12.9239572248504,211.268843152848,-0.000109683079592705));
#1665=CARTESIAN_POINT('Origin',(0.,28.5,0.));
#1666=CARTESIAN_POINT('',(-12.9260845142393,212.981156847152,8.90684978660516E-5));
#1667=CARTESIAN_POINT('',(-12.9261176895373,212.768843152848,-5.12469842835222E-5));
#1668=CARTESIAN_POINT('',(-12.925,28.5,1.58285598789795E-15));
#1669=CARTESIAN_POINT('Ctrl Pts',(-12.9260845142393,212.981156847152,8.90684978660516E-5));
#1670=CARTESIAN_POINT('Ctrl Pts',(-12.9253167472858,212.942959655981,-2.06737849279058));
#1671=CARTESIAN_POINT('Ctrl Pts',(-12.4201180610832,212.904762464809,-4.13520782301956));
#1672=CARTESIAN_POINT('Ctrl Pts',(-11.4654152166333,212.866565273638,-5.96902037928887));
#1673=CARTESIAN_POINT('Ctrl Pts',(-10.4717146079836,212.826807801105,-7.87774063073432));
#1674=CARTESIAN_POINT('Ctrl Pts',(-8.99103706394936,212.787050328572,-9.5329353711905));
#1675=CARTESIAN_POINT('Ctrl Pts',(-7.20436455117765,212.747292856039,-10.7322915443159));
#1676=CARTESIAN_POINT('Ctrl Pts',(-5.41769203840595,212.707535383506,-11.9316477174412));
#1677=CARTESIAN_POINT('Ctrl Pts',(-3.32502455689674,212.667777910973,-12.6751653232357));
#1678=CARTESIAN_POINT('Ctrl Pts',(-1.1821470869737,212.628020438439,-12.8719648322499));
#1679=CARTESIAN_POINT('Ctrl Pts',(0.960730382949344,212.588262965906,-13.068764341264));
#1680=CARTESIAN_POINT('Ctrl Pts',(3.15381784128627,212.548505493373,-12.7188457534978));
#1681=CARTESIAN_POINT('Ctrl Pts',(5.12905605884748,212.50874802084,-11.8649793225204));
#1682=CARTESIAN_POINT('Ctrl Pts',(7.10429427640869,212.468990548307,-11.0111128915431));
#1683=CARTESIAN_POINT('Ctrl Pts',(8.86168325319419,212.429233075774,-9.65329861735446));
#1684=CARTESIAN_POINT('Ctrl Pts',(10.1864188173953,212.389475603241,-7.9575009930889));
#1685=CARTESIAN_POINT('Ctrl Pts',(11.5111543815964,212.349718130708,-6.26170336882336));
#1686=CARTESIAN_POINT('Ctrl Pts',(12.4032365332131,212.309960658174,-4.22792239448087));
#1687=CARTESIAN_POINT('Ctrl Pts',(12.7536268241619,212.270203185641,-2.10474540171984));
#1688=CARTESIAN_POINT('Ctrl Pts',(13.1040171151108,212.230445713108,0.0184315910412172));
#1689=CARTESIAN_POINT('Ctrl Pts',(12.9127155453916,212.190688240575,2.23100460222081));
#1690=CARTESIAN_POINT('Ctrl Pts',(12.2031047434021,212.150930768042,4.26253269869858));
#1691=CARTESIAN_POINT('Ctrl Pts',(11.4934939414125,212.111173295509,6.29406079517635));
#1692=CARTESIAN_POINT('Ctrl Pts',(10.2655739071524,212.071415822976,8.14454397695231));
#1693=CARTESIAN_POINT('Ctrl Pts',(8.66943227236556,212.031658350442,9.58779924876232));
#1694=CARTESIAN_POINT('Ctrl Pts',(7.07329063757872,211.991900877909,11.0310545205723));
#1695=CARTESIAN_POINT('Ctrl Pts',(5.10892740226506,211.952143405376,12.0670818824163));
#1696=CARTESIAN_POINT('Ctrl Pts',(3.01644502230086,211.912385932843,12.5692485789867));
#1697=CARTESIAN_POINT('Ctrl Pts',(0.923962642336671,211.87262846031,13.071415275557));
#1698=CARTESIAN_POINT('Ctrl Pts',(-1.29663888227807,211.832870987777,13.0397213068537));
#1699=CARTESIAN_POINT('Ctrl Pts',(-3.37393729123747,211.793113515244,12.4780406109122));
#1700=CARTESIAN_POINT('Ctrl Pts',(-5.45123570019689,211.753356042711,11.9163599149708));
#1701=CARTESIAN_POINT('Ctrl Pts',(-7.38523099350097,211.713598570177,10.8246924917914));
#1702=CARTESIAN_POINT('Ctrl Pts',(-8.939532579601,211.673841097644,9.33647190589621));
#1703=CARTESIAN_POINT('Ctrl Pts',(-10.493834165701,211.634083625111,7.84825132000105));
#1704=CARTESIAN_POINT('Ctrl Pts',(-11.668442044597,211.594326152578,5.9634775713902));
#1705=CARTESIAN_POINT('Ctrl Pts',(-12.3197848417161,211.554568680045,3.91252501447057));
#1706=CARTESIAN_POINT('Ctrl Pts',(-12.7206844758526,211.530098069081,2.65016956456439));
#1707=CARTESIAN_POINT('Ctrl Pts',(-12.9233520725358,211.505627458116,1.32485947675126));
#1708=CARTESIAN_POINT('Ctrl Pts',(-12.9241373710947,211.481156847152,-0.000215852828472363));
#1709=CARTESIAN_POINT('Ctrl Pts',(-12.9239572248504,211.268843152848,-0.000109683079592705));
#1710=CARTESIAN_POINT('Ctrl Pts',(-12.9236120159509,211.290864409631,1.19238302631062));
#1711=CARTESIAN_POINT('Ctrl Pts',(-12.7599970681019,211.312885666413,2.3849692251032));
#1712=CARTESIAN_POINT('Ctrl Pts',(-12.4343554001323,211.334906923196,3.53153615945263));
#1713=CARTESIAN_POINT('Ctrl Pts',(-11.8464375624818,211.374664395729,5.60156349031367));
#1714=CARTESIAN_POINT('Ctrl Pts',(-10.7303907758188,211.414421868262,7.52159021790011));
#1715=CARTESIAN_POINT('Ctrl Pts',(-9.22262522616223,211.454179340795,9.05693832883793));
#1716=CARTESIAN_POINT('Ctrl Pts',(-7.7148596765057,211.493936813328,10.5922864397757));
#1717=CARTESIAN_POINT('Ctrl Pts',(-5.81537536385565,211.533694285861,11.742955934065));
#1718=CARTESIAN_POINT('Ctrl Pts',(-3.75634619023822,211.573451758395,12.368298989358));
#1719=CARTESIAN_POINT('Ctrl Pts',(-1.6973170166208,211.613209230928,12.9936420446511));
#1720=CARTESIAN_POINT('Ctrl Pts',(0.521257017964002,211.652966703461,13.0936586609479));
#1721=CARTESIAN_POINT('Ctrl Pts',(2.62820220472448,211.692724175994,12.6561250491367));
#1722=CARTESIAN_POINT('Ctrl Pts',(4.73514739148495,211.732481648527,12.2185914373254));
#1723=CARTESIAN_POINT('Ctrl Pts',(6.73046373042111,211.77223912106,11.243507597406));
#1724=CARTESIAN_POINT('Ctrl Pts',(8.37026504915181,211.811996593593,9.85005665988855));
#1725=CARTESIAN_POINT('Ctrl Pts',(10.0100663678825,211.851754066127,8.45660572237108));
#1726=CARTESIAN_POINT('Ctrl Pts',(11.2943526664078,211.89151153866,6.64478768725556));
#1727=CARTESIAN_POINT('Ctrl Pts',(12.0661468742214,211.931269011193,4.63605980001368));
#1728=CARTESIAN_POINT('Ctrl Pts',(12.8379410820351,211.971026483726,2.6273319127718));
#1729=CARTESIAN_POINT('Ctrl Pts',(13.0972431991371,212.010783956259,0.421694173403567));
#1730=CARTESIAN_POINT('Ctrl Pts',(12.8123588713482,212.050541428792,-1.71126029894457));
#1731=CARTESIAN_POINT('Ctrl Pts',(12.5274745435594,212.090298901325,-3.8442147712927));
#1732=CARTESIAN_POINT('Ctrl Pts',(11.6984037708796,212.130056373858,-5.90448597662074));
#1733=CARTESIAN_POINT('Ctrl Pts',(10.426483209586,212.169813846392,-7.64024864752455));
#1734=CARTESIAN_POINT('Ctrl Pts',(9.15456264829243,212.209571318925,-9.37601131842835));
#1735=CARTESIAN_POINT('Ctrl Pts',(7.43979229838501,212.249328791458,-10.7872654549079));
#1736=CARTESIAN_POINT('Ctrl Pts',(5.49176707600672,212.289086263991,-11.7015146814451));
#1737=CARTESIAN_POINT('Ctrl Pts',(3.54374185362841,212.328843736524,-12.6157639079822));
#1738=CARTESIAN_POINT('Ctrl Pts',(1.36246175877925,212.368601209057,-13.0330082245769));
#1739=CARTESIAN_POINT('Ctrl Pts',(-0.785457175492958,212.40835868159,-12.9022481979964));
#1740=CARTESIAN_POINT('Ctrl Pts',(-2.93337610976515,212.448116154123,-12.7714881714158));
#1741=CARTESIAN_POINT('Ctrl Pts',(-5.0479338834604,212.487873626657,-12.0927238016601));
#1742=CARTESIAN_POINT('Ctrl Pts',(-6.87066988804533,212.52763109919,-10.9489198907294));
#1743=CARTESIAN_POINT('Ctrl Pts',(-8.69340589263026,212.567388571723,-9.80511597979876));
#1744=CARTESIAN_POINT('Ctrl Pts',(-10.2243201281049,212.607146044256,-8.19627252769322));
#1745=CARTESIAN_POINT('Ctrl Pts',(-11.2762902376671,212.646903516789,-6.31903710909803));
#1746=CARTESIAN_POINT('Ctrl Pts',(-12.3282603472293,212.686660989322,-4.44180169050284));
#1747=CARTESIAN_POINT('Ctrl Pts',(-12.9012863308791,212.726418461855,-2.29617430541803));
#1748=CARTESIAN_POINT('Ctrl Pts',(-12.9253277070229,212.766175934389,-0.144413179741155));
#1749=CARTESIAN_POINT('Ctrl Pts',(-12.9258653300839,212.767065007208,-0.0962946196385145));
#1750=CARTESIAN_POINT('Ctrl Pts',(-12.9261284184105,212.767954080028,-0.0481729921915051));
#1751=CARTESIAN_POINT('Ctrl Pts',(-12.9261176895373,212.768843152848,-5.12469842835222E-5));
#1752=CARTESIAN_POINT('Origin',(0.,28.5,0.));
#1753=CARTESIAN_POINT('',(-12.923928149096,214.481156847152,7.42136763381973E-5));
#1754=CARTESIAN_POINT('',(-12.9240753696444,214.268843152848,0.000188339724041251));
#1755=CARTESIAN_POINT('',(-12.925,28.5,1.58285598789795E-15));
#1756=CARTESIAN_POINT('Ctrl Pts',(-12.923928149096,214.481156847152,7.42136763381973E-5));
#1757=CARTESIAN_POINT('Ctrl Pts',(-12.9236973053857,214.459806798911,-1.15607726781353));
#1758=CARTESIAN_POINT('Ctrl Pts',(-12.7700290935275,214.438456750671,-2.31228892555376));
#1759=CARTESIAN_POINT('Ctrl Pts',(-12.463700690353,214.41710670243,-3.42653111463398));
#1760=CARTESIAN_POINT('Ctrl Pts',(-11.8932643644876,214.377349229897,-5.50144226840307));
#1761=CARTESIAN_POINT('Ctrl Pts',(-10.7934503709881,214.337591757364,-7.43081646692865));
#1762=CARTESIAN_POINT('Ctrl Pts',(-9.29868804615251,214.297834284831,-8.97882793011429));
#1763=CARTESIAN_POINT('Ctrl Pts',(-7.80392572131685,214.258076812298,-10.5268393932999));
#1764=CARTESIAN_POINT('Ctrl Pts',(-5.91421506514497,214.218319339765,-11.6934881211457));
#1765=CARTESIAN_POINT('Ctrl Pts',(-3.86053381642329,214.178561867232,-12.3361756241759));
#1766=CARTESIAN_POINT('Ctrl Pts',(-1.80685256770161,214.138804394699,-12.9788631272062));
#1767=CARTESIAN_POINT('Ctrl Pts',(0.410799273569872,214.099046922165,-13.097589405421));
#1768=CARTESIAN_POINT('Ctrl Pts',(2.52135999429797,214.059289449632,-12.6778426460267));
#1769=CARTESIAN_POINT('Ctrl Pts',(4.63192071502603,214.019531977099,-12.2580958866324));
#1770=CARTESIAN_POINT('Ctrl Pts',(6.6353903152107,213.979774504566,-11.299876089629));
#1771=CARTESIAN_POINT('Ctrl Pts',(8.28688639633953,213.940017032033,-9.92030565216731));
#1772=CARTESIAN_POINT('Ctrl Pts',(9.93838247746837,213.9002595595,-8.54073521470558));
#1773=CARTESIAN_POINT('Ctrl Pts',(11.2379050395413,213.860502086967,-6.73981413678549));
#1774=CARTESIAN_POINT('Ctrl Pts',(12.0266145364569,213.820744614434,-4.73766748197287));
#1775=CARTESIAN_POINT('Ctrl Pts',(12.8153240333725,213.7809871419,-2.73552082716024));
#1776=CARTESIAN_POINT('Ctrl Pts',(13.0932204651307,213.741229669367,-0.532148595455076));
#1777=CARTESIAN_POINT('Ctrl Pts',(12.8263367853931,213.701472196834,1.6031328846763));
#1778=CARTESIAN_POINT('Ctrl Pts',(12.5594531056556,213.661714724301,3.73841436480768));
#1779=CARTESIAN_POINT('Ctrl Pts',(11.7477893144223,213.621957251768,5.80560509336528));
#1780=CARTESIAN_POINT('Ctrl Pts',(10.4905543919366,213.582199779235,7.55203409208939));
#1781=CARTESIAN_POINT('Ctrl Pts',(9.23331946945088,213.542442306702,9.29846309081351));
#1782=CARTESIAN_POINT('Ctrl Pts',(7.5305134157127,213.502684834168,10.7241303597042));
#1783=CARTESIAN_POINT('Ctrl Pts',(5.59026877768112,213.462927361635,11.6547777915987));
#1784=CARTESIAN_POINT('Ctrl Pts',(3.65002413964956,213.423169889102,12.5854252234932));
#1785=CARTESIAN_POINT('Ctrl Pts',(1.47234091732461,213.383412416569,13.0210528183915));
#1786=CARTESIAN_POINT('Ctrl Pts',(-0.676604506765619,213.343654944036,12.9084141829927));
#1787=CARTESIAN_POINT('Ctrl Pts',(-2.82554993085588,213.303897471503,12.7957755475939));
#1788=CARTESIAN_POINT('Ctrl Pts',(-4.9457575567114,213.26413999897,12.1348706818979));
#1789=CARTESIAN_POINT('Ctrl Pts',(-6.77807619545544,213.224382526437,11.0064814299056));
#1790=CARTESIAN_POINT('Ctrl Pts',(-8.61039483419946,213.184625053903,9.87809217791339));
#1791=CARTESIAN_POINT('Ctrl Pts',(-10.154824485832,213.14486758137,8.28221853962492));
#1792=CARTESIAN_POINT('Ctrl Pts',(-11.222590817373,213.105110108837,6.41392280309562));
#1793=CARTESIAN_POINT('Ctrl Pts',(-12.2903571489141,213.065352636304,4.54562706656631));
#1794=CARTESIAN_POINT('Ctrl Pts',(-12.8814601603636,213.025595163771,2.40490923179616));
#1795=CARTESIAN_POINT('Ctrl Pts',(-12.9236498294558,212.985837691238,0.253427433193747));
#1796=CARTESIAN_POINT('Ctrl Pts',(-12.9253055623321,212.984277409876,0.168992565053839));
#1797=CARTESIAN_POINT('Ctrl Pts',(-12.926115876034,212.982717128514,0.0845411185932485));
#1798=CARTESIAN_POINT('Ctrl Pts',(-12.9260845142393,212.981156847152,8.90684978660516E-5));
#1799=CARTESIAN_POINT('Ctrl Pts',(-12.9261176895373,212.768843152848,-5.12469842835222E-5));
#1800=CARTESIAN_POINT('Ctrl Pts',(-12.925648645695,212.807711552561,2.10373056468451));
#1801=CARTESIAN_POINT('Ctrl Pts',(-12.4018450867691,212.846579952275,4.20773744615755));
#1802=CARTESIAN_POINT('Ctrl Pts',(-11.4146613807257,212.885448351988,6.06551375121109));
#1803=CARTESIAN_POINT('Ctrl Pts',(-10.4048969096469,212.925205824521,7.96578469021764));
#1804=CARTESIAN_POINT('Ctrl Pts',(-8.91031119885164,212.964963297054,9.60843170196183));
#1805=CARTESIAN_POINT('Ctrl Pts',(-7.11358619867696,213.004720769587,10.7926754281316));
#1806=CARTESIAN_POINT('Ctrl Pts',(-5.31686119850228,213.044478242121,11.9769191543014));
#1807=CARTESIAN_POINT('Ctrl Pts',(-3.2179969089482,213.084235714654,12.7027595948968));
#1808=CARTESIAN_POINT('Ctrl Pts',(-1.07353574082099,213.123993187187,12.8814778855326));
#1809=CARTESIAN_POINT('Ctrl Pts',(1.07092542730619,213.16375065972,13.0601961761683));
#1810=CARTESIAN_POINT('Ctrl Pts',(3.26098347400649,213.203508132253,12.6917923168444));
#1811=CARTESIAN_POINT('Ctrl Pts',(5.22894945237104,213.243265604786,11.8212960003281));
#1812=CARTESIAN_POINT('Ctrl Pts',(7.19691543073562,213.283023077319,10.9507996838118));
#1813=CARTESIAN_POINT('Ctrl Pts',(8.94278934076446,213.322780549852,9.57821091010299));
#1814=CARTESIAN_POINT('Ctrl Pts',(10.2531744877878,213.362538022386,7.87130004672129));
#1815=CARTESIAN_POINT('Ctrl Pts',(11.5635596348112,213.402295494919,6.1643891833396));
#1816=CARTESIAN_POINT('Ctrl Pts',(12.4384560188291,213.442052967452,4.12315623028501));
#1817=CARTESIAN_POINT('Ctrl Pts',(12.7709257931349,213.481810439985,1.99709936880886));
#1818=CARTESIAN_POINT('Ctrl Pts',(13.1033955674407,213.521567912518,-0.128957492667275));
#1819=CARTESIAN_POINT('Ctrl Pts',(12.8934387320345,213.561325385051,-2.33983826256497));
#1820=CARTESIAN_POINT('Ctrl Pts',(12.1667181337305,213.601082857584,-4.36530885012434));
#1821=CARTESIAN_POINT('Ctrl Pts',(11.4399975354266,213.640840330117,-6.3907794376837));
#1822=CARTESIAN_POINT('Ctrl Pts',(10.1965131742249,213.680597802651,-8.23083984290474));
#1823=CARTESIAN_POINT('Ctrl Pts',(8.58825509422286,213.720355275184,-9.66058103527828));
#1824=CARTESIAN_POINT('Ctrl Pts',(6.97999701422084,213.760112747717,-11.0903222276518));
#1825=CARTESIAN_POINT('Ctrl Pts',(5.00696521541852,213.79987022025,-12.1097442071779));
#1826=CARTESIAN_POINT('Ctrl Pts',(2.91032170955261,213.839627692783,-12.5942438855826));
#1827=CARTESIAN_POINT('Ctrl Pts',(0.813678203686721,213.879385165316,-13.0787435639874));
#1828=CARTESIAN_POINT('Ctrl Pts',(-1.40657700924275,213.919142637849,-13.028320941271));
#1829=CARTESIAN_POINT('Ctrl Pts',(-3.47906400822224,213.958900110383,-12.4491391320571));
#1830=CARTESIAN_POINT('Ctrl Pts',(-5.55155100720174,213.998657582916,-11.8699573228433));
#1831=CARTESIAN_POINT('Ctrl Pts',(-7.47626979223126,214.038415055449,-10.7620163271322));
#1832=CARTESIAN_POINT('Ctrl Pts',(-9.01796361047712,214.078172527982,-9.2607388378432));
#1833=CARTESIAN_POINT('Ctrl Pts',(-10.559657428723,214.117930000515,-7.75946134855424));
#1834=CARTESIAN_POINT('Ctrl Pts',(-11.7183262801852,214.157687473048,-5.86484736568746));
#1835=CARTESIAN_POINT('Ctrl Pts',(-12.3523470489445,214.197444945581,-3.80847395751345));
#1836=CARTESIAN_POINT('Ctrl Pts',(-12.7318811203617,214.221244348004,-2.57749886897569));
#1837=CARTESIAN_POINT('Ctrl Pts',(-12.9234131092788,214.245043750426,-1.28855900400131));
#1838=CARTESIAN_POINT('Ctrl Pts',(-12.9240753696444,214.268843152848,0.000188339724041251));
#1839=CARTESIAN_POINT('Origin',(0.,28.5,0.));
#1840=CARTESIAN_POINT('',(-12.9257786919164,215.981156847152,-0.000232933485635745));
#1841=CARTESIAN_POINT('',(-12.9253976358404,215.768843152848,-0.000309972849973097));
#1842=CARTESIAN_POINT('',(-12.925,28.5,1.58285598789795E-15));
#1843=CARTESIAN_POINT('Ctrl Pts',(-12.9257786919164,215.981156847152,-0.000232933485635745));
#1844=CARTESIAN_POINT('Ctrl Pts',(-12.9259819873708,215.976653941842,-0.243974673177481));
#1845=CARTESIAN_POINT('Ctrl Pts',(-12.9192296443411,215.972151036532,-0.487705154961015));
#1846=CARTESIAN_POINT('Ctrl Pts',(-12.9054459351515,215.967648131223,-0.731037340456059));
#1847=CARTESIAN_POINT('Ctrl Pts',(-12.7837455213484,215.92789065869,-2.87948862153793));
#1848=CARTESIAN_POINT('Ctrl Pts',(-12.1139049492843,215.888133186157,-4.99689014846905));
#1849=CARTESIAN_POINT('Ctrl Pts',(-10.9777982668075,215.848375713623,-6.82443371947731));
#1850=CARTESIAN_POINT('Ctrl Pts',(-9.84169158433058,215.80861824109,-8.65197729048562));
#1851=CARTESIAN_POINT('Ctrl Pts',(-8.23931879144092,215.768860768557,-10.1896629055711));
#1852=CARTESIAN_POINT('Ctrl Pts',(-6.36653656237891,215.729103296024,-11.249540549647));
#1853=CARTESIAN_POINT('Ctrl Pts',(-4.49375433331696,215.689345823491,-12.3094181937229));
#1854=CARTESIAN_POINT('Ctrl Pts',(-2.35056266808268,215.649588350958,-12.8914878667894));
#1855=CARTESIAN_POINT('Ctrl Pts',(-0.198922075288799,215.609830878425,-12.9246036839132));
#1856=CARTESIAN_POINT('Ctrl Pts',(1.95271851750508,215.570073405891,-12.957719501037));
#1857=CARTESIAN_POINT('Ctrl Pts',(4.11280803785856,215.530315933358,-12.4418814622182));
#1858=CARTESIAN_POINT('Ctrl Pts',(6.0173205665877,215.490558460825,-11.4401400156283));
#1859=CARTESIAN_POINT('Ctrl Pts',(7.92183309531685,215.450800988292,-10.4383985690385));
#1860=CARTESIAN_POINT('Ctrl Pts',(9.57076863242166,215.411043515759,-8.95075371467765));
#1861=CARTESIAN_POINT('Ctrl Pts',(10.7625791787304,215.371286043226,-7.1590390276782));
#1862=CARTESIAN_POINT('Ctrl Pts',(11.9543897250391,215.331528570693,-5.3673243406787));
#1863=CARTESIAN_POINT('Ctrl Pts',(12.6890752805517,215.291771098159,-3.27153982104057));
#1864=CARTESIAN_POINT('Ctrl Pts',(12.8768358498154,215.252013625626,-1.12785144197699));
#1865=CARTESIAN_POINT('Ctrl Pts',(13.064596419079,215.212256153093,1.01583693708652));
#1866=CARTESIAN_POINT('Ctrl Pts',(12.7054320020938,215.17249868056,3.20742917557548));
#1867=CARTESIAN_POINT('Ctrl Pts',(11.8432429624507,215.132741208027,5.17904880365324));
#1868=CARTESIAN_POINT('Ctrl Pts',(10.9810539228076,215.092983735494,7.150668431731));
#1869=CARTESIAN_POINT('Ctrl Pts',(9.6158402605066,215.053226262961,8.90231544939755));
#1870=CARTESIAN_POINT('Ctrl Pts',(7.91447088939373,215.013468790428,10.2198875198898));
#1871=CARTESIAN_POINT('Ctrl Pts',(6.21310151828087,214.973711317894,11.537459590382));
#1872=CARTESIAN_POINT('Ctrl Pts',(4.17557643835612,214.933953845361,12.4209567136999));
#1873=CARTESIAN_POINT('Ctrl Pts',(2.05094062068133,214.894196372828,12.7623897820392));
#1874=CARTESIAN_POINT('Ctrl Pts',(-0.0736951969934482,214.854438900295,
13.1038228503785));
#1875=CARTESIAN_POINT('Ctrl Pts',(-2.28544175241827,214.814681427762,12.9031918637392));
#1876=CARTESIAN_POINT('Ctrl Pts',(-4.31395913060552,214.774923955229,12.1850197783067));
#1877=CARTESIAN_POINT('Ctrl Pts',(-6.34247650879284,214.735166482696,11.4668476928742));
#1878=CARTESIAN_POINT('Ctrl Pts',(-8.18776470974258,214.695409010162,10.2311345086484));
#1879=CARTESIAN_POINT('Ctrl Pts',(-9.62427571388226,214.655651537629,8.62892040532511));
#1880=CARTESIAN_POINT('Ctrl Pts',(-11.0607867180219,214.615894065096,7.02670630200186));
#1881=CARTESIAN_POINT('Ctrl Pts',(-12.0885205253515,214.576136592563,5.05799127958109));
#1882=CARTESIAN_POINT('Ctrl Pts',(-12.5818580999006,214.53637912003,2.9634097138644));
#1883=CARTESIAN_POINT('Ctrl Pts',(-12.8102698543621,214.517971695737,1.99363348969293));
#1884=CARTESIAN_POINT('Ctrl Pts',(-12.9241271761929,214.499564271445,0.996876217433902));
#1885=CARTESIAN_POINT('Ctrl Pts',(-12.923928149096,214.481156847152,7.42136763381973E-5));
#1886=CARTESIAN_POINT('Ctrl Pts',(-12.9240753696444,214.268843152848,0.000188339724041251));
#1887=CARTESIAN_POINT('Ctrl Pts',(-12.9245194311027,214.284801222959,0.864324342029453));
#1888=CARTESIAN_POINT('Ctrl Pts',(-12.8391480022072,214.30075929307,1.72837378631692));
#1889=CARTESIAN_POINT('Ctrl Pts',(-12.6670965759962,214.316717363181,2.57480403856526));
#1890=CARTESIAN_POINT('Ctrl Pts',(-12.2384526482321,214.356474835714,4.68357579298876));
#1891=CARTESIAN_POINT('Ctrl Pts',(-11.2717921066475,214.396232308247,6.68298646835447));
#1892=CARTESIAN_POINT('Ctrl Pts',(-9.88526905348017,214.43598978078,8.32864978510522));
#1893=CARTESIAN_POINT('Ctrl Pts',(-8.4987460003129,214.475747253313,9.97431310185592));
#1894=CARTESIAN_POINT('Ctrl Pts',(-6.69236043556297,214.515504725847,11.2662290599917));
#1895=CARTESIAN_POINT('Ctrl Pts',(-4.68690534240989,214.55526219838,12.046487862191));
#1896=CARTESIAN_POINT('Ctrl Pts',(-2.68145024925678,214.595019670913,12.8267466643904));
#1897=CARTESIAN_POINT('Ctrl Pts',(-0.476925627700524,214.634777143446,13.0953483106534));
#1898=CARTESIAN_POINT('Ctrl Pts',(1.65721133815349,214.674534615979,12.8194618484288));
#1899=CARTESIAN_POINT('Ctrl Pts',(3.7913483040075,214.714292088512,12.5435753862042));
#1900=CARTESIAN_POINT('Ctrl Pts',(5.8550976141593,214.754049561045,11.7232008154921));
#1901=CARTESIAN_POINT('Ctrl Pts',(7.59620893201681,214.793807033578,10.4586118277606));
#1902=CARTESIAN_POINT('Ctrl Pts',(9.33732024987432,214.833564506112,9.19402284002908));
#1903=CARTESIAN_POINT('Ctrl Pts',(10.7557935754376,214.873321978645,7.48521943527813));
#1904=CARTESIAN_POINT('Ctrl Pts',(11.6782501111656,214.913079451178,5.5410672116197));
#1905=CARTESIAN_POINT('Ctrl Pts',(12.6007066468936,214.952836923711,3.59691498796128));
#1906=CARTESIAN_POINT('Ctrl Pts',(13.0271463927864,214.992594396244,1.41741394539538));
#1907=CARTESIAN_POINT('Ctrl Pts',(12.9054459785739,215.032351868777,-0.731037342915306));
#1908=CARTESIAN_POINT('Ctrl Pts',(12.7837455643614,215.07210934131,-2.87948863122599));
#1909=CARTESIAN_POINT('Ctrl Pts',(12.1139049900436,215.111866813843,-4.99689016528147));
#1910=CARTESIAN_POINT('Ctrl Pts',(10.9777983037442,215.151624286377,-6.82443374243883));
#1911=CARTESIAN_POINT('Ctrl Pts',(9.84169161744476,215.19138175891,-8.65197731959619));
#1912=CARTESIAN_POINT('Ctrl Pts',(8.23931881916376,215.231139231443,-10.1896629398554));
#1913=CARTESIAN_POINT('Ctrl Pts',(6.36653658380057,215.270896703976,-11.2495405874976));
#1914=CARTESIAN_POINT('Ctrl Pts',(4.4937543484374,215.310654176509,-12.3094182351397));
#1915=CARTESIAN_POINT('Ctrl Pts',(2.35056267599205,215.350411649042,-12.8914879101647));
#1916=CARTESIAN_POINT('Ctrl Pts',(0.198922075958639,215.390169121575,-12.9246037274));
#1917=CARTESIAN_POINT('Ctrl Pts',(-1.95271852407478,215.429926594109,-12.9577195446353));
#1918=CARTESIAN_POINT('Ctrl Pts',(-4.1128080516963,215.469684066642,-12.4418815040809));
#1919=CARTESIAN_POINT('Ctrl Pts',(-6.01732058683352,215.509441539175,-11.4401400541207));
#1920=CARTESIAN_POINT('Ctrl Pts',(-7.92183312197075,215.549199011708,-10.4383986041603));
#1921=CARTESIAN_POINT('Ctrl Pts',(-9.57076866462372,215.588956484241,-8.95075374479413));
#1922=CARTESIAN_POINT('Ctrl Pts',(-10.7625792149425,215.628713956774,-7.15903905176619));
#1923=CARTESIAN_POINT('Ctrl Pts',(-11.9543897652613,215.668471429307,-5.36732435873826));
#1924=CARTESIAN_POINT('Ctrl Pts',(-12.6890753232459,215.70822890184,-3.27153983204864));
#1925=CARTESIAN_POINT('Ctrl Pts',(-12.8768358931414,215.747986374374,-1.12785144577236));
#1926=CARTESIAN_POINT('Ctrl Pts',(-12.909668971328,215.754938633865,-0.752991652613709));
#1927=CARTESIAN_POINT('Ctrl Pts',(-12.9257779717526,215.761890893357,-0.376667037239446));
#1928=CARTESIAN_POINT('Ctrl Pts',(-12.9253976358404,215.768843152848,-0.000309972849973097));
#1929=CARTESIAN_POINT('Origin',(0.,28.5,0.));
#1930=CARTESIAN_POINT('',(-12.9245031819026,217.481156847152,0.000307611308502098));
#1931=CARTESIAN_POINT('',(-12.92489339582,217.268843152848,0.000338111051120301));
#1932=CARTESIAN_POINT('',(-12.925,28.5,1.58285598789795E-15));
#1933=CARTESIAN_POINT('Ctrl Pts',(-12.9245031819026,217.481156847152,0.000307611308502098));
#1934=CARTESIAN_POINT('Ctrl Pts',(-12.9231995322657,217.45374361224,-1.48398943537443));
#1935=CARTESIAN_POINT('Ctrl Pts',(-12.6678003080461,217.426330377328,-2.96872355725507));
#1936=CARTESIAN_POINT('Ctrl Pts',(-12.1667180927936,217.398917142416,-4.365308835437));
#1937=CARTESIAN_POINT('Ctrl Pts',(-11.4399974969347,217.359159669882,-6.39077941618138));
#1938=CARTESIAN_POINT('Ctrl Pts',(-10.1965131399168,217.319402197349,-8.23083981521124));
#1939=CARTESIAN_POINT('Ctrl Pts',(-8.58825506532592,217.279644724816,-9.66058100277415));
#1940=CARTESIAN_POINT('Ctrl Pts',(-6.9799969907351,217.239887252283,-11.090322190337));
#1941=CARTESIAN_POINT('Ctrl Pts',(-5.00696519857135,217.20012977975,-12.109744166433));
#1942=CARTESIAN_POINT('Ctrl Pts',(-2.91032169975995,217.160372307217,-12.5942438432075));
#1943=CARTESIAN_POINT('Ctrl Pts',(-0.813678200948534,217.120614834684,-13.078743519982));
#1944=CARTESIAN_POINT('Ctrl Pts',(1.40657700451052,217.08085736215,-13.0283208974351));
#1945=CARTESIAN_POINT('Ctrl Pts',(3.47906399651678,217.041099889617,-12.44913909017));
#1946=CARTESIAN_POINT('Ctrl Pts',(5.55155098852304,217.001342417084,-11.8699572829049));
#1947=CARTESIAN_POINT('Ctrl Pts',(7.47626976707651,216.961584944551,-10.7620162909215));
#1948=CARTESIAN_POINT('Ctrl Pts',(9.01796358013505,216.921827472018,-9.26073880668377));
#1949=CARTESIAN_POINT('Ctrl Pts',(10.5596573931936,216.882069999485,-7.759461322446));
#1950=CARTESIAN_POINT('Ctrl Pts',(11.7183262407573,216.842312526952,-5.86484734595385));
#1951=CARTESIAN_POINT('Ctrl Pts',(12.3523470073833,216.802555054419,-3.80847394469874));
#1952=CARTESIAN_POINT('Ctrl Pts',(12.9863677740092,216.762797581885,-1.7521005434437));
#1953=CARTESIAN_POINT('Ctrl Pts',(13.0957404596976,216.723040109352,0.466032282574297));
#1954=CARTESIAN_POINT('Ctrl Pts',(12.6670965333757,216.683282636819,2.57480402990246));
#1955=CARTESIAN_POINT('Ctrl Pts',(12.2384526070538,216.643525164286,4.68357577723062));
#1956=CARTESIAN_POINT('Ctrl Pts',(11.2717920687215,216.603767691753,6.68298644586895));
#1957=CARTESIAN_POINT('Ctrl Pts',(9.88526902021938,216.56401021922,8.32864975708253));
#1958=CARTESIAN_POINT('Ctrl Pts',(8.49874597171721,216.524252746687,9.97431306829611));
#1959=CARTESIAN_POINT('Ctrl Pts',(6.69236041304508,216.484495274153,11.2662290220849));
#1960=CARTESIAN_POINT('Ctrl Pts',(4.68690532663962,216.44473780162,12.0464878216589));
#1961=CARTESIAN_POINT('Ctrl Pts',(2.68145024023413,216.404980329087,12.8267466212329));
#1962=CARTESIAN_POINT('Ctrl Pts',(0.476925626095304,216.365222856554,13.0953482665921));
#1963=CARTESIAN_POINT('Ctrl Pts',(-1.65721133257808,216.325465384021,12.8194618052957));
#1964=CARTESIAN_POINT('Ctrl Pts',(-3.79134829125146,216.285707911488,12.5435753439993));
#1965=CARTESIAN_POINT('Ctrl Pts',(-5.8550975944594,216.245950438955,11.7232007760474));
#1966=CARTESIAN_POINT('Ctrl Pts',(-7.59620890645863,216.206192966422,10.4586117925707));
#1967=CARTESIAN_POINT('Ctrl Pts',(-9.33732021845785,216.166435493888,9.19402280909398));
#1968=CARTESIAN_POINT('Ctrl Pts',(-10.7557935392484,216.126678021355,7.48521941009248));
#1969=CARTESIAN_POINT('Ctrl Pts',(-11.6782500718726,216.086920548822,5.5410671929754));
#1970=CARTESIAN_POINT('Ctrl Pts',(-12.496229781548,216.051665981599,3.81710838312424));
#1971=CARTESIAN_POINT('Ctrl Pts',(-12.9241870321395,216.016411414375,1.90809268210761));
#1972=CARTESIAN_POINT('Ctrl Pts',(-12.9257786919164,215.981156847152,-0.000232933485635745));
#1973=CARTESIAN_POINT('Ctrl Pts',(-12.9253976358404,215.768843152848,-0.000309972849973097));
#1974=CARTESIAN_POINT('Ctrl Pts',(-12.9236029674099,215.80164836589,1.77558370490215));
#1975=CARTESIAN_POINT('Ctrl Pts',(-12.5546638603344,215.834453578931,3.55219987840728));
#1976=CARTESIAN_POINT('Ctrl Pts',(-11.8432430022993,215.867258791973,5.17904882107846));
#1977=CARTESIAN_POINT('Ctrl Pts',(-10.9810539597553,215.907016264506,7.1506684557901));
#1978=CARTESIAN_POINT('Ctrl Pts',(-9.61584029286091,215.946773737039,8.90231547935042));
#1979=CARTESIAN_POINT('Ctrl Pts',(-7.91447091602354,215.986531209572,10.2198875542759));
#1980=CARTESIAN_POINT('Ctrl Pts',(-6.2131015391862,216.026288682106,11.5374596292014));
#1981=CARTESIAN_POINT('Ctrl Pts',(-4.17557645240591,216.066046154639,12.420956755492));
#1982=CARTESIAN_POINT('Ctrl Pts',(-2.05094062758248,216.105803627172,12.7623898249802));
#1983=CARTESIAN_POINT('Ctrl Pts',(0.07369519724096,216.145561099705,13.1038228944683));
#1984=CARTESIAN_POINT('Ctrl Pts',(2.28544176010754,216.185318572238,12.9031919071541));
#1985=CARTESIAN_POINT('Ctrl Pts',(4.31395914512008,216.225076044771,12.1850198193052));
#1986=CARTESIAN_POINT('Ctrl Pts',(6.34247653013265,216.264833517304,11.4668477314564));
#1987=CARTESIAN_POINT('Ctrl Pts',(8.18776473729118,216.304590989838,10.231134543073));
#1988=CARTESIAN_POINT('Ctrl Pts',(9.62427574626426,216.344348462371,8.62892043435884));
#1989=CARTESIAN_POINT('Ctrl Pts',(11.0607867552373,216.384105934904,7.02670632564476));
#1990=CARTESIAN_POINT('Ctrl Pts',(12.0885205660249,216.423863407437,5.05799129659998));
#1991=CARTESIAN_POINT('Ctrl Pts',(12.5818581422341,216.46362087997,2.96340972383577));
#1992=CARTESIAN_POINT('Ctrl Pts',(13.0751957184432,216.503378352503,0.868828151071558));
#1993=CARTESIAN_POINT('Ctrl Pts',(13.0341370600738,216.543135825036,-1.35161996541208));
#1994=CARTESIAN_POINT('Ctrl Pts',(12.4637007322892,216.582893297569,-3.42653112616255));
#1995=CARTESIAN_POINT('Ctrl Pts',(11.8932644045045,216.622650770103,-5.50144228691309));
#1996=CARTESIAN_POINT('Ctrl Pts',(10.7934504073046,216.662408242636,-7.43081649193044));
#1997=CARTESIAN_POINT('Ctrl Pts',(9.29868807743962,216.702165715169,-8.97882796032468));
#1998=CARTESIAN_POINT('Ctrl Pts',(7.80392574757466,216.741923187702,-10.5268394287189));
#1999=CARTESIAN_POINT('Ctrl Pts',(5.91421508504463,216.781680660235,-11.69348816049));
#2000=CARTESIAN_POINT('Ctrl Pts',(3.86053382941308,216.821438132768,-12.3361756656828));
#2001=CARTESIAN_POINT('Ctrl Pts',(1.80685257378152,216.861195605301,-12.9788631708755));
#2002=CARTESIAN_POINT('Ctrl Pts',(-0.410799274951557,216.900953077835,-13.0975894494899));
#2003=CARTESIAN_POINT('Ctrl Pts',(-2.52136000278095,216.940710550368,-12.6778426886834));
#2004=CARTESIAN_POINT('Ctrl Pts',(-4.63192073061033,216.980468022901,-12.2580959278769));
#2005=CARTESIAN_POINT('Ctrl Pts',(-6.63539033753603,217.020225495434,-11.2998761276495));
#2006=CARTESIAN_POINT('Ctrl Pts',(-8.28688642422163,217.059982967967,-9.92030568554605));
#2007=CARTESIAN_POINT('Ctrl Pts',(-9.93838251090724,217.0997404405,-8.5407352434426));
#2008=CARTESIAN_POINT('Ctrl Pts',(-11.2379050773527,217.139497913033,-6.73981415946307));
#2009=CARTESIAN_POINT('Ctrl Pts',(-12.0266145769221,217.179255385567,-4.73766749791393));
#2010=CARTESIAN_POINT('Ctrl Pts',(-12.6190291898092,217.20911797466,-3.23381729693067));
#2011=CARTESIAN_POINT('Ctrl Pts',(-12.923253488842,217.238980563754,-1.61643972925344));
#2012=CARTESIAN_POINT('Ctrl Pts',(-12.92489339582,217.268843152848,0.000338111051120301));
#2013=CARTESIAN_POINT('Origin',(0.,28.5,0.));
#2014=CARTESIAN_POINT('',(-12.9247812734373,218.981156847152,-0.000334442362376064));
#2015=CARTESIAN_POINT('',(-12.9244078758197,218.768843152848,-0.000291462040994849));
#2016=CARTESIAN_POINT('',(-12.925,28.5,1.58285598789795E-15));
#2017=CARTESIAN_POINT('Ctrl Pts',(-12.9247812734373,218.981156847152,-0.000334442362376064));
#2018=CARTESIAN_POINT('Ctrl Pts',(-12.9253465707725,218.97059075517,-0.572403018458135));
#2019=CARTESIAN_POINT('Ctrl Pts',(-12.8880707337023,218.960024663189,-1.14439847739322));
#2020=CARTESIAN_POINT('Ctrl Pts',(-12.8123588282584,218.949458571208,-1.71126029317163));
#2021=CARTESIAN_POINT('Ctrl Pts',(-12.5274745014485,218.909701098675,-3.84421475832839));
#2022=CARTESIAN_POINT('Ctrl Pts',(-11.698403731519,218.869943626142,-5.90448595675482));
#2023=CARTESIAN_POINT('Ctrl Pts',(-10.4264831744949,218.830186153608,-7.64024862182588));
#2024=CARTESIAN_POINT('Ctrl Pts',(-9.15456261747074,218.790428681075,-9.37601128689696));
#2025=CARTESIAN_POINT('Ctrl Pts',(-7.43979227335209,218.750671208542,-10.7872654186126));
#2026=CARTESIAN_POINT('Ctrl Pts',(-5.49176705753309,218.710913736009,-11.7015146420697));
#2027=CARTESIAN_POINT('Ctrl Pts',(-3.54374184171412,218.671156263476,-12.6157638655268));
#2028=CARTESIAN_POINT('Ctrl Pts',(-1.36246175419478,218.631398790943,-13.0330081807254));
#2029=CARTESIAN_POINT('Ctrl Pts',(0.785457172852793,218.59164131841,-12.9022481545867));
#2030=CARTESIAN_POINT('Ctrl Pts',(2.93337609990037,218.551883845876,-12.771488128448));
#2031=CARTESIAN_POINT('Ctrl Pts',(5.04793386647627,218.512126373343,-12.0927237609721));
#2032=CARTESIAN_POINT('Ctrl Pts',(6.87066986492712,218.47236890081,-10.9489198538889));
#2033=CARTESIAN_POINT('Ctrl Pts',(8.69340586337801,218.432611428277,-9.80511594680573));
#2034=CARTESIAN_POINT('Ctrl Pts',(10.2243200937038,218.392853955744,-8.19627250011525));
#2035=CARTESIAN_POINT('Ctrl Pts',(11.2762901997271,218.353096483211,-6.31903708783672));
#2036=CARTESIAN_POINT('Ctrl Pts',(12.3282603057502,218.313339010678,-4.44180167555825));
#2037=CARTESIAN_POINT('Ctrl Pts',(12.9012862874709,218.273581538145,-2.29617429769174));
#2038=CARTESIAN_POINT('Ctrl Pts',(12.9253276635334,218.233824065611,-0.14441317925457));
#2039=CARTESIAN_POINT('Ctrl Pts',(12.9493690395959,218.194066593078,2.0073479391826));
#2040=CARTESIAN_POINT('Ctrl Pts',(12.4244258100003,218.154309120545,4.16524279819042));
#2041=CARTESIAN_POINT('Ctrl Pts',(11.4146613423192,218.114551648012,6.06551373080304));
#2042=CARTESIAN_POINT('Ctrl Pts',(10.404896874638,218.074794175479,7.96578466341566));
#2043=CARTESIAN_POINT('Ctrl Pts',(8.91031116887122,218.035036702946,9.60843166963307));
#2044=CARTESIAN_POINT('Ctrl Pts',(7.11358617474181,217.995279230413,10.7926753918183));
#2045=CARTESIAN_POINT('Ctrl Pts',(5.31686118061236,217.955521757879,11.9769191140035));
#2046=CARTESIAN_POINT('Ctrl Pts',(3.21799689812026,217.915764285346,12.7027595521566));
#2047=CARTESIAN_POINT('Ctrl Pts',(1.07353573720841,217.876006812813,12.8814778421909));
#2048=CARTESIAN_POINT('Ctrl Pts',(-1.07092542370338,217.83624934028,13.0601961322252));
#2049=CARTESIAN_POINT('Ctrl Pts',(-3.26098346303492,217.796491867747,12.6917922741408));
#2050=CARTESIAN_POINT('Ctrl Pts',(-5.22894943477793,217.756734395214,11.8212959605533));
#2051=CARTESIAN_POINT('Ctrl Pts',(-7.19691540652094,217.716976922681,10.9507996469658));
#2052=CARTESIAN_POINT('Ctrl Pts',(-8.94278931067542,217.677219450147,9.57821087787528));
#2053=CARTESIAN_POINT('Ctrl Pts',(-10.2531744532897,217.637461977614,7.87130002023672));
#2054=CARTESIAN_POINT('Ctrl Pts',(-11.563559595904,217.597704505081,6.16438916259817));
#2055=CARTESIAN_POINT('Ctrl Pts',(-12.4384559769781,217.557947032548,4.12315621641161));
#2056=CARTESIAN_POINT('Ctrl Pts',(-12.7709257501652,217.518189560015,1.99709936208893));
#2057=CARTESIAN_POINT('Ctrl Pts',(-12.8741537880797,217.505845322394,1.33698317930818));
#2058=CARTESIAN_POINT('Ctrl Pts',(-12.9250902180895,217.493501084773,0.668689708612916));
#2059=CARTESIAN_POINT('Ctrl Pts',(-12.9245031819026,217.481156847152,0.000307611308502098));
#2060=CARTESIAN_POINT('Ctrl Pts',(-12.92489339582,217.268843152848,0.000338111051120301));
#2061=CARTESIAN_POINT('Ctrl Pts',(-12.9254367743042,217.278738036287,0.536052821743945));
#2062=CARTESIAN_POINT('Ctrl Pts',(-12.8927591321685,217.288632919727,1.07170168781313));
#2063=CARTESIAN_POINT('Ctrl Pts',(-12.8263368285494,217.298527803166,1.60313289006985));
#2064=CARTESIAN_POINT('Ctrl Pts',(-12.5594531479139,217.338285275699,3.73841437738571));
#2065=CARTESIAN_POINT('Ctrl Pts',(-11.7477893539498,217.378042748232,5.8056051128987));
#2066=CARTESIAN_POINT('Ctrl Pts',(-10.490554427234,217.417800220765,7.55203411749898));
#2067=CARTESIAN_POINT('Ctrl Pts',(-9.23331950051817,217.457557693298,9.29846312209926));
#2068=CARTESIAN_POINT('Ctrl Pts',(-7.5305134410507,217.497315165832,10.7241303957868));
#2069=CARTESIAN_POINT('Ctrl Pts',(-5.59026879649093,217.537072638365,11.6547778308127));
#2070=CARTESIAN_POINT('Ctrl Pts',(-3.65002415193112,217.576830110898,12.5854252658386));
#2071=CARTESIAN_POINT('Ctrl Pts',(-1.472340922279,217.616587583431,13.0210528622028));
#2072=CARTESIAN_POINT('Ctrl Pts',(0.676604509041719,217.656345055964,12.9084142264251));
#2073=CARTESIAN_POINT('Ctrl Pts',(2.82554994036243,217.696102528497,12.7957755906474));
#2074=CARTESIAN_POINT('Ctrl Pts',(4.94575757335174,217.73586000103,12.1348707227277));
#2075=CARTESIAN_POINT('Ctrl Pts',(6.77807621826094,217.775617473563,11.0064814669389));
#2076=CARTESIAN_POINT('Ctrl Pts',(8.61039486317011,217.815374946097,9.87809221115004));
#2077=CARTESIAN_POINT('Ctrl Pts',(10.1548245199992,217.85513241863,8.28221856749207));
#2078=CARTESIAN_POINT('Ctrl Pts',(11.222590855133,217.894889891163,6.41392282467663));
#2079=CARTESIAN_POINT('Ctrl Pts',(12.2903571902667,217.934647363696,4.54562708186118));
#2080=CARTESIAN_POINT('Ctrl Pts',(12.8814602037052,217.974404836229,2.40490923988831));
#2081=CARTESIAN_POINT('Ctrl Pts',(12.9236498729394,218.014162308762,0.253427434046889));
#2082=CARTESIAN_POINT('Ctrl Pts',(12.9658395421737,218.053919781295,-1.89805437179452));
#2083=CARTESIAN_POINT('Ctrl Pts',(12.4591158672037,218.093677253829,-4.06030014150443));
#2084=CARTESIAN_POINT('Ctrl Pts',(11.4654152552107,218.133434726362,-5.96902039937208));
#2085=CARTESIAN_POINT('Ctrl Pts',(10.4717146432176,218.173192198895,-7.87774065723974));
#2086=CARTESIAN_POINT('Ctrl Pts',(8.99103709420143,218.212949671428,-9.53293540326514));
#2087=CARTESIAN_POINT('Ctrl Pts',(7.20436457541828,218.252707143961,-10.732291580426));
#2088=CARTESIAN_POINT('Ctrl Pts',(5.41769205663509,218.292464616494,-11.9316477575869));
#2089=CARTESIAN_POINT('Ctrl Pts',(3.32502456808491,218.332222089027,-12.6751653658832));
#2090=CARTESIAN_POINT('Ctrl Pts',(1.18214709095178,218.371979561561,-12.8719648755595));
#2091=CARTESIAN_POINT('Ctrl Pts',(-0.960730386181344,218.411737034094,-13.0687643852359));
#2092=CARTESIAN_POINT('Ctrl Pts',(-3.15381785189742,218.451494506627,-12.7188457962924));
#2093=CARTESIAN_POINT('Ctrl Pts',(-5.1290560761046,218.49125197916,-11.8649793624421));
#2094=CARTESIAN_POINT('Ctrl Pts',(-7.10429430031175,218.531009451693,-11.0111129285919));
#2095=CARTESIAN_POINT('Ctrl Pts',(-8.86168328301001,218.570766924226,-9.65329864983501));
#2096=CARTESIAN_POINT('Ctrl Pts',(-10.1864188516686,218.610524396759,-7.95750101986366));
#2097=CARTESIAN_POINT('Ctrl Pts',(-11.5111544203272,218.650281869292,-6.26170338989233));
#2098=CARTESIAN_POINT('Ctrl Pts',(-12.4032365749461,218.690039341826,-4.22792240870655));
#2099=CARTESIAN_POINT('Ctrl Pts',(-12.7536268670737,218.729796814359,-2.10474540880201));
#2100=CARTESIAN_POINT('Ctrl Pts',(-12.8683345105103,218.742812260522,-1.40967869111641));
#2101=CARTESIAN_POINT('Ctrl Pts',(-12.9249880539655,218.755827706685,-0.705031239866214));
#2102=CARTESIAN_POINT('Ctrl Pts',(-12.9244078758197,218.768843152848,-0.000291462040994849));
#2103=CARTESIAN_POINT('Origin',(0.,28.5,0.));
#2104=CARTESIAN_POINT('',(-12.9244387456462,220.481156847152,9.24797299295399E-6));
#2105=CARTESIAN_POINT('',(-12.9258696981201,220.268843152848,0.000206968254614485));
#2106=CARTESIAN_POINT('',(-12.925,28.5,1.58285598789795E-15));
#2107=CARTESIAN_POINT('Ctrl Pts',(-12.9244387456462,220.481156847152,9.24797299295399E-6));
#2108=CARTESIAN_POINT('Ctrl Pts',(-12.9228355541635,220.447680425568,-1.81239199733125));
#2109=CARTESIAN_POINT('Ctrl Pts',(-12.5386672323292,220.414204003984,-3.62489147361512));
#2110=CARTESIAN_POINT('Ctrl Pts',(-11.7989311133675,220.380727582401,-5.27870339857082));
#2111=CARTESIAN_POINT('Ctrl Pts',(-10.9204011797602,220.340970109867,-7.24281363110832));
#2112=CARTESIAN_POINT('Ctrl Pts',(-9.54035858770865,220.301212637334,-8.98310208796318));
#2113=CARTESIAN_POINT('Ctrl Pts',(-7.82792088061212,220.261455164801,-10.2863335999593));
#2114=CARTESIAN_POINT('Ctrl Pts',(-6.11548317351559,220.221697692268,-11.5895651119553));
#2115=CARTESIAN_POINT('Ctrl Pts',(-4.07065035137402,220.181940219735,-12.4557396790927));
#2116=CARTESIAN_POINT('Ctrl Pts',(-1.94323121277552,220.142182747202,-12.7792120058473));
#2117=CARTESIAN_POINT('Ctrl Pts',(0.184187925823039,220.102425274669,-13.1026843326019));
#2118=CARTESIAN_POINT('Ctrl Pts',(2.39419338087855,220.062667802136,-12.8834544189737));
#2119=CARTESIAN_POINT('Ctrl Pts',(4.41658873545165,220.022910329602,-12.1482111817914));
#2120=CARTESIAN_POINT('Ctrl Pts',(6.43898409002473,219.983152857069,-11.4129679446092));
#2121=CARTESIAN_POINT('Ctrl Pts',(8.27376934411534,219.943395384536,-10.161711383873));
#2122=CARTESIAN_POINT('Ctrl Pts',(9.69671136847269,219.903637912003,-8.54743180547859));
#2123=CARTESIAN_POINT('Ctrl Pts',(11.11965339283,219.86388043947,-6.9331522270842));
#2124=CARTESIAN_POINT('Ctrl Pts',(12.1307521874541,219.824122966937,-4.9558496310315));
#2125=CARTESIAN_POINT('Ctrl Pts',(12.6064071377271,219.784365494404,-2.85718436829151));
#2126=CARTESIAN_POINT('Ctrl Pts',(13.0820620880002,219.74460802187,-0.758519105551471));
#2127=CARTESIAN_POINT('Ctrl Pts',(13.0222731939223,219.704850549337,1.46150882387587));
#2128=CARTESIAN_POINT('Ctrl Pts',(12.4343553568408,219.665093076804,3.53153614839246));
#2129=CARTESIAN_POINT('Ctrl Pts',(11.8464375197592,219.625335604271,5.60156347290902));
#2130=CARTESIAN_POINT('Ctrl Pts',(10.7303907396739,219.585578131738,7.52159019251476));
#2131=CARTESIAN_POINT('Ctrl Pts',(9.22262519580919,219.545820659205,9.05693829793454));
#2132=CARTESIAN_POINT('Ctrl Pts',(7.71485965194441,219.506063186672,10.5922864033544));
#2133=CARTESIAN_POINT('Ctrl Pts',(5.81537534430012,219.466305714138,11.7429558945882));
#2134=CARTESIAN_POINT('Ctrl Pts',(3.75634617725922,219.426548241605,12.3682989479692));
#2135=CARTESIAN_POINT('Ctrl Pts',(1.69731701021839,219.386790769072,12.9936420013502));
#2136=CARTESIAN_POINT('Ctrl Pts',(-0.521257016219059,219.347033296539,13.0936586168785));
#2137=CARTESIAN_POINT('Ctrl Pts',(-2.62820219571654,219.307275824006,12.6561250064361));
#2138=CARTESIAN_POINT('Ctrl Pts',(-4.73514737521402,219.267518351473,12.2185913959938));
#2139=CARTESIAN_POINT('Ctrl Pts',(-6.73046370777155,219.22776087894,11.2435075595809));
#2140=CARTESIAN_POINT('Ctrl Pts',(-8.37026502107021,219.188003406407,9.85005662680637));
#2141=CARTESIAN_POINT('Ctrl Pts',(-10.0100663343689,219.148245933873,8.45660569403182));
#2142=CARTESIAN_POINT('Ctrl Pts',(-11.2943526284087,219.10848846134,6.64478766489561));
#2143=CARTESIAN_POINT('Ctrl Pts',(-12.0661468335835,219.068730988807,4.63605978438397));
#2144=CARTESIAN_POINT('Ctrl Pts',(-12.6328261749863,219.039539608255,3.16117880606946));
#2145=CARTESIAN_POINT('Ctrl Pts',(-12.9232195030434,219.010348227704,1.58014313969821));
#2146=CARTESIAN_POINT('Ctrl Pts',(-12.9247812734373,218.981156847152,-0.000334442362376064));
#2147=CARTESIAN_POINT('Ctrl Pts',(-12.9244078758197,218.768843152848,-0.000291462040994849));
#2148=CARTESIAN_POINT('Ctrl Pts',(-12.9232158199287,218.795585179218,1.44769345421595));
#2149=CARTESIAN_POINT('Ctrl Pts',(-12.6804095433902,218.822327205588,2.89606813044034));
#2150=CARTESIAN_POINT('Ctrl Pts',(-12.2031047844609,218.849069231958,4.26253271303964));
#2151=CARTESIAN_POINT('Ctrl Pts',(-11.4934939800844,218.888826704491,6.29406081635321));
#2152=CARTESIAN_POINT('Ctrl Pts',(-10.2655739416954,218.928584177024,8.14454400435699));
#2153=CARTESIAN_POINT('Ctrl Pts',(-8.66943230153683,218.968341649558,9.58779928102235));
#2154=CARTESIAN_POINT('Ctrl Pts',(-7.07329066137826,219.008099122091,11.0310545576877));
#2155=CARTESIAN_POINT('Ctrl Pts',(-5.10892741945009,219.047856594624,12.0670819230146));
#2156=CARTESIAN_POINT('Ctrl Pts',(-3.01644503244814,219.087614067157,12.5692486212762));
#2157=CARTESIAN_POINT('Ctrl Pts',(-0.923962645446181,219.12737153969,13.0714153195377));
#2158=CARTESIAN_POINT('Ctrl Pts',(1.29663888662956,219.167129012223,13.0397213507338));
#2159=CARTESIAN_POINT('Ctrl Pts',(3.37393730258389,219.206886484756,12.4780406528997));
#2160=CARTESIAN_POINT('Ctrl Pts',(5.45123571853824,219.246643957289,11.9163599550656));
#2161=CARTESIAN_POINT('Ctrl Pts',(7.38523101837116,219.286401429823,10.8246925282013));
#2162=CARTESIAN_POINT('Ctrl Pts',(8.93953260968973,219.326158902356,9.33647193730448));
#2163=CARTESIAN_POINT('Ctrl Pts',(10.4938342010083,219.365916374889,7.84825134640769));
#2164=CARTESIAN_POINT('Ctrl Pts',(11.6684420838125,219.405673847422,5.96347759147849));
#2165=CARTESIAN_POINT('Ctrl Pts',(12.319784883146,219.445431319955,3.91252502764722));
#2166=CARTESIAN_POINT('Ctrl Pts',(12.9711276824796,219.485188792488,1.86157246381598));
#2167=CARTESIAN_POINT('Ctrl Pts',(13.0992053983424,219.524946265021,-0.355558908917332));
#2168=CARTESIAN_POINT('Ctrl Pts',(12.6883632946252,219.564703737554,-2.46787109938802));
#2169=CARTESIAN_POINT('Ctrl Pts',(12.277521190908,219.604461210088,-4.5801832898587));
#2170=CARTESIAN_POINT('Ctrl Pts',(11.3277592676108,219.644218682621,-6.58767629806676));
#2171=CARTESIAN_POINT('Ctrl Pts',(9.95516592108702,219.683976155154,-8.24497572341452));
#2172=CARTESIAN_POINT('Ctrl Pts',(8.58257257456329,219.723733627687,-9.90227514876227));
#2173=CARTESIAN_POINT('Ctrl Pts',(6.78714780481306,219.76349110022,-11.2093809912497));
#2174=CARTESIAN_POINT('Ctrl Pts',(4.78834529585969,219.803248572753,-12.0065272837704));
#2175=CARTESIAN_POINT('Ctrl Pts',(2.78954278690633,219.843006045286,-12.803673576291));
#2176=CARTESIAN_POINT('Ctrl Pts',(0.587362538749837,219.88276351782,-13.0908603188449));
#2177=CARTESIAN_POINT('Ctrl Pts',(-1.54902572870738,219.922520990353,-12.8329839040994));
#2178=CARTESIAN_POINT('Ctrl Pts',(-3.68541399616466,219.962278462886,-12.5751074893539));
#2179=CARTESIAN_POINT('Ctrl Pts',(-5.75601028292266,220.002035935419,-11.772167917309));
#2180=CARTESIAN_POINT('Ctrl Pts',(-7.50772541032803,220.041793407952,-10.5223099706164));
#2181=CARTESIAN_POINT('Ctrl Pts',(-9.25944053773335,220.081550880485,-9.27245202392374));
#2182=CARTESIAN_POINT('Ctrl Pts',(-10.6922745057861,220.121308353018,-7.57567570258336));
#2183=CARTESIAN_POINT('Ctrl Pts',(-11.6310973585717,220.161065825552,-5.63937195951341));
#2184=CARTESIAN_POINT('Ctrl Pts',(-12.4794394976406,220.196991601317,-3.88968291603832));
#2185=CARTESIAN_POINT('Ctrl Pts',(-12.924404299043,220.232917377083,-1.94441136300137));
#2186=CARTESIAN_POINT('Ctrl Pts',(-12.9258696981201,220.268843152848,0.000206968254614485));
#2187=CARTESIAN_POINT('Origin',(0.,206.727129595899,0.));
#2188=CARTESIAN_POINT('',(-12.065745810927,219.477129595899,-0.000312213912735942));
#2189=CARTESIAN_POINT('',(-12.0667618943159,219.772870404101,0.000193212271804022));
#2190=CARTESIAN_POINT('',(-12.06595,206.727129595899,2.34237486172896E-13));
#2191=CARTESIAN_POINT('',(5.00575133572785,220.5,-10.9791352465808));
#2192=CARTESIAN_POINT('Ctrl Pts',(-12.065745810927,219.477129595899,-0.000312213912736017));
#2193=CARTESIAN_POINT('Ctrl Pts',(-12.0642878423789,219.506320976451,1.47512016374789));
#2194=CARTESIAN_POINT('Ctrl Pts',(-11.4239782391729,219.575269829536,4.96126196652903));
#2195=CARTESIAN_POINT('Ctrl Pts',(-8.14582790542428,219.683976155154,9.58594098433726));
#2196=CARTESIAN_POINT('Ctrl Pts',(-2.55773031869562,219.803248572753,12.3167679435557));
#2197=CARTESIAN_POINT('Ctrl Pts',(3.65562440647876,219.922520990353,12.0366606749756));
#2198=CARTESIAN_POINT('Ctrl Pts',(8.9753341198606,220.041793407952,8.81408724029408));
#2199=CARTESIAN_POINT('Ctrl Pts',(12.1009429352192,220.161065825552,3.43684629698414));
#2200=CARTESIAN_POINT('Ctrl Pts',(12.2683881514278,220.280338243151,-2.78058023959023));
#2201=CARTESIAN_POINT('Ctrl Pts',(9.58613415841678,220.393316301301,-8.02599029432724));
#2202=CARTESIAN_POINT('Ctrl Pts',(6.54373452328716,220.466536886917,-10.2760572766339));
#2203=CARTESIAN_POINT('Ctrl Pts',(5.00575133572621,220.5,-10.9791352465816));
#2204=CARTESIAN_POINT('',(12.0106246397829,220.5,1.15414261022608));
#2205=CARTESIAN_POINT('Origin',(0.,220.5,0.));
#2206=CARTESIAN_POINT('Ctrl Pts',(-12.0667618943159,219.772870404101,0.000193212271803814));
#2207=CARTESIAN_POINT('Ctrl Pts',(-12.0669077998823,219.776702100868,0.193813259924872));
#2208=CARTESIAN_POINT('Ctrl Pts',(-12.0149902394608,219.820291270169,2.39634523935842));
#2209=CARTESIAN_POINT('Ctrl Pts',(-10.7390649926206,219.903637912003,6.5510813852132));
#2210=CARTESIAN_POINT('Ctrl Pts',(-6.28798212508098,220.022910329602,10.8952896140457));
#2211=CARTESIAN_POINT('Ctrl Pts',(-0.299600933866607,220.142182747202,12.575885737834));
#2212=CARTESIAN_POINT('Ctrl Pts',(5.7616826488573,220.261455164801,11.1825587724455));
#2213=CARTESIAN_POINT('Ctrl Pts',(10.4150704019088,220.380727582401,7.05479574739538));
#2214=CARTESIAN_POINT('Ctrl Pts',(11.8184186790005,220.460242527467,3.15434053033785));
#2215=CARTESIAN_POINT('Ctrl Pts',(12.010624639783,220.5,1.15414261022574));
#2216=CARTESIAN_POINT('Origin',(0.,206.727129595899,0.));
#2217=CARTESIAN_POINT('',(-12.0654862025283,217.977129595899,0.000287166164042133));
#2218=CARTESIAN_POINT('',(-12.0653972308895,218.272870404101,-0.000272090244660406));
#2219=CARTESIAN_POINT('',(-12.06595,206.727129595899,2.34237486172896E-13));
#2220=CARTESIAN_POINT('Ctrl Pts',(-12.0654862025283,217.977129595899,0.000287166164041827));
#2221=CARTESIAN_POINT('Ctrl Pts',(-12.0660342218148,217.98947383352,0.624245770958584));
#2222=CARTESIAN_POINT('Ctrl Pts',(-11.8653343115968,218.041575543674,3.25745817987638));
#2223=CARTESIAN_POINT('Ctrl Pts',(-9.97824958738697,218.133434726362,7.6602418633262));
#2224=CARTESIAN_POINT('Ctrl Pts',(-5.08874229906988,218.252707143961,11.5043240587014));
#2225=CARTESIAN_POINT('Ctrl Pts',(1.04475034302051,218.37197956156,12.5360786114565));
#2226=CARTESIAN_POINT('Ctrl Pts',(6.9228450794232,218.49125197916,10.5032845453678));
#2227=CARTESIAN_POINT('Ctrl Pts',(11.1085927923432,218.610524396759,5.90287526614089));
#2228=CARTESIAN_POINT('Ctrl Pts',(12.578752659532,218.729796814359,-0.140540936732366));
#2229=CARTESIAN_POINT('Ctrl Pts',(10.9739318833288,218.849069231958,-6.14960074175409));
#2230=CARTESIAN_POINT('Ctrl Pts',(6.68644223751072,218.968341649558,-10.6553395237103));
#2231=CARTESIAN_POINT('Ctrl Pts',(0.764396214234129,219.087614067157,-12.5562920002471));
#2232=CARTESIAN_POINT('Ctrl Pts',(-5.34451283149189,219.206886484756,-11.387754504316));
#2233=CARTESIAN_POINT('Ctrl Pts',(-10.1469112609586,219.326158902356,-7.43538581017868));
#2234=CARTESIAN_POINT('Ctrl Pts',(-11.9005380973144,219.416239939403,-3.07755895778754));
#2235=CARTESIAN_POINT('Ctrl Pts',(-12.0662735362176,219.466563503918,-0.534358700237117));
#2236=CARTESIAN_POINT('Ctrl Pts',(-12.065745810927,219.477129595899,-0.000312213912736017));
#2237=CARTESIAN_POINT('Ctrl Pts',(-12.0653972308895,218.272870404101,-0.000272090244660336));
#2238=CARTESIAN_POINT('Ctrl Pts',(-12.0642844040594,218.299612430471,1.35147364285477));
#2239=CARTESIAN_POINT('Ctrl Pts',(-11.5006273601858,218.366111929374,4.71376970892291));
#2240=CARTESIAN_POINT('Ctrl Pts',(-8.4369733164101,218.47236890081,9.33071553978069));
#2241=CARTESIAN_POINT('Ctrl Pts',(-2.93556318280623,218.591641318409,12.2322213940166));
#2242=CARTESIAN_POINT('Ctrl Pts',(3.28346978956115,218.710913736009,12.1434590320308));
#2243=CARTESIAN_POINT('Ctrl Pts',(8.6998312413257,218.830186153608,9.08612721249328));
#2244=CARTESIAN_POINT('Ctrl Pts',(11.9894467113887,218.949458571208,3.80761598116921));
#2245=CARTESIAN_POINT('Ctrl Pts',(12.3481421038178,219.068730988807,-2.40169843743774));
#2246=CARTESIAN_POINT('Ctrl Pts',(9.6882318805895,219.188003406407,-8.02389811149302));
#2247=CARTESIAN_POINT('Ctrl Pts',(4.65995207388127,219.307275824006,-11.6845883413177));
#2248=CARTESIAN_POINT('Ctrl Pts',(-1.50749011534364,219.426548241605,-12.4888856433643));
#2249=CARTESIAN_POINT('Ctrl Pts',(-7.30641729512091,219.545820659205,-10.240167176212));
#2250=CARTESIAN_POINT('Ctrl Pts',(-11.1903088989605,219.661261380037,-5.64082387825548));
#2251=CARTESIAN_POINT('Ctrl Pts',(-12.0653938918405,219.736944628335,-1.81517758494433));
#2252=CARTESIAN_POINT('Ctrl Pts',(-12.0667618943159,219.772870404101,0.000193212271803814));
#2253=CARTESIAN_POINT('Origin',(0.,206.727129595899,0.));
#2254=CARTESIAN_POINT('',(-12.0666769367682,216.477129595899,-0.000217451743969989));
#2255=CARTESIAN_POINT('',(-12.0658504811833,216.772870404101,0.000315638764987192));
#2256=CARTESIAN_POINT('',(-12.06595,206.727129595899,2.34237486172896E-13));
#2257=CARTESIAN_POINT('Ctrl Pts',(-12.0666769367682,216.477129595899,-0.000217451743970004));
#2258=CARTESIAN_POINT('Ctrl Pts',(-12.0651910654115,216.512384163123,1.78127279672549));
#2259=CARTESIAN_POINT('Ctrl Pts',(-11.2151362230818,216.587396202879,5.57316565165371));
#2260=CARTESIAN_POINT('Ctrl Pts',(-7.39252694196586,216.702165715169,10.1781784050731));
#2261=CARTESIAN_POINT('Ctrl Pts',(-1.61277547464476,216.821438132768,12.4757254499116));
#2262=CARTESIAN_POINT('Ctrl Pts',(4.56123236318151,216.940710550368,11.7234777076707));
#2263=CARTESIAN_POINT('Ctrl Pts',(9.62020903590727,217.059982967967,8.10532839178251));
#2264=CARTESIAN_POINT('Ctrl Pts',(12.3274456446089,217.179255385566,2.50576417733219));
#2265=CARTESIAN_POINT('Ctrl Pts',(12.0211356971702,217.298527803166,-3.70635491870465));
#2266=CARTESIAN_POINT('Ctrl Pts',(8.77615920635545,217.417800220765,-9.01242474686442));
#2267=CARTESIAN_POINT('Ctrl Pts',(3.38577764826941,217.537072638365,-12.1153324324865));
#2268=CARTESIAN_POINT('Ctrl Pts',(-2.8322853992297,217.656345055964,-12.2565463998025));
#2269=CARTESIAN_POINT('Ctrl Pts',(-8.35797273833811,217.775617473564,-9.40154572069795));
#2270=CARTESIAN_POINT('Ctrl Pts',(-11.4800575963301,217.882545653542,-4.78160444264359));
#2271=CARTESIAN_POINT('Ctrl Pts',(-12.0642691989433,217.949716360987,-1.38535724005837));
#2272=CARTESIAN_POINT('Ctrl Pts',(-12.0654862025283,217.977129595899,0.000287166164041827));
#2273=CARTESIAN_POINT('Ctrl Pts',(-12.0658504811833,216.772870404101,0.00031563876498629));
#2274=CARTESIAN_POINT('Ctrl Pts',(-12.0663577444422,216.78276528754,0.500424490872073));
#2275=CARTESIAN_POINT('Ctrl Pts',(-11.9132804211369,216.832417643512,3.0096537158225));
#2276=CARTESIAN_POINT('Ctrl Pts',(-10.2092645416254,216.921827472018,7.34953663962423));
#2277=CARTESIAN_POINT('Ctrl Pts',(-5.4403733756916,217.041099889617,11.342270885106));
#2278=CARTESIAN_POINT('Ctrl Pts',(0.658462283454439,217.160372307217,12.5622927333885));
#2279=CARTESIAN_POINT('Ctrl Pts',(6.59633136413539,217.279644724816,10.7113577025781));
#2280=CARTESIAN_POINT('Ctrl Pts',(10.9216724127583,217.398917142416,6.24194224632391));
#2281=CARTESIAN_POINT('Ctrl Pts',(12.5771198568584,217.518189560015,0.246632123611407));
#2282=CARTESIAN_POINT('Ctrl Pts',(11.1579858082695,217.637461977614,-5.80896927175372));
#2283=CARTESIAN_POINT('Ctrl Pts',(7.01118938137158,217.756734395214,-10.4445198433139));
#2284=CARTESIAN_POINT('Ctrl Pts',(1.15044943162955,217.876006812813,-12.5268207220349));
#2285=CARTESIAN_POINT('Ctrl Pts',(-4.99152744425984,217.995279230413,-11.5468361499041));
#2286=CARTESIAN_POINT('Ctrl Pts',(-9.91328394618358,218.114551648012,-7.74413150075124));
#2287=CARTESIAN_POINT('Ctrl Pts',(-11.8514967229748,218.207082039241,-3.32536775514856));
#2288=CARTESIAN_POINT('Ctrl Pts',(-12.0659388479493,218.259854957938,-0.658171890805605));
#2289=CARTESIAN_POINT('Ctrl Pts',(-12.0653972308895,218.272870404101,-0.000272090244660336));
#2290=CARTESIAN_POINT('Origin',(0.,206.727129595899,0.));
#2291=CARTESIAN_POINT('',(-12.0649493888266,214.977129595899,6.92811224066541E-5));
#2292=CARTESIAN_POINT('',(-12.0663212072857,215.272870404101,-0.000289370747306034));
#2293=CARTESIAN_POINT('',(-12.06595,206.727129595899,2.34237486172896E-13));
#2294=CARTESIAN_POINT('Ctrl Pts',(-12.0649493888266,214.977129595899,6.92811224073386E-5));
#2295=CARTESIAN_POINT('Ctrl Pts',(-12.0651351877435,214.995537020192,0.930619620560624));
#2296=CARTESIAN_POINT('Ctrl Pts',(-11.7292739588402,215.053701917018,3.87089712749911));
#2297=CARTESIAN_POINT('Ctrl Pts',(-9.36621390853132,215.151624286377,8.39754769279828));
#2298=CARTESIAN_POINT('Ctrl Pts',(-4.19828620990485,215.270896703976,11.8582951191523));
#2299=CARTESIAN_POINT('Ctrl Pts',(1.99594744976904,215.390169121576,12.4201837349915));
#2300=CARTESIAN_POINT('Ctrl Pts',(7.70225516461271,215.509441539175,9.94585519763806));
#2301=CARTESIAN_POINT('Ctrl Pts',(11.5256825817053,215.628713956774,5.0401796851861));
#2302=CARTESIAN_POINT('Ctrl Pts',(12.5315610878073,215.747986374374,-1.09760964634105));
#2303=CARTESIAN_POINT('Ctrl Pts',(10.4739953210289,215.867258791973,-6.96707917625838));
#2304=CARTESIAN_POINT('Ctrl Pts',(5.85597433597744,215.986531209572,-11.1333882897149));
#2305=CARTESIAN_POINT('Ctrl Pts',(-0.193588251591429,216.105803627172,-12.5780480926904));
#2306=CARTESIAN_POINT('Ctrl Pts',(-6.19582658191262,216.225076044771,-10.9478994880321));
#2307=CARTESIAN_POINT('Ctrl Pts',(-10.6834436032743,216.344348462371,-6.64144585228587));
#2308=CARTESIAN_POINT('Ctrl Pts',(-12.004907239634,216.428366312747,-2.46422930538466));
#2309=CARTESIAN_POINT('Ctrl Pts',(-12.0668667203494,216.472626690589,-0.227759087646083));
#2310=CARTESIAN_POINT('Ctrl Pts',(-12.0666769367682,216.477129595899,-0.000217451743970004));
#2311=CARTESIAN_POINT('Ctrl Pts',(-12.0663212072857,215.272870404101,-0.000289370747306034));
#2312=CARTESIAN_POINT('Ctrl Pts',(-12.0646458200866,215.305675617142,1.65757092488699));
#2313=CARTESIAN_POINT('Ctrl Pts',(-11.3028191942638,215.378238302717,5.32612619291546));
#2314=CARTESIAN_POINT('Ctrl Pts',(-7.70225519052848,215.490558460825,9.94585523110219));
#2315=CARTESIAN_POINT('Ctrl Pts',(-1.99594745648513,215.609830878424,12.4201837767811));
#2316=CARTESIAN_POINT('Ctrl Pts',(4.19828622403019,215.729103296024,11.8582951590515));
#2317=CARTESIAN_POINT('Ctrl Pts',(9.36621394004508,215.848375713623,8.39754772105349));
#2318=CARTESIAN_POINT('Ctrl Pts',(12.2444928044798,215.967648131223,2.8839499404648));
#2319=CARTESIAN_POINT('Ctrl Pts',(12.1295036240654,216.086920548822,-3.33465337506772));
#2320=CARTESIAN_POINT('Ctrl Pts',(9.04935645976817,216.206192966421,-8.73807295472622));
#2321=CARTESIAN_POINT('Ctrl Pts',(3.75701888873038,216.325465384021,-12.0053979679055));
#2322=CARTESIAN_POINT('Ctrl Pts',(-2.45375317878707,216.44473780162,-12.3379036564425));
#2323=CARTESIAN_POINT('Ctrl Pts',(-8.06468488563857,216.56401021922,-9.65430624091749));
#2324=CARTESIAN_POINT('Ctrl Pts',(-11.402207028795,216.67338775338,-5.02905836061374));
#2325=CARTESIAN_POINT('Ctrl Pts',(-12.064319569338,216.743007815007,-1.50900432891183));
#2326=CARTESIAN_POINT('Ctrl Pts',(-12.0658504811833,216.772870404101,0.00031563876498629));
#2327=CARTESIAN_POINT('Origin',(0.,206.727129595899,0.));
#2328=CARTESIAN_POINT('',(-12.0669624328499,213.477129595899,8.31486298577036E-5));
#2329=CARTESIAN_POINT('',(-12.0650868244767,213.772870404101,0.000175821871879478));
#2330=CARTESIAN_POINT('',(-12.06595,206.727129595899,2.34237486172896E-13));
#2331=CARTESIAN_POINT('Ctrl Pts',(-12.0669624328499,213.477129595899,8.31486298568957E-5));
#2332=CARTESIAN_POINT('Ctrl Pts',(-12.0669917102075,213.478689877261,0.0789221593724923));
#2333=CARTESIAN_POINT('Ctrl Pts',(-12.0469600042838,213.520007631156,2.1666402078564));
#2334=CARTESIAN_POINT('Ctrl Pts',(-10.9216723760108,213.601082857585,6.24194222532154));
#2335=CARTESIAN_POINT('Ctrl Pts',(-6.5963313419414,213.720355275184,10.7113576665378));
#2336=CARTESIAN_POINT('Ctrl Pts',(-0.658462281239379,213.839627692783,12.5622926911207));
#2337=CARTESIAN_POINT('Ctrl Pts',(5.44037335738621,213.958900110383,11.3422708469434));
#2338=CARTESIAN_POINT('Ctrl Pts',(10.2092645072745,214.078172527982,7.34953661489595));
#2339=CARTESIAN_POINT('Ctrl Pts',(12.4824160868098,214.197444945581,1.56014706644577));
#2340=CARTESIAN_POINT('Ctrl Pts',(11.7041372974621,214.316717363181,-4.61063340066671));
#2341=CARTESIAN_POINT('Ctrl Pts',(8.06468485850406,214.43598978078,-9.65430620843378));
#2342=CARTESIAN_POINT('Ctrl Pts',(2.45375317053149,214.55526219838,-12.3379036149296));
#2343=CARTESIAN_POINT('Ctrl Pts',(-3.75701887608891,214.674534615979,-12.0053979275116));
#2344=CARTESIAN_POINT('Ctrl Pts',(-9.04935642931991,214.793807033579,-8.73807292532592));
#2345=CARTESIAN_POINT('Ctrl Pts',(-11.6541415784623,214.894672026885,-4.16856818255828));
#2346=CARTESIAN_POINT('Ctrl Pts',(-12.0647338879627,214.955779547659,-1.07923949783948));
#2347=CARTESIAN_POINT('Ctrl Pts',(-12.0649493888266,214.977129595899,6.92811224073386E-5));
#2348=CARTESIAN_POINT('Ctrl Pts',(-12.0650868244767,213.772870404101,0.000175821871879756));
#2349=CARTESIAN_POINT('Ctrl Pts',(-12.065501371738,213.788828474212,0.806877701718454));
#2350=CARTESIAN_POINT('Ctrl Pts',(-11.7872485892534,213.844544016856,3.62309110224099));
#2351=CARTESIAN_POINT('Ctrl Pts',(-9.62020906827621,213.940017032033,8.10532841905382));
#2352=CARTESIAN_POINT('Ctrl Pts',(-4.56123237852887,214.059289449632,11.723477747116));
#2353=CARTESIAN_POINT('Ctrl Pts',(1.61277548007075,214.178561867232,12.4757254918882));
#2354=CARTESIAN_POINT('Ctrl Pts',(7.39252696683879,214.297834284831,10.1781784393194));
#2355=CARTESIAN_POINT('Ctrl Pts',(11.3651137883273,214.417106702431,5.39249106410361));
#2356=CARTESIAN_POINT('Ctrl Pts',(12.5594040750481,214.53637912003,-0.711435575249882));
#2357=CARTESIAN_POINT('Ctrl Pts',(10.6834436392206,214.655651537629,-6.64144587463171));
#2358=CARTESIAN_POINT('Ctrl Pts',(6.19582660275979,214.774923955229,-10.9478995248677));
#2359=CARTESIAN_POINT('Ctrl Pts',(0.193588252243217,214.894196372828,-12.5780481350112));
#2360=CARTESIAN_POINT('Ctrl Pts',(-5.85597435568042,215.013468790428,-11.1333883271751));
#2361=CARTESIAN_POINT('Ctrl Pts',(-10.47399535627,215.132741208027,-6.9670791997005));
#2362=CARTESIAN_POINT('Ctrl Pts',(-11.9656391430443,215.219208412585,-2.71197450398557));
#2363=CARTESIAN_POINT('Ctrl Pts',(-12.0666762644695,215.265918144609,-0.351632157677298));
#2364=CARTESIAN_POINT('Ctrl Pts',(-12.0663212072857,215.272870404101,-0.000289370747306034));
#2365=CARTESIAN_POINT('Origin',(0.,206.727129595899,0.));
#2366=CARTESIAN_POINT('',(-12.0651447050491,211.977129595899,-0.000201506339261567));
#2367=CARTESIAN_POINT('',(-12.0669934031778,212.272870404101,-4.78408936447662E-5));
#2368=CARTESIAN_POINT('',(-12.06595,206.727129595899,2.34237486172896E-13));
#2369=CARTESIAN_POINT('Ctrl Pts',(-12.0651447050491,211.977129595899,-0.000201506339261234));
#2370=CARTESIAN_POINT('Ctrl Pts',(-12.0644116007438,212.001600206864,1.23680372947833));
#2371=CARTESIAN_POINT('Ctrl Pts',(-11.5678244960278,212.065828290361,4.48415017325611));
#2372=CARTESIAN_POINT('Ctrl Pts',(-8.69983121201356,212.169813846392,9.08612718194336));
#2373=CARTESIAN_POINT('Ctrl Pts',(-3.28346977853371,212.289086263991,12.1434589911609));
#2374=CARTESIAN_POINT('Ctrl Pts',(2.93556317293831,212.408358681591,12.2322213528652));
#2375=CARTESIAN_POINT('Ctrl Pts',(8.43697328801752,212.52763109919,9.3307155083835));
#2376=CARTESIAN_POINT('Ctrl Pts',(11.8758951612972,212.646903516789,4.14823870827144));
#2377=CARTESIAN_POINT('Ctrl Pts',(12.4116557435376,212.766175934389,-2.04830952946369));
#2378=CARTESIAN_POINT('Ctrl Pts',(9.91328391282965,212.885448351988,-7.74413147469418));
#2379=CARTESIAN_POINT('Ctrl Pts',(4.99152742746524,213.004720769588,-11.546836111053));
#2380=CARTESIAN_POINT('Ctrl Pts',(-1.15044942775807,213.123993187187,-12.5268206798864));
#2381=CARTESIAN_POINT('Ctrl Pts',(-7.011189357781,213.243265604786,-10.4445198081721));
#2382=CARTESIAN_POINT('Ctrl Pts',(-11.103738784834,213.360977741024,-5.86960995422853));
#2383=CARTESIAN_POINT('Ctrl Pts',(-12.0662456949255,213.438932404728,-1.92997180078043));
#2384=CARTESIAN_POINT('Ctrl Pts',(-12.0669624328499,213.477129595899,8.31486298568957E-5));
#2385=CARTESIAN_POINT('Ctrl Pts',(-12.0669934031778,212.272870404101,-4.7840893645304E-5));
#2386=CARTESIAN_POINT('Ctrl Pts',(-12.066555533967,212.311738803814,1.96390776069285));
#2387=CARTESIAN_POINT('Ctrl Pts',(-11.0773916969709,212.390364676061,5.93716736246336));
#2388=CARTESIAN_POINT('Ctrl Pts',(-6.92284510271672,212.50874802084,10.5032845807072));
#2389=CARTESIAN_POINT('Ctrl Pts',(-1.04475034653602,212.62802043844,12.5360786536362));
#2390=CARTESIAN_POINT('Ctrl Pts',(5.08874231619132,212.747292856039,11.5043240974096));
#2391=CARTESIAN_POINT('Ctrl Pts',(9.97824962096011,212.866565273638,7.66024188910061));
#2392=CARTESIAN_POINT('Ctrl Pts',(12.4284908646136,212.985837691238,1.94354987751629));
#2393=CARTESIAN_POINT('Ctrl Pts',(11.8404842081719,213.105110108837,-4.24825905684666));
#2394=CARTESIAN_POINT('Ctrl Pts',(8.35797276646011,213.224382526436,-9.40154575233063));
#2395=CARTESIAN_POINT('Ctrl Pts',(2.83228540875975,213.343654944036,-12.2565464410414));
#2396=CARTESIAN_POINT('Ctrl Pts',(-3.38577765966105,213.462927361635,-12.1153324732505));
#2397=CARTESIAN_POINT('Ctrl Pts',(-8.77615923588393,213.582199779235,-9.01242477718835));
#2398=CARTESIAN_POINT('Ctrl Pts',(-11.5869736441077,213.685514126723,-4.416281302421));
#2399=CARTESIAN_POINT('Ctrl Pts',(-12.0644685807275,213.749071001679,-1.20291593921308));
#2400=CARTESIAN_POINT('Ctrl Pts',(-12.0650868244767,213.772870404101,0.000175821871879756));
#2401=CARTESIAN_POINT('Origin',(0.,206.727129595899,0.));
#2402=CARTESIAN_POINT('',(-12.06595,210.5,2.34237486172896E-13));
#2403=CARTESIAN_POINT('',(-12.0649765320838,210.772870404101,-0.000102393079592922));
#2404=CARTESIAN_POINT('',(-12.06595,206.727129595899,2.34237486172896E-13));
#2405=CARTESIAN_POINT('',(-12.010624639783,210.5,1.15414261022528));
#2406=CARTESIAN_POINT('Origin',(0.,210.5,0.));
#2407=CARTESIAN_POINT('Ctrl Pts',(-12.010624639783,210.5,1.15414261022527));
#2408=CARTESIAN_POINT('Ctrl Pts',(-11.8184186790007,210.539757472533,3.15434053033738));
#2409=CARTESIAN_POINT('Ctrl Pts',(-10.415071156171,210.6192724176,7.05479577440767));
#2410=CARTESIAN_POINT('Ctrl Pts',(-5.76168256534772,210.738544835199,11.1825587396299));
#2411=CARTESIAN_POINT('Ctrl Pts',(0.299600818441672,210.857817252798,12.5758856892659));
#2412=CARTESIAN_POINT('Ctrl Pts',(6.28798214401222,210.977089670398,10.8952895844637));
#2413=CARTESIAN_POINT('Ctrl Pts',(10.7390649328092,211.096362087997,6.55108135833397));
#2414=CARTESIAN_POINT('Ctrl Pts',(12.5649656279388,211.215634505596,0.605485814542669));
#2415=CARTESIAN_POINT('Ctrl Pts',(11.3192225937245,211.334906923196,-5.48816292253079));
#2416=CARTESIAN_POINT('Ctrl Pts',(7.30641727335483,211.454179340795,-10.240167140739));
#2417=CARTESIAN_POINT('Ctrl Pts',(1.50749010887111,211.573451758395,-12.4888856019023));
#2418=CARTESIAN_POINT('Ctrl Pts',(-4.65995205750955,211.692724175994,-11.6845883017028));
#2419=CARTESIAN_POINT('Ctrl Pts',(-9.68823184833328,211.811996593593,-8.02389808465478));
#2420=CARTESIAN_POINT('Ctrl Pts',(-11.802419678409,211.906798400228,-3.55518104746625));
#2421=CARTESIAN_POINT('Ctrl Pts',(-12.0656026774327,211.96184273433,-0.772962261163734));
#2422=CARTESIAN_POINT('Ctrl Pts',(-12.0651447050491,211.977129595899,-0.000201506339261234));
#2423=CARTESIAN_POINT('Ctrl Pts',(-12.0649765320839,210.772870404101,-0.000102393079593824));
#2424=CARTESIAN_POINT('Ctrl Pts',(-12.0646542672234,210.794891660883,1.11313222253873));
#2425=CARTESIAN_POINT('Ctrl Pts',(-11.6361542753239,210.856670390199,4.23646039786912));
#2426=CARTESIAN_POINT('Ctrl Pts',(-8.97533414746257,210.958206592048,8.81408727144245));
#2427=CARTESIAN_POINT('Ctrl Pts',(-3.65562442006143,211.077479009647,12.0366607146808));
#2428=CARTESIAN_POINT('Ctrl Pts',(2.55773032793048,211.196751427247,12.3167679854137));
#2429=CARTESIAN_POINT('Ctrl Pts',(8.14582793252312,211.316023844846,9.58594101637489));
#2430=CARTESIAN_POINT('Ctrl Pts',(11.7426095798015,211.435296262445,4.51175011019256));
#2431=CARTESIAN_POINT('Ctrl Pts',(12.468812994853,211.554568680045,-1.66537515433281));
#2432=CARTESIAN_POINT('Ctrl Pts',(10.1469112951357,211.673841097644,-7.43538583516711));
#2433=CARTESIAN_POINT('Ctrl Pts',(5.34451284945708,211.793113515244,-11.3877545426462));
#2434=CARTESIAN_POINT('Ctrl Pts',(-0.764396216797149,211.912385932843,-12.5562920424874));
#2435=CARTESIAN_POINT('Ctrl Pts',(-6.68644226001216,212.031658350442,-10.6553395595656));
#2436=CARTESIAN_POINT('Ctrl Pts',(-10.9739319202501,212.150930768042,-6.14960076244386));
#2437=CARTESIAN_POINT('Ctrl Pts',(-12.0557749936556,212.231334785928,-2.09876852988365));
#2438=CARTESIAN_POINT('Ctrl Pts',(-12.0670034189648,212.271981331281,-0.044971212002573));
#2439=CARTESIAN_POINT('Ctrl Pts',(-12.0669934031778,212.272870404101,-4.7840893645304E-5));
#2440=CARTESIAN_POINT('Origin',(0.,246.951410108095,0.));
#2441=CARTESIAN_POINT('',(-11.3679473888959,261.451410108095,-0.000158229131544363));
#2442=CARTESIAN_POINT('',(-11.369535927174,261.648589891905,-0.000206557334578236));
#2443=CARTESIAN_POINT('',(-11.36875,246.951410108095,7.46781084908987E-13));
#2444=CARTESIAN_POINT('',(6.60101601118505,261.8,9.25642958755781));
#2445=CARTESIAN_POINT('Ctrl Pts',(-11.3679473888959,261.451410108095,-0.000158229131544535));
#2446=CARTESIAN_POINT('Ctrl Pts',(-11.3673880170885,261.467143008363,1.12388349199042));
#2447=CARTESIAN_POINT('Ctrl Pts',(-10.9243228224573,261.509224126669,4.13081254644886));
#2448=CARTESIAN_POINT('Ctrl Pts',(-8.31127111568648,261.577653463014,8.44214790024808));
#2449=CARTESIAN_POINT('Ctrl Pts',(-3.28456021596085,261.656698117128,11.3823994910069));
#2450=CARTESIAN_POINT('Ctrl Pts',(2.17284244042026,261.730813629457,11.5603843981597));
#2451=CARTESIAN_POINT('Ctrl Pts',(5.35450559371031,261.778580923747,10.143414797498));
#2452=CARTESIAN_POINT('Ctrl Pts',(6.60101601118505,261.8,9.25642958755781));
#2453=CARTESIAN_POINT('',(-6.60063269012647,261.8,9.2563559056755));
#2454=CARTESIAN_POINT('Origin',(0.,261.8,0.));
#2455=CARTESIAN_POINT('Ctrl Pts',(-11.369535927174,261.648589891905,-0.000206557334578149));
#2456=CARTESIAN_POINT('Ctrl Pts',(-11.3683445343591,261.672711709899,1.7225580877281));
#2457=CARTESIAN_POINT('Ctrl Pts',(-10.5369757162813,261.72318174593,5.32837539404917));
#2458=CARTESIAN_POINT('Ctrl Pts',(-8.13302922712767,261.773651781962,8.16361630280816));
#2459=CARTESIAN_POINT('Ctrl Pts',(-6.60063269012647,261.8,9.2563559056755));
#2460=CARTESIAN_POINT('Origin',(0.,246.951410108095,0.));
#2461=CARTESIAN_POINT('',(-11.3686579949806,260.451410108095,0.00028866182269134));
#2462=CARTESIAN_POINT('',(-11.3678724345883,260.648589891905,-0.000111963885320587));
#2463=CARTESIAN_POINT('',(-11.36875,246.951410108095,7.46781084908987E-13));
#2464=CARTESIAN_POINT('Ctrl Pts',(-11.3686579949806,260.451410108095,0.000288661822690009));
#2465=CARTESIAN_POINT('Ctrl Pts',(-11.3691236342723,260.457949507202,0.467414040770195));
#2466=CARTESIAN_POINT('Ctrl Pts',(-11.2270350106383,260.490837124347,2.81637610988918));
#2467=CARTESIAN_POINT('Ctrl Pts',(-9.64244281191231,260.550072959529,6.88261830854952));
#2468=CARTESIAN_POINT('Ctrl Pts',(-5.19800483531282,260.629117613644,10.6455570019001));
#2469=CARTESIAN_POINT('Ctrl Pts',(0.502451404738915,260.708162267757,11.8361598832546));
#2470=CARTESIAN_POINT('Ctrl Pts',(6.08149795494628,260.787206921872,10.1667359906994));
#2471=CARTESIAN_POINT('Ctrl Pts',(10.1910436671334,260.866251575986,6.04067606087144));
#2472=CARTESIAN_POINT('Ctrl Pts',(11.8380797383804,260.9452962301,0.454979244344555));
#2473=CARTESIAN_POINT('Ctrl Pts',(10.6246251647037,261.024340884214,-5.2406562793132));
#2474=CARTESIAN_POINT('Ctrl Pts',(6.84389257893604,261.103385538329,-9.66996759724237));
#2475=CARTESIAN_POINT('Ctrl Pts',(1.4094382795787,261.182430192443,-11.7626790771473));
#2476=CARTESIAN_POINT('Ctrl Pts',(-4.36558543696177,261.261474846557,-11.0131198504104));
#2477=CARTESIAN_POINT('Ctrl Pts',(-9.08573178220185,261.340519500671,-7.60240772187383));
#2478=CARTESIAN_POINT('Ctrl Pts',(-11.1079358090842,261.403831254517,-3.3991880280064));
#2479=CARTESIAN_POINT('Ctrl Pts',(-11.3683248087858,261.440794790325,-0.758572752389563));
#2480=CARTESIAN_POINT('Ctrl Pts',(-11.3679473888959,261.451410108095,-0.000158229131544535));
#2481=CARTESIAN_POINT('Ctrl Pts',(-11.3678724345883,260.648589891905,-0.000111963885320518));
#2482=CARTESIAN_POINT('Ctrl Pts',(-11.367500971031,260.663518208737,1.06646589998322));
#2483=CARTESIAN_POINT('Ctrl Pts',(-10.9557611399304,260.704794743607,4.01581598770796));
#2484=CARTESIAN_POINT('Ctrl Pts',(-8.43834214355097,260.772419496516,8.31513807359999));
#2485=CARTESIAN_POINT('Ctrl Pts',(-3.45680645676794,260.85146415063,11.3312675730058));
#2486=CARTESIAN_POINT('Ctrl Pts',(2.36001371182587,260.930508804744,11.6093703823109));
#2487=CARTESIAN_POINT('Ctrl Pts',(7.60657241233539,261.009553458858,9.08224540974534));
#2488=CARTESIAN_POINT('Ctrl Pts',(11.0151200076252,261.088598112972,4.36053749678026));
#2489=CARTESIAN_POINT('Ctrl Pts',(11.7620312346141,261.167642767087,-1.41483291837274));
#2490=CARTESIAN_POINT('Ctrl Pts',(9.66683050321393,261.246687421201,-6.84831929481529));
#2491=CARTESIAN_POINT('Ctrl Pts',(5.23578243906861,261.325732075315,-10.6270379895831));
#2492=CARTESIAN_POINT('Ctrl Pts',(-0.46040010862282,261.404776729429,-11.8378457509174));
#2493=CARTESIAN_POINT('Ctrl Pts',(-6.04535949239659,261.483821383543,-10.1883243671505));
#2494=CARTESIAN_POINT('Ctrl Pts',(-10.1694963551893,261.562866037657,-6.07673077951963));
#2495=CARTESIAN_POINT('Ctrl Pts',(-11.3277430810885,261.617788873778,-2.19992847105495));
#2496=CARTESIAN_POINT('Ctrl Pts',(-11.3696458905696,261.646363491861,-0.159214609025098));
#2497=CARTESIAN_POINT('Ctrl Pts',(-11.369535927174,261.648589891905,-0.000206557334578149));
#2498=CARTESIAN_POINT('Origin',(0.,246.951410108095,0.));
#2499=CARTESIAN_POINT('',(-11.3694711019743,259.451410108095,-0.000180919103814088));
#2500=CARTESIAN_POINT('',(-11.3688366039118,259.648589891905,0.000286029071636107));
#2501=CARTESIAN_POINT('',(-11.36875,246.951410108095,7.46781084908987E-13));
#2502=CARTESIAN_POINT('Ctrl Pts',(-11.3694711019743,259.451410108095,-0.000180919103814556));
#2503=CARTESIAN_POINT('Ctrl Pts',(-11.3681814523063,259.475104224078,1.69199877013827));
#2504=CARTESIAN_POINT('Ctrl Pts',(-10.55956151602,259.5251465581,5.26709945172357));
#2505=CARTESIAN_POINT('Ctrl Pts',(-6.95573568006219,259.601537110159,9.58983207931837));
#2506=CARTESIAN_POINT('Ctrl Pts',(-1.54595205022747,259.680581764273,11.7455170349716));
#2507=CARTESIAN_POINT('Ctrl Pts',(4.23738721661548,259.759626418387,11.0630776792393));
#2508=CARTESIAN_POINT('Ctrl Pts',(8.99682675725398,259.838671072502,7.70741503101802));
#2509=CARTESIAN_POINT('Ctrl Pts',(11.5823208965061,259.917715726615,2.48937357798794));
#2510=CARTESIAN_POINT('Ctrl Pts',(11.3691245719164,259.99676038073,-3.33018687593572));
#2511=CARTESIAN_POINT('Ctrl Pts',(8.40875341027033,260.075805034844,-8.34505867239076));
#2512=CARTESIAN_POINT('Ctrl Pts',(3.41653576530906,260.154849688958,-11.3434748434921));
#2513=CARTESIAN_POINT('Ctrl Pts',(-2.40123542379915,260.233894343073,-11.6009140415516));
#2514=CARTESIAN_POINT('Ctrl Pts',(-7.63878484719309,260.312938997187,-9.05517002709544));
#2515=CARTESIAN_POINT('Ctrl Pts',(-10.7499375895745,260.385444252194,-4.71301115471406));
#2516=CARTESIAN_POINT('Ctrl Pts',(-11.3672475038534,260.431601289164,-1.41470404605055));
#2517=CARTESIAN_POINT('Ctrl Pts',(-11.3686579949806,260.451410108095,0.000288661822690009));
#2518=CARTESIAN_POINT('Ctrl Pts',(-11.3688366039118,259.648589891905,0.000286029071636384));
#2519=CARTESIAN_POINT('Ctrl Pts',(-11.3692539522996,259.654324707576,0.409919510485118));
#2520=CARTESIAN_POINT('Ctrl Pts',(-11.2477725371342,259.686407741285,2.70133974600087));
#2521=CARTESIAN_POINT('Ctrl Pts',(-9.74571198865735,259.744838993031,6.73559472849288));
#2522=CARTESIAN_POINT('Ctrl Pts',(-5.35885181901589,259.823883647146,10.5655026238409));
#2523=CARTESIAN_POINT('Ctrl Pts',(0.322892822996752,259.902928301259,11.8424186185432));
#2524=CARTESIAN_POINT('Ctrl Pts',(5.92661535938704,259.981972955374,10.2577955182961));
#2525=CARTESIAN_POINT('Ctrl Pts',(10.0982620590046,260.061017609488,6.19453322685979));
#2526=CARTESIAN_POINT('Ctrl Pts',(11.8298183849012,260.140062263602,0.634456849471922));
#2527=CARTESIAN_POINT('Ctrl Pts',(10.70288026908,260.219106917716,-5.0789263097527));
#2528=CARTESIAN_POINT('Ctrl Pts',(6.98975504896366,260.29815157183,-9.56506470736755));
#2529=CARTESIAN_POINT('Ctrl Pts',(1.58766256710105,260.377196225945,-11.7399517086339));
#2530=CARTESIAN_POINT('Ctrl Pts',(-4.19806425773,260.456240880059,-11.0780591675904));
#2531=CARTESIAN_POINT('Ctrl Pts',(-8.96939315062272,260.535285534173,-7.7393233011188));
#2532=CARTESIAN_POINT('Ctrl Pts',(-11.0816136275527,260.599401871455,-3.51423338938901));
#2533=CARTESIAN_POINT('Ctrl Pts',(-11.3681565977109,260.637169990699,-0.816025369986136));
#2534=CARTESIAN_POINT('Ctrl Pts',(-11.3678724345883,260.648589891905,-0.000111963885320518));
#2535=CARTESIAN_POINT('Origin',(0.,246.951410108095,0.));
#2536=CARTESIAN_POINT('',(-11.3678434762824,258.451410108095,-8.55987806794775E-5));
#2537=CARTESIAN_POINT('',(-11.3693252122742,258.648589891905,-0.000222038233109595));
#2538=CARTESIAN_POINT('',(-11.36875,246.951410108095,7.46781084908987E-13));
#2539=CARTESIAN_POINT('Ctrl Pts',(-11.3678434762824,258.451410108095,-8.55987806797076E-5));
#2540=CARTESIAN_POINT('Ctrl Pts',(-11.3675684814636,258.465910722917,1.03594195203759));
#2541=CARTESIAN_POINT('Ctrl Pts',(-10.9720781876948,258.506759555777,3.95468030932174));
#2542=CARTESIAN_POINT('Ctrl Pts',(-8.5051037797679,258.573956606675,8.24683865828543));
#2543=CARTESIAN_POINT('Ctrl Pts',(-3.54804569229643,258.653001260789,11.3030310061412));
#2544=CARTESIAN_POINT('Ctrl Pts',(2.26634329914741,258.732045914903,11.6280190148977));
#2545=CARTESIAN_POINT('Ctrl Pts',(7.53310514092167,258.811090569017,9.14327430936167));
#2546=CARTESIAN_POINT('Ctrl Pts',(10.9796074933078,258.890135223131,4.44919739428505));
#2547=CARTESIAN_POINT('Ctrl Pts',(11.773055845308,258.969179877246,-1.31995993260128));
#2548=CARTESIAN_POINT('Ctrl Pts',(9.72172555415548,259.04822453136,-6.77016915668241));
#2549=CARTESIAN_POINT('Ctrl Pts',(5.3212891690167,259.127269185474,-10.5844706877632));
#2550=CARTESIAN_POINT('Ctrl Pts',(-0.364955249394241,259.206313839588,-11.8411969760811));
#2551=CARTESIAN_POINT('Ctrl Pts',(-5.96301382100169,259.285358493702,-10.236679360562));
#2552=CARTESIAN_POINT('Ctrl Pts',(-10.1202014250624,259.364403147816,-6.15862495014736));
#2553=CARTESIAN_POINT('Ctrl Pts',(-11.3188761022808,259.419753685947,-2.26093299914516));
#2554=CARTESIAN_POINT('Ctrl Pts',(-11.3696155623895,259.44875600604,-0.189730830712961));
#2555=CARTESIAN_POINT('Ctrl Pts',(-11.3694711019743,259.451410108095,-0.000180919103814556));
#2556=CARTESIAN_POINT('Ctrl Pts',(-11.3693252122742,258.648589891905,-0.000222038233110046));
#2557=CARTESIAN_POINT('Ctrl Pts',(-11.3678742817802,258.671479424452,1.63455689704475));
#2558=CARTESIAN_POINT('Ctrl Pts',(-10.6009626808746,258.720717175037,5.15245271422915));
#2559=CARTESIAN_POINT('Ctrl Pts',(-7.1003699702343,258.796303143661,9.48324231464071));
#2560=CARTESIAN_POINT('Ctrl Pts',(-1.72390042261644,258.875347797775,11.7207212169431));
#2561=CARTESIAN_POINT('Ctrl Pts',(4.06912326095546,258.954392451889,11.1260673375433));
#2562=CARTESIAN_POINT('Ctrl Pts',(8.87890562628158,259.033437106003,7.84296967939968));
#2563=CARTESIAN_POINT('Ctrl Pts',(11.5432364255828,259.112481760118,2.66473851165472));
#2564=CARTESIAN_POINT('Ctrl Pts',(11.418320924872,259.191526414232,-3.15738590752357));
#2565=CARTESIAN_POINT('Ctrl Pts',(8.53434304184128,259.270571068346,-8.21657637684778));
#2566=CARTESIAN_POINT('Ctrl Pts',(3.58817186441249,259.34961572246,-11.2903569998399));
#2567=CARTESIAN_POINT('Ctrl Pts',(-2.22502609195675,259.428660376574,-11.6359957632561));
#2568=CARTESIAN_POINT('Ctrl Pts',(-7.50058056900945,259.507705030689,-9.16997435330029));
#2569=CARTESIAN_POINT('Ctrl Pts',(-10.7124772738381,259.581014869132,-4.82784151371522));
#2570=CARTESIAN_POINT('Ctrl Pts',(-11.3673364737004,259.627976489538,-1.47211347956014));
#2571=CARTESIAN_POINT('Ctrl Pts',(-11.3688366039118,259.648589891905,0.000286029071636384));
#2572=CARTESIAN_POINT('Origin',(0.,246.951410108095,0.));
#2573=CARTESIAN_POINT('',(-11.3689322447114,257.451410108095,0.000280330373079917));
#2574=CARTESIAN_POINT('',(-11.3678105470121,257.648589891905,-3.40976813673066E-5));
#2575=CARTESIAN_POINT('',(-11.36875,246.951410108095,7.46781084908987E-13));
#2576=CARTESIAN_POINT('Ctrl Pts',(-11.3689322447114,257.451410108095,0.00028033037307959));
#2577=CARTESIAN_POINT('Ctrl Pts',(-11.3693177894409,257.456717221755,0.379354195088547));
#2578=CARTESIAN_POINT('Ctrl Pts',(-11.2584286617049,257.488372553454,2.64019088119969));
#2579=CARTESIAN_POINT('Ctrl Pts',(-9.79969699230314,257.54637610319,6.6568068185473));
#2580=CARTESIAN_POINT('Ctrl Pts',(-5.44385574696457,257.625420757305,10.5219566985734));
#2581=CARTESIAN_POINT('Ctrl Pts',(0.227409868126009,257.704465411418,11.8446368839358));
#2582=CARTESIAN_POINT('Ctrl Pts',(5.84372537131806,257.783510065533,10.3052419644095));
#2583=CARTESIAN_POINT('Ctrl Pts',(10.047994133952,257.862554719647,6.27574314678977));
#2584=CARTESIAN_POINT('Ctrl Pts',(11.8243189970264,257.941599373761,0.729807109430268));
#2585=CARTESIAN_POINT('Ctrl Pts',(10.7434782614195,258.020644027875,-4.99247563908119));
#2586=CARTESIAN_POINT('Ctrl Pts',(7.06664053804323,258.099688681989,-9.50840310811952));
#2587=CARTESIAN_POINT('Ctrl Pts',(1.68225735275748,258.178733336104,-11.726770585268));
#2588=CARTESIAN_POINT('Ctrl Pts',(-4.10861755840582,258.257777990218,-11.1115435435034));
#2589=CARTESIAN_POINT('Ctrl Pts',(-8.90670795919125,258.336822644332,-7.81138217539589));
#2590=CARTESIAN_POINT('Ctrl Pts',(-11.0672388606584,258.401366683624,-3.57538823907121));
#2591=CARTESIAN_POINT('Ctrl Pts',(-11.3680681584452,258.439562504879,-0.846563040877776));
#2592=CARTESIAN_POINT('Ctrl Pts',(-11.3678434762824,258.451410108095,-8.55987806797076E-5));
#2593=CARTESIAN_POINT('Ctrl Pts',(-11.3678105470121,257.648589891905,-3.40976813668209E-5));
#2594=CARTESIAN_POINT('Ctrl Pts',(-11.3677074513395,257.662285923291,0.978516379039799));
#2595=CARTESIAN_POINT('Ctrl Pts',(-11.0020354116999,257.702330172715,3.83966309511233));
#2596=CARTESIAN_POINT('Ctrl Pts',(-8.62919277935049,257.768722640176,8.11690646054288));
#2597=CARTESIAN_POINT('Ctrl Pts',(-3.71905331827047,257.847767294291,11.2479234051561));
#2598=CARTESIAN_POINT('Ctrl Pts',(2.08973842065283,257.926811948405,11.6610519184868));
#2599=CARTESIAN_POINT('Ctrl Pts',(7.3935768741283,258.005856602519,9.25646582226458));
#2600=CARTESIAN_POINT('Ctrl Pts',(10.9108707070403,258.084901256633,4.61519652091292));
#2601=CARTESIAN_POINT('Ctrl Pts',(11.7917197312785,258.163945910747,-1.14126433895653));
#2602=CARTESIAN_POINT('Ctrl Pts',(9.82328027015271,258.242990564862,-6.62195614953961));
#2603=CARTESIAN_POINT('Ctrl Pts',(5.481195573209,258.322035218976,-10.5025536704475));
#2604=CARTESIAN_POINT('Ctrl Pts',(-0.185336090647133,258.40107987309,-11.8453699412851));
#2605=CARTESIAN_POINT('Ctrl Pts',(-5.80708412658151,258.480124527204,-10.3259339751522));
#2606=CARTESIAN_POINT('Ctrl Pts',(-10.0256392175955,258.559169181318,-6.31139420342361));
#2607=CARTESIAN_POINT('Ctrl Pts',(-11.3015676745816,258.615324302885,-2.37594228818531));
#2608=CARTESIAN_POINT('Ctrl Pts',(-11.3695444527606,258.645131206414,-0.247242643502522));
#2609=CARTESIAN_POINT('Ctrl Pts',(-11.3693252122742,258.648589891905,-0.000222038233110046));
#2610=CARTESIAN_POINT('Origin',(0.,246.951410108095,0.));
#2611=CARTESIAN_POINT('',(-11.3692396697099,256.451410108095,-0.000240217975481083));
#2612=CARTESIAN_POINT('',(-11.3691095990518,256.648589891905,0.000261545532740937));
#2613=CARTESIAN_POINT('',(-11.36875,246.951410108095,7.46781084908987E-13));
#2614=CARTESIAN_POINT('Ctrl Pts',(-11.3692396697099,256.451410108095,-0.000240217975481238));
#2615=CARTESIAN_POINT('Ctrl Pts',(-11.3677375100631,256.473871938632,1.60402698098385));
#2616=CARTESIAN_POINT('Ctrl Pts',(-10.6225469061006,256.522681987207,5.09148590316077));
#2617=CARTESIAN_POINT('Ctrl Pts',(-7.17659222021389,256.59784025382,9.42569160672992));
#2618=CARTESIAN_POINT('Ctrl Pts',(-1.8183357459085,256.676884907934,11.7064423833872));
#2619=CARTESIAN_POINT('Ctrl Pts',(3.97929371396741,256.755929562048,11.1585106397939));
#2620=CARTESIAN_POINT('Ctrl Pts',(8.81538778990668,256.834974216162,7.91429569033012));
#2621=CARTESIAN_POINT('Ctrl Pts',(11.5213784122188,256.914018870277,2.75771239306652));
#2622=CARTESIAN_POINT('Ctrl Pts',(11.4434043886974,256.993063524391,-3.06522987019821));
#2623=CARTESIAN_POINT('Ctrl Pts',(8.60030694797068,257.072108178505,-8.1475062786782));
#2624=CARTESIAN_POINT('Ctrl Pts',(3.67907704515295,257.151152832619,-11.261062572255));
#2625=CARTESIAN_POINT('Ctrl Pts',(-2.1311454813374,257.230197486734,-11.6535555560433));
#2626=CARTESIAN_POINT('Ctrl Pts',(-7.42640934030582,257.309242140848,-9.23014531145807));
#2627=CARTESIAN_POINT('Ctrl Pts',(-10.6921498973917,257.382979681302,-4.88886674980971));
#2628=CARTESIAN_POINT('Ctrl Pts',(-11.3674036761872,257.430369003717,-1.50263316740368));
#2629=CARTESIAN_POINT('Ctrl Pts',(-11.3689322447114,257.451410108095,0.00028033037307959));
#2630=CARTESIAN_POINT('Ctrl Pts',(-11.3691095990518,256.648589891905,0.000261545532740173));
#2631=CARTESIAN_POINT('Ctrl Pts',(-11.3694267396816,256.653092422129,0.321851555977071));
#2632=CARTESIAN_POINT('Ctrl Pts',(-11.2777864440646,256.683943170392,2.52516407633757));
#2633=CARTESIAN_POINT('Ctrl Pts',(-9.89952354960863,256.741142136692,6.50742437552224));
#2634=CARTESIAN_POINT('Ctrl Pts',(-5.60280000253913,256.820186790806,10.4381880919988));
#2635=CARTESIAN_POINT('Ctrl Pts',(0.04775435944423,256.899231444921,11.8467235146918));
#2636=CARTESIAN_POINT('Ctrl Pts',(5.6867696118158,256.978276099035,10.3926796301303));
#2637=CARTESIAN_POINT('Ctrl Pts',(9.9516640791687,257.057320753149,6.42740387464336));
#2638=CARTESIAN_POINT('Ctrl Pts',(11.8118913294259,257.136365407263,0.909044407182865));
#2639=CARTESIAN_POINT('Ctrl Pts',(10.8179559365505,257.215410061377,-4.8289717194501));
#2640=CARTESIAN_POINT('Ctrl Pts',(7.21002716632006,257.294454715491,-9.40014078476082));
#2641=CARTESIAN_POINT('Ctrl Pts',(1.85990575139298,257.373499369606,-11.6999097906066));
#2642=CARTESIAN_POINT('Ctrl Pts',(-3.93963340429408,257.45254402372,-11.1725747772019));
#2643=CARTESIAN_POINT('Ctrl Pts',(-8.78722048248775,257.531588677834,-7.94555817451139));
#2644=CARTESIAN_POINT('Ctrl Pts',(-11.0394738428576,257.596937300562,-3.69042691965043));
#2645=CARTESIAN_POINT('Ctrl Pts',(-11.3679057852353,257.635937705253,-0.904004228258771));
#2646=CARTESIAN_POINT('Ctrl Pts',(-11.3678105470121,257.648589891905,-3.40976813668209E-5));
#2647=CARTESIAN_POINT('Origin',(0.,246.951410108095,0.));
#2648=CARTESIAN_POINT('',(-11.367804664872,255.451410108095,-6.1689272803116E-6));
#2649=CARTESIAN_POINT('',(-11.3690686199193,255.648589891905,-0.000266879972890682));
#2650=CARTESIAN_POINT('',(-11.36875,246.951410108095,7.46781084908987E-13));
#2651=CARTESIAN_POINT('Ctrl Pts',(-11.367804664872,255.451410108095,-6.16892728115548E-6));
#2652=CARTESIAN_POINT('Ctrl Pts',(-11.3677866067462,255.46467843747,0.947987365184644));
#2653=CARTESIAN_POINT('Ctrl Pts',(-11.0175695798528,255.504294984884,3.77851739066461));
#2654=CARTESIAN_POINT('Ctrl Pts',(-8.69435007350532,255.570259750336,8.04707493190856));
#2655=CARTESIAN_POINT('Ctrl Pts',(-3.80961214986659,255.64930440445,11.2175752026899));
#2656=CARTESIAN_POINT('Ctrl Pts',(1.99566020638125,255.728349058564,11.6775202205383));
#2657=CARTESIAN_POINT('Ctrl Pts',(7.31871183687199,255.807393712678,9.31577131585158));
#2658=CARTESIAN_POINT('Ctrl Pts',(10.87330883651,255.886438366792,4.70300894176131));
#2659=CARTESIAN_POINT('Ctrl Pts',(11.8005372782358,255.965483020906,-1.04616351751605));
#2660=CARTESIAN_POINT('Ctrl Pts',(9.87634660941415,256.044527675021,-6.5425465845592));
#2661=CARTESIAN_POINT('Ctrl Pts',(5.56568803659183,256.123572329135,-10.458023467164));
#2662=CARTESIAN_POINT('Ctrl Pts',(-0.0898338129350822,256.202616983249,
-11.8464791413511));
#2663=CARTESIAN_POINT('Ctrl Pts',(-5.7236486973521,256.281661637363,-10.372414557359));
#2664=CARTESIAN_POINT('Ctrl Pts',(-9.97443153052599,256.360706291477,-6.3920148469213));
#2665=CARTESIAN_POINT('Ctrl Pts',(-11.2920051260217,256.417289115055,-2.43708243836612));
#2666=CARTESIAN_POINT('Ctrl Pts',(-11.3694995761529,256.447523720594,-0.277813498579922));
#2667=CARTESIAN_POINT('Ctrl Pts',(-11.3692396697099,256.451410108095,-0.000240217975481238));
#2668=CARTESIAN_POINT('Ctrl Pts',(-11.3690686199193,255.648589891905,-0.00026687997289089));
#2669=CARTESIAN_POINT('Ctrl Pts',(-11.3675267500398,255.670247139006,1.54660264343882));
#2670=CARTESIAN_POINT('Ctrl Pts',(-10.6623583257063,255.718252604145,4.97675717903897));
#2671=CARTESIAN_POINT('Ctrl Pts',(-7.31871184605239,255.792606287322,9.31577132753105));
#2672=CARTESIAN_POINT('Ctrl Pts',(-1.99566020888741,255.871650941436,11.677520235181));
#2673=CARTESIAN_POINT('Ctrl Pts',(3.80961215464024,255.95069559555,11.2175752167576));
#2674=CARTESIAN_POINT('Ctrl Pts',(8.69435008440532,256.029740249664,8.04707494200212));
#2675=CARTESIAN_POINT('Ctrl Pts',(11.4782314684107,256.108784903778,2.93212224676647));
#2676=CARTESIAN_POINT('Ctrl Pts',(11.4885740047675,256.187829557893,-2.89133288456679));
#2677=CARTESIAN_POINT('Ctrl Pts',(8.72287857795884,256.266874212007,-8.01614170449749));
#2678=CARTESIAN_POINT('Ctrl Pts',(3.84943313183114,256.345918866121,-11.2039726470551));
#2679=CARTESIAN_POINT('Ctrl Pts',(-1.95416887734745,256.424963520236,-11.6845351859286));
#2680=CARTESIAN_POINT('Ctrl Pts',(-7.28557590499901,256.504008174349,-9.34170874331323));
#2681=CARTESIAN_POINT('Ctrl Pts',(-10.6531266283967,256.57855029824,-5.00363209955745));
#2682=CARTESIAN_POINT('Ctrl Pts',(-11.367570874191,256.626744204091,-1.56005112805925));
#2683=CARTESIAN_POINT('Ctrl Pts',(-11.3691095990518,256.648589891905,0.000261545532740173));
#2684=CARTESIAN_POINT('Origin',(0.,246.951410108095,0.));
#2685=CARTESIAN_POINT('',(-11.3692006309266,254.451410108095,0.000247362559915334));
#2686=CARTESIAN_POINT('',(-11.367815710052,254.648589891905,4.63196059158344E-5));
#2687=CARTESIAN_POINT('',(-11.36875,246.951410108095,7.46781084908987E-13));
#2688=CARTESIAN_POINT('Ctrl Pts',(-11.3692006309266,254.451410108095,0.000247362559915275));
#2689=CARTESIAN_POINT('Ctrl Pts',(-11.3694783082546,254.455484936309,0.291282329997543));
#2690=CARTESIAN_POINT('Ctrl Pts',(-11.2877120754402,254.485907982561,2.46402080300683));
#2691=CARTESIAN_POINT('Ctrl Pts',(-9.95166406669159,254.542679246851,6.42740386658039));
#2692=CARTESIAN_POINT('Ctrl Pts',(-5.68676960468802,254.621723900965,10.3926796170964));
#2693=CARTESIAN_POINT('Ctrl Pts',(-0.0477543593880413,254.70076855508,11.8467234998363));
#2694=CARTESIAN_POINT('Ctrl Pts',(5.6027999955101,254.779813209194,10.4381880789113));
#2695=CARTESIAN_POINT('Ctrl Pts',(9.89952353719286,254.858857863308,6.50742436736517));
#2696=CARTESIAN_POINT('Ctrl Pts',(11.804178825227,254.937902517422,1.00424121727628));
#2697=CARTESIAN_POINT('Ctrl Pts',(10.8565350786528,255.016947171536,-4.7416014432251));
#2698=CARTESIAN_POINT('Ctrl Pts',(7.285575895866,255.09599182565,-9.34170873159669));
#2699=CARTESIAN_POINT('Ctrl Pts',(1.95416887490062,255.175036479765,-11.6845351712759));
#2700=CARTESIAN_POINT('Ctrl Pts',(-3.84943312700051,255.254081133879,-11.2039726330068));
#2701=CARTESIAN_POINT('Ctrl Pts',(-8.72287856701801,255.333125787993,-8.01614169444821));
#2702=CARTESIAN_POINT('Ctrl Pts',(-11.0243280746769,255.398902112732,-3.75157639881254));
#2703=CARTESIAN_POINT('Ctrl Pts',(-11.3678224665311,255.438330219432,-0.934536020287624));
#2704=CARTESIAN_POINT('Ctrl Pts',(-11.367804664872,255.451410108095,-6.16892728115548E-6));
#2705=CARTESIAN_POINT('Ctrl Pts',(-11.367815710052,254.648589891905,4.63196059156956E-5));
#2706=CARTESIAN_POINT('Ctrl Pts',(-11.3679432293323,254.661053637845,0.890551629957168));
#2707=CARTESIAN_POINT('Ctrl Pts',(-11.0460616356351,254.699865601822,3.66348442889142));
#2708=CARTESIAN_POINT('Ctrl Pts',(-8.81538780096346,254.765025783837,7.91429570025165));
#2709=CARTESIAN_POINT('Ctrl Pts',(-3.9792937189609,254.844070437952,11.1585106537851));
#2710=CARTESIAN_POINT('Ctrl Pts',(1.81833574818494,254.923115092066,11.7064423980674));
#2711=CARTESIAN_POINT('Ctrl Pts',(7.17659222921017,255.00215974618,9.42569161855178));
#2712=CARTESIAN_POINT('Ctrl Pts',(10.8007351060424,255.081204400294,4.86736681189128));
#2713=CARTESIAN_POINT('Ctrl Pts',(11.8150457554785,255.160249054408,-0.867082642167147));
#2714=CARTESIAN_POINT('Ctrl Pts',(9.97443154303571,255.239293708522,-6.39201485493356));
#2715=CARTESIAN_POINT('Ctrl Pts',(5.72364870453268,255.318338362637,-10.372414570364));
#2716=CARTESIAN_POINT('Ctrl Pts',(0.0898338130514353,255.397383016751,-11.8464791562063));
#2717=CARTESIAN_POINT('Ctrl Pts',(-5.5656880435678,255.476427670865,-10.4580234802798));
#2718=CARTESIAN_POINT('Ctrl Pts',(-9.87634662179677,255.555472324979,-6.5425465927665));
#2719=CARTESIAN_POINT('Ctrl Pts',(-11.2733331031584,255.612859731993,-2.55210377155749));
#2720=CARTESIAN_POINT('Ctrl Pts',(-11.3694025897336,255.643898920968,-0.335319619784297));
#2721=CARTESIAN_POINT('Ctrl Pts',(-11.3690686199193,255.648589891905,-0.00026687997289089));
#2722=CARTESIAN_POINT('Origin',(0.,246.951410108095,0.));
#2723=CARTESIAN_POINT('',(-11.3689742304092,253.451410108095,-0.00027687071559148));
#2724=CARTESIAN_POINT('',(-11.3693613161303,253.648589891905,0.000213191727381767));
#2725=CARTESIAN_POINT('',(-11.36875,246.951410108095,7.46781084908987E-13));
#2726=CARTESIAN_POINT('Ctrl Pts',(-11.3689742304092,253.451410108095,-0.000276870715591807));
#2727=CARTESIAN_POINT('Ctrl Pts',(-11.367437945321,253.472639653186,1.51608033177952));
#2728=CARTESIAN_POINT('Ctrl Pts',(-10.6831022633495,253.520217416314,4.91574991561793));
#2729=CARTESIAN_POINT('Ctrl Pts',(-7.39357686485981,253.594143397481,9.25646581065491));
#2730=CARTESIAN_POINT('Ctrl Pts',(-2.08973841803596,253.673188051595,11.6610519038635));
#2731=CARTESIAN_POINT('Ctrl Pts',(3.71905331360337,253.752232705709,11.2479233910526));
#2732=CARTESIAN_POINT('Ctrl Pts',(8.62919276852717,253.831277359823,8.11690645036716));
#2733=CARTESIAN_POINT('Ctrl Pts',(11.4542199452027,253.910322013938,3.02456337465991));
#2734=CARTESIAN_POINT('Ctrl Pts',(11.5115102910814,253.989366668052,-2.79861911998405));
#2735=CARTESIAN_POINT('Ctrl Pts',(8.78722047147128,254.068411322166,-7.94555816454511));
#2736=CARTESIAN_POINT('Ctrl Pts',(3.93963339935739,254.14745597628,-11.1725747631905));
#2737=CARTESIAN_POINT('Ctrl Pts',(-1.85990574905702,254.226500630395,-11.6999097759358));
#2738=CARTESIAN_POINT('Ctrl Pts',(-7.21002715727588,254.305545284509,-9.40014077297557));
#2739=CARTESIAN_POINT('Ctrl Pts',(-10.6319637127158,254.380515110409,-5.06461989054043));
#2740=CARTESIAN_POINT('Ctrl Pts',(-11.3676828208385,254.429136718271,-1.59057682480875));
#2741=CARTESIAN_POINT('Ctrl Pts',(-11.3692006309266,254.451410108095,0.000247362559915275));
#2742=CARTESIAN_POINT('Ctrl Pts',(-11.3693613161303,253.648589891905,0.000213191727380657));
#2743=CARTESIAN_POINT('Ctrl Pts',(-11.3695626858641,253.651860136683,0.233773144644093));
#2744=CARTESIAN_POINT('Ctrl Pts',(-11.3057010458185,253.681478599499,2.34900533655103));
#2745=CARTESIAN_POINT('Ctrl Pts',(-10.047994146554,253.737445280353,6.27574315465623));
#2746=CARTESIAN_POINT('Ctrl Pts',(-5.8437253786492,253.816489934467,10.3052419773302));
#2747=CARTESIAN_POINT('Ctrl Pts',(-0.22740986841493,253.895534588582,11.8446368987886));
#2748=CARTESIAN_POINT('Ctrl Pts',(5.44385575378766,253.974579242696,10.5219567117695));
#2749=CARTESIAN_POINT('Ctrl Pts',(9.79969700458961,254.05362389681,6.65680682689792));
#2750=CARTESIAN_POINT('Ctrl Pts',(11.7875915545242,254.132668550924,1.18314151989834));
#2751=CARTESIAN_POINT('Ctrl Pts',(10.9271951297852,254.211713205038,-4.57641181582195));
#2752=CARTESIAN_POINT('Ctrl Pts',(7.42640934962129,254.290757859152,-9.23014532303013));
#2753=CARTESIAN_POINT('Ctrl Pts',(2.13114548401341,254.369802513266,-11.653555570656));
#2754=CARTESIAN_POINT('Ctrl Pts',(-3.67907704976292,254.448847167381,-11.2610625863772));
#2755=CARTESIAN_POINT('Ctrl Pts',(-8.60030695875268,254.527891821495,-8.14750628889768));
#2756=CARTESIAN_POINT('Ctrl Pts',(-10.9951053419171,254.59447272967,-3.86660224689528));
#2757=CARTESIAN_POINT('Ctrl Pts',(-11.3676736550152,254.634705419806,-0.991966530734612));
#2758=CARTESIAN_POINT('Ctrl Pts',(-11.367815710052,254.648589891905,4.63196059156956E-5));
#2759=CARTESIAN_POINT('Origin',(0.,246.951410108095,0.));
#2760=CARTESIAN_POINT('',(-11.3678332201088,252.451410108095,7.37231026013284E-5));
#2761=CARTESIAN_POINT('',(-11.3687944834251,252.648589891905,-0.000287589992370996));
#2762=CARTESIAN_POINT('',(-11.36875,246.951410108095,7.46781084908987E-13));
#2763=CARTESIAN_POINT('Ctrl Pts',(-11.3678332201088,252.451410108095,7.372310260087E-5));
#2764=CARTESIAN_POINT('Ctrl Pts',(-11.3680295892862,252.463446152024,0.860016936811355));
#2765=CARTESIAN_POINT('Ctrl Pts',(-11.0608209123889,252.501830413991,3.60233190772201));
#2766=CARTESIAN_POINT('Ctrl Pts',(-8.87890561515003,252.566562893996,7.84296966956206));
#2767=CARTESIAN_POINT('Ctrl Pts',(-4.06912325585631,252.645607548111,11.1260673235903));
#2768=CARTESIAN_POINT('Ctrl Pts',(1.72390042045108,252.724652202225,11.7207212022461));
#2769=CARTESIAN_POINT('Ctrl Pts',(7.10036996132766,252.803696856339,9.48324230275118));
#2770=CARTESIAN_POINT('Ctrl Pts',(10.7611438417171,252.882741510453,4.95428313465111));
#2771=CARTESIAN_POINT('Ctrl Pts',(11.8216521174027,252.961786164568,-0.771802679136625));
#2772=CARTESIAN_POINT('Ctrl Pts',(10.0256392050255,253.040830818682,-6.31139419550614));
#2773=CARTESIAN_POINT('Ctrl Pts',(5.80708411930282,253.119875472796,-10.3259339622019));
#2774=CARTESIAN_POINT('Ctrl Pts',(0.185336090418459,253.19892012691,-11.8453699264312));
#2775=CARTESIAN_POINT('Ctrl Pts',(-5.48119556633241,253.277964781024,-10.5025536572793));
#2776=CARTESIAN_POINT('Ctrl Pts',(-9.82328025783252,253.357009435138,-6.62195614123888));
#2777=CARTESIAN_POINT('Ctrl Pts',(-11.263042923431,253.414824544162,-2.6132499522215));
#2778=CARTESIAN_POINT('Ctrl Pts',(-11.3693446453609,253.446291435148,-0.365886993684165));
#2779=CARTESIAN_POINT('Ctrl Pts',(-11.3689742304092,253.451410108095,-0.000276870715591807));
#2780=CARTESIAN_POINT('Ctrl Pts',(-11.3687944834251,252.648589891905,-0.000287589992370857));
#2781=CARTESIAN_POINT('Ctrl Pts',(-11.3673113627777,252.66901485356,1.45866730902874));
#2782=CARTESIAN_POINT('Ctrl Pts',(-10.7213418809701,252.715788033252,4.80095073977335));
#2783=CARTESIAN_POINT('Ctrl Pts',(-7.53310515037088,252.788909430983,9.14327432082473));
#2784=CARTESIAN_POINT('Ctrl Pts',(-2.26634330199301,252.867954085097,11.6280190294783));
#2785=CARTESIAN_POINT('Ctrl Pts',(3.54804569674204,252.946998739211,11.3030310203161));
#2786=CARTESIAN_POINT('Ctrl Pts',(8.5051037904305,253.026043393325,8.24683866862944));
#2787=CARTESIAN_POINT('Ctrl Pts',(11.4070338070313,253.10508804744,3.1979240512625));
#2788=CARTESIAN_POINT('Ctrl Pts',(11.5526288004786,253.184132701554,-2.62371993755999));
#2789=CARTESIAN_POINT('Ctrl Pts',(8.90670797036255,253.263177355668,-7.8113821851883));
#2790=CARTESIAN_POINT('Ctrl Pts',(4.10861756356153,253.342222009782,-11.1115435574357));
#2791=CARTESIAN_POINT('Ctrl Pts',(-1.68225735486318,253.421266663896,-11.7267705999736));
#2792=CARTESIAN_POINT('Ctrl Pts',(-7.0666405469016,253.50031131801,-9.50840312004511));
#2793=CARTESIAN_POINT('Ctrl Pts',(-10.5913597095797,253.576085727347,-5.17930913088818));
#2794=CARTESIAN_POINT('Ctrl Pts',(-11.3679402587942,253.625511918645,-1.64800910172332));
#2795=CARTESIAN_POINT('Ctrl Pts',(-11.3693613161303,253.648589891905,0.000213191727380657));
#2796=CARTESIAN_POINT('Origin',(0.,246.951410108095,0.));
#2797=CARTESIAN_POINT('',(-11.3694389871266,251.451410108095,0.000191312878441097));
#2798=CARTESIAN_POINT('',(-11.3678876429281,251.648589891905,0.000123262534555968));
#2799=CARTESIAN_POINT('',(-11.36875,246.951410108095,7.46781084908987E-13));
#2800=CARTESIAN_POINT('Ctrl Pts',(-11.3694389871266,251.451410108095,0.000191312878442054));
#2801=CARTESIAN_POINT('Ctrl Pts',(-11.3696004933847,251.454252650863,0.203200892119871));
#2802=CARTESIAN_POINT('Ctrl Pts',(-11.3149018192387,251.483443411668,2.28786846905875));
#2803=CARTESIAN_POINT('Ctrl Pts',(-10.0982620463435,251.538982390512,6.19453321908874));
#2804=CARTESIAN_POINT('Ctrl Pts',(-5.92661535195846,251.618027044626,10.2577955054312));
#2805=CARTESIAN_POINT('Ctrl Pts',(-0.322892822595627,251.69707169874,11.8424186036929));
#2806=CARTESIAN_POINT('Ctrl Pts',(5.35885181229271,251.776116352855,10.5655026105937));
#2807=CARTESIAN_POINT('Ctrl Pts',(9.74571197643439,251.855161006969,6.73559472004961));
#2808=CARTESIAN_POINT('Ctrl Pts',(11.7776700949887,251.934205661083,1.27813351963539));
#2809=CARTESIAN_POINT('Ctrl Pts',(10.9637346076233,252.013250315197,-4.48816907146217));
#2810=CARTESIAN_POINT('Ctrl Pts',(7.50058055960674,252.092294969311,-9.16997434179903));
#2811=CARTESIAN_POINT('Ctrl Pts',(2.22502608917018,252.171339623426,-11.6359957486642));
#2812=CARTESIAN_POINT('Ctrl Pts',(-3.58817185990956,252.25038427754,-11.2903569856832));
#2813=CARTESIAN_POINT('Ctrl Pts',(-8.53434303113691,252.329428931654,-8.21657636654701));
#2814=CARTESIAN_POINT('Ctrl Pts',(-10.9791807202868,252.396437541839,-3.92774335962222));
#2815=CARTESIAN_POINT('Ctrl Pts',(-11.3675997156557,252.437097933986,-1.02249291680981));
#2816=CARTESIAN_POINT('Ctrl Pts',(-11.3678332201088,252.451410108095,7.372310260087E-5));
#2817=CARTESIAN_POINT('Ctrl Pts',(-11.3678876429281,251.648589891905,0.000123262534556592));
#2818=CARTESIAN_POINT('Ctrl Pts',(-11.3681958524402,251.659821352398,0.802570145264391));
#2819=CARTESIAN_POINT('Ctrl Pts',(-11.0878625757509,251.697401030929,3.48728885429055));
#2820=CARTESIAN_POINT('Ctrl Pts',(-8.99682676853821,251.761328927499,7.70741504068009));
#2821=CARTESIAN_POINT('Ctrl Pts',(-4.23738722193257,251.840373581613,11.0630776931108));
#2822=CARTESIAN_POINT('Ctrl Pts',(1.54595205216231,251.919418235727,11.7455170497007));
#2823=CARTESIAN_POINT('Ctrl Pts',(6.95573568878146,251.998462889841,9.58983209134601));
#2824=CARTESIAN_POINT('Ctrl Pts',(10.6847723218309,252.077507543955,5.11691107437219));
#2825=CARTESIAN_POINT('Ctrl Pts',(11.8319973583434,252.156552198069,-0.592433139310239));
#2826=CARTESIAN_POINT('Ctrl Pts',(10.1202014377549,252.235596852183,-6.15862495786691));
#2827=CARTESIAN_POINT('Ctrl Pts',(5.96301382848242,252.314641506298,-10.2366793733967));
#2828=CARTESIAN_POINT('Ctrl Pts',(0.364955249855669,252.393686160412,-11.8411969909296));
#2829=CARTESIAN_POINT('Ctrl Pts',(-5.32128917568605,252.472730814526,-10.5844707010376));
#2830=CARTESIAN_POINT('Ctrl Pts',(-9.72172556634409,252.55177546864,-6.77016916517519));
#2831=CARTESIAN_POINT('Ctrl Pts',(-11.2429967047784,252.6103951611,-2.7282817973654));
#2832=CARTESIAN_POINT('Ctrl Pts',(-11.3692245896839,252.642666635522,-0.423385760999232));
#2833=CARTESIAN_POINT('Ctrl Pts',(-11.3687944834251,252.648589891905,-0.000287589992370857));
#2834=CARTESIAN_POINT('Origin',(0.,246.951410108095,0.));
#2835=CARTESIAN_POINT('',(-11.3686992408677,250.451410108095,-0.00028981216004625));
#2836=CARTESIAN_POINT('',(-11.3695655123691,250.648589891905,0.000144008151902186));
#2837=CARTESIAN_POINT('',(-11.36875,246.951410108095,7.46781084908987E-13));
#2838=CARTESIAN_POINT('Ctrl Pts',(-11.3686992408677,250.451410108095,-0.00028981216004649));
#2839=CARTESIAN_POINT('Ctrl Pts',(-11.3672639540742,250.471407367739,1.42814876125184));
#2840=CARTESIAN_POINT('Ctrl Pts',(-10.7412552500539,250.517752845422,4.73991002273616));
#2841=CARTESIAN_POINT('Ctrl Pts',(-7.6065724028648,250.590446541142,9.08224539790106));
#2842=CARTESIAN_POINT('Ctrl Pts',(-2.36001370884259,250.669491195256,11.6093703679825));
#2843=CARTESIAN_POINT('Ctrl Pts',(3.45680645241828,250.74853584937,11.3312675586812));
#2844=CARTESIAN_POINT('Ctrl Pts',(8.4383421329716,250.827580503484,8.31513806323439));
#2845=CARTESIAN_POINT('Ctrl Pts',(11.3808817360288,250.906625157599,3.28978252151793));
#2846=CARTESIAN_POINT('Ctrl Pts',(11.5734055312252,250.985669811713,-2.53049845185539));
#2847=CARTESIAN_POINT('Ctrl Pts',(8.96939313937744,251.064714465827,-7.73932329141854));
#2848=CARTESIAN_POINT('Ctrl Pts',(4.19806425246925,251.143759119941,-11.0780591536938));
#2849=CARTESIAN_POINT('Ctrl Pts',(-1.58766256510651,251.222803774056,-11.7399516939147));
#2850=CARTESIAN_POINT('Ctrl Pts',(-6.98975504019573,251.301848428169,-9.56506469537444));
#2851=CARTESIAN_POINT('Ctrl Pts',(-10.5693517160639,251.378050539516,-5.24025334547101));
#2852=CARTESIAN_POINT('Ctrl Pts',(-11.3681034527232,251.427904432825,-1.67854411399643));
#2853=CARTESIAN_POINT('Ctrl Pts',(-11.3694389871266,251.451410108095,0.000191312878442054));
#2854=CARTESIAN_POINT('Ctrl Pts',(-11.3695655123691,250.648589891905,0.000144008151902689));
#2855=CARTESIAN_POINT('Ctrl Pts',(-11.3696578890901,250.650627851237,0.145686906672388));
#2856=CARTESIAN_POINT('Ctrl Pts',(-11.3315322391689,250.679014028606,2.17286562645477));
#2857=CARTESIAN_POINT('Ctrl Pts',(-10.1910436799136,250.733748424014,6.04067606843564));
#2858=CARTESIAN_POINT('Ctrl Pts',(-6.08149796257622,250.812793078128,10.1667360034499));
#2859=CARTESIAN_POINT('Ctrl Pts',(-0.5024514053725,250.891837732243,11.8361598980949));
#2860=CARTESIAN_POINT('Ctrl Pts',(5.19800484182745,250.970882386356,10.645557015252));
#2861=CARTESIAN_POINT('Ctrl Pts',(9.64244282400158,251.049927040471,6.88261831718277));
#2862=CARTESIAN_POINT('Ctrl Pts',(11.7569321703736,251.128971694585,1.45660030716095));
#2863=CARTESIAN_POINT('Ctrl Pts',(11.030538912405,251.208016348699,-4.32138285886817));
#2864=CARTESIAN_POINT('Ctrl Pts',(7.63878485677485,251.287061002813,-9.05517003844787));
#2865=CARTESIAN_POINT('Ctrl Pts',(2.40123542681399,251.366105656927,-11.6009140560981));
#2866=CARTESIAN_POINT('Ctrl Pts',(-3.41653576958965,251.445150311042,-11.3434748577177));
#2867=CARTESIAN_POINT('Ctrl Pts',(-8.40875342081199,251.524194965156,-8.34505868285799));
#2868=CARTESIAN_POINT('Ctrl Pts',(-10.9484852379308,251.592008158777,-4.0427503692149));
#2869=CARTESIAN_POINT('Ctrl Pts',(-11.3674728145564,251.63347313436,-1.07991392198508));
#2870=CARTESIAN_POINT('Ctrl Pts',(-11.3678876429281,251.648589891905,0.000123262534556592));
#2871=CARTESIAN_POINT('Origin',(0.,247.8,0.));
#2872=CARTESIAN_POINT('',(-11.9410781848359,260.979555933718,-0.000117609477546184));
#2873=CARTESIAN_POINT('',(-11.9411569185878,261.120444066282,-0.000166207568225718));
#2874=CARTESIAN_POINT('',(-11.942,247.8,1.46247320754177E-15));
#2875=CARTESIAN_POINT('',(-5.11516805067878,261.8,-10.7913626942019));
#2876=CARTESIAN_POINT('Ctrl Pts',(-11.9410781848359,260.979555933718,-0.000117609477546184));
#2877=CARTESIAN_POINT('Ctrl Pts',(-11.940687990857,260.99448425055,1.12024064013897));
#2878=CARTESIAN_POINT('Ctrl Pts',(-11.784267067666,261.009412567382,2.24070562479314));
#2879=CARTESIAN_POINT('Ctrl Pts',(-11.4732966883481,261.024340884214,3.31649621419737));
#2880=CARTESIAN_POINT('Ctrl Pts',(-10.9244394092732,261.050689102252,5.21524778355928));
#2881=CARTESIAN_POINT('Ctrl Pts',(-9.89413534524289,261.07703732029,6.97483131893437));
#2882=CARTESIAN_POINT('Ctrl Pts',(-8.5068631128017,261.103385538328,8.38265854173505));
#2883=CARTESIAN_POINT('Ctrl Pts',(-7.11959088036051,261.129733756367,9.79048576453573));
#2884=CARTESIAN_POINT('Ctrl Pts',(-5.3753504795084,261.156081974405,10.846556674762));
#2885=CARTESIAN_POINT('Ctrl Pts',(-3.4848763636952,261.182430192443,11.4232797420975));
#2886=CARTESIAN_POINT('Ctrl Pts',(-1.59440224788194,261.208778410481,12.0000028094331));
#2887=CARTESIAN_POINT('Ctrl Pts',(0.442305582892413,261.235126628519,12.0973780338779));
#2888=CARTESIAN_POINT('Ctrl Pts',(2.37917742390152,261.261474846557,11.7036404832288));
#2889=CARTESIAN_POINT('Ctrl Pts',(4.31604926491062,261.287823064595,11.3099029325796));
#2890=CARTESIAN_POINT('Ctrl Pts',(6.15308511615446,261.314171282633,10.4250526068364));
#2891=CARTESIAN_POINT('Ctrl Pts',(7.66833934938792,261.340519500671,9.15599543521819));
#2892=CARTESIAN_POINT('Ctrl Pts',(9.18359358262133,261.366867718709,7.8869382636));
#2893=CARTESIAN_POINT('Ctrl Pts',(10.3770661978444,261.393215936747,6.23367424610677));
#2894=CARTESIAN_POINT('Ctrl Pts',(11.10456466595,261.419564154785,4.39594495317095));
#2895=CARTESIAN_POINT('Ctrl Pts',(11.8320631340555,261.445912372823,2.55821566023513));
#2896=CARTESIAN_POINT('Ctrl Pts',(12.0935874550437,261.472260590861,0.536021091856713));
#2897=CARTESIAN_POINT('Ctrl Pts',(11.85754166781,261.498608808899,-1.42631964928651));
#2898=CARTESIAN_POINT('Ctrl Pts',(11.6214958805763,261.524957026937,-3.38866039042979));
#2899=CARTESIAN_POINT('Ctrl Pts',(10.8878799851207,261.551305244976,-5.29114730433788));
#2900=CARTESIAN_POINT('Ctrl Pts',(9.74532600870285,261.577653463014,-6.90393312746992));
#2901=CARTESIAN_POINT('Ctrl Pts',(8.60277203228495,261.604001681052,-8.51671895060201));
#2902=CARTESIAN_POINT('Ctrl Pts',(7.0512799749047,261.63034989909,-9.83980368295804));
#2903=CARTESIAN_POINT('Ctrl Pts',(5.27830012566067,261.656698117128,-10.7133228317764));
#2904=CARTESIAN_POINT('Ctrl Pts',(3.50532027641674,261.683046335166,-11.5868419805947));
#2905=CARTESIAN_POINT('Ctrl Pts',(1.51085263530905,261.709394553204,-12.0107955458754));
#2906=CARTESIAN_POINT('Ctrl Pts',(-0.464143105142543,261.735742771242,-11.9339897100082));
#2907=CARTESIAN_POINT('Ctrl Pts',(-2.06966285233364,261.757161847495,-11.871552468419));
#2908=CARTESIAN_POINT('Ctrl Pts',(-3.66231471005899,261.778580923747,-11.4781913618868));
#2909=CARTESIAN_POINT('Ctrl Pts',(-5.11516805067878,261.8,-10.7913626942019));
#2910=CARTESIAN_POINT('',(-11.942,261.8,1.46247320754177E-15));
#2911=CARTESIAN_POINT('Origin',(0.,261.8,0.));
#2912=CARTESIAN_POINT('',(-11.942,262.8,1.46247320754177E-15));
#2913=CARTESIAN_POINT('',(-11.942,247.8,1.46247320754177E-15));
#2914=CARTESIAN_POINT('Origin',(0.,262.8,0.));
#2915=CARTESIAN_POINT('',(5.11478528829215,261.8,-10.7912156615773));
#2916=CARTESIAN_POINT('Origin',(0.,261.8,0.));
#2917=CARTESIAN_POINT('Ctrl Pts',(5.11478528829215,261.8,-10.7912156615773));
#2918=CARTESIAN_POINT('Ctrl Pts',(6.90127898822592,261.773651781962,-9.94445919033161));
#2919=CARTESIAN_POINT('Ctrl Pts',(8.47252264515904,261.747303563924,-8.64583585982681));
#2920=CARTESIAN_POINT('Ctrl Pts',(9.63939135094,261.720955345886,-7.05084543745234));
#2921=CARTESIAN_POINT('Ctrl Pts',(10.8062600567209,261.694607127848,-5.45585501507791));
#2922=CARTESIAN_POINT('Ctrl Pts',(11.5687538113497,261.66825890981,-3.56449750083382));
#2923=CARTESIAN_POINT('Ctrl Pts',(11.8345635834341,261.641910691772,-1.60591125745323));
#2924=CARTESIAN_POINT('Ctrl Pts',(12.1003733555185,261.615562473734,0.352674985927359));
#2925=CARTESIAN_POINT('Ctrl Pts',(11.8694991450585,261.589214255696,2.37848995844446));
#2926=CARTESIAN_POINT('Ctrl Pts',(11.1699422027504,261.562866037657,4.22701033858985));
#2927=CARTESIAN_POINT('Ctrl Pts',(10.4703852604422,261.536517819619,6.07553071873536));
#2928=CARTESIAN_POINT('Ctrl Pts',(9.30214558628576,261.510169601581,7.74675650650915));
#2929=CARTESIAN_POINT('Ctrl Pts',(7.80631754889195,261.483821383543,9.03866088569487));
#2930=CARTESIAN_POINT('Ctrl Pts',(6.31048951149822,261.457473165505,10.3305652648805));
#2931=CARTESIAN_POINT('Ctrl Pts',(4.48707311086714,261.431124947467,11.2431482354781));
#2932=CARTESIAN_POINT('Ctrl Pts',(2.55639235678948,261.404776729429,11.6662074770171));
#2933=CARTESIAN_POINT('Ctrl Pts',(0.625711602711754,261.378428511391,12.0892667185561));
#2934=CARTESIAN_POINT('Ctrl Pts',(-1.41223350481256,261.352080293353,12.0228022310363));
#2935=CARTESIAN_POINT('Ctrl Pts',(-3.31123510844863,261.325732075315,11.4748185194833));
#2936=CARTESIAN_POINT('Ctrl Pts',(-5.21023671208469,261.299383857277,10.9268348079302));
#2937=CARTESIAN_POINT('Ctrl Pts',(-6.97029481183251,261.273035639239,9.89733187234386));
#2938=CARTESIAN_POINT('Ctrl Pts',(-8.37875850194261,261.246687421201,8.5107036863368));
#2939=CARTESIAN_POINT('Ctrl Pts',(-9.78722219205267,261.220339203163,7.12407550032979));
#2940=CARTESIAN_POINT('Ctrl Pts',(-10.844091472525,261.193990985125,5.38032206390208));
#2941=CARTESIAN_POINT('Ctrl Pts',(-11.4216807594624,261.167642767086,3.4901132388773));
#2942=CARTESIAN_POINT('Ctrl Pts',(-11.7665676369816,261.151909866818,2.36144234025534));
#2943=CARTESIAN_POINT('Ctrl Pts',(-11.9405693414026,261.13617696655,1.18055341716089));
#2944=CARTESIAN_POINT('Ctrl Pts',(-11.9411569185878,261.120444066282,-0.000166207568225718));
#2945=CARTESIAN_POINT('Origin',(0.,247.8,0.));
#2946=CARTESIAN_POINT('',(-11.9420909707677,259.979555933718,0.000300451603836908));
#2947=CARTESIAN_POINT('',(-11.941903355783,260.120444066282,0.000303217107082698));
#2948=CARTESIAN_POINT('',(-11.942,247.8,1.46247320754177E-15));
#2949=CARTESIAN_POINT('Ctrl Pts',(-11.9420909707677,259.979555933718,0.000300451603836908));
#2950=CARTESIAN_POINT('Ctrl Pts',(-11.9425293632423,259.985290749389,0.430589008836641));
#2951=CARTESIAN_POINT('Ctrl Pts',(-11.9197197338687,259.991025565059,0.86083133224355));
#2952=CARTESIAN_POINT('Ctrl Pts',(-11.8733070510518,259.99676038073,1.28851221068479));
#2953=CARTESIAN_POINT('Ctrl Pts',(-11.6600671568996,260.023108598768,3.25346273098995));
#2954=CARTESIAN_POINT('Ctrl Pts',(-10.9485950987817,260.049456816806,5.16434421860821));
#2955=CARTESIAN_POINT('Ctrl Pts',(-9.82484904009678,260.075805034844,6.79028905017613));
#2956=CARTESIAN_POINT('Ctrl Pts',(-8.70110298141194,260.102153252882,8.41623388174397));
#2957=CARTESIAN_POINT('Ctrl Pts',(-7.16508292216017,260.12850147092,9.75724205726149));
#2958=CARTESIAN_POINT('Ctrl Pts',(-5.40236672409137,260.154849688958,10.6512965325407));
#2959=CARTESIAN_POINT('Ctrl Pts',(-3.63965052602247,260.181197906996,11.5453510078199));
#2960=CARTESIAN_POINT('Ctrl Pts',(-1.65023818913654,260.207546125034,11.9924517828607));
#2961=CARTESIAN_POINT('Ctrl Pts',(0.325514774682266,260.233894343073,11.9385813301663));
#2962=CARTESIAN_POINT('Ctrl Pts',(2.30126773850101,260.26024256111,11.8847108774719));
#2963=CARTESIAN_POINT('Ctrl Pts',(4.2633613292526,260.286590779149,11.3298691970424));
#2964=CARTESIAN_POINT('Ctrl Pts',(5.97474061334868,260.312938997187,10.3410907862309));
#2965=CARTESIAN_POINT('Ctrl Pts',(7.68611989744486,260.339287215225,9.35231237541935));
#2966=CARTESIAN_POINT('Ctrl Pts',(9.14678487488548,260.365635433263,7.9295972342258));
#2967=CARTESIAN_POINT('Ctrl Pts',(10.1802618846812,260.391983651301,6.24483402538429));
#2968=CARTESIAN_POINT('Ctrl Pts',(11.2137388944769,260.418331869339,4.56007081654288));
#2969=CARTESIAN_POINT('Ctrl Pts',(11.8200279366278,260.444680087377,2.61325954005358));
#2970=CARTESIAN_POINT('Ctrl Pts',(11.9258787801641,260.471028305415,0.639608760706337));
#2971=CARTESIAN_POINT('Ctrl Pts',(12.0317296237005,260.497376523453,-1.33404201864096));
#2972=CARTESIAN_POINT('Ctrl Pts',(11.6371422686222,260.523724741491,-3.33453230084632));
#2973=CARTESIAN_POINT('Ctrl Pts',(10.7897897106927,260.550072959529,-5.12016816570656));
#2974=CARTESIAN_POINT('Ctrl Pts',(9.94243715276319,260.576421177567,-6.90580403056674));
#2975=CARTESIAN_POINT('Ctrl Pts',(8.64231939198246,260.602769395605,-8.47658547808196));
#2976=CARTESIAN_POINT('Ctrl Pts',(7.04651320107858,260.629117613643,-9.64273486878659));
#2977=CARTESIAN_POINT('Ctrl Pts',(5.45070701017469,260.655465831682,-10.8088842594912));
#2978=CARTESIAN_POINT('Ctrl Pts',(3.55921238914769,260.68181404972,-11.5704015933852));
#2979=CARTESIAN_POINT('Ctrl Pts',(1.60055469209019,260.708162267758,-11.8352823680817));
#2980=CARTESIAN_POINT('Ctrl Pts',(-0.358103004967354,260.734510485796,-12.1001631427782));
#2981=CARTESIAN_POINT('Ctrl Pts',(-2.38392377805536,260.760858703834,-11.868407358277));
#2982=CARTESIAN_POINT('Ctrl Pts',(-4.23215334567212,260.787206921872,-11.1680151362863));
#2983=CARTESIAN_POINT('Ctrl Pts',(-6.08038291328888,260.81355513991,-10.4676229142955));
#2984=CARTESIAN_POINT('Ctrl Pts',(-7.75102127543438,260.839903357948,-9.29859425481509));
#2985=CARTESIAN_POINT('Ctrl Pts',(-9.04222634285421,260.866251575986,-7.8021680861628));
#2986=CARTESIAN_POINT('Ctrl Pts',(-10.333431410274,260.892599794024,-6.3057419175105));
#2987=CARTESIAN_POINT('Ctrl Pts',(-11.2452031829682,260.918948012062,-4.48191823968634));
#2988=CARTESIAN_POINT('Ctrl Pts',(-11.6673838222554,260.9452962301,-2.55104659909986));
#2989=CARTESIAN_POINT('Ctrl Pts',(-11.8503662609448,260.956716131306,-1.71416406894158));
#2990=CARTESIAN_POINT('Ctrl Pts',(-11.9413766764034,260.968136032512,-0.857172069787283));
#2991=CARTESIAN_POINT('Ctrl Pts',(-11.9410781848359,260.979555933718,-0.000117609477546184));
#2992=CARTESIAN_POINT('Ctrl Pts',(-11.9411569185878,261.120444066282,-0.000166207568225718));
#2993=CARTESIAN_POINT('Ctrl Pts',(-11.9415533692376,261.109828748512,-0.796822501069852));
#2994=CARTESIAN_POINT('Ctrl Pts',(-11.8630033175225,261.099213430742,-1.59340172176309));
#2995=CARTESIAN_POINT('Ctrl Pts',(-11.7047299556339,261.088598112972,-2.37381228425845));
#2996=CARTESIAN_POINT('Ctrl Pts',(-11.3118805714655,261.062249894934,-4.31086476874764));
#2997=CARTESIAN_POINT('Ctrl Pts',(-10.4278725097264,261.035901676896,-6.14830552410412));
#2998=CARTESIAN_POINT('Ctrl Pts',(-9.15950985463309,261.009553458858,-7.66414115542331));
#2999=CARTESIAN_POINT('Ctrl Pts',(-7.89114719953982,260.98320524082,-9.1799767867425));
#3000=CARTESIAN_POINT('Ctrl Pts',(-6.23842995109246,260.956857022782,-10.3742072940244));
#3001=CARTESIAN_POINT('Ctrl Pts',(-4.40103473939687,260.930508804744,-11.1025482949359));
#3002=CARTESIAN_POINT('Ctrl Pts',(-2.56363952770133,260.904160586706,-11.8308892958474));
#3003=CARTESIAN_POINT('Ctrl Pts',(-0.541566352757566,260.877812368668,-12.0933407903885));
#3004=CARTESIAN_POINT('Ctrl Pts',(1.42088314646692,260.85146415063,-11.8581943845636));
#3005=CARTESIAN_POINT('Ctrl Pts',(3.38333264569141,260.825115932592,-11.6230479787387));
#3006=CARTESIAN_POINT('Ctrl Pts',(5.28615846919662,260.798767714554,-10.8903036725477));
#3007=CARTESIAN_POINT('Ctrl Pts',(6.8994663201354,260.772419496516,-9.74848954388018));
#3008=CARTESIAN_POINT('Ctrl Pts',(8.51277417107427,260.746071278478,-8.60667541521258));
#3009=CARTESIAN_POINT('Ctrl Pts',(9.83656404944667,260.719723060439,-7.05579146406835));
#3010=CARTESIAN_POINT('Ctrl Pts',(10.7108991501699,260.693374842401,-5.28321143574164));
#3011=CARTESIAN_POINT('Ctrl Pts',(11.5852342508931,260.667026624363,-3.51063140741502));
#3012=CARTESIAN_POINT('Ctrl Pts',(12.0101145739672,260.640678406325,-1.51635530190595));
#3013=CARTESIAN_POINT('Ctrl Pts',(11.9342072220305,260.614330188287,0.458673773505173));
#3014=CARTESIAN_POINT('Ctrl Pts',(11.8582998700938,260.587981970249,2.43370284891629));
#3015=CARTESIAN_POINT('Ctrl Pts',(11.2816048431462,260.561633752211,4.38948489422946));
#3016=CARTESIAN_POINT('Ctrl Pts',(10.2737968950755,260.535285534173,6.08972750467429));
#3017=CARTESIAN_POINT('Ctrl Pts',(9.26598894700484,260.508937316135,7.78997011511921));
#3018=CARTESIAN_POINT('Ctrl Pts',(7.82706807781107,260.482589098097,9.23467329069577));
#3019=CARTESIAN_POINT('Ctrl Pts',(6.13088088635026,260.456240880059,10.2492918401831));
#3020=CARTESIAN_POINT('Ctrl Pts',(4.43469369488955,260.429892662021,11.2639103896703));
#3021=CARTESIAN_POINT('Ctrl Pts',(2.48124018116184,260.403544443983,11.8484443130683));
#3022=CARTESIAN_POINT('Ctrl Pts',(0.506531406065291,260.377196225945,11.9322717716097));
#3023=CARTESIAN_POINT('Ctrl Pts',(-1.46817736903125,260.350848007907,12.0160992301512));
#3024=CARTESIAN_POINT('Ctrl Pts',(-3.46414140549663,260.324499789869,11.5992202238361));
#3025=CARTESIAN_POINT('Ctrl Pts',(-5.24021363177843,260.298151571831,10.7320009680526));
#3026=CARTESIAN_POINT('Ctrl Pts',(-7.01628585806028,260.271803353793,9.8647817122692));
#3027=CARTESIAN_POINT('Ctrl Pts',(-8.57246627415854,260.245455135754,8.54722220701741));
#3028=CARTESIAN_POINT('Ctrl Pts',(-9.72074129793341,260.219106917716,6.93850648965715));
#3029=CARTESIAN_POINT('Ctrl Pts',(-10.8690163217083,260.192758699678,5.32979077229689));
#3030=CARTESIAN_POINT('Ctrl Pts',(-11.6093859531597,260.16641048164,3.42991884282816));
#3031=CARTESIAN_POINT('Ctrl Pts',(-11.8524007007043,260.140062263602,1.46842817943608));
#3032=CARTESIAN_POINT('Ctrl Pts',(-11.9127148525269,260.133522864495,0.98160321565991));
#3033=CARTESIAN_POINT('Ctrl Pts',(-11.9423924741488,260.126983465389,0.490982603617571));
#3034=CARTESIAN_POINT('Ctrl Pts',(-11.941903355783,260.120444066282,0.000303217107082698));
#3035=CARTESIAN_POINT('Origin',(0.,247.8,0.));
#3036=CARTESIAN_POINT('',(-11.9426042163808,258.979555933718,-0.000233234135698619));
#3037=CARTESIAN_POINT('',(-11.9427574623223,259.120444066282,-0.000190041643989627));
#3038=CARTESIAN_POINT('',(-11.942,247.8,1.46247320754177E-15));
#3039=CARTESIAN_POINT('Ctrl Pts',(-11.9426042163808,258.979555933718,-0.000233234135698619));
#3040=CARTESIAN_POINT('Ctrl Pts',(-11.9410801251694,259.002445466265,1.71697666537728));
#3041=CARTESIAN_POINT('Ctrl Pts',(-11.5665830956904,259.025334998812,3.4348298468869));
#3042=CARTESIAN_POINT('Ctrl Pts',(-10.8485264082594,259.04822453136,4.99451287063523));
#3043=CARTESIAN_POINT('Ctrl Pts',(-10.0219689359704,259.074572749398,6.7898692543961));
#3044=CARTESIAN_POINT('Ctrl Pts',(-8.74018152942726,259.100920967436,8.37564401571651));
#3045=CARTESIAN_POINT('Ctrl Pts',(-7.15802633687365,259.127269185474,9.56024806196288));
#3046=CARTESIAN_POINT('Ctrl Pts',(-5.57587114432,259.153617403512,10.7448521082093));
#3047=CARTESIAN_POINT('Ctrl Pts',(-3.69334816575587,259.17996562155,11.5282854393816));
#3048=CARTESIAN_POINT('Ctrl Pts',(-1.73789882484519,259.206313839588,11.815895722299));
#3049=CARTESIAN_POINT('Ctrl Pts',(0.217550516065484,259.232662057626,12.1035060052164));
#3050=CARTESIAN_POINT('Ctrl Pts',(2.2459262193227,259.259010275664,11.8952932398789));
#3051=CARTESIAN_POINT('Ctrl Pts',(4.10216532265334,259.285358493702,11.2164131392911));
#3052=CARTESIAN_POINT('Ctrl Pts',(5.95840442598393,259.31170671174,10.5375330387033));
#3053=CARTESIAN_POINT('Ctrl Pts',(7.64250692938795,259.338054929778,9.38798560286533));
#3054=CARTESIAN_POINT('Ctrl Pts',(8.95100404372885,259.364403147816,7.90665609817397));
#3055=CARTESIAN_POINT('Ctrl Pts',(10.2595011580697,259.390751365854,6.42532659348261));
#3056=CARTESIAN_POINT('Ctrl Pts',(11.1923928833475,259.417099583893,4.61221501993792));
#3057=CARTESIAN_POINT('Ctrl Pts',(11.6369697203755,259.443447801931,2.68637669970285));
#3058=CARTESIAN_POINT('Ctrl Pts',(12.0815465574034,259.469796019969,0.760538379467697));
#3059=CARTESIAN_POINT('Ctrl Pts',(12.0378085061815,259.496144238007,-1.27802668745791));
#3060=CARTESIAN_POINT('Ctrl Pts',(11.511039881829,259.522492456045,-3.18302448695947));
#3061=CARTESIAN_POINT('Ctrl Pts',(10.9842712574766,259.548840674083,-5.08802228646095));
#3062=CARTESIAN_POINT('Ctrl Pts',(9.97447205999367,259.575188892121,-6.85945281853846));
#3063=CARTESIAN_POINT('Ctrl Pts',(8.60364354498536,259.601537110159,-8.2832965536961));
#3064=CARTESIAN_POINT('Ctrl Pts',(7.232815029977,259.627885328197,-9.70714028885378));
#3065=CARTESIAN_POINT('Ctrl Pts',(5.50095719744323,259.654233546235,-10.7833972270916));
#3066=CARTESIAN_POINT('Ctrl Pts',(3.61730850848128,259.680581764273,-11.3820368651709));
#3067=CARTESIAN_POINT('Ctrl Pts',(1.73365981951932,259.706929982311,-11.9806765032503));
#3068=CARTESIAN_POINT('Ctrl Pts',(-0.301779725870802,259.733278200349,-12.1016988411713));
#3069=CARTESIAN_POINT('Ctrl Pts',(-2.24309373078085,259.759626418387,-11.73048228167));
#3070=CARTESIAN_POINT('Ctrl Pts',(-4.18440773569085,259.785974636425,-11.3592657221688));
#3071=CARTESIAN_POINT('Ctrl Pts',(-6.03159620012075,259.812322854463,-10.4958102652455));
#3072=CARTESIAN_POINT('Ctrl Pts',(-7.56148672250675,259.838671072502,-9.2444363046642));
#3073=CARTESIAN_POINT('Ctrl Pts',(-9.09137724489274,259.86501929054,-7.99306234408291));
#3074=CARTESIAN_POINT('Ctrl Pts',(-10.3039698252348,259.891367508578,-6.35376987984369));
#3075=CARTESIAN_POINT('Ctrl Pts',(-11.0527622503126,259.917715726616,-4.52461387122808));
#3076=CARTESIAN_POINT('Ctrl Pts',(-11.6385764228502,259.938329128983,-3.093582416125));
#3077=CARTESIAN_POINT('Ctrl Pts',(-11.9405151990263,259.958942531351,-1.54634231317506));
#3078=CARTESIAN_POINT('Ctrl Pts',(-11.9420909707677,259.979555933718,0.000300451603836908));
#3079=CARTESIAN_POINT('Ctrl Pts',(-11.941903355783,260.120444066282,0.000303217107082698));
#3080=CARTESIAN_POINT('Ctrl Pts',(-11.9404217430252,260.100635247351,-1.48603810603066));
#3081=CARTESIAN_POINT('Ctrl Pts',(-11.6621377265305,260.080826428419,-2.97291872887624));
#3082=CARTESIAN_POINT('Ctrl Pts',(-11.1201089910895,260.061017609488,-4.35647331150515));
#3083=CARTESIAN_POINT('Ctrl Pts',(-10.3991426702925,260.03466939145,-6.19677474173907));
#3084=CARTESIAN_POINT('Ctrl Pts',(-9.21155016506068,260.008321173412,-7.85426820489148));
#3085=CARTESIAN_POINT('Ctrl Pts',(-7.70081324593686,259.981972955374,-9.12869974527304));
#3086=CARTESIAN_POINT('Ctrl Pts',(-6.19007632681305,259.955624737336,-10.4031312856546));
#3087=CARTESIAN_POINT('Ctrl Pts',(-4.35619499379722,259.929276519298,-11.2945009032653));
#3088=CARTESIAN_POINT('Ctrl Pts',(-2.4207339162161,259.90292830126,-11.6951156896668));
#3089=CARTESIAN_POINT('Ctrl Pts',(-0.485272838635032,259.876580083222,-12.0957304760682));
#3090=CARTESIAN_POINT('Ctrl Pts',(1.55176798351131,259.850231865183,-12.0055904312604));
#3091=CARTESIAN_POINT('Ctrl Pts',(3.44427869132081,259.823883647145,-11.4355860359001));
#3092=CARTESIAN_POINT('Ctrl Pts',(5.33678939913036,259.797535429107,-10.8655816405397));
#3093=CARTESIAN_POINT('Ctrl Pts',(7.08476999260306,259.771187211069,-9.81571289462676));
#3094=CARTESIAN_POINT('Ctrl Pts',(8.47703410150546,259.744838993031,-8.41282215013623));
#3095=CARTESIAN_POINT('Ctrl Pts',(9.86929821040787,259.718490774993,-7.0099314056457));
#3096=CARTESIAN_POINT('Ctrl Pts',(10.90584583474,259.692142556955,-5.25401866257759));
#3097=CARTESIAN_POINT('Ctrl Pts',(11.4614440450479,259.665794338917,-3.35722863239214));
#3098=CARTESIAN_POINT('Ctrl Pts',(12.0170422553558,259.639446120879,-1.46043860220675));
#3099=CARTESIAN_POINT('Ctrl Pts',(12.0916910516394,259.613097902841,0.57722871509596));
#3100=CARTESIAN_POINT('Ctrl Pts',(11.6763715647023,259.586749684803,2.5095877691233));
#3101=CARTESIAN_POINT('Ctrl Pts',(11.2610520777652,259.560401466765,4.44194682315065));
#3102=CARTESIAN_POINT('Ctrl Pts',(10.3557643076073,259.534053248727,6.26899761390263));
#3103=CARTESIAN_POINT('Ctrl Pts',(9.0698827169127,259.507705030689,7.77000072003629));
#3104=CARTESIAN_POINT('Ctrl Pts',(7.78400112621811,259.481356812651,9.27100382616999));
#3105=CARTESIAN_POINT('Ctrl Pts',(6.11752571498686,259.455008594612,10.4459592476854));
#3106=CARTESIAN_POINT('Ctrl Pts',(4.27179561392115,259.428660376574,11.1529119928745));
#3107=CARTESIAN_POINT('Ctrl Pts',(2.42606551285544,259.402312158536,11.8598647380636));
#3108=CARTESIAN_POINT('Ctrl Pts',(0.401080721955262,259.375963940498,12.0988148069265));
#3109=CARTESIAN_POINT('Ctrl Pts',(-1.55850547752615,259.34961572246,11.840892887128));
#3110=CARTESIAN_POINT('Ctrl Pts',(-3.51809167700751,259.323267504422,11.5829709673295));
#3111=CARTESIAN_POINT('Ctrl Pts',(-5.4122792850701,259.296919286384,10.8281770588696));
#3112=CARTESIAN_POINT('Ctrl Pts',(-7.01221758851158,259.270571068346,9.66770335598312));
#3113=CARTESIAN_POINT('Ctrl Pts',(-8.61215589195311,259.244222850308,8.50722965309662));
#3114=CARTESIAN_POINT('Ctrl Pts',(-9.91784489077351,259.21787463227,6.94107615578354));
#3115=CARTESIAN_POINT('Ctrl Pts',(-10.771534709866,259.191526414232,5.15846136770163));
#3116=CARTESIAN_POINT('Ctrl Pts',(-11.5392308613894,259.167832298249,3.55541248290419));
#3117=CARTESIAN_POINT('Ctrl Pts',(-11.94140278425,259.144138182265,1.77731494781656));
#3118=CARTESIAN_POINT('Ctrl Pts',(-11.9427574623223,259.120444066282,-0.000190041643989627));
#3119=CARTESIAN_POINT('Origin',(0.,247.8,0.));
#3120=CARTESIAN_POINT('',(-11.9410131766834,257.979555933718,-3.58170018922816E-5));
#3121=CARTESIAN_POINT('',(-11.9410477663564,258.120444066282,-8.99149545291467E-5));
#3122=CARTESIAN_POINT('',(-11.942,247.8,1.46247320754177E-15));
#3123=CARTESIAN_POINT('Ctrl Pts',(-11.9410131766834,257.979555933718,-3.58170018922816E-5));
#3124=CARTESIAN_POINT('Ctrl Pts',(-11.940904882586,257.993251965104,1.02785641327969));
#3125=CARTESIAN_POINT('Ctrl Pts',(-11.809530499588,258.006947996489,2.05577581576264));
#3126=CARTESIAN_POINT('Ctrl Pts',(-11.5472304235744,258.020644027875,3.04912341346174));
#3127=CARTESIAN_POINT('Ctrl Pts',(-11.0426215044252,258.046992245913,4.96011049830106));
#3128=CARTESIAN_POINT('Ctrl Pts',(-10.0534633710583,258.073340463951,6.74314912278669));
#3129=CARTESIAN_POINT('Ctrl Pts',(-8.69926348056372,258.099688681989,8.1828172985453));
#3130=CARTESIAN_POINT('Ctrl Pts',(-7.34506359006912,258.126036900028,9.62248547430395));
#3131=CARTESIAN_POINT('Ctrl Pts',(-5.62582194244682,258.152385118066,10.7187832013356));
#3132=CARTESIAN_POINT('Ctrl Pts',(-3.74925274485928,258.178733336104,11.3392587015557));
#3133=CARTESIAN_POINT('Ctrl Pts',(-1.87268354727171,258.205081554142,11.9597342017759));
#3134=CARTESIAN_POINT('Ctrl Pts',(0.161213200281046,258.23142977218,12.1043874751846));
#3135=CARTESIAN_POINT('Ctrl Pts',(2.1067074976258,258.257777990218,11.7557418976894));
#3136=CARTESIAN_POINT('Ctrl Pts',(4.05220179497047,258.284126208256,11.4070963201942));
#3137=CARTESIAN_POINT('Ctrl Pts',(5.90929364210709,258.310474426294,10.5651518917951));
#3138=CARTESIAN_POINT('Ctrl Pts',(7.45361413709023,258.336822644332,9.33163010095291));
#3139=CARTESIAN_POINT('Ctrl Pts',(8.99793463207343,258.36317086237,8.09810831011066));
#3140=CARTESIAN_POINT('Ctrl Pts',(10.2294837749031,258.389519080408,6.4730091568252));
#3141=CARTESIAN_POINT('Ctrl Pts',(10.9994690708546,258.415867298446,4.65267280226696));
#3142=CARTESIAN_POINT('Ctrl Pts',(11.7694543668061,258.442215516484,2.83233644770873));
#3143=CARTESIAN_POINT('Ctrl Pts',(12.0778758158793,258.468563734522,0.816762891877711));
#3144=CARTESIAN_POINT('Ctrl Pts',(11.8874707581946,258.49491195256,-1.15053162438464));
#3145=CARTESIAN_POINT('Ctrl Pts',(11.69706570051,258.521260170598,-3.11782614064694));
#3146=CARTESIAN_POINT('Ctrl Pts',(11.0078341360676,258.547608388637,-5.03684161734059));
#3147=CARTESIAN_POINT('Ctrl Pts',(9.90304719092317,258.573956606675,-6.6757277041526));
#3148=CARTESIAN_POINT('Ctrl Pts',(8.79826024577873,258.600304824713,-8.31461379096462));
#3149=CARTESIAN_POINT('Ctrl Pts',(7.27791791993226,258.626653042751,-9.67337048789501));
#3150=CARTESIAN_POINT('Ctrl Pts',(5.5257039330432,258.653001260789,-10.5878364215732));
#3151=CARTESIAN_POINT('Ctrl Pts',(3.7734899461541,258.679349478827,-11.5023023552515));
#3152=CARTESIAN_POINT('Ctrl Pts',(1.7894042982224,258.705697696865,-11.9724775256775));
#3153=CARTESIAN_POINT('Ctrl Pts',(-0.186841055267059,258.732045914903,-11.9415566182014));
#3154=CARTESIAN_POINT('Ctrl Pts',(-2.16308640875654,258.758394132941,-11.9106357107252));
#3155=CARTESIAN_POINT('Ctrl Pts',(-4.13149146780371,258.784742350979,-11.3786187253469));
#3156=CARTESIAN_POINT('Ctrl Pts',(-5.85423876400337,258.811090569017,-10.4097825404608));
#3157=CARTESIAN_POINT('Ctrl Pts',(-7.57698606020296,258.837438787055,-9.44094635557471));
#3158=CARTESIAN_POINT('Ctrl Pts',(-9.05407559355499,258.863787005093,-8.03529097118089));
#3159=CARTESIAN_POINT('Ctrl Pts',(-10.1070493318495,258.890135223131,-6.36264393544091));
#3160=CARTESIAN_POINT('Ctrl Pts',(-11.160023070144,258.916483441169,-4.68999689970088));
#3161=CARTESIAN_POINT('Ctrl Pts',(-11.7888810133809,258.942831659207,-2.75035821261466));
#3162=CARTESIAN_POINT('Ctrl Pts',(-11.917646215982,258.969179877246,-0.778069865970865));
#3163=CARTESIAN_POINT('Ctrl Pts',(-11.9345490037651,258.972638562736,-0.51917094998321));
#3164=CARTESIAN_POINT('Ctrl Pts',(-11.942834511698,258.976097248227,-0.259709435840135));
#3165=CARTESIAN_POINT('Ctrl Pts',(-11.9426042163808,258.979555933718,-0.000233234135698619));
#3166=CARTESIAN_POINT('Ctrl Pts',(-11.9427574623223,259.120444066282,-0.000190041643989627));
#3167=CARTESIAN_POINT('Ctrl Pts',(-11.9429092069098,259.117789964227,-0.199297687113821));
#3168=CARTESIAN_POINT('Ctrl Pts',(-11.9380317317193,259.115135862173,-0.398397897668547));
#3169=CARTESIAN_POINT('Ctrl Pts',(-11.9280754323624,259.112481760118,-0.597243809337483));
#3170=CARTESIAN_POINT('Ctrl Pts',(-11.8292356964016,259.08613354208,-2.5712581194441));
#3171=CARTESIAN_POINT('Ctrl Pts',(-11.2298655851154,259.059785324042,-4.52021066080659));
#3172=CARTESIAN_POINT('Ctrl Pts',(-10.2023794025866,259.033437106004,-6.20863416651326));
#3173=CARTESIAN_POINT('Ctrl Pts',(-9.17489322005772,259.007088887965,-7.89705767221994));
#3174=CARTESIAN_POINT('Ctrl Pts',(-7.71929096628623,258.980740669927,-9.3249521422708));
#3175=CARTESIAN_POINT('Ctrl Pts',(-6.01143463746334,258.954392451889,-10.3198031612732));
#3176=CARTESIAN_POINT('Ctrl Pts',(-4.30357830864046,258.928044233851,-11.3146541802756));
#3177=CARTESIAN_POINT('Ctrl Pts',(-2.34346790476619,258.901696015813,-11.8764617482296));
#3178=CARTESIAN_POINT('Ctrl Pts',(-0.367918756050027,258.875347797775,-11.9373497677192));
#3179=CARTESIAN_POINT('Ctrl Pts',(1.60763039266608,258.848999579737,-11.9982377872088));
#3180=CARTESIAN_POINT('Ctrl Pts',(3.59861828622406,258.822651361699,-11.5582062582341));
#3181=CARTESIAN_POINT('Ctrl Pts',(5.36449905816452,258.796303143661,-10.6704186207885));
#3182=CARTESIAN_POINT('Ctrl Pts',(7.13037983010503,258.769954925623,-9.78263098334289));
#3183=CARTESIAN_POINT('Ctrl Pts',(8.671153480428,258.743606707585,-8.44708723742631));
#3184=CARTESIAN_POINT('Ctrl Pts',(9.80066783114482,258.717258489547,-6.8251442293538));
#3185=CARTESIAN_POINT('Ctrl Pts',(10.9301821818616,258.690910271509,-5.2032012212813));
#3186=CARTESIAN_POINT('Ctrl Pts',(11.6484372329723,258.664562053471,-3.2948589510529));
#3187=CARTESIAN_POINT('Ctrl Pts',(11.8686553178887,258.638213835433,-1.33067826053935));
#3188=CARTESIAN_POINT('Ctrl Pts',(12.088873402805,258.611865617395,0.633502429974125));
#3189=CARTESIAN_POINT('Ctrl Pts',(11.811054521527,258.585517399356,2.6535215407728));
#3190=CARTESIAN_POINT('Ctrl Pts',(11.0687640130164,258.559169181318,4.48532573087753));
#3191=CARTESIAN_POINT('Ctrl Pts',(10.3264735045057,258.53282096328,6.31712992098228));
#3192=CARTESIAN_POINT('Ctrl Pts',(9.11971136876246,258.506472745242,7.96071919039314));
#3193=CARTESIAN_POINT('Ctrl Pts',(7.59427540018395,258.480124527204,9.21751945124497));
#3194=CARTESIAN_POINT('Ctrl Pts',(6.0688394316054,258.453776309166,10.4743197120968));
#3195=CARTESIAN_POINT('Ctrl Pts',(4.22472963019162,258.427428091128,11.3443309643897));
#3196=CARTESIAN_POINT('Ctrl Pts',(2.28474644162219,258.40107987309,11.7224407605845));
#3197=CARTESIAN_POINT('Ctrl Pts',(0.344763253052761,258.374731655052,12.1005505567794));
#3198=CARTESIAN_POINT('Ctrl Pts',(-1.6910933226723,258.348383437014,11.9867588968763));
#3199=CARTESIAN_POINT('Ctrl Pts',(-3.57685650414795,258.322035218976,11.3948137868354));
#3200=CARTESIAN_POINT('Ctrl Pts',(-5.46261968562355,258.295687000938,10.8028686767945));
#3201=CARTESIAN_POINT('Ctrl Pts',(-7.19828947284973,258.2693387829,9.7327701166158));
#3202=CARTESIAN_POINT('Ctrl Pts',(-8.57416685449318,258.242990564862,8.31380457066612));
#3203=CARTESIAN_POINT('Ctrl Pts',(-9.95004423613667,258.216642346824,6.89483902471641));
#3204=CARTESIAN_POINT('Ctrl Pts',(-10.9661292121974,258.190294128786,5.12700649299567));
#3205=CARTESIAN_POINT('Ctrl Pts',(-11.4996610960063,258.163945910748,3.22389180415798));
#3206=CARTESIAN_POINT('Ctrl Pts',(-11.7932877971021,258.149445295926,2.17652180650961));
#3207=CARTESIAN_POINT('Ctrl Pts',(-11.9407589053887,258.134944681104,1.08817757372029));
#3208=CARTESIAN_POINT('Ctrl Pts',(-11.9410477663564,258.120444066282,-8.99149545291467E-5));
#3209=CARTESIAN_POINT('Origin',(0.,247.8,0.));
#3210=CARTESIAN_POINT('',(-11.9423777312261,256.979555933718,0.000274733524052265));
#3211=CARTESIAN_POINT('',(-11.9421914340929,257.120444066282,0.000294465558209889));
#3212=CARTESIAN_POINT('',(-11.942,247.8,1.46247320754177E-15));
#3213=CARTESIAN_POINT('Ctrl Pts',(-11.9423777312261,256.979555933718,0.000274733524052265));
#3214=CARTESIAN_POINT('Ctrl Pts',(-11.942710863136,256.984058463942,0.338080376600573));
#3215=CARTESIAN_POINT('Ctrl Pts',(-11.9286619810725,256.988560994167,0.675858398149387));
#3216=CARTESIAN_POINT('Ctrl Pts',(-11.9000310372994,256.993063524391,1.01239584992894));
#3217=CARTESIAN_POINT('Ctrl Pts',(-11.7324864986532,257.019411742429,2.98176900585379));
#3218=CARTESIAN_POINT('Ctrl Pts',(-11.0655883941062,257.045759960467,4.90865962739024));
#3219=CARTESIAN_POINT('Ctrl Pts',(-9.97990958043853,257.072108178505,6.56026591015279));
#3220=CARTESIAN_POINT('Ctrl Pts',(-8.89423076677082,257.098456396543,8.21187219291538));
#3221=CARTESIAN_POINT('Ctrl Pts',(-7.38977124398234,257.124804614581,9.58819413690406));
#3222=CARTESIAN_POINT('Ctrl Pts',(-5.64829581367395,257.151152832619,10.5229481822764));
#3223=CARTESIAN_POINT('Ctrl Pts',(-3.90682038336559,257.177501050657,11.4577022276488));
#3224=CARTESIAN_POINT('Ctrl Pts',(-1.92832904553733,257.203849268695,11.9508883744049));
#3225=CARTESIAN_POINT('Ctrl Pts',(0.0481421340063982,257.230197486733,11.9429211828838));
#3226=CARTESIAN_POINT('Ctrl Pts',(2.02461331355013,257.256545704771,11.9349539913627));
#3227=CARTESIAN_POINT('Ctrl Pts',(3.99906433480932,257.282893922809,11.4258334615644));
#3228=CARTESIAN_POINT('Ctrl Pts',(5.73294727229072,257.309242140848,10.4770701829651));
#3229=CARTESIAN_POINT('Ctrl Pts',(7.46683020977212,257.335590358886,9.52830690436574));
#3230=CARTESIAN_POINT('Ctrl Pts',(8.96014506347572,257.361938576924,8.13990087696534));
#3231=CARTESIAN_POINT('Ctrl Pts',(10.0324735011037,257.388286794962,6.47959562745187));
#3232=CARTESIAN_POINT('Ctrl Pts',(11.1048019387317,257.414635013,4.81929037793841));
#3233=CARTESIAN_POINT('Ctrl Pts',(11.7561439602841,257.440983231038,2.8870859063119));
#3234=CARTESIAN_POINT('Ctrl Pts',(11.9078061535897,257.467331449076,0.916426022204716));
#3235=CARTESIAN_POINT('Ctrl Pts',(12.0594683468952,257.493679667114,-1.05423386190255));
#3236=CARTESIAN_POINT('Ctrl Pts',(11.7114507119539,257.520027885152,-3.0633491584905));
#3237=CARTESIAN_POINT('Ctrl Pts',(10.9057998145991,257.54637610319,-4.86818389643728));
#3238=CARTESIAN_POINT('Ctrl Pts',(10.1001489172444,257.572724321228,-6.67301863438403));
#3239=CARTESIAN_POINT('Ctrl Pts',(8.83686475747624,257.599072539266,-8.27357281368962));
#3240=CARTESIAN_POINT('Ctrl Pts',(7.26857397043351,257.625420757304,-9.4764717317142));
#3241=CARTESIAN_POINT('Ctrl Pts',(5.70028318339086,257.651768975342,-10.6793706497387));
#3242=CARTESIAN_POINT('Ctrl Pts',(3.82698576907367,257.67811719338,-11.4846143064822));
#3243=CARTESIAN_POINT('Ctrl Pts',(1.87500854298948,257.704465411418,-11.7949153031871));
#3244=CARTESIAN_POINT('Ctrl Pts',(-0.0769686830948757,257.730813629457,
-12.1052162998921));
#3245=CARTESIAN_POINT('Ctrl Pts',(-2.10762572094624,257.757161847495,-11.9205746365582));
#3246=CARTESIAN_POINT('Ctrl Pts',(-3.97162398350822,257.783510065533,-11.2632982282839));
#3247=CARTESIAN_POINT('Ctrl Pts',(-5.83562224607009,257.809858283571,-10.6060218200097));
#3248=CARTESIAN_POINT('Ctrl Pts',(-7.53296173334259,257.836206501609,-9.47611066679497));
#3249=CARTESIAN_POINT('Ctrl Pts',(-8.85857439897408,257.862554719647,-8.01007763155157));
#3250=CARTESIAN_POINT('Ctrl Pts',(-10.1841870646056,257.888902937685,-6.54404459630812));
#3251=CARTESIAN_POINT('Ctrl Pts',(-11.1380729085961,257.915251155723,-4.74188967903595));
#3252=CARTESIAN_POINT('Ctrl Pts',(-11.6049859781256,257.941599373761,-2.82134444780333));
#3253=CARTESIAN_POINT('Ctrl Pts',(-11.8291935999673,257.954251560413,-1.89911522134776));
#3254=CARTESIAN_POINT('Ctrl Pts',(-11.9411132171327,257.966903747066,-0.949587113260998));
#3255=CARTESIAN_POINT('Ctrl Pts',(-11.9410131766834,257.979555933718,-3.58170018922816E-5));
#3256=CARTESIAN_POINT('Ctrl Pts',(-11.9410477663564,258.120444066282,-8.99149545291467E-5));
#3257=CARTESIAN_POINT('Ctrl Pts',(-11.9412837777374,258.108596463066,-0.889249551108331));
#3258=CARTESIAN_POINT('Ctrl Pts',(-11.8432672916169,258.09674885985,-1.77835795621317));
#3259=CARTESIAN_POINT('Ctrl Pts',(-11.6464383485525,258.084901256633,-2.64502504360228));
#3260=CARTESIAN_POINT('Ctrl Pts',(-11.2087049257327,258.058553038595,-4.57243035657014));
#3261=CARTESIAN_POINT('Ctrl Pts',(-10.2822592885359,258.032204820557,-6.38884413655125));
#3262=CARTESIAN_POINT('Ctrl Pts',(-8.97903213691678,258.005856602519,-7.8748120975763));
#3263=CARTESIAN_POINT('Ctrl Pts',(-7.6758049852976,257.979508384481,-9.36078005860139));
#3264=CARTESIAN_POINT('Ctrl Pts',(-5.99579631925603,257.953160166443,-10.5163022006704));
#3265=CARTESIAN_POINT('Ctrl Pts',(-4.14198032137744,257.926811948405,-11.2017714092567));
#3266=CARTESIAN_POINT('Ctrl Pts',(-2.28816432349885,257.900463730367,-11.887240617843));
#3267=CARTESIAN_POINT('Ctrl Pts',(-0.260540993783252,257.874115512329,-12.1026568929466));
#3268=CARTESIAN_POINT('Ctrl Pts',(1.69591760526819,257.847767294291,-11.8219942126555));
#3269=CARTESIAN_POINT('Ctrl Pts',(3.65237620431957,257.821419076253,-11.5413315323644));
#3270=CARTESIAN_POINT('Ctrl Pts',(5.5376700727068,257.795070858215,-10.7645898966787));
#3271=CARTESIAN_POINT('Ctrl Pts',(7.12402301522087,257.768722640176,-9.58561316591285));
#3272=CARTESIAN_POINT('Ctrl Pts',(8.71037595773494,257.742374422138,-8.40663643514704));
#3273=CARTESIAN_POINT('Ctrl Pts',(9.99778797437586,257.716026204101,-6.82542460930118));
#3274=CARTESIAN_POINT('Ctrl Pts',(10.8307173664547,257.689677986062,-5.03301549927035));
#3275=CARTESIAN_POINT('Ctrl Pts',(11.6636467585335,257.663329768024,-3.24060638923948));
#3276=CARTESIAN_POINT('Ctrl Pts',(12.0420935260502,257.636981549986,-1.23699999502362));
#3277=CARTESIAN_POINT('Ctrl Pts',(11.9203347362358,257.610633331948,0.735733283200637));
#3278=CARTESIAN_POINT('Ctrl Pts',(11.7985759464213,257.58428511391,2.70846656142489));
#3279=CARTESIAN_POINT('Ctrl Pts',(11.1766115992758,257.557936895872,4.65032672365756));
#3280=CARTESIAN_POINT('Ctrl Pts',(10.1295857744165,257.531588677834,6.32670338538617));
#3281=CARTESIAN_POINT('Ctrl Pts',(9.08255994955733,257.505240459796,8.00308004711473));
#3282=CARTESIAN_POINT('Ctrl Pts',(7.61047264698451,257.478892241758,9.41397320833925));
#3283=CARTESIAN_POINT('Ctrl Pts',(5.89117754267822,257.45254402372,10.3889225066203));
#3284=CARTESIAN_POINT('Ctrl Pts',(4.1718824383719,257.426195805682,11.3638718049014));
#3285=CARTESIAN_POINT('Ctrl Pts',(2.20537953233209,257.399847587644,11.902877240239));
#3286=CARTESIAN_POINT('Ctrl Pts',(0.229256479892543,257.373499369606,11.9408176082857));
#3287=CARTESIAN_POINT('Ctrl Pts',(-1.746866572547,257.347151151568,11.9787579763324));
#3288=CARTESIAN_POINT('Ctrl Pts',(-3.73260977138628,257.32080293353,11.5156332770882));
#3289=CARTESIAN_POINT('Ctrl Pts',(-5.48806090024457,257.294454715491,10.6073970060107));
#3290=CARTESIAN_POINT('Ctrl Pts',(-7.2435120291028,257.268106497453,9.69916073493329));
#3291=CARTESIAN_POINT('Ctrl Pts',(-8.76867108798005,257.241758279415,8.34581289202264));
#3292=CARTESIAN_POINT('Ctrl Pts',(-9.87927241233206,257.215410061377,6.71086136728013));
#3293=CARTESIAN_POINT('Ctrl Pts',(-10.9898737366841,257.189061843339,5.07590984253758));
#3294=CARTESIAN_POINT('Ctrl Pts',(-11.6859173265109,257.162713625301,3.15935463596316));
#3295=CARTESIAN_POINT('Ctrl Pts',(-11.8833090449519,257.136365407263,1.19274885457193));
#3296=CARTESIAN_POINT('Ctrl Pts',(-11.9230681012897,257.131058293603,0.796630969414328));
#3297=CARTESIAN_POINT('Ctrl Pts',(-11.9425964192636,257.125751179942,0.398482489081651));
#3298=CARTESIAN_POINT('Ctrl Pts',(-11.9421914340929,257.120444066282,0.000294465558209889));
#3299=CARTESIAN_POINT('Origin',(0.,247.8,0.));
#3300=CARTESIAN_POINT('',(-11.9423346857901,255.979555933718,-0.000280336944402868));
#3301=CARTESIAN_POINT('',(-11.9425143604773,256.120444066282,-0.000252330560761294));
#3302=CARTESIAN_POINT('',(-11.942,247.8,1.46247320754177E-15));
#3303=CARTESIAN_POINT('Ctrl Pts',(-11.9423346857901,255.979555933718,-0.000280336944402868));
#3304=CARTESIAN_POINT('Ctrl Pts',(-11.9407150697285,256.001213180819,1.62458746721899));
#3305=CARTESIAN_POINT('Ctrl Pts',(-11.6065432854637,256.02287042792,3.25010106356129));
#3306=CARTESIAN_POINT('Ctrl Pts',(-10.961602204475,256.044527675021,4.74119828276467));
#3307=CARTESIAN_POINT('Ctrl Pts',(-10.1769665513639,256.070875893059,6.55526793180649));
#3308=CARTESIAN_POINT('Ctrl Pts',(-8.93235603502478,256.097224111097,8.17038564015837));
#3309=CARTESIAN_POINT('Ctrl Pts',(-7.37814119062067,256.123572329135,9.39141717830213));
#3310=CARTESIAN_POINT('Ctrl Pts',(-5.8239263462166,256.149920547173,10.6124487164459));
#3311=CARTESIAN_POINT('Ctrl Pts',(-3.96010717374754,256.176268765211,11.4393940843815));
#3312=CARTESIAN_POINT('Ctrl Pts',(-2.0118653527284,256.202616983249,11.7723439402751));
#3313=CARTESIAN_POINT('Ctrl Pts',(-0.0636235317092249,256.228965201287,
12.1052937961688));
#3314=CARTESIAN_POINT('Ctrl Pts',(1.96904093786013,256.255313419325,11.9442481400204));
#3315=CARTESIAN_POINT('Ctrl Pts',(3.84054693635749,256.281661637363,11.308664080044));
#3316=CARTESIAN_POINT('Ctrl Pts',(5.71205293485491,256.308009855401,10.6730800200675));
#3317=CARTESIAN_POINT('Ctrl Pts',(7.42240046228035,256.334358073439,9.56295755626313));
#3318=CARTESIAN_POINT('Ctrl Pts',(8.76494987543848,256.360706291477,8.11241873467418));
#3319=CARTESIAN_POINT('Ctrl Pts',(10.1074992885966,256.387054509515,6.66187991308527));
#3320=CARTESIAN_POINT('Ctrl Pts',(11.0822505874873,256.413402727554,4.87092473371187));
#3321=CARTESIAN_POINT('Ctrl Pts',(11.5714369104775,256.439750945592,2.95593164205147));
#3322=CARTESIAN_POINT('Ctrl Pts',(12.0606232334676,256.46609916363,1.04093855039106));
#3323=CARTESIAN_POINT('Ctrl Pts',(12.0642445805572,256.492447381668,-0.998092453556362));
#3324=CARTESIAN_POINT('Ctrl Pts',(11.5818634302141,256.518795599706,-2.91481106240363));
#3325=CARTESIAN_POINT('Ctrl Pts',(11.0994822798711,256.545143817744,-4.8315296712509));
#3326=CARTESIAN_POINT('Ctrl Pts',(10.1310986320954,256.571492035782,-6.62593588499802));
#3327=CARTESIAN_POINT('Ctrl Pts',(8.79371002583399,256.59784025382,-8.08123431334524));
#3328=CARTESIAN_POINT('Ctrl Pts',(7.45632141957259,256.624188471858,-9.53653274169247));
#3329=CARTESIAN_POINT('Ctrl Pts',(5.74992785482546,256.650536689896,-10.6527233846398));
#3330=CARTESIAN_POINT('Ctrl Pts',(3.8806912675245,256.676884907934,-11.2949510548652));
#3331=CARTESIAN_POINT('Ctrl Pts',(2.01145468022351,256.703233125972,-11.9371787250906));
#3332=CARTESIAN_POINT('Ctrl Pts',(-0.0206249296314012,256.72958134401,-12.1054434225941));
#3333=CARTESIAN_POINT('Ctrl Pts',(-1.97003710361457,256.755929562048,-11.779415853769));
#3334=CARTESIAN_POINT('Ctrl Pts',(-3.91944927759771,256.782277780086,-11.4533882849438));
#3335=CARTESIAN_POINT('Ctrl Pts',(-5.78619401570911,256.808625998124,-10.6330684497901));
#3336=CARTESIAN_POINT('Ctrl Pts',(-7.34473617936749,256.834974216163,-9.4175652108776));
#3337=CARTESIAN_POINT('Ctrl Pts',(-8.90327834302587,256.861322434201,-8.2020619719651));
#3338=CARTESIAN_POINT('Ctrl Pts',(-10.1536179322311,256.887670652239,-6.59137532929386));
#3339=CARTESIAN_POINT('Ctrl Pts',(-10.9446922404611,256.914018870277,-4.78010416280159));
#3340=CARTESIAN_POINT('Ctrl Pts',(-11.6005833656264,256.93586455809,-3.2783530997083));
#3341=CARTESIAN_POINT('Ctrl Pts',(-11.9407614187654,256.957710245904,-1.63871406894197));
#3342=CARTESIAN_POINT('Ctrl Pts',(-11.9423777312261,256.979555933718,0.000274733524052265));
#3343=CARTESIAN_POINT('Ctrl Pts',(-11.9421914340929,257.120444066282,0.000294465558209889));
#3344=CARTESIAN_POINT('Ctrl Pts',(-11.9405857900849,257.099402961904,-1.57840090468478));
#3345=CARTESIAN_POINT('Ctrl Pts',(-11.6256518944319,257.078361857527,-3.15771784771662));
#3346=CARTESIAN_POINT('Ctrl Pts',(-11.0159260372295,257.057320753149,-4.61357315214658));
#3347=CARTESIAN_POINT('Ctrl Pts',(-10.2524114640108,257.030972535111,-6.43663302126578));
#3348=CARTESIAN_POINT('Ctrl Pts',(-9.02664247051806,257.004624317073,-8.06609640329622));
#3349=CARTESIAN_POINT('Ctrl Pts',(-7.48671320919335,256.978276099035,-9.30509586254801));
#3350=CARTESIAN_POINT('Ctrl Pts',(-5.94678394786865,256.951927880997,-10.5440953217998));
#3351=CARTESIAN_POINT('Ctrl Pts',(-4.09269441871195,256.925579662958,-11.3926308582729));
#3352=CARTESIAN_POINT('Ctrl Pts',(-2.14845079158867,256.89923144492,-11.7481846633444));
#3353=CARTESIAN_POINT('Ctrl Pts',(-0.204207164465342,256.872883226882,-12.1037384684159));
#3354=CARTESIAN_POINT('Ctrl Pts',(1.83019056062459,256.846535008844,-11.9663105420856));
#3355=CARTESIAN_POINT('Ctrl Pts',(3.70895185673304,256.820186790806,-11.3525045612127));
#3356=CARTESIAN_POINT('Ctrl Pts',(5.5877131528415,256.793838572768,-10.7386985803397));
#3357=CARTESIAN_POINT('Ctrl Pts',(7.31083801996848,256.76749035473,-9.64851454492412));
#3358=CARTESIAN_POINT('Ctrl Pts',(8.67014309069023,256.741142136692,-8.21366559307566));
#3359=CARTESIAN_POINT('Ctrl Pts',(10.029448161412,256.714793918654,-6.77881664122719));
#3360=CARTESIAN_POINT('Ctrl Pts',(11.0249334357285,256.688445700616,-4.99930277294598));
#3361=CARTESIAN_POINT('Ctrl Pts',(11.5363270281939,256.662097482578,-3.09012012492726));
#3362=CARTESIAN_POINT('Ctrl Pts',(12.0477206206594,256.63574926454,-1.18093747690857));
#3363=CARTESIAN_POINT('Ctrl Pts',(12.0750225312738,256.609401046502,0.857913950847561));
#3364=CARTESIAN_POINT('Ctrl Pts',(11.6149342157487,256.583052828464,2.78010554687217));
#3365=CARTESIAN_POINT('Ctrl Pts',(11.1548459002235,256.556704610426,4.7022971428968));
#3366=CARTESIAN_POINT('Ctrl Pts',(10.2073673585588,256.530356392388,6.50782890718993));
#3367=CARTESIAN_POINT('Ctrl Pts',(8.88697043033424,256.50400817435,7.97856128999979));
#3368=CARTESIAN_POINT('Ctrl Pts',(7.56657350210971,256.477659956311,9.44929367280962));
#3369=CARTESIAN_POINT('Ctrl Pts',(5.87325818732523,256.451311738273,10.5852266741363));
#3370=CARTESIAN_POINT('Ctrl Pts',(4.01160634250642,256.424963520235,11.2491198873814));
#3371=CARTESIAN_POINT('Ctrl Pts',(2.14995449768756,256.398615302197,11.9130131006266));
#3372=CARTESIAN_POINT('Ctrl Pts',(0.11996612283437,256.372267084159,12.1048665257904));
#3373=CARTESIAN_POINT('Ctrl Pts',(-1.83310098108346,256.345918866121,11.8015009418747));
#3374=CARTESIAN_POINT('Ctrl Pts',(-3.78616808500123,256.319570648083,11.498135357959));
#3375=CARTESIAN_POINT('Ctrl Pts',(-5.66231391798365,256.293222430045,10.6995507649638));
#3376=CARTESIAN_POINT('Ctrl Pts',(-7.23486752614923,256.266874212007,9.50223003126054));
#3377=CARTESIAN_POINT('Ctrl Pts',(-8.80742113431488,256.240525993969,8.30490929755724));
#3378=CARTESIAN_POINT('Ctrl Pts',(-10.0763825176637,256.214177775931,6.70885242314589));
#3379=CARTESIAN_POINT('Ctrl Pts',(-10.8884391339906,256.187829557893,4.90689075824001));
#3380=CARTESIAN_POINT('Ctrl Pts',(-11.58071661841,256.165367727356,3.37072017195278));
#3381=CARTESIAN_POINT('Ctrl Pts',(-11.9409364569696,256.142905896819,1.68490732990954));
#3382=CARTESIAN_POINT('Ctrl Pts',(-11.9425143604773,256.120444066282,-0.000252330560761294));
#3383=CARTESIAN_POINT('Origin',(0.,247.8,0.));
#3384=CARTESIAN_POINT('',(-11.9410186000608,254.979555933718,4.86551937028436E-5));
#3385=CARTESIAN_POINT('',(-11.9410069979463,255.120444066282,-6.47998504688108E-6));
#3386=CARTESIAN_POINT('',(-11.942,247.8,1.46247320754177E-15));
#3387=CARTESIAN_POINT('Ctrl Pts',(-11.9410186000608,254.979555933718,4.86551937028436E-5));
#3388=CARTESIAN_POINT('Ctrl Pts',(-11.9411525492853,254.992019679657,0.935456190429737));
#3389=CARTESIAN_POINT('Ctrl Pts',(-11.8325741433171,255.004483425597,1.87083313978192));
#3390=CARTESIAN_POINT('Ctrl Pts',(-11.6149342303144,255.016947171536,2.78010555035459));
#3391=CARTESIAN_POINT('Ctrl Pts',(-11.1548459142129,255.043295389574,4.70229714878976));
#3392=CARTESIAN_POINT('Ctrl Pts',(-10.2073673713607,255.069643607612,6.50782891534728));
#3393=CARTESIAN_POINT('Ctrl Pts',(-8.88697044148087,255.09599182565,7.97856130000184));
#3394=CARTESIAN_POINT('Ctrl Pts',(-7.56657351160104,255.122340043688,9.44929368465638));
#3395=CARTESIAN_POINT('Ctrl Pts',(-5.8732581946936,255.148688261726,10.585226687408));
#3396=CARTESIAN_POINT('Ctrl Pts',(-4.01160634754051,255.175036479765,11.2491199014863));
#3397=CARTESIAN_POINT('Ctrl Pts',(-2.14995450038743,255.201384697803,11.9130131155646));
#3398=CARTESIAN_POINT('Ctrl Pts',(-0.119966122988695,255.227732915841,12.1048665409696));
#3399=CARTESIAN_POINT('Ctrl Pts',(1.8331009833783,255.254081133879,11.8015009566741));
#3400=CARTESIAN_POINT('Ctrl Pts',(3.7861680897453,255.280429351917,11.4981353723786));
#3401=CARTESIAN_POINT('Ctrl Pts',(5.66231392508057,255.306777569955,10.6995507783826));
#3402=CARTESIAN_POINT('Ctrl Pts',(7.2348675352185,255.333125787993,9.50223004317845));
#3403=CARTESIAN_POINT('Ctrl Pts',(8.80742114535644,255.359474006031,8.30490930797428));
#3404=CARTESIAN_POINT('Ctrl Pts',(10.076382530297,255.385822224069,6.7088524315619));
#3405=CARTESIAN_POINT('Ctrl Pts',(10.8884391476428,255.412170442107,4.90689076439673));
#3406=CARTESIAN_POINT('Ctrl Pts',(11.7004957649885,255.438518660145,3.10492909723153));
#3407=CARTESIAN_POINT('Ctrl Pts',(12.0556476147394,255.464866878183,1.09706263931351));
#3408=CARTESIAN_POINT('Ctrl Pts',(11.9109861941871,255.491215096221,-0.87412351960492));
#3409=CARTESIAN_POINT('Ctrl Pts',(11.7663247736348,255.517563314259,-2.84530967852332));
#3410=CARTESIAN_POINT('Ctrl Pts',(11.1218500827792,255.543911532297,-4.77981553844215));
#3411=CARTESIAN_POINT('Ctrl Pts',(10.0554258411462,255.570259750336,-6.44391924211121));
#3412=CARTESIAN_POINT('Ctrl Pts',(8.98900159951315,255.596607968374,-8.10802294578028));
#3413=CARTESIAN_POINT('Ctrl Pts',(7.50062780710259,255.622956186412,-9.50172449319959));
#3414=CARTESIAN_POINT('Ctrl Pts',(5.77012583031723,255.64930440445,-10.4566405670248));
#3415=CARTESIAN_POINT('Ctrl Pts',(4.03962385353184,255.675652622488,-11.4115566408499));
#3416=CARTESIAN_POINT('Ctrl Pts',(2.06699369237165,255.702000840526,-11.927687241081));
#3417=CARTESIAN_POINT('Ctrl Pts',(0.0905632808515171,255.728349058564,-11.9426748401605));
#3418=CARTESIAN_POINT('Ctrl Pts',(-1.88586713066859,255.754697276602,-11.9576624392401));
#3419=CARTESIAN_POINT('Ctrl Pts',(-3.86609779254864,255.78104549464,-11.4715070371682));
#3420=CARTESIAN_POINT('Ctrl Pts',(-5.61088249847435,255.807393712678,-10.5429446377165));
#3421=CARTESIAN_POINT('Ctrl Pts',(-7.35566720440008,255.833741930716,-9.61438223826485));
#3422=CARTESIAN_POINT('Ctrl Pts',(-8.86500595437146,255.860090148754,-8.24341284143334));
#3423=CARTESIAN_POINT('Ctrl Pts',(-9.95654445152542,255.886438366792,-6.59567332654068));
#3424=CARTESIAN_POINT('Ctrl Pts',(-11.0480829486794,255.91278658483,-4.94793381164805));
#3425=CARTESIAN_POINT('Ctrl Pts',(-11.7218211930159,255.939134802868,-3.02342417869426));
#3426=CARTESIAN_POINT('Ctrl Pts',(-11.8963599202426,255.965483020907,-1.05465856735151));
#3427=CARTESIAN_POINT('Ctrl Pts',(-11.9274343593431,255.970173991844,-0.704144454724421));
#3428=CARTESIAN_POINT('Ctrl Pts',(-11.9426854954678,255.974864962781,-0.352227544757706));
#3429=CARTESIAN_POINT('Ctrl Pts',(-11.9423346857901,255.979555933718,-0.000280336944402868));
#3430=CARTESIAN_POINT('Ctrl Pts',(-11.9425143604773,256.120444066282,-0.000252330560761294));
#3431=CARTESIAN_POINT('Ctrl Pts',(-11.9427873722632,256.116557678781,-0.291821774605026));
#3432=CARTESIAN_POINT('Ctrl Pts',(-11.9323238778843,256.11267129128,-0.583371664639289));
#3433=CARTESIAN_POINT('Ctrl Pts',(-11.9109861792507,256.108784903779,-0.87412351851256));
#3434=CARTESIAN_POINT('Ctrl Pts',(-11.7663247588792,256.082436685741,-2.84530967495913));
#3435=CARTESIAN_POINT('Ctrl Pts',(-11.1218500688312,256.056088467702,-4.77981553245195));
#3436=CARTESIAN_POINT('Ctrl Pts',(-10.0554258285348,256.029740249664,-6.44391923403395));
#3437=CARTESIAN_POINT('Ctrl Pts',(-8.98900158823854,256.003392031626,-8.10802293561592));
#3438=CARTESIAN_POINT('Ctrl Pts',(-7.50062779769391,255.977043813588,-9.50172448128708));
#3439=CARTESIAN_POINT('Ctrl Pts',(-5.77012582307825,255.95069559555,-10.4566405539142));
#3440=CARTESIAN_POINT('Ctrl Pts',(-4.03962384846258,255.924347377512,-11.4115566265414));
#3441=CARTESIAN_POINT('Ctrl Pts',(-2.06699368977589,255.897999159474,-11.9276872261246));
#3442=CARTESIAN_POINT('Ctrl Pts',(-0.0905632807341744,255.871650941436,
-11.9426748251847));
#3443=CARTESIAN_POINT('Ctrl Pts',(1.88586712830754,255.845302723398,-11.9576624242449));
#3444=CARTESIAN_POINT('Ctrl Pts',(3.86609778770428,255.81895450536,-11.471507022782));
#3445=CARTESIAN_POINT('Ctrl Pts',(5.61088249144178,255.792606287322,-10.5429446244942));
#3446=CARTESIAN_POINT('Ctrl Pts',(7.3556671951793,255.766258069284,-9.61438222620633));
#3447=CARTESIAN_POINT('Ctrl Pts',(8.86500594325757,255.739909851246,-8.2434128310935));
#3448=CARTESIAN_POINT('Ctrl Pts',(9.95654443904223,255.713561633208,-6.59567331826672));
#3449=CARTESIAN_POINT('Ctrl Pts',(11.0480829348269,255.68721341517,-4.94793380543999));
#3450=CARTESIAN_POINT('Ctrl Pts',(11.7218211783179,255.660865197132,-3.02342417489931));
#3451=CARTESIAN_POINT('Ctrl Pts',(11.8963599053252,255.634516979094,-1.05465856602532));
#3452=CARTESIAN_POINT('Ctrl Pts',(12.0708986323324,255.608168761055,0.914107042848735));
#3453=CARTESIAN_POINT('Ctrl Pts',(11.7462378428557,255.581820543017,2.9271286300561));
#3454=CARTESIAN_POINT('Ctrl Pts',(10.9616021907279,255.555472324979,4.74119827682287));
#3455=CARTESIAN_POINT('Ctrl Pts',(10.1769665386001,255.529124106941,6.55526792358963));
#3456=CARTESIAN_POINT('Ctrl Pts',(8.93235602382117,255.502775888903,8.17038562991579));
#3457=CARTESIAN_POINT('Ctrl Pts',(7.37814118136562,255.476427670865,9.39141716652791));
#3458=CARTESIAN_POINT('Ctrl Pts',(5.82392633891013,255.450079452827,10.61244870314));
#3459=CARTESIAN_POINT('Ctrl Pts',(3.96010716877794,255.423731234789,11.4393940700381));
#3460=CARTESIAN_POINT('Ctrl Pts',(2.01186535020176,255.397383016751,11.7723439255136));
#3461=CARTESIAN_POINT('Ctrl Pts',(0.0636235316254677,255.371034798713,12.1052937809891));
#3462=CARTESIAN_POINT('Ctrl Pts',(-1.96904093539481,255.344686580675,11.944248125042));
#3463=CARTESIAN_POINT('Ctrl Pts',(-3.8405469315452,255.318338362637,11.3086640658619));
#3464=CARTESIAN_POINT('Ctrl Pts',(-5.71205292769554,255.291990144599,10.6730800066819));
#3465=CARTESIAN_POINT('Ctrl Pts',(-7.4224004529759,255.265641926561,9.56295754426902));
#3466=CARTESIAN_POINT('Ctrl Pts',(-8.76494986445002,255.239293708523,8.11241872449863));
#3467=CARTESIAN_POINT('Ctrl Pts',(-10.1074992759241,255.212945490485,6.66187990472823));
#3468=CARTESIAN_POINT('Ctrl Pts',(-11.082250573592,255.186597272446,4.87092472760035));
#3469=CARTESIAN_POINT('Ctrl Pts',(-11.5714368959681,255.160249054408,2.95593163834114));
#3470=CARTESIAN_POINT('Ctrl Pts',(-11.8177793712687,255.146980725033,1.99158714174869));
#3471=CARTESIAN_POINT('Ctrl Pts',(-11.94098802927,255.133712395657,0.995788025511566));
#3472=CARTESIAN_POINT('Ctrl Pts',(-11.9410069979463,255.120444066282,-6.47998504688108E-6));
#3473=CARTESIAN_POINT('Origin',(0.,247.8,0.));
#3474=CARTESIAN_POINT('',(-11.9426421407128,253.979555933718,0.000223941559799387));
#3475=CARTESIAN_POINT('',(-11.9424733532293,254.120444066282,0.000259835398798147));
#3476=CARTESIAN_POINT('',(-11.942,247.8,1.46247320754177E-15));
#3477=CARTESIAN_POINT('Ctrl Pts',(-11.9426421407128,253.979555933718,0.000223941559799387));
#3478=CARTESIAN_POINT('Ctrl Pts',(-11.942853664175,253.982826178496,0.245560760271741));
#3479=CARTESIAN_POINT('Ctrl Pts',(-11.9354470083574,253.986096423274,0.490884820357692));
#3480=CARTESIAN_POINT('Ctrl Pts',(-11.9203347511838,253.989366668052,0.735733284119372));
#3481=CARTESIAN_POINT('Ctrl Pts',(-11.7985759612173,254.01571488609,2.70846656481743));
#3482=CARTESIAN_POINT('Ctrl Pts',(-11.1766116132925,254.042063104128,4.65032672948533));
#3483=CARTESIAN_POINT('Ctrl Pts',(-10.1295857871208,254.068411322166,6.32670339331642));
#3484=CARTESIAN_POINT('Ctrl Pts',(-9.08255996094921,254.094759540204,8.00308005714748));
#3485=CARTESIAN_POINT('Ctrl Pts',(-7.61047265653086,254.121107758242,9.41397322014172));
#3486=CARTESIAN_POINT('Ctrl Pts',(-5.89117755006891,254.14745597628,10.3889225196459));
#3487=CARTESIAN_POINT('Ctrl Pts',(-4.17188244360696,254.173804194318,11.3638718191501));
#3488=CARTESIAN_POINT('Ctrl Pts',(-2.2053795351014,254.200152412356,11.9028772551642));
#3489=CARTESIAN_POINT('Ctrl Pts',(-0.229256480183888,254.226500630394,11.9408176232591));
#3490=CARTESIAN_POINT('Ctrl Pts',(1.74686657473363,254.252848848432,11.978757991354));
#3491=CARTESIAN_POINT('Ctrl Pts',(3.7326097760631,254.279197066471,11.5156332915297));
#3492=CARTESIAN_POINT('Ctrl Pts',(5.48806090712295,254.305545284509,10.607397019314));
#3493=CARTESIAN_POINT('Ctrl Pts',(7.24351203818281,254.331893502547,9.69916074709819));
#3494=CARTESIAN_POINT('Ctrl Pts',(8.76867109897304,254.358241720585,8.34581290249095));
#3495=CARTESIAN_POINT('Ctrl Pts',(9.87927242471826,254.384589938623,6.71086137569859));
#3496=CARTESIAN_POINT('Ctrl Pts',(10.9898737504635,254.410938156661,5.07590984890621));
#3497=CARTESIAN_POINT('Ctrl Pts',(11.6859173411637,254.437286374699,3.15935463992869));
#3498=CARTESIAN_POINT('Ctrl Pts',(11.8833090598529,254.463634592737,1.19274885607145));
#3499=CARTESIAN_POINT('Ctrl Pts',(12.0807007785421,254.489982810775,-0.773856927785786));
#3500=CARTESIAN_POINT('Ctrl Pts',(11.7794406252203,254.516331028813,-2.79051328652275));
#3501=CARTESIAN_POINT('Ctrl Pts',(11.0159260510447,254.542679246851,-4.61357315792832));
#3502=CARTESIAN_POINT('Ctrl Pts',(10.2524114768691,254.569027464889,-6.43663302933384));
#3503=CARTESIAN_POINT('Ctrl Pts',(9.02664248183986,254.595375682927,-8.06609641340799));
#3504=CARTESIAN_POINT('Ctrl Pts',(7.48671321858452,254.621723900965,-9.30509587421395));
#3505=CARTESIAN_POINT('Ctrl Pts',(5.94678395532913,254.648072119003,-10.54409533502));
#3506=CARTESIAN_POINT('Ctrl Pts',(4.09269442384767,254.674420337041,-11.3926308725577));
#3507=CARTESIAN_POINT('Ctrl Pts',(2.14845079428641,254.700768555079,-11.7481846780757));
#3508=CARTESIAN_POINT('Ctrl Pts',(0.204207164725153,254.727116773117,-12.1037384835936));
#3509=CARTESIAN_POINT('Ctrl Pts',(-1.8301905629159,254.753464991156,-11.9663105570917));
#3510=CARTESIAN_POINT('Ctrl Pts',(-3.70895186138047,254.779813209194,-11.3525045754496));
#3511=CARTESIAN_POINT('Ctrl Pts',(-5.58771315984498,254.806161427232,-10.7386985938076));
#3512=CARTESIAN_POINT('Ctrl Pts',(-7.31083802913301,254.83250964527,-9.64851455702544));
#3513=CARTESIAN_POINT('Ctrl Pts',(-8.67014310155972,254.858857863308,-8.2136656033782));
#3514=CARTESIAN_POINT('Ctrl Pts',(-10.0294481739865,254.885206081346,-6.77881664973093));
#3515=CARTESIAN_POINT('Ctrl Pts',(-11.0249334495519,254.911554299384,-4.99930277921852));
#3516=CARTESIAN_POINT('Ctrl Pts',(-11.5363270426592,254.937902517422,-3.09012012880593));
#3517=CARTESIAN_POINT('Ctrl Pts',(-11.8058113039733,254.951786989521,-2.08405614365929));
#3518=CARTESIAN_POINT('Ctrl Pts',(-11.9408693821389,254.965671461619,-1.04198476613816));
#3519=CARTESIAN_POINT('Ctrl Pts',(-11.9410186000608,254.979555933718,4.86551937028436E-5));
#3520=CARTESIAN_POINT('Ctrl Pts',(-11.9410069979463,255.120444066282,-6.47998504688108E-6));
#3521=CARTESIAN_POINT('Ctrl Pts',(-11.9410256972239,255.107364177619,-0.981658419287568));
#3522=CARTESIAN_POINT('Ctrl Pts',(-11.8213290115189,255.094284288957,-1.96330587788575));
#3523=CARTESIAN_POINT('Ctrl Pts',(-11.5818634156898,255.081204400294,-2.91481105875236));
#3524=CARTESIAN_POINT('Ctrl Pts',(-11.099482265951,255.054856182256,-4.83152966519592));
#3525=CARTESIAN_POINT('Ctrl Pts',(-10.1310986193891,255.028507964218,-6.62593587669255));
#3526=CARTESIAN_POINT('Ctrl Pts',(-8.79371001480427,255.00215974618,-8.08123430321441));
#3527=CARTESIAN_POINT('Ctrl Pts',(-7.45632141021946,254.975811528142,-9.5365327297363));
#3528=CARTESIAN_POINT('Ctrl Pts',(-5.74992784761175,254.949463310104,-10.6527233712834));
#3529=CARTESIAN_POINT('Ctrl Pts',(-3.88069126265456,254.923115092066,-11.2949510407029));
#3530=CARTESIAN_POINT('Ctrl Pts',(-2.01145467769736,254.896766874028,-11.9371787101223));
#3531=CARTESIAN_POINT('Ctrl Pts',(0.0206249296093139,254.87041865599,-12.1054434074142));
#3532=CARTESIAN_POINT('Ctrl Pts',(1.97003710114784,254.844070437952,-11.7794158389973));
#3533=CARTESIAN_POINT('Ctrl Pts',(3.91944927268636,254.817722219914,-11.4533882705803));
#3534=CARTESIAN_POINT('Ctrl Pts',(5.78619400845673,254.791374001876,-10.6330684364547));
#3535=CARTESIAN_POINT('Ctrl Pts',(7.34473617016035,254.765025783838,-9.41756519906588));
#3536=CARTESIAN_POINT('Ctrl Pts',(8.90327833186399,254.738677565799,-8.20206196167708));
#3537=CARTESIAN_POINT('Ctrl Pts',(10.1536179195009,254.712329347761,-6.59137532102517));
#3538=CARTESIAN_POINT('Ctrl Pts',(10.9446922267382,254.685981129723,-4.78010415680391));
#3539=CARTESIAN_POINT('Ctrl Pts',(11.7357665339756,254.659632911685,-2.96883299258268));
#3540=CARTESIAN_POINT('Ctrl Pts',(12.0675755608134,254.633284693647,-0.956977304792107));
#3541=CARTESIAN_POINT('Ctrl Pts',(11.9000310223767,254.606936475609,1.01239584866318));
#3542=CARTESIAN_POINT('Ctrl Pts',(11.73248648394,254.580588257571,2.98176900211846));
#3543=CARTESIAN_POINT('Ctrl Pts',(11.0655883802287,254.554240039533,4.90865962123846));
#3544=CARTESIAN_POINT('Ctrl Pts',(9.97990956792185,254.527891821495,6.5602659019296));
#3545=CARTESIAN_POINT('Ctrl Pts',(8.89423075561503,254.501543603457,8.21187218262075));
#3546=CARTESIAN_POINT('Ctrl Pts',(7.38977123471268,254.475195385419,9.58819412488304));
#3547=CARTESIAN_POINT('Ctrl Pts',(5.64829580658779,254.448847167381,10.5229481690827));
#3548=CARTESIAN_POINT('Ctrl Pts',(3.90682037846293,254.422498949343,11.4577022132824));
#3549=CARTESIAN_POINT('Ctrl Pts',(1.92832904311553,254.396150731305,11.9508883594194));
#3550=CARTESIAN_POINT('Ctrl Pts',(-0.048142133949722,254.369802513267,11.9429211679077));
#3551=CARTESIAN_POINT('Ctrl Pts',(-2.02461331101506,254.343454295228,11.934953976396));
#3552=CARTESIAN_POINT('Ctrl Pts',(-3.99906432979824,254.31710607719,11.4258334472355));
#3553=CARTESIAN_POINT('Ctrl Pts',(-5.73294726510514,254.290757859152,10.4770701698252));
#3554=CARTESIAN_POINT('Ctrl Pts',(-7.46683020041195,254.264409641114,9.52830689241508));
#3555=CARTESIAN_POINT('Ctrl Pts',(-8.9601450522425,254.238061423076,8.13990086675524));
#3556=CARTESIAN_POINT('Ctrl Pts',(-10.0324734885253,254.211713205038,6.47959561932343));
#3557=CARTESIAN_POINT('Ctrl Pts',(-11.1048019248081,254.185364987,4.81929037189158));
#3558=CARTESIAN_POINT('Ctrl Pts',(-11.7561439455431,254.159016768962,2.88708590268774));
#3559=CARTESIAN_POINT('Ctrl Pts',(-11.9078061386579,254.132668550924,0.916426021051604));
#3560=CARTESIAN_POINT('Ctrl Pts',(-11.931261135979,254.12859372271,0.611657764076684));
#3561=CARTESIAN_POINT('Ctrl Pts',(-11.9427650319671,254.124518894496,0.305969749077975));
#3562=CARTESIAN_POINT('Ctrl Pts',(-11.9424733532293,254.120444066282,0.000259835398798147));
#3563=CARTESIAN_POINT('Origin',(0.,247.8,0.));
#3564=CARTESIAN_POINT('',(-11.9420467264267,252.979555933718,-0.000302091234236482));
#3565=CARTESIAN_POINT('',(-11.9422355368485,253.120444066282,-0.000290831453500368));
#3566=CARTESIAN_POINT('',(-11.942,247.8,1.46247320754177E-15));
#3567=CARTESIAN_POINT('Ctrl Pts',(-11.9420467264267,252.979555933718,-0.000302091234236482));
#3568=CARTESIAN_POINT('Ctrl Pts',(-11.9404888219281,252.999980895373,1.53221814222327));
#3569=CARTESIAN_POINT('Ctrl Pts',(-11.6441826442007,253.020405857027,3.06532342991405));
#3570=CARTESIAN_POINT('Ctrl Pts',(-11.0687640268978,253.040830818682,4.48532573649844));
#3571=CARTESIAN_POINT('Ctrl Pts',(-10.3264735174569,253.06717903672,6.31712992890049));
#3572=CARTESIAN_POINT('Ctrl Pts',(-9.11971138020089,253.093527254758,7.96071920037278));
#3573=CARTESIAN_POINT('Ctrl Pts',(-7.5942754097099,253.119875472796,9.21751946280111));
#3574=CARTESIAN_POINT('Ctrl Pts',(-6.06883943921891,253.146223690834,10.4743197252294));
#3575=CARTESIAN_POINT('Ctrl Pts',(-4.22472963549297,253.172571908872,11.3443309786138));
#3576=CARTESIAN_POINT('Ctrl Pts',(-2.284746444491,253.19892012691,11.7224407752834));
#3577=CARTESIAN_POINT('Ctrl Pts',(-0.344763253489003,253.225268344948,12.100550571953));
#3578=CARTESIAN_POINT('Ctrl Pts',(1.69109332478901,253.251616562986,11.9867589119079));
#3579=CARTESIAN_POINT('Ctrl Pts',(3.57685650862955,253.277964781024,11.3948138011253));
#3580=CARTESIAN_POINT('Ctrl Pts',(5.46261969247006,253.304312999062,10.8028686903427));
#3581=CARTESIAN_POINT('Ctrl Pts',(7.19828948187312,253.3306612171,9.73277012882273));
#3582=CARTESIAN_POINT('Ctrl Pts',(8.57416686524235,253.357009435138,8.31380458109414));
#3583=CARTESIAN_POINT('Ctrl Pts',(9.95004424861158,253.383357653176,6.89483903336554));
#3584=CARTESIAN_POINT('Ctrl Pts',(10.966129225947,253.409705871214,5.12700649942833));
#3585=CARTESIAN_POINT('Ctrl Pts',(11.4996611104256,253.436054089252,3.22389180820438));
#3586=CARTESIAN_POINT('Ctrl Pts',(12.0331929949041,253.462402307291,1.32077711698045));
#3587=CARTESIAN_POINT('Ctrl Pts',(12.0841717865259,253.488750525329,-0.717619731530221));
#3588=CARTESIAN_POINT('Ctrl Pts',(11.6464383631578,253.515098743367,-2.64502504691515));
#3589=CARTESIAN_POINT('Ctrl Pts',(11.2087049397897,253.541446961405,-4.57243036230012));
#3590=CARTESIAN_POINT('Ctrl Pts',(10.2822593014317,253.567795179443,-6.38884414455934));
#3591=CARTESIAN_POINT('Ctrl Pts',(8.97903214817882,253.594143397481,-7.87481210744822));
#3592=CARTESIAN_POINT('Ctrl Pts',(7.67580499492592,253.620491615519,-9.36078007033707));
#3593=CARTESIAN_POINT('Ctrl Pts',(5.99579632677806,253.646839833557,-10.5163022138556));
#3594=CARTESIAN_POINT('Ctrl Pts',(4.14198032657509,253.673188051595,-11.2017714233021));
#3595=CARTESIAN_POINT('Ctrl Pts',(2.28816432637211,253.699536269633,-11.8872406327485));
#3596=CARTESIAN_POINT('Ctrl Pts',(0.260540994114026,253.725884487671,-12.1026569081229));
#3597=CARTESIAN_POINT('Ctrl Pts',(-1.69591760739083,253.752232705709,-11.8219942274805));
#3598=CARTESIAN_POINT('Ctrl Pts',(-3.65237620889572,253.778580923747,-11.5413315468382));
#3599=CARTESIAN_POINT('Ctrl Pts',(-5.53767007964737,253.804929141785,-10.764589910179));
#3600=CARTESIAN_POINT('Ctrl Pts',(-7.12402302415112,253.831277359823,-9.58561317793528));
#3601=CARTESIAN_POINT('Ctrl Pts',(-8.71037596865487,253.857625577862,-8.40663644569154));
#3602=CARTESIAN_POINT('Ctrl Pts',(-9.99778798691071,253.8839737959,-6.82542461786324));
#3603=CARTESIAN_POINT('Ctrl Pts',(-10.8307173800346,253.910322013938,-5.03301550558498));
#3604=CARTESIAN_POINT('Ctrl Pts',(-11.5602666130913,253.933399987198,-3.4630736786047));
#3605=CARTESIAN_POINT('Ctrl Pts',(-11.9411494289628,253.956477960458,-1.731107174736));
#3606=CARTESIAN_POINT('Ctrl Pts',(-11.9426421407128,253.979555933718,0.000223941559799387));
#3607=CARTESIAN_POINT('Ctrl Pts',(-11.9424733532293,254.120444066282,0.000259835398798147));
#3608=CARTESIAN_POINT('Ctrl Pts',(-11.9408790101333,254.098170676458,-1.6707789723467));
#3609=CARTESIAN_POINT('Ctrl Pts',(-11.5868544532893,254.075897286634,-3.34247207263984));
#3610=CARTESIAN_POINT('Ctrl Pts',(-10.905799800922,254.05362389681,-4.86818389033622));
#3611=CARTESIAN_POINT('Ctrl Pts',(-10.1001489045769,254.027275678772,-6.67301862601949));
#3612=CARTESIAN_POINT('Ctrl Pts',(-8.83686474639235,254.000927460734,-8.27357280331761));
#3613=CARTESIAN_POINT('Ctrl Pts',(-7.26857396131583,253.974579242696,-9.47647171983328));
#3614=CARTESIAN_POINT('Ctrl Pts',(-5.70028317623934,253.948231024658,-10.6793706363489));
#3615=CARTESIAN_POINT('Ctrl Pts',(-3.8269857642709,253.92188280662,-11.4846142920821));
#3616=CARTESIAN_POINT('Ctrl Pts',(-1.87500854063428,253.895534588582,-11.7949152883972));
#3617=CARTESIAN_POINT('Ctrl Pts',(0.0769686830023647,253.869186370543,-12.1052162847124));
#3618=CARTESIAN_POINT('Ctrl Pts',(2.10762571830718,253.842838152505,-11.9205746216094));
#3619=CARTESIAN_POINT('Ctrl Pts',(3.97162397853146,253.816489934467,-11.2632982141588));
#3620=CARTESIAN_POINT('Ctrl Pts',(5.83562223875575,253.790141716429,-10.6060218067081));
#3621=CARTESIAN_POINT('Ctrl Pts',(7.53296172389949,253.763793498391,-9.47611065490974));
#3622=CARTESIAN_POINT('Ctrl Pts',(8.85857438786824,253.737445280353,-8.01007762150426));
#3623=CARTESIAN_POINT('Ctrl Pts',(10.184187051837,253.711097062315,-6.54404458809875));
#3624=CARTESIAN_POINT('Ctrl Pts',(11.1380728946307,253.684748844277,-4.74188967308613));
#3625=CARTESIAN_POINT('Ctrl Pts',(11.6049859635741,253.658400626239,-2.82134444426167));
#3626=CARTESIAN_POINT('Ctrl Pts',(12.0718990325175,253.632052408201,-0.90079921543727));
#3627=CARTESIAN_POINT('Ctrl Pts',(12.0518393276105,253.605704190163,1.13813632719896));
#3628=CARTESIAN_POINT('Ctrl Pts',(11.5472304090935,253.579355972125,3.04912340964179));
#3629=CARTESIAN_POINT('Ctrl Pts',(11.0426214905764,253.553007754087,4.96011049208467));
#3630=CARTESIAN_POINT('Ctrl Pts',(10.0534633584493,253.526659536049,6.74314911433416));
#3631=CARTESIAN_POINT('Ctrl Pts',(8.6992634696524,253.50031131801,8.18281728828706));
#3632=CARTESIAN_POINT('Ctrl Pts',(7.34506358085551,253.473963099972,9.62248546223993));
#3633=CARTESIAN_POINT('Ctrl Pts',(5.62582193538875,253.447614881934,10.7187831878963));
#3634=CARTESIAN_POINT('Ctrl Pts',(3.74925274015421,253.421266663896,11.3392586873377));
#3635=CARTESIAN_POINT('Ctrl Pts',(1.87268354491964,253.394918445858,11.9597341867792));
#3636=CARTESIAN_POINT('Ctrl Pts',(-0.161213200082742,253.36857022782,12.1043874600059));
#3637=CARTESIAN_POINT('Ctrl Pts',(-2.10670749498776,253.342222009782,11.7557418829473));
#3638=CARTESIAN_POINT('Ctrl Pts',(-4.05220178989275,253.315873791744,11.4070963058887));
#3639=CARTESIAN_POINT('Ctrl Pts',(-5.90929363470037,253.289525573706,10.5651518785448));
#3640=CARTESIAN_POINT('Ctrl Pts',(-7.4536141277466,253.263177355668,9.33163008924886));
#3641=CARTESIAN_POINT('Ctrl Pts',(-8.99793462079286,253.23682913763,8.09810829995291));
#3642=CARTESIAN_POINT('Ctrl Pts',(-10.2294837620777,253.210480919592,6.4730091487049));
#3643=CARTESIAN_POINT('Ctrl Pts',(-10.999469057063,253.184132701554,4.65267279642907));
#3644=CARTESIAN_POINT('Ctrl Pts',(-11.6198691735096,253.162903156463,3.18597350713243));
#3645=CARTESIAN_POINT('Ctrl Pts',(-11.9406217871819,253.141673611373,1.59252611959184));
#3646=CARTESIAN_POINT('Ctrl Pts',(-11.9422355368485,253.120444066282,-0.000290831453500368));
#3647=CARTESIAN_POINT('Origin',(0.,247.8,0.));
#3648=CARTESIAN_POINT('',(-11.9410941600305,251.979555933718,0.00012947783940804));
#3649=CARTESIAN_POINT('',(-11.9410369930326,252.120444066282,7.74404652997829E-5));
#3650=CARTESIAN_POINT('',(-11.942,247.8,1.46247320754177E-15));
#3651=CARTESIAN_POINT('Ctrl Pts',(-11.9410941600305,251.979555933718,0.00012947783940804));
#3652=CARTESIAN_POINT('Ctrl Pts',(-11.9414179104863,251.990787394211,0.843038388103056));
#3653=CARTESIAN_POINT('Ctrl Pts',(-11.8534099053766,252.002018854704,1.68588066730845));
#3654=CARTESIAN_POINT('Ctrl Pts',(-11.676371579345,252.013250315197,2.50958777226645));
#3655=CARTESIAN_POINT('Ctrl Pts',(-11.2610520918877,252.039598533235,4.4419468287171));
#3656=CARTESIAN_POINT('Ctrl Pts',(-10.3557643205951,252.065946751273,6.26899762176048));
#3657=CARTESIAN_POINT('Ctrl Pts',(-9.06988272828856,252.092294969311,7.7700007297768));
#3658=CARTESIAN_POINT('Ctrl Pts',(-7.78400113598199,252.118643187349,9.27100383779312));
#3659=CARTESIAN_POINT('Ctrl Pts',(-6.11752572266142,252.144991405387,10.4459592607824));
#3660=CARTESIAN_POINT('Ctrl Pts',(-4.27179561928145,252.171339623426,11.1529120068586));
#3661=CARTESIAN_POINT('Ctrl Pts',(-2.42606551590151,252.197687841464,11.8598647529348));
#3662=CARTESIAN_POINT('Ctrl Pts',(-0.401080722462166,252.224036059502,12.098814822098));
#3663=CARTESIAN_POINT('Ctrl Pts',(1.55850547947656,252.25038427754,11.8408929019767));
#3664=CARTESIAN_POINT('Ctrl Pts',(3.51809168141533,252.276732495578,11.5829709818554));
#3665=CARTESIAN_POINT('Ctrl Pts',(5.4122792918535,252.303080713616,10.8281770724496));
#3666=CARTESIAN_POINT('Ctrl Pts',(7.01221759730167,252.329428931654,9.66770336810841));
#3667=CARTESIAN_POINT('Ctrl Pts',(8.61215590274983,252.355777149692,8.50722966376722));
#3668=CARTESIAN_POINT('Ctrl Pts',(9.91784490320801,252.38212536773,6.94107616449067));
#3669=CARTESIAN_POINT('Ctrl Pts',(10.7715347233716,252.408473585768,5.1584613741737));
#3670=CARTESIAN_POINT('Ctrl Pts',(11.6252245435352,252.434821803806,3.37584658385673));
#3671=CARTESIAN_POINT('Ctrl Pts',(12.0269151834041,252.461170021844,1.37677050249935));
#3672=CARTESIAN_POINT('Ctrl Pts',(11.9280754473201,252.487518239882,-0.597243810082638));
#3673=CARTESIAN_POINT('Ctrl Pts',(11.829235711236,252.51386645792,-2.57125812266465));
#3674=CARTESIAN_POINT('Ctrl Pts',(11.2298655991988,252.540214675958,-4.52021066647122));
#3675=CARTESIAN_POINT('Ctrl Pts',(10.2023794153821,252.566562893996,-6.20863417429547));
#3676=CARTESIAN_POINT('Ctrl Pts',(9.17489323156535,252.592911112035,-7.8970576821197));
#3677=CARTESIAN_POINT('Ctrl Pts',(7.71929097596904,252.619259330073,-9.32495215396157));
#3678=CARTESIAN_POINT('Ctrl Pts',(6.01143464500487,252.645607548111,-10.319803174212));
#3679=CARTESIAN_POINT('Ctrl Pts',(4.30357831404073,252.671955766149,-11.3146541944625));
#3680=CARTESIAN_POINT('Ctrl Pts',(2.34346790770873,252.698303984187,-11.8764617631216));
#3681=CARTESIAN_POINT('Ctrl Pts',(0.367918756515334,252.724652202225,-11.9373497826882));
#3682=CARTESIAN_POINT('Ctrl Pts',(-1.60763039467806,252.751000420263,-11.9982378022548));
#3683=CARTESIAN_POINT('Ctrl Pts',(-3.59861829073288,252.777348638301,-11.558206272729));
#3684=CARTESIAN_POINT('Ctrl Pts',(-5.36449906488802,252.803696856339,-10.6704186341707));
#3685=CARTESIAN_POINT('Ctrl Pts',(-7.13037983904316,252.830045074377,-9.78263099561239));
#3686=CARTESIAN_POINT('Ctrl Pts',(-8.67115349129864,252.856393292415,-8.44708724802158));
#3687=CARTESIAN_POINT('Ctrl Pts',(-9.80066784343236,252.882741510453,-6.82514423791561));
#3688=CARTESIAN_POINT('Ctrl Pts',(-10.9301821955661,252.909089728491,-5.20320122780963));
#3689=CARTESIAN_POINT('Ctrl Pts',(-11.6484372475781,252.935437946529,-3.29485895518847));
#3690=CARTESIAN_POINT('Ctrl Pts',(-11.8686553327712,252.961786164567,-1.33067826221199));
#3691=CARTESIAN_POINT('Ctrl Pts',(-11.9181618374237,252.967709420951,-0.889117249954586));
#3692=CARTESIAN_POINT('Ctrl Pts',(-11.9424985200663,252.973632677334,-0.444734272270319));
#3693=CARTESIAN_POINT('Ctrl Pts',(-11.9420467264267,252.979555933718,-0.000302091234236482));
#3694=CARTESIAN_POINT('Ctrl Pts',(-11.9422355368485,253.120444066282,-0.000290831453500368));
#3695=CARTESIAN_POINT('Ctrl Pts',(-11.942624629348,253.115325393335,-0.384336226812743));
#3696=CARTESIAN_POINT('Ctrl Pts',(-11.9244607672509,253.110206720387,-0.768344972108354));
#3697=CARTESIAN_POINT('Ctrl Pts',(-11.8874707432877,253.10508804744,-1.15053162294558));
#3698=CARTESIAN_POINT('Ctrl Pts',(-11.6970656858412,253.078739829402,-3.11782613674088));
#3699=CARTESIAN_POINT('Ctrl Pts',(-11.0078341222625,253.052391611363,-5.03684161102791));
#3700=CARTESIAN_POINT('Ctrl Pts',(-9.90304717850292,253.026043393325,-6.67572769578446));
#3701=CARTESIAN_POINT('Ctrl Pts',(-8.79826023474332,252.999695175287,-8.31461378054106));
#3702=CARTESIAN_POINT('Ctrl Pts',(-7.27791791080285,252.973346957249,-9.67337047576717));
#3703=CARTESIAN_POINT('Ctrl Pts',(-5.52570392611068,252.946998739211,-10.5878364082981));
#3704=CARTESIAN_POINT('Ctrl Pts',(-3.77348994141851,252.920650521173,-11.5023023408291));
#3705=CARTESIAN_POINT('Ctrl Pts',(-1.78940429597466,252.894302303135,-11.9724775106649));
#3706=CARTESIAN_POINT('Ctrl Pts',(0.186841055036627,252.867954085097,-11.9415566032269));
#3707=CARTESIAN_POINT('Ctrl Pts',(2.16308640604788,252.841605867059,-11.9106356957889));
#3708=CARTESIAN_POINT('Ctrl Pts',(4.13149146262656,252.815257649021,-11.378618711077));
#3709=CARTESIAN_POINT('Ctrl Pts',(5.85423875666559,252.788909430983,-10.4097825274053));
#3710=CARTESIAN_POINT('Ctrl Pts',(7.57698605070463,252.762561212945,-9.44094634373356));
#3711=CARTESIAN_POINT('Ctrl Pts',(9.05407558220397,252.736212994907,-8.03529096110194));
#3712=CARTESIAN_POINT('Ctrl Pts',(10.1070493191775,252.709864776869,-6.36264392745904));
#3713=CARTESIAN_POINT('Ctrl Pts',(11.1600230561511,252.683516558831,-4.68999689381616));
#3714=CARTESIAN_POINT('Ctrl Pts',(11.7888809985988,252.657168340793,-2.75035820916201));
#3715=CARTESIAN_POINT('Ctrl Pts',(11.9176462010378,252.630820122755,-0.778069864991414));
#3716=CARTESIAN_POINT('Ctrl Pts',(12.0464114034768,252.604471904717,1.19421847917918));
#3717=CARTESIAN_POINT('Ctrl Pts',(11.6750838659071,252.578123686678,3.1991564828663));
#3718=CARTESIAN_POINT('Ctrl Pts',(10.848526394654,252.55177546864,4.99451286437559));
#3719=CARTESIAN_POINT('Ctrl Pts',(10.021968923401,252.525427250602,6.78986924588492));
#3720=CARTESIAN_POINT('Ctrl Pts',(8.74018151846462,252.499079032564,8.37564400521646));
#3721=CARTESIAN_POINT('Ctrl Pts',(7.15802632789457,252.472730814526,9.56024804997687));
#3722=CARTESIAN_POINT('Ctrl Pts',(5.57587113732453,252.446382596488,10.7448520947373));
#3723=CARTESIAN_POINT('Ctrl Pts',(3.69334816112083,252.42003437845,11.5282854249266));
#3724=CARTESIAN_POINT('Ctrl Pts',(1.73789882266217,252.393686160412,11.8158957074827));
#3725=CARTESIAN_POINT('Ctrl Pts',(-0.217550515796481,252.367337942374,12.1035059900388));
#3726=CARTESIAN_POINT('Ctrl Pts',(-2.24592621651007,252.340989724336,11.8952932249618));
#3727=CARTESIAN_POINT('Ctrl Pts',(-4.1021653175128,252.314641506298,11.2164131252247));
#3728=CARTESIAN_POINT('Ctrl Pts',(-5.95840441851552,252.28829328826,10.5375330254877));
#3729=CARTESIAN_POINT('Ctrl Pts',(-7.64250691980738,252.261945070222,9.38798559109062));
#3730=CARTESIAN_POINT('Ctrl Pts',(-8.95100403250701,252.235596852183,7.90665608825638));
#3731=CARTESIAN_POINT('Ctrl Pts',(-10.2595011452066,252.209248634145,6.42532658542214));
#3732=CARTESIAN_POINT('Ctrl Pts',(-11.192392869314,252.182900416107,4.61221501415072));
#3733=CARTESIAN_POINT('Ctrl Pts',(-11.6369697057839,252.156552198069,2.68637669633043));
#3734=CARTESIAN_POINT('Ctrl Pts',(-11.8400554069073,252.14451615414,1.8066407475787));
#3735=CARTESIAN_POINT('Ctrl Pts',(-11.9412432637938,252.132480110211,0.903381837000563));
#3736=CARTESIAN_POINT('Ctrl Pts',(-11.9410369930326,252.120444066282,7.74404652997829E-5));
#3737=CARTESIAN_POINT('Origin',(0.,247.8,0.));
#3738=CARTESIAN_POINT('',(-11.9428566332017,250.979555933718,0.000151269519480149));
#3739=CARTESIAN_POINT('',(-11.9427237281377,251.120444066282,0.00020095950680199));
#3740=CARTESIAN_POINT('',(-11.942,247.8,1.46247320754177E-15));
#3741=CARTESIAN_POINT('Ctrl Pts',(-11.9428566332017,250.979555933718,0.000151269519480149));
#3742=CARTESIAN_POINT('Ctrl Pts',(-11.9429536678627,250.98159389305,0.153032922659151));
#3743=CARTESIAN_POINT('Ctrl Pts',(-11.9400784536451,250.983631852381,0.305910921820389));
#3744=CARTESIAN_POINT('Ctrl Pts',(-11.9342072369964,250.985669811713,0.458673774080303));
#3745=CARTESIAN_POINT('Ctrl Pts',(-11.8582998849655,251.012018029751,2.433702851972));
#3746=CARTESIAN_POINT('Ctrl Pts',(-11.2816048572944,251.038366247789,4.38948489973017));
#3747=CARTESIAN_POINT('Ctrl Pts',(-10.2737969079602,251.064714465827,6.08972751230548));
#3748=CARTESIAN_POINT('Ctrl Pts',(-9.26598895862613,251.091062683865,7.78997012488078));
#3749=CARTESIAN_POINT('Ctrl Pts',(-7.82706808762909,251.117410901903,9.23467330227321));
#3750=CARTESIAN_POINT('Ctrl Pts',(-6.13088089404185,251.143759119941,10.2492918530343));
#3751=CARTESIAN_POINT('Ctrl Pts',(-4.43469370045462,251.170107337979,11.2639104037954));
#3752=CARTESIAN_POINT('Ctrl Pts',(-2.48124018427718,251.196455556017,11.8484443279251));
#3753=CARTESIAN_POINT('Ctrl Pts',(-0.50653140670433,251.222803774055,11.9322717865719));
#3754=CARTESIAN_POINT('Ctrl Pts',(1.46817737086854,251.249151992093,12.0160992452186));
#3755=CARTESIAN_POINT('Ctrl Pts',(3.46414140983682,251.275500210131,11.5992202383823));
#3756=CARTESIAN_POINT('Ctrl Pts',(5.24021363834604,251.30184842817,10.7320009815122));
#3757=CARTESIAN_POINT('Ctrl Pts',(7.01628586685527,251.328196646208,9.86478172464212));
#3758=CARTESIAN_POINT('Ctrl Pts',(8.57246628490545,251.354544864246,8.54722221773818));
#3759=CARTESIAN_POINT('Ctrl Pts',(9.72074131012075,251.380893082284,6.9385064983609));
#3760=CARTESIAN_POINT('Ctrl Pts',(10.8690163353361,251.407241300322,5.32979077898362));
#3761=CARTESIAN_POINT('Ctrl Pts',(11.6093859677165,251.43358951836,3.429918847133));
#3762=CARTESIAN_POINT('Ctrl Pts',(11.8524007155664,251.459937736398,1.46842818128143));
#3763=CARTESIAN_POINT('Ctrl Pts',(12.0954154634164,251.486285954436,-0.493062484570135));
#3764=CARTESIAN_POINT('Ctrl Pts',(11.8410753267358,251.512634172474,-2.51617188442265));
#3765=CARTESIAN_POINT('Ctrl Pts',(11.1201090050353,251.538982390512,-4.35647331696449));
#3766=CARTESIAN_POINT('Ctrl Pts',(10.3991426833348,251.56533060855,-6.19677474950634));
#3767=CARTESIAN_POINT('Ctrl Pts',(9.21155017661432,251.591678826588,-7.85426821473751));
#3768=CARTESIAN_POINT('Ctrl Pts',(7.70081325559651,251.618027044626,-9.12869975671765));
#3769=CARTESIAN_POINT('Ctrl Pts',(6.1900763345787,251.644375262664,-10.4031312986978));
#3770=CARTESIAN_POINT('Ctrl Pts',(4.35619499926354,251.670723480702,-11.2945009174269));
#3771=CARTESIAN_POINT('Ctrl Pts',(2.42073391925555,251.69707169874,-11.6951157043314));
#3772=CARTESIAN_POINT('Ctrl Pts',(0.485272839247555,251.723419916778,-12.0957304912358));
#3773=CARTESIAN_POINT('Ctrl Pts',(-1.55176798545327,251.749768134817,-12.0055904463156));
#3774=CARTESIAN_POINT('Ctrl Pts',(-3.44427869563615,251.776116352855,-11.4355860502411));
#3775=CARTESIAN_POINT('Ctrl Pts',(-5.33678940581902,251.802464570893,-10.8655816541666));
#3776=CARTESIAN_POINT('Ctrl Pts',(-7.08477000148396,251.828812788931,-9.81571290693774));
#3777=CARTESIAN_POINT('Ctrl Pts',(-8.47703411213267,251.855161006969,-8.4128221606885));
#3778=CARTESIAN_POINT('Ctrl Pts',(-9.86929822278139,251.881509225007,-7.00993141443927));
#3779=CARTESIAN_POINT('Ctrl Pts',(-10.9058458484139,251.907857443045,-5.25401866916965));
#3780=CARTESIAN_POINT('Ctrl Pts',(-11.4614440594191,251.934205661083,-3.35722863660589));
#3781=CARTESIAN_POINT('Ctrl Pts',(-11.7802073031447,251.949322418628,-2.26898369364162));
#3782=CARTESIAN_POINT('Ctrl Pts',(-11.9406584146394,251.964439176173,-1.13436675591833));
#3783=CARTESIAN_POINT('Ctrl Pts',(-11.9410941600305,251.979555933718,0.00012947783940804));
#3784=CARTESIAN_POINT('Ctrl Pts',(-11.9410369930326,252.120444066282,7.74404652997829E-5));
#3785=CARTESIAN_POINT('Ctrl Pts',(-11.9407917145121,252.106131892173,-1.07405039362673));
#3786=CARTESIAN_POINT('Ctrl Pts',(-11.7971770265187,252.091819718064,-2.14824254401561));
#3787=CARTESIAN_POINT('Ctrl Pts',(-11.5110398673935,252.077507543955,-3.1830244829716));
#3788=CARTESIAN_POINT('Ctrl Pts',(-10.984271243701,252.051159325917,-5.08802228008411));
#3789=CARTESIAN_POINT('Ctrl Pts',(-9.97447204748377,252.024811107879,-6.85945280994001));
#3790=CARTESIAN_POINT('Ctrl Pts',(-8.60364353419398,251.998462889841,-8.28329654331177));
#3791=CARTESIAN_POINT('Ctrl Pts',(-7.23281502090418,251.972114671803,-9.70714027668353));
#3792=CARTESIAN_POINT('Ctrl Pts',(-5.50095719054181,251.945766453765,-10.7833972135712));
#3793=CARTESIAN_POINT('Ctrl Pts',(-3.61730850394174,251.919418235727,-11.3820368508993));
#3794=CARTESIAN_POINT('Ctrl Pts',(-1.73365981734165,251.893070017689,-11.9806764882274));
#3795=CARTESIAN_POINT('Ctrl Pts',(0.301779725496127,251.866721799651,-12.1016988259959));
#3796=CARTESIAN_POINT('Ctrl Pts',(2.2430937279717,251.840373581613,-11.7304822669596));
#3797=CARTESIAN_POINT('Ctrl Pts',(4.18440773044724,251.814025363575,-11.3592657079233));
#3798=CARTESIAN_POINT('Ctrl Pts',(6.03159619256058,251.787677145537,-10.4958102520821));
#3799=CARTESIAN_POINT('Ctrl Pts',(7.56148671302775,251.761328927498,-9.24443629306951));
#3800=CARTESIAN_POINT('Ctrl Pts',(9.09137723349492,251.73498070946,-7.99306233405691));
#3801=CARTESIAN_POINT('Ctrl Pts',(10.3039698123159,251.708632491422,-6.35376987187291));
#3802=CARTESIAN_POINT('Ctrl Pts',(11.0527622364542,251.682284273384,-4.52461386555075));
#3803=CARTESIAN_POINT('Ctrl Pts',(11.8015546605924,251.655936055346,-2.69545785922859));
#3804=CARTESIAN_POINT('Ctrl Pts',(12.086546930048,251.629587837308,-0.676438308768279));
#3805=CARTESIAN_POINT('Ctrl Pts',(11.8733070361626,251.60323961927,1.28851220907278));
#3806=CARTESIAN_POINT('Ctrl Pts',(11.6600671422771,251.576891401232,3.25346272691384));
#3807=CARTESIAN_POINT('Ctrl Pts',(10.9485950850508,251.550543183194,5.16434421213566));
#3808=CARTESIAN_POINT('Ctrl Pts',(9.82484902777456,251.524194965156,6.79028904166432));
#3809=CARTESIAN_POINT('Ctrl Pts',(8.70110297049831,251.497846747118,8.416233871193));
#3810=CARTESIAN_POINT('Ctrl Pts',(7.16508291317213,251.47149852908,9.75724204502852));
#3811=CARTESIAN_POINT('Ctrl Pts',(5.40236671731334,251.445150311042,10.651296519186));
#3812=CARTESIAN_POINT('Ctrl Pts',(3.63965052145457,251.418802093004,11.5453509933435));
#3813=CARTESIAN_POINT('Ctrl Pts',(1.65023818706318,251.392453874965,11.992451767823));
#3814=CARTESIAN_POINT('Ctrl Pts',(-0.325514774278027,251.366105656927,11.9385813151955));
#3815=CARTESIAN_POINT('Ctrl Pts',(-2.30126773561923,251.339757438889,11.884710862568));
#3816=CARTESIAN_POINT('Ctrl Pts',(-4.26336132391026,251.313409220851,11.3298691828336));
#3817=CARTESIAN_POINT('Ctrl Pts',(-5.97474060585999,251.287061002813,10.3410907732614));
#3818=CARTESIAN_POINT('Ctrl Pts',(-7.68611988780974,251.260712784775,9.35231236368922));
#3819=CARTESIAN_POINT('Ctrl Pts',(-9.14678486341819,251.234364566737,7.92959722427925));
#3820=CARTESIAN_POINT('Ctrl Pts',(-10.1802618719174,251.208016348699,6.24483401755017));
#3821=CARTESIAN_POINT('Ctrl Pts',(-11.2137388804166,251.181668130661,4.56007081082109));
#3822=CARTESIAN_POINT('Ctrl Pts',(-11.8200279218066,251.155319912623,2.61325953677293));
#3823=CARTESIAN_POINT('Ctrl Pts',(-11.9258787652096,251.128971694585,0.639608759900484));
#3824=CARTESIAN_POINT('Ctrl Pts',(-11.9372983439047,251.126129151817,0.42668404774228));
#3825=CARTESIAN_POINT('Ctrl Pts',(-11.9428933780759,251.12328660905,0.213446953595991));
#3826=CARTESIAN_POINT('Ctrl Pts',(-11.9427237281377,251.120444066282,0.00020095950680199));
#3827=CARTESIAN_POINT('Origin',(0.,247.8,0.));
#3828=CARTESIAN_POINT('',(-11.942,247.8,1.46247320754177E-15));
#3829=CARTESIAN_POINT('Origin',(0.,247.8,0.));
#3830=CARTESIAN_POINT('',(-11.942,249.8,1.46247320754177E-15));
#3831=CARTESIAN_POINT('',(-11.942,247.8,1.46247320754177E-15));
#3832=CARTESIAN_POINT('',(-5.11478528828864,249.8,-10.7912156615789));
#3833=CARTESIAN_POINT('Origin',(0.,249.8,0.));
#3834=CARTESIAN_POINT('',(-11.9417905364089,249.979555933718,-0.000219274371678412));
#3835=CARTESIAN_POINT('Ctrl Pts',(-5.11478528828862,249.8,-10.7912156615789));
#3836=CARTESIAN_POINT('Ctrl Pts',(-6.90127898822264,249.826348218038,-9.94445919033388));
#3837=CARTESIAN_POINT('Ctrl Pts',(-8.47252257810961,249.852696436076,-8.64583569568348));
#3838=CARTESIAN_POINT('Ctrl Pts',(-9.639391279063,249.879044654114,-7.05084525680417));
#3839=CARTESIAN_POINT('Ctrl Pts',(-10.8062599800164,249.905392872152,-5.45585481792484));
#3840=CARTESIAN_POINT('Ctrl Pts',(-11.5687537920362,249.93174109019,-3.56449743481659));
#3841=CARTESIAN_POINT('Ctrl Pts',(-11.8345635863066,249.958089308228,-1.60591123637536));
#3842=CARTESIAN_POINT('Ctrl Pts',(-11.9067511285133,249.965244850058,-1.0740063671302));
#3843=CARTESIAN_POINT('Ctrl Pts',(-11.9423064929655,249.972400391888,-0.537143138393917));
#3844=CARTESIAN_POINT('Ctrl Pts',(-11.9417905364089,249.979555933718,-0.000219274371678412));
#3845=CARTESIAN_POINT('',(-11.9419466814243,250.120444066282,-0.000304425448372503));
#3846=CARTESIAN_POINT('',(-11.942,247.8,1.46247320754177E-15));
#3847=CARTESIAN_POINT('',(5.11516804166881,249.8,-10.79136268775));
#3848=CARTESIAN_POINT('Ctrl Pts',(-11.9419466814243,250.120444066282,-0.000304425448372503));
#3849=CARTESIAN_POINT('Ctrl Pts',(-11.942425500916,250.114093107888,-0.476839313688074));
#3850=CARTESIAN_POINT('Ctrl Pts',(-11.9144379854557,250.107742149494,-0.953318234169039));
#3851=CARTESIAN_POINT('Ctrl Pts',(-11.8575416530187,250.101391191101,-1.42631964797058));
#3852=CARTESIAN_POINT('Ctrl Pts',(-11.6214958659655,250.075042973062,-3.38866038622194));
#3853=CARTESIAN_POINT('Ctrl Pts',(-10.8878799710228,250.048694755024,-5.29114729596594));
#3854=CARTESIAN_POINT('Ctrl Pts',(-9.74532599629658,250.022346536986,-6.90393311789796));
#3855=CARTESIAN_POINT('Ctrl Pts',(-8.60277202157034,249.995998318948,-8.51671893983));
#3856=CARTESIAN_POINT('Ctrl Pts',(-7.05127996706051,249.96965010091,-9.83980367395006));
#3857=CARTESIAN_POINT('Ctrl Pts',(-5.2783001194433,249.943301882872,-10.7133228200957));
#3858=CARTESIAN_POINT('Ctrl Pts',(-3.50532027182609,249.916953664834,-11.5868419662413));
#3859=CARTESIAN_POINT('Ctrl Pts',(-1.51085263110151,249.890605446796,-12.0107955244126));
#3860=CARTESIAN_POINT('Ctrl Pts',(0.464143105613878,249.864257228758,-11.9339896914725));
#3861=CARTESIAN_POINT('Ctrl Pts',(2.06966284976775,249.842838152505,-11.8715524522628));
#3862=CARTESIAN_POINT('Ctrl Pts',(3.66231470224001,249.821419076253,-11.4781913547428));
#3863=CARTESIAN_POINT('Ctrl Pts',(5.11516804166881,249.8,-10.79136268775));
#3864=CARTESIAN_POINT('Origin',(0.,249.8,0.));
#3865=CARTESIAN_POINT('Origin',(0.,3.5,0.));
#3866=CARTESIAN_POINT('',(-15.16888,4.,1.85765203386503E-15));
#3867=CARTESIAN_POINT('',(-1.85765203386503E-15,4.,-15.16888));
#3868=CARTESIAN_POINT('Origin',(0.,4.,0.));
#3869=CARTESIAN_POINT('Origin',(0.,4.,0.));
#3870=CARTESIAN_POINT('',(-1.85765203386503E-15,3.,-15.16888));
#3871=CARTESIAN_POINT('Origin',(-1.85765203386503E-15,3.5,-15.16888));
#3872=CARTESIAN_POINT('Origin',(0.,3.,0.));
#3873=CARTESIAN_POINT('Origin',(0.,50.85,0.));
#3874=CARTESIAN_POINT('',(-12.929,50.5,1.58334584661761E-15));
#3875=CARTESIAN_POINT('Origin',(0.,50.5,0.));
#3876=CARTESIAN_POINT('',(-12.229,51.2,-1.4976205706773E-15));
#3877=CARTESIAN_POINT('',(-12.579,50.85,-1.54048320864746E-15));
#3878=CARTESIAN_POINT('Origin',(0.,51.2,0.));
#3879=CARTESIAN_POINT('Origin',(0.,50.5,0.));
#3880=CARTESIAN_POINT('',(-12.229,194.8,1.4976205706773E-15));
#3881=CARTESIAN_POINT('',(-12.229,50.5,1.4976205706773E-15));
#3882=CARTESIAN_POINT('Origin',(0.,194.8,0.));
#3883=CARTESIAN_POINT('Origin',(0.,50.5,0.));
#3884=CARTESIAN_POINT('',(-13.,50.5,-1.59204083889156E-15));
#3885=CARTESIAN_POINT('Origin',(0.,50.5,0.));
#3886=CARTESIAN_POINT('Origin',(0.,195.15,0.));
#3887=CARTESIAN_POINT('',(-12.929,195.5,-1.58334584661761E-15));
#3888=CARTESIAN_POINT('Origin',(0.,195.5,0.));
#3889=CARTESIAN_POINT('',(-12.579,195.15,1.54048320864746E-15));
#3890=CARTESIAN_POINT('Origin',(0.,195.5,0.));
#3891=CARTESIAN_POINT('',(-12.98702,195.5,1.59045124734627E-15));
#3892=CARTESIAN_POINT('Origin',(0.,195.5,0.));
#3893=CARTESIAN_POINT('Origin',(0.,247.8,0.));
#3894=CARTESIAN_POINT('',(-12.229,247.8,1.4976205706773E-15));
#3895=CARTESIAN_POINT('Origin',(0.,247.8,0.));
#3896=CARTESIAN_POINT('Origin',(0.,263.3,0.));
#3897=CARTESIAN_POINT('',(-10.942,263.8,-1.34000852762703E-15));
#3898=CARTESIAN_POINT('Origin',(0.,263.8,0.));
#3899=CARTESIAN_POINT('',(-11.442,263.3,1.4012408675844E-15));
#3900=CARTESIAN_POINT('Origin',(0.,247.8,0.));
#3901=CARTESIAN_POINT('Ctrl Pts',(-11.9417905364089,249.979555933718,-0.000219274371678412));
#3902=CARTESIAN_POINT('Ctrl Pts',(-11.9404066318262,249.998748609926,1.43992406006975));
#3903=CARTESIAN_POINT('Ctrl Pts',(-11.6795163285465,250.017941286134,2.8805036204173));
#3904=CARTESIAN_POINT('Ctrl Pts',(-11.1699422110039,250.037133962343,4.22701036463333));
#3905=CARTESIAN_POINT('Ctrl Pts',(-10.4703852649098,250.063482180381,6.07553075342653));
#3906=CARTESIAN_POINT('Ctrl Pts',(-9.30214559620068,250.089830398419,7.74675651723871));
#3907=CARTESIAN_POINT('Ctrl Pts',(-7.80631755918181,250.116178616457,9.03866089144858));
#3908=CARTESIAN_POINT('Ctrl Pts',(-6.31048952216293,250.142526834495,10.3305652656584));
#3909=CARTESIAN_POINT('Ctrl Pts',(-4.48707311683429,250.168875052533,11.243148250266));
#3910=CARTESIAN_POINT('Ctrl Pts',(-2.55639235959385,250.195223270571,11.666207495345));
#3911=CARTESIAN_POINT('Ctrl Pts',(-0.625711602353393,250.221571488609,12.0892667404239));
#3912=CARTESIAN_POINT('Ctrl Pts',(1.41223350679886,250.247919706647,12.0228022459743));
#3913=CARTESIAN_POINT('Ctrl Pts',(3.31123511250684,250.274267924685,11.4748185320777));
#3914=CARTESIAN_POINT('Ctrl Pts',(5.21023671821482,250.300616142723,10.926834818181));
#3915=CARTESIAN_POINT('Ctrl Pts',(6.97029482047852,250.326964360761,9.89733188483733));
#3916=CARTESIAN_POINT('Ctrl Pts',(8.37875851246586,250.353312578799,8.51070369794752));
#3917=CARTESIAN_POINT('Ctrl Pts',(9.7872222044532,250.379660796837,7.12407551105773));
#3918=CARTESIAN_POINT('Ctrl Pts',(10.8440914861642,250.406009014875,5.38032207062181));
#3919=CARTESIAN_POINT('Ctrl Pts',(11.4216807737892,250.432357232913,3.49011324278233));
#3920=CARTESIAN_POINT('Ctrl Pts',(11.9992700614142,250.458705450951,1.59990441494287));
#3921=CARTESIAN_POINT('Ctrl Pts',(12.0975793549532,250.48505366899,-0.436759800300157));
#3922=CARTESIAN_POINT('Ctrl Pts',(11.704729970303,250.511401887028,-2.37381228698977));
#3923=CARTESIAN_POINT('Ctrl Pts',(11.3118805856528,250.537750105066,-4.31086477367941));
#3924=CARTESIAN_POINT('Ctrl Pts',(10.4278725228134,250.564098323104,-6.14830553181563));
#3925=CARTESIAN_POINT('Ctrl Pts',(9.15950986612889,250.590446541142,-7.66414116515314));
#3926=CARTESIAN_POINT('Ctrl Pts',(7.89114720944437,250.61679475918,-9.17997679849064));
#3927=CARTESIAN_POINT('Ctrl Pts',(6.23842995891476,250.643142977218,-10.3742073070294));
#3928=CARTESIAN_POINT('Ctrl Pts',(4.40103474491426,250.669491195256,-11.1025483087952));
#3929=CARTESIAN_POINT('Ctrl Pts',(2.56363953091377,250.695839413294,-11.830889310561));
#3930=CARTESIAN_POINT('Ctrl Pts',(0.5415663534424,250.722187631332,-12.0933408055538));
#3931=CARTESIAN_POINT('Ctrl Pts',(-1.42088314824171,250.74853584937,-11.8581943994649));
#3932=CARTESIAN_POINT('Ctrl Pts',(-3.38333264992582,250.774884067408,-11.623047993376));
#3933=CARTESIAN_POINT('Ctrl Pts',(-5.28615847582266,250.801232285446,-10.8903036862053));
#3934=CARTESIAN_POINT('Ctrl Pts',(-6.8994663287859,250.827580503484,-9.74848955609121));
#3935=CARTESIAN_POINT('Ctrl Pts',(-8.51277418174914,250.853928721522,-8.60667542597708));
#3936=CARTESIAN_POINT('Ctrl Pts',(-9.83656406177878,250.88027693956,-7.05579147291945));
#3937=CARTESIAN_POINT('Ctrl Pts',(-10.7108991635983,250.906625157599,-5.28321144237803));
#3938=CARTESIAN_POINT('Ctrl Pts',(-11.517606945152,250.930935416305,-3.64773540911726));
#3939=CARTESIAN_POINT('Ctrl Pts',(-11.9416991333071,250.955245675012,-1.8235320992695));
#3940=CARTESIAN_POINT('Ctrl Pts',(-11.9428566332017,250.979555933718,0.000151269519480149));
#3941=CARTESIAN_POINT('Ctrl Pts',(-11.9427237281377,251.120444066282,0.00020095950680199));
#3942=CARTESIAN_POINT('Ctrl Pts',(-11.9413208516698,251.096938391012,-1.76318186338396));
#3943=CARTESIAN_POINT('Ctrl Pts',(-11.5457267405133,251.073432715741,-3.52717326766682));
#3944=CARTESIAN_POINT('Ctrl Pts',(-10.789789697161,251.049927040471,-5.12016815928941));
#3945=CARTESIAN_POINT('Ctrl Pts',(-9.94243714029349,251.023578822433,-6.9058040219101));
#3946=CARTESIAN_POINT('Ctrl Pts',(-8.64231938114254,250.997230604395,-8.47658546745476));
#3947=CARTESIAN_POINT('Ctrl Pts',(-7.04651319223936,250.970882386357,-9.64273485669682));
#3948=CARTESIAN_POINT('Ctrl Pts',(-5.4507070033362,250.944534168319,-10.8088842459389));
#3949=CARTESIAN_POINT('Ctrl Pts',(-3.55921238468081,250.918185950281,-11.5704015788783));
#3950=CARTESIAN_POINT('Ctrl Pts',(-1.60055469007931,250.891837732242,-11.8352823532415));
#3951=CARTESIAN_POINT('Ctrl Pts',(0.358103004522195,250.865489514204,-12.1001631276047));
#3952=CARTESIAN_POINT('Ctrl Pts',(2.38392377506981,250.839141296166,-11.8684073433916));
#3953=CARTESIAN_POINT('Ctrl Pts',(4.23215334036864,250.812793078128,-11.1680151222795));
#3954=CARTESIAN_POINT('Ctrl Pts',(6.0803829056675,250.78644486009,-10.4676229011674));
#3955=CARTESIAN_POINT('Ctrl Pts',(7.75102126571756,250.760096642052,-9.29859424315634));
#3956=CARTESIAN_POINT('Ctrl Pts',(9.04222633151788,250.733748424014,-7.80216807637818));
#3957=CARTESIAN_POINT('Ctrl Pts',(10.3334313973182,250.707400205976,-6.30574190960003));
#3958=CARTESIAN_POINT('Ctrl Pts',(11.2452031688687,250.681051987938,-4.48191823405484));
#3959=CARTESIAN_POINT('Ctrl Pts',(11.6673838076257,250.6547037699,-2.55104659589339));
#3960=CARTESIAN_POINT('Ctrl Pts',(12.0895644463827,250.628355551862,-0.620174957731955));
#3961=CARTESIAN_POINT('Ctrl Pts',(12.0221539523461,250.602007333824,1.41774464304573));
#3962=CARTESIAN_POINT('Ctrl Pts',(11.4732966739595,250.575659115786,3.31649621003421));
#3963=CARTESIAN_POINT('Ctrl Pts',(10.9244393955729,250.549310897748,5.21524777702269));
#3964=CARTESIAN_POINT('Ctrl Pts',(9.89413533283635,250.52296267971,6.97483131022197));
#3965=CARTESIAN_POINT('Ctrl Pts',(8.50686310213263,250.496614461671,8.38265853124163));
#3966=CARTESIAN_POINT('Ctrl Pts',(7.1195908714289,250.470266243633,9.7904857522613));
#3967=CARTESIAN_POINT('Ctrl Pts',(5.37535047275805,250.443918025595,10.8465566611014));
#3968=CARTESIAN_POINT('Ctrl Pts',(3.48487635931923,250.417569807557,11.4232797277431));
#3969=CARTESIAN_POINT('Ctrl Pts',(1.5944022458804,250.391221589519,12.0000027943849));
#3970=CARTESIAN_POINT('Ctrl Pts',(-0.44230558232637,250.364873371481,12.0973780188284));
#3971=CARTESIAN_POINT('Ctrl Pts',(-2.37917742091594,250.338525153443,11.7036404686134));
#3972=CARTESIAN_POINT('Ctrl Pts',(-4.31604925950549,250.312176935405,11.3099029183985));
#3973=CARTESIAN_POINT('Ctrl Pts',(-6.15308510847784,250.285828717367,10.4250525935251));
#3974=CARTESIAN_POINT('Ctrl Pts',(-7.66833933978895,250.259480499329,9.15599542361283));
#3975=CARTESIAN_POINT('Ctrl Pts',(-9.18359357110007,250.233132281291,7.88693825370056));
#3976=CARTESIAN_POINT('Ctrl Pts',(-10.37706618475,250.206784063253,6.2336742387494));
#3977=CARTESIAN_POINT('Ctrl Pts',(-11.1045646519929,250.180435845215,4.39594494789446));
#3978=CARTESIAN_POINT('Ctrl Pts',(-11.6567073327322,250.160438585571,3.00118080361924));
#3979=CARTESIAN_POINT('Ctrl Pts',(-11.9404390227206,250.140441325926,1.50016074826773));
#3980=CARTESIAN_POINT('Ctrl Pts',(-11.9419466814243,250.120444066282,-0.000304425448372503));
#3981=CARTESIAN_POINT('Origin',(0.,263.8,0.));
#3982=CARTESIAN_POINT('',(-6.65,263.8,-8.1439012143299E-16));
#3983=CARTESIAN_POINT('Origin',(0.,263.8,0.));
#3984=CARTESIAN_POINT('Origin',(-1.39500409268299E-15,261.8,0.));
#3985=CARTESIAN_POINT('Ctrl Pts',(6.60101601118531,261.8,9.25642958755762));
#3986=CARTESIAN_POINT('Ctrl Pts',(6.82943649215481,261.8,9.10209358612219));
#3987=CARTESIAN_POINT('Ctrl Pts',(7.05193930603753,261.8,8.9396325376068));
#3988=CARTESIAN_POINT('Ctrl Pts',(7.26804317792577,261.8,8.76931068306956));
#3989=CARTESIAN_POINT('Ctrl Pts',(7.32864737362273,261.8,8.72154560179798));
#3990=CARTESIAN_POINT('Ctrl Pts',(7.38874818352475,261.8,8.67316200789845));
#3991=CARTESIAN_POINT('Ctrl Pts',(7.44833465956091,261.8,8.62416507262047));
#3992=CARTESIAN_POINT('Ctrl Pts',(7.65988360449608,261.8,8.45021201057292));
#3993=CARTESIAN_POINT('Ctrl Pts',(7.86495206779131,261.8,8.26853134823442));
#3994=CARTESIAN_POINT('Ctrl Pts',(8.06326225435102,261.8,8.07959467288546));
#3995=CARTESIAN_POINT('Ctrl Pts',(8.21014088923853,261.8,7.93965853830326));
#3996=CARTESIAN_POINT('Ctrl Pts',(8.35331160445852,261.8,7.79574103642158));
#3997=CARTESIAN_POINT('Ctrl Pts',(8.49264933583792,261.8,7.64801999819694));
#3998=CARTESIAN_POINT('Ctrl Pts',(8.55965117977046,261.8,7.57698696320567));
#3999=CARTESIAN_POINT('Ctrl Pts',(8.62576657568954,261.8,7.50507429212828));
#4000=CARTESIAN_POINT('Ctrl Pts',(8.69098066243141,261.8,7.43230092004147));
#4001=CARTESIAN_POINT('Ctrl Pts',(8.73128748919308,261.8,7.38732193086729));
#4002=CARTESIAN_POINT('Ctrl Pts',(8.77124999455695,261.8,7.34201413529574));
#4003=CARTESIAN_POINT('Ctrl Pts',(8.81086454330761,261.8,7.29638190983136));
#4004=CARTESIAN_POINT('Ctrl Pts',(8.83413575196202,261.8,7.26957567137511));
#4005=CARTESIAN_POINT('Ctrl Pts',(8.85728411029977,261.8,7.24266062528626));
#4006=CARTESIAN_POINT('Ctrl Pts',(8.88030289982618,261.8,7.21564496281771));
#4007=CARTESIAN_POINT('Ctrl Pts',(9.05899767751,261.8,7.00592247531428));
#4008=CARTESIAN_POINT('Ctrl Pts',(9.22999775139204,261.8,6.79001226603852));
#4009=CARTESIAN_POINT('Ctrl Pts',(9.3930346454107,261.8,6.56839721291208));
#4010=CARTESIAN_POINT('Ctrl Pts',(9.55700637366623,261.8,6.34551144532364));
#4011=CARTESIAN_POINT('Ctrl Pts',(9.71292375910449,261.8,6.11685475014739));
#4012=CARTESIAN_POINT('Ctrl Pts',(9.86047657853923,261.8,5.88288133429017));
#4013=CARTESIAN_POINT('Ctrl Pts',(10.0074784989432,261.8,5.64978147495673));
#4014=CARTESIAN_POINT('Ctrl Pts',(10.1461785608795,261.8,5.41140400139319));
#4015=CARTESIAN_POINT('Ctrl Pts',(10.2762275007997,261.8,5.16816894757169));
#4016=CARTESIAN_POINT('Ctrl Pts',(10.3234117311455,261.8,5.0799186410739));
#4017=CARTESIAN_POINT('Ctrl Pts',(10.3694567150945,261.8,4.99102865435385));
#4018=CARTESIAN_POINT('Ctrl Pts',(10.4143442353743,261.8,4.90151830018267));
#4019=CARTESIAN_POINT('Ctrl Pts',(10.4306834480404,261.8,4.86893622161154));
#4020=CARTESIAN_POINT('Ctrl Pts',(10.4468692902724,261.8,4.83627194192532));
#4021=CARTESIAN_POINT('Ctrl Pts',(10.4629008548814,261.8,4.80352638153639));
#4022=CARTESIAN_POINT('Ctrl Pts',(10.4766522069834,261.8,4.77543831018033));
#4023=CARTESIAN_POINT('Ctrl Pts',(10.4902888019321,261.8,4.74729291217475));
#4024=CARTESIAN_POINT('Ctrl Pts',(10.5038056303591,261.8,4.71910035885476));
#4025=CARTESIAN_POINT('Ctrl Pts',(10.6044043008631,261.8,4.50927795876829));
#4026=CARTESIAN_POINT('Ctrl Pts',(10.6984444846127,261.8,4.29669458220677));
#4027=CARTESIAN_POINT('Ctrl Pts',(10.7857679594189,261.8,4.08162834207564));
#4028=CARTESIAN_POINT('Ctrl Pts',(10.8890916111025,261.8,3.82715576945414));
#4029=CARTESIAN_POINT('Ctrl Pts',(10.9830132135248,261.8,3.5692075526618));
#4030=CARTESIAN_POINT('Ctrl Pts',(11.0675570223001,261.8,3.30833844571952));
#4031=CARTESIAN_POINT('Ctrl Pts',(11.1529289149615,261.8,3.0449141959824));
#4032=CARTESIAN_POINT('Ctrl Pts',(11.2287385769182,261.8,2.7785109867389));
#4033=CARTESIAN_POINT('Ctrl Pts',(11.2949630838546,261.8,2.50967607926195));
#4034=CARTESIAN_POINT('Ctrl Pts',(11.3614234508173,261.8,2.23988371039719));
#4035=CARTESIAN_POINT('Ctrl Pts',(11.4182303995698,261.8,1.96764167675853));
#4036=CARTESIAN_POINT('Ctrl Pts',(11.465310544395,261.8,1.69348808330166));
#4037=CARTESIAN_POINT('Ctrl Pts',(11.511449479682,261.8,1.42481527113953));
#4038=CARTESIAN_POINT('Ctrl Pts',(11.5482465770476,261.8,1.1543059604685));
#4039=CARTESIAN_POINT('Ctrl Pts',(11.5755843571279,261.8,0.882461315891753));
#4040=CARTESIAN_POINT('Ctrl Pts',(11.5858360246579,261.8,0.780519574175474));
#4041=CARTESIAN_POINT('Ctrl Pts',(11.5947569848171,261.8,0.678390042649946));
#4042=CARTESIAN_POINT('Ctrl Pts',(11.6023392564678,261.8,0.576099214036668));
#4043=CARTESIAN_POINT('Ctrl Pts',(11.6051381139827,261.8,0.538340417258474));
#4044=CARTESIAN_POINT('Ctrl Pts',(11.6077545544233,261.8,0.500559643397258));
#4045=CARTESIAN_POINT('Ctrl Pts',(11.6101881422331,261.8,0.462758229066974));
#4046=CARTESIAN_POINT('Ctrl Pts',(11.6120880676927,261.8,0.433246300544565));
#4047=CARTESIAN_POINT('Ctrl Pts',(11.61387597487,261.8,0.403730479201438));
#4048=CARTESIAN_POINT('Ctrl Pts',(11.6155516804515,261.8,0.37421478654899));
#4049=CARTESIAN_POINT('Ctrl Pts',(11.6314189380063,261.8,0.0947306681092172));
#4050=CARTESIAN_POINT('Ctrl Pts',(11.6372363581724,261.8,-0.184838000853178));
#4051=CARTESIAN_POINT('Ctrl Pts',(11.6330052210026,261.8,-0.463938747301175));
#4052=CARTESIAN_POINT('Ctrl Pts',(11.6287591633557,261.8,-0.744023701099535));
#4053=CARTESIAN_POINT('Ctrl Pts',(11.6143936687684,261.8,-1.02363805398687));
#4054=CARTESIAN_POINT('Ctrl Pts',(11.5898591663141,261.8,-1.30223532043462));
#4055=CARTESIAN_POINT('Ctrl Pts',(11.5820160523056,261.8,-1.39129643456471));
#4056=CARTESIAN_POINT('Ctrl Pts',(11.5731333385688,261.8,-1.4802536606645));
#4057=CARTESIAN_POINT('Ctrl Pts',(11.5632082844064,261.8,-1.56908923808516));
#4058=CARTESIAN_POINT('Ctrl Pts',(11.5322574838641,261.8,-1.84611868224028));
#4059=CARTESIAN_POINT('Ctrl Pts',(11.4911741504528,261.8,-2.12196550079724));
#4060=CARTESIAN_POINT('Ctrl Pts',(11.44019347791,261.8,-2.39613449208714));
#4061=CARTESIAN_POINT('Ctrl Pts',(11.3890648466664,261.8,-2.67109919056876));
#4062=CARTESIAN_POINT('Ctrl Pts',(11.327981168835,261.8,-2.94437691036942));
#4063=CARTESIAN_POINT('Ctrl Pts',(11.2571281508698,261.8,-3.21545825121354));
#4064=CARTESIAN_POINT('Ctrl Pts',(11.2133422308715,261.8,-3.38298175612682));
#4065=CARTESIAN_POINT('Ctrl Pts',(11.1658243746063,261.8,-3.54966622984932));
#4066=CARTESIAN_POINT('Ctrl Pts',(11.1146090548631,261.8,-3.71538803326746));
#4067=CARTESIAN_POINT('Ctrl Pts',(11.0911082279534,261.8,-3.79143167483442));
#4068=CARTESIAN_POINT('Ctrl Pts',(11.0668287831957,261.8,-3.86727257758854));
#4069=CARTESIAN_POINT('Ctrl Pts',(11.0417735662147,261.8,-3.94289855247749));
#4070=CARTESIAN_POINT('Ctrl Pts',(11.0322242098827,261.8,-3.97172206586871));
#4071=CARTESIAN_POINT('Ctrl Pts',(11.022561400227,261.8,-4.0005165885494));
#4072=CARTESIAN_POINT('Ctrl Pts',(11.0127877416992,261.8,-4.02927421898563));
#4073=CARTESIAN_POINT('Ctrl Pts',(10.9222090602211,261.8,-4.29578938727628));
#4074=CARTESIAN_POINT('Ctrl Pts',(10.8222873039078,261.8,-4.55863166033865));
#4075=CARTESIAN_POINT('Ctrl Pts',(10.7133121360927,261.8,-4.81731482827291));
#4076=CARTESIAN_POINT('Ctrl Pts',(10.6037737619768,261.8,-5.0773349245459));
#4077=CARTESIAN_POINT('Ctrl Pts',(10.4850879716304,261.8,-5.33315341703302));
#4078=CARTESIAN_POINT('Ctrl Pts',(10.3574964690802,261.8,-5.58426884821641));
#4079=CARTESIAN_POINT('Ctrl Pts',(10.230243307368,261.8,-5.83471838391532));
#4080=CARTESIAN_POINT('Ctrl Pts',(10.0941313638383,261.8,-6.08049035664454));
#4081=CARTESIAN_POINT('Ctrl Pts',(9.9493516268901,261.8,-6.32107076081294));
#4082=CARTESIAN_POINT('Ctrl Pts',(9.81646000686631,261.8,-6.54189668804446));
#4083=CARTESIAN_POINT('Ctrl Pts',(9.67626494908566,261.8,-6.75834878737633));
#4084=CARTESIAN_POINT('Ctrl Pts',(9.52888030826258,261.8,-6.97001084399244));
#4085=CARTESIAN_POINT('Ctrl Pts',(9.38862857822204,261.8,-7.17142918350572));
#4086=CARTESIAN_POINT('Ctrl Pts',(9.24186585218441,261.8,-7.36850995475827));
#4087=CARTESIAN_POINT('Ctrl Pts',(9.08885512660626,261.8,-7.56101924703729));
#4088=CARTESIAN_POINT('Ctrl Pts',(9.02191293416581,261.8,-7.64524206240936));
#4089=CARTESIAN_POINT('Ctrl Pts',(8.95377454831944,261.8,-7.72858960541241));
#4090=CARTESIAN_POINT('Ctrl Pts',(8.88446072710031,261.8,-7.81104098949063));
#4091=CARTESIAN_POINT('Ctrl Pts',(8.84223094285736,261.8,-7.8612748980952));
#4092=CARTESIAN_POINT('Ctrl Pts',(8.79956483263653,261.8,-7.91117614411291));
#4093=CARTESIAN_POINT('Ctrl Pts',(8.75646696328865,261.8,-7.96073984791554));
#4094=CARTESIAN_POINT('Ctrl Pts',(8.73754833930502,261.8,-7.98249677208991));
#4095=CARTESIAN_POINT('Ctrl Pts',(8.71854964280139,261.8,-8.00418502835947));
#4096=CARTESIAN_POINT('Ctrl Pts',(8.69947657834362,261.8,-8.02579840894082));
#4097=CARTESIAN_POINT('Ctrl Pts',(8.51392759993981,261.8,-8.23606040934472));
#4098=CARTESIAN_POINT('Ctrl Pts',(8.32119630608475,261.8,-8.4394085690872));
#4099=CARTESIAN_POINT('Ctrl Pts',(8.12176855434848,261.8,-8.63557265365208));
#4100=CARTESIAN_POINT('Ctrl Pts',(7.92016596328416,261.8,-8.83387598595027));
#4101=CARTESIAN_POINT('Ctrl Pts',(7.71171967942439,261.8,-9.02483814526157));
#4102=CARTESIAN_POINT('Ctrl Pts',(7.49688637822992,261.8,-9.20815207441529));
#4103=CARTESIAN_POINT('Ctrl Pts',(7.2810145576111,261.8,-9.39235215611203));
#4104=CARTESIAN_POINT('Ctrl Pts',(7.05869338050836,261.8,-9.56883032819777));
#4105=CARTESIAN_POINT('Ctrl Pts',(6.83034702254847,261.8,-9.73724036631327));
#4106=CARTESIAN_POINT('Ctrl Pts',(6.60291238626266,261.8,-9.90497799133116));
#4107=CARTESIAN_POINT('Ctrl Pts',(6.36950010369254,261.8,-10.0647121761751));
#4108=CARTESIAN_POINT('Ctrl Pts',(6.13049753409632,261.8,-10.2160602933571));
#4109=CARTESIAN_POINT('Ctrl Pts',(5.8948328431408,261.8,-10.3652947025212));
#4110=CARTESIAN_POINT('Ctrl Pts',(5.65373242993716,261.8,-10.5063759522095));
#4111=CARTESIAN_POINT('Ctrl Pts',(5.40754399928956,261.8,-10.638892652641));
#4112=CARTESIAN_POINT('Ctrl Pts',(5.31073791072279,261.8,-10.6910008016909));
#4113=CARTESIAN_POINT('Ctrl Pts',(5.21314488410934,261.8,-10.7417841714671));
#4114=CARTESIAN_POINT('Ctrl Pts',(5.11478528829231,261.8,-10.7912156615772));
#4115=CARTESIAN_POINT('Ctrl Pts',(-5.11516805067862,261.8,-10.791362694202));
#4116=CARTESIAN_POINT('Ctrl Pts',(-5.36924180887407,261.8,-10.6639948677462));
#4117=CARTESIAN_POINT('Ctrl Pts',(-5.61843171034292,261.8,-10.5277024989704));
#4118=CARTESIAN_POINT('Ctrl Pts',(-5.86222260315792,261.8,-10.3826510417253));
#4119=CARTESIAN_POINT('Ctrl Pts',(-5.93576758541294,261.8,-10.3388930213745));
#4120=CARTESIAN_POINT('Ctrl Pts',(-6.00882107212961,261.8,-10.2943375445084));
#4121=CARTESIAN_POINT('Ctrl Pts',(-6.08136848807795,261.8,-10.2489883254222));
#4122=CARTESIAN_POINT('Ctrl Pts',(-6.32209810855653,261.8,-10.0985088058294));
#4123=CARTESIAN_POINT('Ctrl Pts',(-6.55725794908752,261.8,-9.93929280777859));
#4124=CARTESIAN_POINT('Ctrl Pts',(-6.78647972485813,261.8,-9.77175795973062));
#4125=CARTESIAN_POINT('Ctrl Pts',(-6.95570787185176,261.8,-9.64807157872818));
#4126=CARTESIAN_POINT('Ctrl Pts',(-7.12169893210942,261.8,-9.51985007292559));
#4127=CARTESIAN_POINT('Ctrl Pts',(-7.28429250654997,261.8,-9.38724797562764));
#4128=CARTESIAN_POINT('Ctrl Pts',(-7.36624404987637,261.8,-9.32041294503511));
#4129=CARTESIAN_POINT('Ctrl Pts',(-7.44733231016966,261.8,-9.25246488595019));
#4130=CARTESIAN_POINT('Ctrl Pts',(-7.5275356189188,261.8,-9.18342262078811));
#4131=CARTESIAN_POINT('Ctrl Pts',(-7.57341257595164,261.8,-9.14392987314852));
#4132=CARTESIAN_POINT('Ctrl Pts',(-7.61899996820779,261.8,-9.10407909709012));
#4133=CARTESIAN_POINT('Ctrl Pts',(-7.66429362073782,261.8,-9.06387372870908));
#4134=CARTESIAN_POINT('Ctrl Pts',(-7.69065377882085,261.8,-9.0404748680054));
#4135=CARTESIAN_POINT('Ctrl Pts',(-7.71691255590468,261.8,-9.01695753742814));
#4136=CARTESIAN_POINT('Ctrl Pts',(-7.74306116729145,261.8,-8.9933298050587));
#4137=CARTESIAN_POINT('Ctrl Pts',(-7.95305259189836,261.8,-8.80358278151316));
#4138=CARTESIAN_POINT('Ctrl Pts',(-8.15609103099006,261.8,-8.60658710734524));
#4139=CARTESIAN_POINT('Ctrl Pts',(-8.35182391318023,261.8,-8.40276611516286));
#4140=CARTESIAN_POINT('Ctrl Pts',(-8.54760222819133,261.8,-8.19889781277619));
#4141=CARTESIAN_POINT('Ctrl Pts',(-8.73607201661997,261.8,-7.98820055257665));
#4142=CARTESIAN_POINT('Ctrl Pts',(-8.91684346116828,261.8,-7.77106171578213));
#4143=CARTESIAN_POINT('Ctrl Pts',(-9.09642687602457,261.8,-7.55534991513287));
#4144=CARTESIAN_POINT('Ctrl Pts',(-9.26841317194813,261.8,-7.33328044370077));
#4145=CARTESIAN_POINT('Ctrl Pts',(-9.43237780911945,261.8,-7.10520451007324));
#4146=CARTESIAN_POINT('Ctrl Pts',(-9.49378193917039,261.8,-7.01979094449251));
#4147=CARTESIAN_POINT('Ctrl Pts',(-9.55406059636845,261.8,-6.93353473652597));
#4148=CARTESIAN_POINT('Ctrl Pts',(-9.61318977562548,261.8,-6.84645350058183));
#4149=CARTESIAN_POINT('Ctrl Pts',(-9.63826518831377,261.8,-6.80952422207427));
#4150=CARTESIAN_POINT('Ctrl Pts',(-9.6631338639517,261.8,-6.77244656343934));
#4151=CARTESIAN_POINT('Ctrl Pts',(-9.68779391784493,261.8,-6.73522184699617));
#4152=CARTESIAN_POINT('Ctrl Pts',(-9.70354492417198,261.8,-6.71144546975232));
#4153=CARTESIAN_POINT('Ctrl Pts',(-9.71921034850533,261.8,-6.68760976027423));
#4154=CARTESIAN_POINT('Ctrl Pts',(-9.73478407481475,261.8,-6.66372384919571));
#4155=CARTESIAN_POINT('Ctrl Pts',(-9.86731361656864,261.8,-6.46045914640608));
#4156=CARTESIAN_POINT('Ctrl Pts',(-9.99331568292168,261.8,-6.2533932924488));
#4157=CARTESIAN_POINT('Ctrl Pts',(-10.1125701181744,261.8,-6.04278460566244));
#4158=CARTESIAN_POINT('Ctrl Pts',(-10.2502917201335,261.8,-5.79956207335782));
#4159=CARTESIAN_POINT('Ctrl Pts',(-10.3790153917696,261.8,-5.55161483247715));
#4160=CARTESIAN_POINT('Ctrl Pts',(-10.4986640921713,261.8,-5.2994913655662));
#4161=CARTESIAN_POINT('Ctrl Pts',(-10.6191245476076,261.8,-5.04565737030924));
#4162=CARTESIAN_POINT('Ctrl Pts',(-10.730386675253,261.8,-4.78758969677875));
#4163=CARTESIAN_POINT('Ctrl Pts',(-10.8323243483507,261.8,-4.52582442205397));
#4164=CARTESIAN_POINT('Ctrl Pts',(-10.934254239739,261.8,-4.26407912994428));
#4165=CARTESIAN_POINT('Ctrl Pts',(-11.0268612560798,261.8,-3.99863618306267));
#4166=CARTESIAN_POINT('Ctrl Pts',(-11.1099693713476,261.8,-3.73001711906472));
#4167=CARTESIAN_POINT('Ctrl Pts',(-11.1910394553353,261.8,-3.46798530654192));
#4168=CARTESIAN_POINT('Ctrl Pts',(-11.2630707545632,261.8,-3.20293065582544));
#4169=CARTESIAN_POINT('Ctrl Pts',(-11.3258518961549,261.8,-2.93533246727207));
#4170=CARTESIAN_POINT('Ctrl Pts',(-11.3493948242518,261.8,-2.83498314656456));
#4171=CARTESIAN_POINT('Ctrl Pts',(-11.3716364600965,261.8,-2.73427613560243));
#4172=CARTESIAN_POINT('Ctrl Pts',(-11.3925638716863,261.8,-2.63323678085731));
#4173=CARTESIAN_POINT('Ctrl Pts',(-11.3998252637007,261.8,-2.5981781516267));
#4174=CARTESIAN_POINT('Ctrl Pts',(-11.4069284208303,261.8,-2.5630795107314));
#4175=CARTESIAN_POINT('Ctrl Pts',(-11.4138727748023,261.8,-2.52794192033074));
#4176=CARTESIAN_POINT('Ctrl Pts',(-11.4188945311644,261.8,-2.50253244108285));
#4177=CARTESIAN_POINT('Ctrl Pts',(-11.4238329601683,261.8,-2.47710391776187));
#4178=CARTESIAN_POINT('Ctrl Pts',(-11.4286861183806,261.8,-2.45166627167097));
#4179=CARTESIAN_POINT('Ctrl Pts',(-11.4811484072269,261.8,-2.17668715943015));
#4180=CARTESIAN_POINT('Ctrl Pts',(-11.5237111703917,261.8,-1.90033871610223));
#4181=CARTESIAN_POINT('Ctrl Pts',(-11.5562776520543,261.8,-1.62314866608748));
#4182=CARTESIAN_POINT('Ctrl Pts',(-11.5888151031939,261.8,-1.34620570976249));
#4183=CARTESIAN_POINT('Ctrl Pts',(-11.6113742129912,261.8,-1.06842203038776));
#4184=CARTESIAN_POINT('Ctrl Pts',(-11.6238079872633,261.8,-0.790312488652098));
#4185=CARTESIAN_POINT('Ctrl Pts',(-11.6283032772426,261.8,-0.689765140054327));
#4186=CARTESIAN_POINT('Ctrl Pts',(-11.6314745947852,261.8,-0.589175134591102));
#4187=CARTESIAN_POINT('Ctrl Pts',(-11.6333133162108,261.8,-0.488566672737679));
#4188=CARTESIAN_POINT('Ctrl Pts',(-11.6384096066913,261.8,-0.209715325673325));
#4189=CARTESIAN_POINT('Ctrl Pts',(-11.6332726302633,261.8,0.069278203559952));
#4190=CARTESIAN_POINT('Ctrl Pts',(-11.618040558005,261.8,0.347878955962329));
#4191=CARTESIAN_POINT('Ctrl Pts',(-11.6028205940386,261.8,0.626258242815378));
#4192=CARTESIAN_POINT('Ctrl Pts',(-11.5775214180919,261.8,0.904245998805674));
#4193=CARTESIAN_POINT('Ctrl Pts',(-11.5422300035906,261.8,1.1812981998598));
#4194=CARTESIAN_POINT('Ctrl Pts',(-11.5207574089726,261.8,1.34986694909568));
#4195=CARTESIAN_POINT('Ctrl Pts',(-11.4955847569533,261.8,1.51808911951261));
#4196=CARTESIAN_POINT('Ctrl Pts',(-11.4667227823006,261.8,1.68583880607853));
#4197=CARTESIAN_POINT('Ctrl Pts',(-11.4533832773202,261.8,1.76336980686166));
#4198=CARTESIAN_POINT('Ctrl Pts',(-11.4392555934789,261.8,1.84079983639564));
#4199=CARTESIAN_POINT('Ctrl Pts',(-11.4243403202048,261.8,1.91811622181923));
#4200=CARTESIAN_POINT('Ctrl Pts',(-11.4192018907268,261.8,1.94475232742029));
#4201=CARTESIAN_POINT('Ctrl Pts',(-11.413969783806,261.8,1.97137593815952));
#4202=CARTESIAN_POINT('Ctrl Pts',(-11.4086446330481,261.8,1.99798344898117));
#4203=CARTESIAN_POINT('Ctrl Pts',(-11.3540970937775,261.8,2.27053427569427));
#4204=CARTESIAN_POINT('Ctrl Pts',(-11.2899390274066,261.8,2.54066099175529));
#4205=CARTESIAN_POINT('Ctrl Pts',(-11.2163608177854,261.8,2.80784999241036));
#4206=CARTESIAN_POINT('Ctrl Pts',(-11.142631308385,261.8,3.07558841710021));
#4207=CARTESIAN_POINT('Ctrl Pts',(-11.0594427123354,261.8,3.34037765282277));
#4208=CARTESIAN_POINT('Ctrl Pts',(-10.9669347416559,261.8,3.60169286716065));
#4209=CARTESIAN_POINT('Ctrl Pts',(-10.8751307971608,261.8,3.8610193582357));
#4210=CARTESIAN_POINT('Ctrl Pts',(-10.7741485626542,261.8,4.11692508192232));
#4211=CARTESIAN_POINT('Ctrl Pts',(-10.6640765844942,261.8,4.3688802620865));
#4212=CARTESIAN_POINT('Ctrl Pts',(-10.5628695353485,261.8,4.60054358573768));
#4213=CARTESIAN_POINT('Ctrl Pts',(-10.4539773066368,261.8,4.82886724179158));
#4214=CARTESIAN_POINT('Ctrl Pts',(-10.3374347653853,261.8,5.05342042676422));
#4215=CARTESIAN_POINT('Ctrl Pts',(-10.2284950053316,261.8,5.26332463708541));
#4216=CARTESIAN_POINT('Ctrl Pts',(-10.1128699227565,261.8,5.46993423572201));
#4217=CARTESIAN_POINT('Ctrl Pts',(-9.99076449755132,261.8,5.67298129403227));
#4218=CARTESIAN_POINT('Ctrl Pts',(-9.93734337402404,261.8,5.76181438204301));
#4219=CARTESIAN_POINT('Ctrl Pts',(-9.88268161218867,261.8,5.8499653340773));
#4220=CARTESIAN_POINT('Ctrl Pts',(-9.82679522641681,261.8,5.93741050488451));
#4221=CARTESIAN_POINT('Ctrl Pts',(-9.79326435864885,261.8,5.98987609947947));
#4222=CARTESIAN_POINT('Ctrl Pts',(-9.75929263871116,261.8,6.04208761267905));
#4223=CARTESIAN_POINT('Ctrl Pts',(-9.72488341446762,261.8,6.09403979885456));
#4224=CARTESIAN_POINT('Ctrl Pts',(-9.70898969597167,261.8,6.11803666133767));
#4225=CARTESIAN_POINT('Ctrl Pts',(-9.69300289392416,261.8,6.14197773843865));
#4226=CARTESIAN_POINT('Ctrl Pts',(-9.67693096881609,261.8,6.16585136542027));
#4227=CARTESIAN_POINT('Ctrl Pts',(-9.52399895926647,261.8,6.39302027797982));
#4228=CARTESIAN_POINT('Ctrl Pts',(-9.36318924067142,261.8,6.61434816933587));
#4229=CARTESIAN_POINT('Ctrl Pts',(-9.19491958556342,261.8,6.82949236372894));
#4230=CARTESIAN_POINT('Ctrl Pts',(-9.0252847281164,261.8,7.04638206213));
#4231=CARTESIAN_POINT('Ctrl Pts',(-8.84806800828454,261.8,7.25698780514468));
#4232=CARTESIAN_POINT('Ctrl Pts',(-8.66365257464491,261.8,7.4609306572093));
#4233=CARTESIAN_POINT('Ctrl Pts',(-8.47932848504011,261.8,7.66477249298361));
#4234=CARTESIAN_POINT('Ctrl Pts',(-8.28781236967082,261.8,7.86195849014799));
#4235=CARTESIAN_POINT('Ctrl Pts',(-8.089448486206,261.8,8.05207554785087));
#4236=CARTESIAN_POINT('Ctrl Pts',(-7.8924558681771,261.8,8.24087834942279));
#4237=CARTESIAN_POINT('Ctrl Pts',(-7.68870937628628,261.8,8.42271001065407));
#4238=CARTESIAN_POINT('Ctrl Pts',(-7.47851511001732,261.8,8.59712535120427));
#4239=CARTESIAN_POINT('Ctrl Pts',(-7.27186820331973,261.8,8.76859715795274));
#4240=CARTESIAN_POINT('Ctrl Pts',(-7.05898886691032,261.8,8.93290115758842));
#4241=CARTESIAN_POINT('Ctrl Pts',(-6.84014457987968,261.8,9.08956987719018));
#4242=CARTESIAN_POINT('Ctrl Pts',(-6.76108200513423,261.8,9.14617008605034));
#4243=CARTESIAN_POINT('Ctrl Pts',(-6.68124070360558,261.8,9.20177330303243));
#4244=CARTESIAN_POINT('Ctrl Pts',(-6.60063269012713,261.8,9.25635590567504));
#4245=CARTESIAN_POINT('Ctrl Pts',(-4.86926103217478,249.469033958187,-10.2732065862147));
#4246=CARTESIAN_POINT('Ctrl Pts',(-6.56999794819597,249.495382176225,-9.46709683638488));
#4247=CARTESIAN_POINT('Ctrl Pts',(-9.56163679638349,249.548078612301,-6.99452509717757));
#4248=CARTESIAN_POINT('Ctrl Pts',(-11.7393126108367,249.627123266415,-1.59282456563882));
#4249=CARTESIAN_POINT('Ctrl Pts',(-11.0799378005426,249.70616792053,4.19288581064131));
#4250=CARTESIAN_POINT('Ctrl Pts',(-7.74345528497484,249.785212574644,8.96589231767689));
#4251=CARTESIAN_POINT('Ctrl Pts',(-2.53579360567152,249.864257228758,11.5722215270867));
#4252=CARTESIAN_POINT('Ctrl Pts',(3.28456021940167,249.943301882872,11.3823994986305));
#4253=CARTESIAN_POINT('Ctrl Pts',(8.31127112631266,250.022346536986,8.44214791427678));
#4254=CARTESIAN_POINT('Ctrl Pts',(11.3296807678597,250.101391191101,3.46200298228314));
#4255=CARTESIAN_POINT('Ctrl Pts',(11.6104512705197,250.180435845215,-2.35469262072576));
#4256=CARTESIAN_POINT('Ctrl Pts',(9.08573179361322,250.259480499329,-7.60240773186155));
#4257=CARTESIAN_POINT('Ctrl Pts',(4.36558544242617,250.338525153443,-11.0131198639877));
#4258=CARTESIAN_POINT('Ctrl Pts',(-1.40943828133309,250.417569807557,-11.7626790920147));
#4259=CARTESIAN_POINT('Ctrl Pts',(-6.84389258752085,250.496614461672,-9.66996760931173));
#4260=CARTESIAN_POINT('Ctrl Pts',(-10.6246251780217,250.575659115786,-5.24065628591764));
#4261=CARTESIAN_POINT('Ctrl Pts',(-11.8380797532272,250.6547037699,0.454979244926006));
#4262=CARTESIAN_POINT('Ctrl Pts',(-10.1910436799136,250.733748424014,6.04067606843564));
#4263=CARTESIAN_POINT('Ctrl Pts',(-6.08149796257622,250.812793078128,10.1667360034499));
#4264=CARTESIAN_POINT('Ctrl Pts',(-0.5024514053725,250.891837732243,11.8361598980949));
#4265=CARTESIAN_POINT('Ctrl Pts',(5.19800484182745,250.970882386356,10.645557015252));
#4266=CARTESIAN_POINT('Ctrl Pts',(9.64244282400158,251.049927040471,6.88261831718277));
#4267=CARTESIAN_POINT('Ctrl Pts',(11.7569321703736,251.128971694585,1.45660030716095));
#4268=CARTESIAN_POINT('Ctrl Pts',(11.030538912405,251.208016348699,-4.32138285886817));
#4269=CARTESIAN_POINT('Ctrl Pts',(7.63878485677485,251.287061002813,-9.05517003844787));
#4270=CARTESIAN_POINT('Ctrl Pts',(2.40123542681399,251.366105656927,-11.6009140560981));
#4271=CARTESIAN_POINT('Ctrl Pts',(-3.41653576958965,251.445150311042,-11.3434748577177));
#4272=CARTESIAN_POINT('Ctrl Pts',(-8.40875342081199,251.524194965156,-8.34505868285799));
#4273=CARTESIAN_POINT('Ctrl Pts',(-11.3691245861719,251.60323961927,-3.33018688011539));
#4274=CARTESIAN_POINT('Ctrl Pts',(-11.5823209110309,251.682284273384,2.48937358110584));
#4275=CARTESIAN_POINT('Ctrl Pts',(-8.99682676853821,251.761328927499,7.70741504068009));
#4276=CARTESIAN_POINT('Ctrl Pts',(-4.23738722193257,251.840373581613,11.0630776931108));
#4277=CARTESIAN_POINT('Ctrl Pts',(1.54595205216231,251.919418235727,11.7455170497007));
#4278=CARTESIAN_POINT('Ctrl Pts',(6.95573568878146,251.998462889841,9.58983209134601));
#4279=CARTESIAN_POINT('Ctrl Pts',(10.6847723218309,252.077507543955,5.11691107437219));
#4280=CARTESIAN_POINT('Ctrl Pts',(11.8319973583434,252.156552198069,-0.592433139310239));
#4281=CARTESIAN_POINT('Ctrl Pts',(10.1202014377549,252.235596852183,-6.15862495786691));
#4282=CARTESIAN_POINT('Ctrl Pts',(5.96301382848242,252.314641506298,-10.2366793733967));
#4283=CARTESIAN_POINT('Ctrl Pts',(0.364955249855669,252.393686160412,-11.8411969909296));
#4284=CARTESIAN_POINT('Ctrl Pts',(-5.32128917568605,252.472730814526,-10.5844707010376));
#4285=CARTESIAN_POINT('Ctrl Pts',(-9.72172556634409,252.55177546864,-6.77016916517519));
#4286=CARTESIAN_POINT('Ctrl Pts',(-11.7730558600707,252.630820122755,-1.3199599342603));
#4287=CARTESIAN_POINT('Ctrl Pts',(-10.9796075070774,252.709864776868,4.44919739986073));
#4288=CARTESIAN_POINT('Ctrl Pts',(-7.53310515037088,252.788909430983,9.14327432082473));
#4289=CARTESIAN_POINT('Ctrl Pts',(-2.26634330199301,252.867954085097,11.6280190294783));
#4290=CARTESIAN_POINT('Ctrl Pts',(3.54804569674204,252.946998739211,11.3030310203161));
#4291=CARTESIAN_POINT('Ctrl Pts',(8.5051037904305,253.026043393325,8.24683866862944));
#4292=CARTESIAN_POINT('Ctrl Pts',(11.4070338070313,253.10508804744,3.1979240512625));
#4293=CARTESIAN_POINT('Ctrl Pts',(11.5526288004786,253.184132701554,-2.62371993755999));
#4294=CARTESIAN_POINT('Ctrl Pts',(8.90670797036255,253.263177355668,-7.8113821851883));
#4295=CARTESIAN_POINT('Ctrl Pts',(4.10861756356153,253.342222009782,-11.1115435574357));
#4296=CARTESIAN_POINT('Ctrl Pts',(-1.68225735486318,253.421266663896,-11.7267705999736));
#4297=CARTESIAN_POINT('Ctrl Pts',(-7.0666405469016,253.50031131801,-9.50840312004511));
#4298=CARTESIAN_POINT('Ctrl Pts',(-10.74347827489,253.579355972125,-4.99247564534501));
#4299=CARTESIAN_POINT('Ctrl Pts',(-11.824319011854,253.658400626239,0.729807110341701));
#4300=CARTESIAN_POINT('Ctrl Pts',(-10.047994146554,253.737445280353,6.27574315465623));
#4301=CARTESIAN_POINT('Ctrl Pts',(-5.8437253786492,253.816489934467,10.3052419773302));
#4302=CARTESIAN_POINT('Ctrl Pts',(-0.22740986841493,253.895534588582,11.8446368987886));
#4303=CARTESIAN_POINT('Ctrl Pts',(5.44385575378766,253.974579242696,10.5219567117695));
#4304=CARTESIAN_POINT('Ctrl Pts',(9.79969700458961,254.05362389681,6.65680682689792));
#4305=CARTESIAN_POINT('Ctrl Pts',(11.7875915545242,254.132668550924,1.18314151989834));
#4306=CARTESIAN_POINT('Ctrl Pts',(10.9271951297852,254.211713205038,-4.57641181582195));
#4307=CARTESIAN_POINT('Ctrl Pts',(7.42640934962129,254.290757859152,-9.23014532303013));
#4308=CARTESIAN_POINT('Ctrl Pts',(2.13114548401341,254.369802513266,-11.653555570656));
#4309=CARTESIAN_POINT('Ctrl Pts',(-3.67907704976292,254.448847167381,-11.2610625863772));
#4310=CARTESIAN_POINT('Ctrl Pts',(-8.60030695875268,254.527891821495,-8.14750628889768));
#4311=CARTESIAN_POINT('Ctrl Pts',(-11.4434044030461,254.606936475609,-3.06522987404557));
#4312=CARTESIAN_POINT('Ctrl Pts',(-11.5213784266672,254.685981129723,2.75771239652098));
#4313=CARTESIAN_POINT('Ctrl Pts',(-8.81538780096346,254.765025783837,7.91429570025165));
#4314=CARTESIAN_POINT('Ctrl Pts',(-3.9792937189609,254.844070437952,11.1585106537851));
#4315=CARTESIAN_POINT('Ctrl Pts',(1.81833574818494,254.923115092066,11.7064423980674));
#4316=CARTESIAN_POINT('Ctrl Pts',(7.17659222921017,255.00215974618,9.42569161855178));
#4317=CARTESIAN_POINT('Ctrl Pts',(10.8007351060424,255.081204400294,4.86736681189128));
#4318=CARTESIAN_POINT('Ctrl Pts',(11.8150457554785,255.160249054408,-0.867082642167147));
#4319=CARTESIAN_POINT('Ctrl Pts',(9.97443154303571,255.239293708522,-6.39201485493356));
#4320=CARTESIAN_POINT('Ctrl Pts',(5.72364870453268,255.318338362637,-10.372414570364));
#4321=CARTESIAN_POINT('Ctrl Pts',(0.0898338130514353,255.397383016751,-11.8464791562063));
#4322=CARTESIAN_POINT('Ctrl Pts',(-5.5656880435678,255.476427670865,-10.4580234802798));
#4323=CARTESIAN_POINT('Ctrl Pts',(-9.87634662179677,255.555472324979,-6.5425465927665));
#4324=CARTESIAN_POINT('Ctrl Pts',(-11.800537293033,255.634516979093,-1.04616351883166));
#4325=CARTESIAN_POINT('Ctrl Pts',(-10.8733088501463,255.713561633208,4.70300894765535));
#4326=CARTESIAN_POINT('Ctrl Pts',(-7.31871184605239,255.792606287322,9.31577132753105));
#4327=CARTESIAN_POINT('Ctrl Pts',(-1.99566020888741,255.871650941436,11.677520235181));
#4328=CARTESIAN_POINT('Ctrl Pts',(3.80961215464024,255.95069559555,11.2175752167576));
#4329=CARTESIAN_POINT('Ctrl Pts',(8.69435008440532,256.029740249664,8.04707494200212));
#4330=CARTESIAN_POINT('Ctrl Pts',(11.4782314684107,256.108784903778,2.93212224676647));
#4331=CARTESIAN_POINT('Ctrl Pts',(11.4885740047675,256.187829557893,-2.89133288456679));
#4332=CARTESIAN_POINT('Ctrl Pts',(8.72287857795884,256.266874212007,-8.01614170449749));
#4333=CARTESIAN_POINT('Ctrl Pts',(3.84943313183114,256.345918866121,-11.2039726470551));
#4334=CARTESIAN_POINT('Ctrl Pts',(-1.95416887734745,256.424963520236,-11.6845351859286));
#4335=CARTESIAN_POINT('Ctrl Pts',(-7.28557590499901,256.504008174349,-9.34170874331323));
#4336=CARTESIAN_POINT('Ctrl Pts',(-10.8565350922652,256.583052828464,-4.74160144917435));
#4337=CARTESIAN_POINT('Ctrl Pts',(-11.8041788400294,256.662097482578,1.00424121853189));
#4338=CARTESIAN_POINT('Ctrl Pts',(-9.89952354960863,256.741142136692,6.50742437552224));
#4339=CARTESIAN_POINT('Ctrl Pts',(-5.60280000253913,256.820186790806,10.4381880919988));
#4340=CARTESIAN_POINT('Ctrl Pts',(0.04775435944423,256.899231444921,11.8467235146918));
#4341=CARTESIAN_POINT('Ctrl Pts',(5.6867696118158,256.978276099035,10.3926796301303));
#4342=CARTESIAN_POINT('Ctrl Pts',(9.9516640791687,257.057320753149,6.42740387464336));
#4343=CARTESIAN_POINT('Ctrl Pts',(11.8118913294259,257.136365407263,0.909044407182865));
#4344=CARTESIAN_POINT('Ctrl Pts',(10.8179559365505,257.215410061377,-4.8289717194501));
#4345=CARTESIAN_POINT('Ctrl Pts',(7.21002716632006,257.294454715491,-9.40014078476082));
#4346=CARTESIAN_POINT('Ctrl Pts',(1.85990575139298,257.373499369606,-11.6999097906066));
#4347=CARTESIAN_POINT('Ctrl Pts',(-3.93963340429408,257.45254402372,-11.1725747772019));
#4348=CARTESIAN_POINT('Ctrl Pts',(-8.78722048248775,257.531588677834,-7.94555817451139));
#4349=CARTESIAN_POINT('Ctrl Pts',(-11.5115103055157,257.610633331948,-2.79861912349703));
#4350=CARTESIAN_POINT('Ctrl Pts',(-11.4542199595669,257.689677986062,3.02456337844909));
#4351=CARTESIAN_POINT('Ctrl Pts',(-8.62919277935049,257.768722640176,8.11690646054288));
#4352=CARTESIAN_POINT('Ctrl Pts',(-3.71905331827047,257.847767294291,11.2479234051561));
#4353=CARTESIAN_POINT('Ctrl Pts',(2.08973842065283,257.926811948405,11.6610519184868));
#4354=CARTESIAN_POINT('Ctrl Pts',(7.3935768741283,258.005856602519,9.25646582226458));
#4355=CARTESIAN_POINT('Ctrl Pts',(10.9108707070403,258.084901256633,4.61519652091292));
#4356=CARTESIAN_POINT('Ctrl Pts',(11.7917197312785,258.163945910747,-1.14126433895653));
#4357=CARTESIAN_POINT('Ctrl Pts',(9.82328027015271,258.242990564862,-6.62195614953961));
#4358=CARTESIAN_POINT('Ctrl Pts',(5.481195573209,258.322035218976,-10.5025536704475));
#4359=CARTESIAN_POINT('Ctrl Pts',(-0.185336090647133,258.40107987309,-11.8453699412851));
#4360=CARTESIAN_POINT('Ctrl Pts',(-5.80708412658151,258.480124527204,-10.3259339751522));
#4361=CARTESIAN_POINT('Ctrl Pts',(-10.0256392175955,258.559169181318,-6.31139420342361));
#4362=CARTESIAN_POINT('Ctrl Pts',(-11.8216521322265,258.638213835433,-0.771802680108115));
#4363=CARTESIAN_POINT('Ctrl Pts',(-10.7611438552128,258.717258489547,4.95428314086032));
#4364=CARTESIAN_POINT('Ctrl Pts',(-7.1003699702343,258.796303143661,9.48324231464071));
#4365=CARTESIAN_POINT('Ctrl Pts',(-1.72390042261644,258.875347797775,11.7207212169431));
#4366=CARTESIAN_POINT('Ctrl Pts',(4.06912326095546,258.954392451889,11.1260673375433));
#4367=CARTESIAN_POINT('Ctrl Pts',(8.87890562628158,259.033437106003,7.84296967939968));
#4368=CARTESIAN_POINT('Ctrl Pts',(11.5432364255828,259.112481760118,2.66473851165472));
#4369=CARTESIAN_POINT('Ctrl Pts',(11.418320924872,259.191526414232,-3.15738590752357));
#4370=CARTESIAN_POINT('Ctrl Pts',(8.53434304184128,259.270571068346,-8.21657637684778));
#4371=CARTESIAN_POINT('Ctrl Pts',(3.58817186441249,259.34961572246,-11.2903569998399));
#4372=CARTESIAN_POINT('Ctrl Pts',(-2.22502609195675,259.428660376574,-11.6359957632561));
#4373=CARTESIAN_POINT('Ctrl Pts',(-7.50058056900945,259.507705030689,-9.16997435330029));
#4374=CARTESIAN_POINT('Ctrl Pts',(-10.9637346213702,259.586749684803,-4.48816907709364));
#4375=CARTESIAN_POINT('Ctrl Pts',(-11.7776701097581,259.665794338917,1.27813352123448));
#4376=CARTESIAN_POINT('Ctrl Pts',(-9.74571198865735,259.744838993031,6.73559472849288));
#4377=CARTESIAN_POINT('Ctrl Pts',(-5.35885181901589,259.823883647146,10.5655026238409));
#4378=CARTESIAN_POINT('Ctrl Pts',(0.322892822996752,259.902928301259,11.8424186185432));
#4379=CARTESIAN_POINT('Ctrl Pts',(5.92661535938704,259.981972955374,10.2577955182961));
#4380=CARTESIAN_POINT('Ctrl Pts',(10.0982620590046,260.061017609488,6.19453322685979));
#4381=CARTESIAN_POINT('Ctrl Pts',(11.8298183849012,260.140062263602,0.634456849471922));
#4382=CARTESIAN_POINT('Ctrl Pts',(10.70288026908,260.219106917716,-5.0789263097527));
#4383=CARTESIAN_POINT('Ctrl Pts',(6.98975504896366,260.29815157183,-9.56506470736755));
#4384=CARTESIAN_POINT('Ctrl Pts',(1.58766256710105,260.377196225945,-11.7399517086339));
#4385=CARTESIAN_POINT('Ctrl Pts',(-4.19806425773,260.456240880059,-11.0780591675904));
#4386=CARTESIAN_POINT('Ctrl Pts',(-8.96939315062272,260.535285534173,-7.7393233011188));
#4387=CARTESIAN_POINT('Ctrl Pts',(-11.5734055457366,260.614330188287,-2.5304984550469));
#4388=CARTESIAN_POINT('Ctrl Pts',(-11.380881750303,260.693374842401,3.28978252566938));
#4389=CARTESIAN_POINT('Ctrl Pts',(-8.43834214355097,260.772419496516,8.31513807359999));
#4390=CARTESIAN_POINT('Ctrl Pts',(-3.45680645676794,260.85146415063,11.3312675730058));
#4391=CARTESIAN_POINT('Ctrl Pts',(2.36001371182587,260.930508804744,11.6093703823109));
#4392=CARTESIAN_POINT('Ctrl Pts',(7.60657241233539,261.009553458858,9.08224540974534));
#4393=CARTESIAN_POINT('Ctrl Pts',(11.0151200076252,261.088598112972,4.36053749678026));
#4394=CARTESIAN_POINT('Ctrl Pts',(11.7620312346141,261.167642767087,-1.41483291837274));
#4395=CARTESIAN_POINT('Ctrl Pts',(9.66683050321393,261.246687421201,-6.84831929481529));
#4396=CARTESIAN_POINT('Ctrl Pts',(5.23578243906861,261.325732075315,-10.6270379895831));
#4397=CARTESIAN_POINT('Ctrl Pts',(-0.46040010862282,261.404776729429,-11.8378457509174));
#4398=CARTESIAN_POINT('Ctrl Pts',(-6.04535949239659,261.483821383543,-10.1883243671505));
#4399=CARTESIAN_POINT('Ctrl Pts',(-10.1694963551893,261.562866037657,-6.07673077951963));
#4400=CARTESIAN_POINT('Ctrl Pts',(-11.8364388930173,261.641910691772,-0.497257482314592));
#4401=CARTESIAN_POINT('Ctrl Pts',(-10.6430217386582,261.720955345886,5.20330354980857));
#4402=CARTESIAN_POINT('Ctrl Pts',(-8.13302922712767,261.773651781962,8.16361630280816));
#4403=CARTESIAN_POINT('Ctrl Pts',(-6.60063269012647,261.8,9.2563559056755));
#4404=CARTESIAN_POINT('Ctrl Pts',(-4.95110245087938,249.579355972125,-10.4458762780028));
#4405=CARTESIAN_POINT('Ctrl Pts',(-6.68042496153818,249.605704190163,-9.62621762103456));
#4406=CARTESIAN_POINT('Ctrl Pts',(-9.72234658692119,249.658400626239,-7.11208746512941));
#4407=CARTESIAN_POINT('Ctrl Pts',(-11.9366242752431,249.737445280353,-1.61959639432866));
#4408=CARTESIAN_POINT('Ctrl Pts',(-11.2661668449014,249.816489934467,4.26335887029899));
#4409=CARTESIAN_POINT('Ctrl Pts',(-7.87360549914708,249.895534588581,9.11658897213489));
#4410=CARTESIAN_POINT('Ctrl Pts',(-2.57841464094956,249.974579242696,11.7667247630156));
#4411=CARTESIAN_POINT('Ctrl Pts',(3.33976635158482,250.05362389681,11.5737122495952));
#4412=CARTESIAN_POINT('Ctrl Pts',(8.45096505845584,250.132668550924,8.58404159334908));
#4413=CARTESIAN_POINT('Ctrl Pts',(11.5201074345316,250.211713205038,3.52019153158406));
#4414=CARTESIAN_POINT('Ctrl Pts',(11.8055970631772,250.290757859152,-2.39426975233157));
#4415=CARTESIAN_POINT('Ctrl Pts',(9.23844268240014,250.369802513266,-7.73018725122499));
#4416=CARTESIAN_POINT('Ctrl Pts',(4.43896119774583,250.448847167381,-11.1982258478478));
#4417=CARTESIAN_POINT('Ctrl Pts',(-1.43312779556505,250.527891821495,-11.9603834948586));
#4418=CARTESIAN_POINT('Ctrl Pts',(-6.95892315892041,250.606936475609,-9.8324981992194));
#4419=CARTESIAN_POINT('Ctrl Pts',(-10.8032014326172,250.685981129723,-5.32874003056569));
#4420=CARTESIAN_POINT('Ctrl Pts',(-12.0370514730304,250.765025783838,0.462626431355278));
#4421=CARTESIAN_POINT('Ctrl Pts',(-10.3623323964835,250.844070437952,6.1422063614532));
#4422=CARTESIAN_POINT('Ctrl Pts',(-6.18371438059483,250.923115092066,10.3376161621885));
#4423=CARTESIAN_POINT('Ctrl Pts',(-0.510896492948243,251.00215974618,12.0350993494149));
#4424=CARTESIAN_POINT('Ctrl Pts',(5.28537171082,251.081204400294,10.82448508735));
#4425=CARTESIAN_POINT('Ctrl Pts',(9.80451078365293,251.160249054408,6.99829978173327));
#4426=CARTESIAN_POINT('Ctrl Pts',(11.9545399802814,251.239293708523,1.48108250986809));
#4427=CARTESIAN_POINT('Ctrl Pts',(11.2159376716217,251.318338362637,-4.39401566733716));
#4428=CARTESIAN_POINT('Ctrl Pts',(7.76717579448118,251.397383016751,-9.20736725228815));
#4429=CARTESIAN_POINT('Ctrl Pts',(2.44159483919212,251.476427670865,-11.7958995494507));
#4430=CARTESIAN_POINT('Ctrl Pts',(-3.47396011644446,251.555472324979,-11.5341333722769));
#4431=CARTESIAN_POINT('Ctrl Pts',(-8.55008581292429,251.634516979094,-8.48532050847495));
#4432=CARTESIAN_POINT('Ctrl Pts',(-11.5602142154634,251.713561633208,-3.38615989471027));
#4433=CARTESIAN_POINT('Ctrl Pts',(-11.7769938950807,251.792606287322,2.53121439929513));
#4434=CARTESIAN_POINT('Ctrl Pts',(-9.14804336212633,251.871650941436,7.83695949872135));
#4435=CARTESIAN_POINT('Ctrl Pts',(-4.30860825106867,251.95069559555,11.2490233566644));
#4436=CARTESIAN_POINT('Ctrl Pts',(1.57193605843394,252.029740249664,11.9429329968876));
#4437=CARTESIAN_POINT('Ctrl Pts',(7.07264609328484,252.108784903779,9.75101578191195));
#4438=CARTESIAN_POINT('Ctrl Pts',(10.864359515776,252.187829557893,5.20291493798616));
#4439=CARTESIAN_POINT('Ctrl Pts',(12.0308668466533,252.266874212007,-0.602390619159506));
#4440=CARTESIAN_POINT('Ctrl Pts',(10.2902994542238,252.345918866121,-6.26213770867055));
#4441=CARTESIAN_POINT('Ctrl Pts',(6.06323879244586,252.424963520235,-10.4087351241989));
#4442=CARTESIAN_POINT('Ctrl Pts',(0.371089333696024,252.50400817435,-12.0402211045466));
#4443=CARTESIAN_POINT('Ctrl Pts',(-5.4107281793866,252.583052828464,-10.7623720484261));
#4444=CARTESIAN_POINT('Ctrl Pts',(-9.88512609208077,252.662097482578,-6.88396061026039));
#4445=CARTESIAN_POINT('Ctrl Pts',(-11.9709346732438,252.741142136692,-1.3421455170293));
#4446=CARTESIAN_POINT('Ctrl Pts',(-11.1641502229559,252.820186790806,4.52397848571655));
#4447=CARTESIAN_POINT('Ctrl Pts',(-7.65971984789553,252.89923144492,9.29695237116484));
#4448=CARTESIAN_POINT('Ctrl Pts',(-2.30443547858434,252.978276099035,11.8234600969849));
#4449=CARTESIAN_POINT('Ctrl Pts',(3.60768043218369,253.057320753149,11.493009764165));
#4450=CARTESIAN_POINT('Ctrl Pts',(8.64805561737906,253.136365407263,8.38544963485387));
#4451=CARTESIAN_POINT('Ctrl Pts',(11.5987606057816,253.215410061377,3.25167402267204));
#4452=CARTESIAN_POINT('Ctrl Pts',(11.7468027263683,253.294454715491,-2.66781881838699));
#4453=CARTESIAN_POINT('Ctrl Pts',(9.05640986793295,253.373499369606,-7.94267409906505));
#4454=CARTESIAN_POINT('Ctrl Pts',(4.17767426191775,253.45254402372,-11.2983038240818));
#4455=CARTESIAN_POINT('Ctrl Pts',(-1.71053234929015,253.531588677834,-11.9238714611482));
#4456=CARTESIAN_POINT('Ctrl Pts',(-7.18541501473407,253.610633331948,-9.66821817120336));
#4457=CARTESIAN_POINT('Ctrl Pts',(-10.9240521849822,253.689677986062,-5.07638802690833));
#4458=CARTESIAN_POINT('Ctrl Pts',(-12.0230594442834,253.768722640177,0.742073540277645));
#4459=CARTESIAN_POINT('Ctrl Pts',(-10.2168785194918,253.847767294291,6.38122440115523));
#4460=CARTESIAN_POINT('Ctrl Pts',(-5.94194536980364,253.926811948405,10.4784501125988));
#4461=CARTESIAN_POINT('Ctrl Pts',(-0.2312321211419,254.005856602519,12.0437188295852));
#4462=CARTESIAN_POINT('Ctrl Pts',(5.53535482832263,254.084901256633,10.6988073384148));
#4463=CARTESIAN_POINT('Ctrl Pts',(9.96440805631417,254.163945910747,6.76869290389318));
#4464=CARTESIAN_POINT('Ctrl Pts',(11.9857146803041,254.242990564862,1.2030274902493));
#4465=CARTESIAN_POINT('Ctrl Pts',(11.1108569104897,254.322035218976,-4.65333109230117));
#4466=CARTESIAN_POINT('Ctrl Pts',(7.55123072868438,254.40107987309,-9.38528348118081));
#4467=CARTESIAN_POINT('Ctrl Pts',(2.16696528679769,254.480124527204,-11.8494258504691));
#4468=CARTESIAN_POINT('Ctrl Pts',(-3.74091413002757,254.559169181318,-11.4503359344481));
#4469=CARTESIAN_POINT('Ctrl Pts',(-8.74485893864214,254.638213835433,-8.28444769934623));
#4470=CARTESIAN_POINT('Ctrl Pts',(-11.6357425104032,254.717258489547,-3.11674955226575));
#4471=CARTESIAN_POINT('Ctrl Pts',(-11.7150271034665,254.796303143661,2.80406339175807));
#4472=CARTESIAN_POINT('Ctrl Pts',(-8.96355481014515,254.875347797775,8.04731736080269));
#4473=CARTESIAN_POINT('Ctrl Pts',(-4.04617677190265,254.954392451889,11.3460603325766));
#4474=CARTESIAN_POINT('Ctrl Pts',(1.84889791692664,255.033437106003,11.9032015875031));
#4475=CARTESIAN_POINT('Ctrl Pts',(7.29721473961206,255.112481760118,9.58411647383007));
#4476=CARTESIAN_POINT('Ctrl Pts',(10.9822713757742,255.191526414232,4.94917639297735));
#4477=CARTESIAN_POINT('Ctrl Pts',(12.0136303251491,255.270571068346,-0.881656367646254));
#4478=CARTESIAN_POINT('Ctrl Pts',(10.1420794926651,255.34961572246,-6.49945036940936));
#4479=CARTESIAN_POINT('Ctrl Pts',(5.81985047458578,255.428660376574,-10.5467517271156));
#4480=CARTESIAN_POINT('Ctrl Pts',(0.0913437191047876,255.507705030689,-12.0455920512415));
#4481=CARTESIAN_POINT('Ctrl Pts',(-5.65923484718809,255.586749684803,-10.6337995318853));
#4482=CARTESIAN_POINT('Ctrl Pts',(-10.0423459826454,255.665794338917,-6.65251221004497));
#4483=CARTESIAN_POINT('Ctrl Pts',(-11.9988780078061,255.744838993031,-1.06374719446796));
#4484=CARTESIAN_POINT('Ctrl Pts',(-11.0560649226652,255.823883647145,4.78205603958844));
#4485=CARTESIAN_POINT('Ctrl Pts',(-7.44172307026349,255.902928301259,9.47234866785744));
#4486=CARTESIAN_POINT('Ctrl Pts',(-2.02920280635108,255.981972955374,11.8737933075597));
#4487=CARTESIAN_POINT('Ctrl Pts',(3.8736432389033,256.061017609488,11.4061176391291));
#4488=CARTESIAN_POINT('Ctrl Pts',(8.84048271950549,256.140062263602,8.18232832548764));
#4489=CARTESIAN_POINT('Ctrl Pts',(11.6711549410665,256.219106917716,2.98140468262381));
#4490=CARTESIAN_POINT('Ctrl Pts',(11.6816713123939,256.298151571831,-2.93992974221246));
#4491=CARTESIAN_POINT('Ctrl Pts',(8.86949071341246,256.377196225945,-8.15087516924671));
#4492=CARTESIAN_POINT('Ctrl Pts',(3.91413351791353,256.456240880059,-11.3922864405658));
#4493=CARTESIAN_POINT('Ctrl Pts',(-1.98701409806034,256.535285534173,-11.8809261639849));
#4494=CARTESIAN_POINT('Ctrl Pts',(-7.40803018793954,256.614330188287,-9.49872203375427));
#4495=CARTESIAN_POINT('Ctrl Pts',(-11.0390092353223,256.693374842401,-4.82129719499043));
#4496=CARTESIAN_POINT('Ctrl Pts',(-12.0025807610863,256.772419496516,1.0211202737937));
#4497=CARTESIAN_POINT('Ctrl Pts',(-10.0659124629255,256.85146415063,6.61679966665709));
#4498=CARTESIAN_POINT('Ctrl Pts',(-5.69697057542403,256.930508804744,10.6136307549634));
#4499=CARTESIAN_POINT('Ctrl Pts',(0.0485570037264631,257.009553458858,12.0458405168482));
#4500=CARTESIAN_POINT('Ctrl Pts',(5.78235152656671,257.088598112972,10.5673573973423));
#4501=CARTESIAN_POINT('Ctrl Pts',(10.1189293585056,257.167642767087,6.53543419961722));
#4502=CARTESIAN_POINT('Ctrl Pts',(12.0104228802294,257.246687421201,0.924323416350336));
#4503=CARTESIAN_POINT('Ctrl Pts',(10.9997816500378,257.325732075315,-4.91013596465954));
#4504=CARTESIAN_POINT('Ctrl Pts',(7.33121164344943,257.404776729429,-9.55813618750559));
#4505=CARTESIAN_POINT('Ctrl Pts',(1.89116661918075,257.483821383543,-11.8965591814797));
#4506=CARTESIAN_POINT('Ctrl Pts',(-4.00584985579523,257.562866037657,-11.3603608425427));
#4507=CARTESIAN_POINT('Ctrl Pts',(-8.93491406186354,257.641910691771,-8.07910528753434));
#4508=CARTESIAN_POINT('Ctrl Pts',(-11.704993121206,257.720955345886,-2.84565766958594));
#4509=CARTESIAN_POINT('Ctrl Pts',(-11.6467398523086,257.8,3.07539954357119));
#4510=CARTESIAN_POINT('Ctrl Pts',(-8.77423026546411,257.879044654114,8.25333355611937));
#4511=CARTESIAN_POINT('Ctrl Pts',(-3.78156231045515,257.958089308228,11.4369759128931));
#4512=CARTESIAN_POINT('Ctrl Pts',(2.12486226304649,258.037133962343,11.8570481951889));
#4513=CARTESIAN_POINT('Ctrl Pts',(7.51784641250011,258.116178616457,9.41204636930841));
#4514=CARTESIAN_POINT('Ctrl Pts',(11.0942581106045,258.195223270571,4.69276768178853));
#4515=CARTESIAN_POINT('Ctrl Pts',(11.9899122425032,258.274267924685,-1.16044644728877));
#4516=CARTESIAN_POINT('Ctrl Pts',(9.98838770397688,258.353312578799,-6.73325646437115));
#4517=CARTESIAN_POINT('Ctrl Pts',(5.57332224683458,258.432357232913,-10.6790781752402));
#4518=CARTESIAN_POINT('Ctrl Pts',(-0.188451177001185,258.511401887028,-12.0444641928913));
#4519=CARTESIAN_POINT('Ctrl Pts',(-5.90468826000464,258.590446541142,-10.4994898967576));
#4520=CARTESIAN_POINT('Ctrl Pts',(-10.1941478540327,258.669491195256,-6.41747466454476));
#4521=CARTESIAN_POINT('Ctrl Pts',(-12.0203477403569,258.74853584937,-0.784774961914889));
#4522=CARTESIAN_POINT('Ctrl Pts',(-10.9420146843131,258.827580503484,5.03755359159876));
#4523=CARTESIAN_POINT('Ctrl Pts',(-7.21971135445089,258.906625157599,9.6426344687728));
#4524=CARTESIAN_POINT('Ctrl Pts',(-1.75287534414154,258.985669811713,11.91772040148));
#4525=CARTESIAN_POINT('Ctrl Pts',(4.1375161481636,259.064714465827,11.3130717165427));
#4526=CARTESIAN_POINT('Ctrl Pts',(9.02814022845172,259.143759119941,7.97479250860888));
#4527=CARTESIAN_POINT('Ctrl Pts',(11.737252486597,259.222803774055,2.70952682323416));
#4528=CARTESIAN_POINT('Ctrl Pts',(11.6102374349011,259.301848428169,-3.21045452314351));
#4529=CARTESIAN_POINT('Ctrl Pts',(8.67778631539777,259.380893082284,-8.3546787014372));
#4530=CARTESIAN_POINT('Ctrl Pts',(3.64848103124481,259.459937736398,-11.4801227216697));
#4531=CARTESIAN_POINT('Ctrl Pts',(-2.26242381839146,259.538982390512,-11.8315709018681));
#4532=CARTESIAN_POINT('Ctrl Pts',(-7.62664860085652,259.618027044626,-9.32410117164091));
#4533=CARTESIAN_POINT('Ctrl Pts',(-11.1480105494391,259.69707169874,-4.56360518993056));
#4534=CARTESIAN_POINT('Ctrl Pts',(-11.9756264781779,259.776116352855,1.29961609528021));
#4535=CARTESIAN_POINT('Ctrl Pts',(-9.9095156726595,259.855161006969,6.84880505440406));
#4536=CARTESIAN_POINT('Ctrl Pts',(-5.44892216698001,259.934205661083,10.7430851601536));
#4537=CARTESIAN_POINT('Ctrl Pts',(0.328319931247657,260.013250315197,12.0414632649959));
#4538=CARTESIAN_POINT('Ctrl Pts',(6.02622854625948,260.092294969312,10.4302061844016));
#4539=CARTESIAN_POINT('Ctrl Pts',(10.2679913234451,260.171339623425,6.29864951558393));
#4540=CARTESIAN_POINT('Ctrl Pts',(12.028651249527,260.25038427754,0.645120654169304));
#4541=CARTESIAN_POINT('Ctrl Pts',(10.8827718172346,260.329428931654,-5.16429173418562));
#4542=CARTESIAN_POINT('Ctrl Pts',(7.10723724304301,260.408473585768,-9.7258321134441));
#4543=CARTESIAN_POINT('Ctrl Pts',(1.61434763410757,260.487518239882,-11.937274114849));
#4544=CARTESIAN_POINT('Ctrl Pts',(-4.26862435553446,260.566562893996,-11.2642566363189));
#4545=CARTESIAN_POINT('Ctrl Pts',(-9.12014864627511,260.645607548111,-7.86940406585742));
#4546=CARTESIAN_POINT('Ctrl Pts',(-11.7679286823785,260.724652202225,-2.57303049065199));
#4547=CARTESIAN_POINT('Ctrl Pts',(-11.5721689913032,260.803696856339,3.3450764331743));
#4548=CARTESIAN_POINT('Ctrl Pts',(-8.58017185610485,260.882741510453,8.45489700050315));
#4549=CARTESIAN_POINT('Ctrl Pts',(-3.51490766406404,260.961786164567,11.5217209103333));
#4550=CARTESIAN_POINT('Ctrl Pts',(2.39968027910617,261.040830818682,11.8044980076482));
#4551=CARTESIAN_POINT('Ctrl Pts',(7.73442193068968,261.119875472796,9.23489770019465));
#4552=CARTESIAN_POINT('Ctrl Pts',(11.2002596094393,261.19892012691,4.43382840739135));
#4553=CARTESIAN_POINT('Ctrl Pts',(11.95972474842,261.277964781024,-1.43861310442241));
#4554=CARTESIAN_POINT('Ctrl Pts',(9.82930836536434,261.357009435138,-6.96342426929218));
#4555=CARTESIAN_POINT('Ctrl Pts',(5.32378426522061,261.436054089252,-10.80565479816));
#4556=CARTESIAN_POINT('Ctrl Pts',(-0.468138407681428,261.515098743367,-12.0368135376636));
#4557=CARTESIAN_POINT('Ctrl Pts',(-6.14696850332614,261.594143397481,-10.3595673781373));
#4558=CARTESIAN_POINT('Ctrl Pts',(-10.3404229092846,261.673188051595,-6.17886707182265));
#4559=CARTESIAN_POINT('Ctrl Pts',(-12.0353830336198,261.752232705709,-0.505615271627027));
#4560=CARTESIAN_POINT('Ctrl Pts',(-10.8219071984108,261.831277359824,5.29075947826529));
#4561=CARTESIAN_POINT('Ctrl Pts',(-8.26972731045407,261.8839737959,8.30082848666257));
#4562=CARTESIAN_POINT('Ctrl Pts',(-6.71157460516009,261.910322013938,9.41193460526658));
#4563=CARTESIAN_POINT('Ctrl Pts',(-5.03294386958398,249.689677986062,-10.6185459697908));
#4564=CARTESIAN_POINT('Ctrl Pts',(-6.7908519748804,249.7160262041,-9.78533840568423));
#4565=CARTESIAN_POINT('Ctrl Pts',(-9.8830563774589,249.768722640176,-7.22964983308125));
#4566=CARTESIAN_POINT('Ctrl Pts',(-12.1339359396496,249.847767294291,-1.6463682230185));
#4567=CARTESIAN_POINT('Ctrl Pts',(-11.4523958892601,249.926811948405,4.33383192995667));
#4568=CARTESIAN_POINT('Ctrl Pts',(-8.00375571331933,250.005856602519,9.26728562659289));
#4569=CARTESIAN_POINT('Ctrl Pts',(-2.62103567622759,250.084901256633,11.9612279989446));
#4570=CARTESIAN_POINT('Ctrl Pts',(3.39497248376797,250.163945910747,11.76502500056));
#4571=CARTESIAN_POINT('Ctrl Pts',(8.59065899059902,250.242990564862,8.72593527242137));
#4572=CARTESIAN_POINT('Ctrl Pts',(11.7105341012034,250.322035218976,3.57838008088497));
#4573=CARTESIAN_POINT('Ctrl Pts',(12.0007428558347,250.40107987309,-2.43384688393738));
#4574=CARTESIAN_POINT('Ctrl Pts',(9.39115357118707,250.480124527204,-7.85796677058843));
#4575=CARTESIAN_POINT('Ctrl Pts',(4.51233695306549,250.559169181319,-11.383331831708));
#4576=CARTESIAN_POINT('Ctrl Pts',(-1.45681730979701,250.638213835432,-12.1580878977026));
#4577=CARTESIAN_POINT('Ctrl Pts',(-7.07395373031996,250.717258489547,-9.99502878912705));
#4578=CARTESIAN_POINT('Ctrl Pts',(-10.9817776872128,250.796303143661,-5.41682377521375));
#4579=CARTESIAN_POINT('Ctrl Pts',(-12.2360231928336,250.875347797775,0.470273617784555));
#4580=CARTESIAN_POINT('Ctrl Pts',(-10.5336211130533,250.954392451889,6.24373665447076));
#4581=CARTESIAN_POINT('Ctrl Pts',(-6.28593079861345,251.033437106003,10.5084963209271));
#4582=CARTESIAN_POINT('Ctrl Pts',(-0.519341580523984,251.112481760118,12.2340388007349));
#4583=CARTESIAN_POINT('Ctrl Pts',(5.37273857981255,251.191526414232,11.003413159448));
#4584=CARTESIAN_POINT('Ctrl Pts',(9.96657874330427,251.270571068346,7.11398124628376));
#4585=CARTESIAN_POINT('Ctrl Pts',(12.1521477901892,251.34961572246,1.50556471257524));
#4586=CARTESIAN_POINT('Ctrl Pts',(11.4013364308385,251.428660376574,-4.46664847580616));
#4587=CARTESIAN_POINT('Ctrl Pts',(7.89556673218751,251.507705030689,-9.35956446612843));
#4588=CARTESIAN_POINT('Ctrl Pts',(2.48195425157025,251.586749684803,-11.9908850428033));
#4589=CARTESIAN_POINT('Ctrl Pts',(-3.53138446329927,251.665794338917,-11.7247918868362));
#4590=CARTESIAN_POINT('Ctrl Pts',(-8.6914182050366,251.744838993031,-8.62558233409192));
#4591=CARTESIAN_POINT('Ctrl Pts',(-11.7513038447549,251.823883647145,-3.44213290930514));
#4592=CARTESIAN_POINT('Ctrl Pts',(-11.9716668791305,251.90292830126,2.57305521748443));
#4593=CARTESIAN_POINT('Ctrl Pts',(-9.29925995571445,251.981972955374,7.9665039567626));
#4594=CARTESIAN_POINT('Ctrl Pts',(-4.37982928020478,252.061017609488,11.434969020218));
#4595=CARTESIAN_POINT('Ctrl Pts',(1.59792006470556,252.140062263602,12.1403489440744));
#4596=CARTESIAN_POINT('Ctrl Pts',(7.18955649778823,252.219106917716,9.91219947247788));
#4597=CARTESIAN_POINT('Ctrl Pts',(11.0439467097211,252.29815157183,5.28891880160015));
#4598=CARTESIAN_POINT('Ctrl Pts',(12.2297363349632,252.377196225945,-0.612348099008784));
#4599=CARTESIAN_POINT('Ctrl Pts',(10.4603974706927,252.456240880059,-6.36565045947419));
#4600=CARTESIAN_POINT('Ctrl Pts',(6.1634637564093,252.535285534173,-10.5807908750012));
#4601=CARTESIAN_POINT('Ctrl Pts',(0.377223417536382,252.614330188287,-12.2392452181636));
#4602=CARTESIAN_POINT('Ctrl Pts',(-5.50016718308714,252.693374842401,-10.9402733958147));
#4603=CARTESIAN_POINT('Ctrl Pts',(-10.0485266178174,252.772419496516,-6.99775205534558));
#4604=CARTESIAN_POINT('Ctrl Pts',(-12.1688134864169,252.85146415063,-1.3643310997983));
#4605=CARTESIAN_POINT('Ctrl Pts',(-11.3486929388344,252.930508804744,4.59875957157236));
#4606=CARTESIAN_POINT('Ctrl Pts',(-7.7863345454202,253.009553458858,9.45063042150496));
#4607=CARTESIAN_POINT('Ctrl Pts',(-2.34252765517566,253.088598112972,12.0189011644915));
#4608=CARTESIAN_POINT('Ctrl Pts',(3.66731516762534,253.167642767087,11.6829885080139));
#4609=CARTESIAN_POINT('Ctrl Pts',(8.7910074443276,253.246687421201,8.52406060107831));
#4610=CARTESIAN_POINT('Ctrl Pts',(11.790487404532,253.325732075315,3.30542399408159));
#4611=CARTESIAN_POINT('Ctrl Pts',(11.9409766522579,253.404776729429,-2.71191769921399));
#4612=CARTESIAN_POINT('Ctrl Pts',(9.20611176550337,253.483821383543,-8.07396601294179));
#4613=CARTESIAN_POINT('Ctrl Pts',(4.24673096027398,253.562866037658,-11.485064090728));
#4614=CARTESIAN_POINT('Ctrl Pts',(-1.73880734371713,253.641910691771,-12.1209723223228));
#4615=CARTESIAN_POINT('Ctrl Pts',(-7.30418948256653,253.720955345886,-9.82803322236161));
#4616=CARTESIAN_POINT('Ctrl Pts',(-11.1046260950743,253.8,-5.16030040847168));
#4617=CARTESIAN_POINT('Ctrl Pts',(-12.2217998767128,253.879044654114,0.754339970213599));
#4618=CARTESIAN_POINT('Ctrl Pts',(-10.3857628924297,253.958089308228,6.48670564765422));
#4619=CARTESIAN_POINT('Ctrl Pts',(-6.04016536095807,254.037133962343,10.6516582478674));
#4620=CARTESIAN_POINT('Ctrl Pts',(-0.235054373868874,254.116178616457,12.2428007603818));
#4621=CARTESIAN_POINT('Ctrl Pts',(5.6268539028576,254.195223270571,10.8756579650601));
#4622=CARTESIAN_POINT('Ctrl Pts',(10.1291191080387,254.274267924685,6.88057898088844));
#4623=CARTESIAN_POINT('Ctrl Pts',(12.183837806084,254.353312578799,1.22291346060025));
#4624=CARTESIAN_POINT('Ctrl Pts',(11.2945186911941,254.432357232913,-4.7302503687804));
#4625=CARTESIAN_POINT('Ctrl Pts',(7.67605210774748,254.511401887028,-9.54042163933149));
#4626=CARTESIAN_POINT('Ctrl Pts',(2.20278508958196,254.590446541142,-12.0452961302823));
#4627=CARTESIAN_POINT('Ctrl Pts',(-3.80275121029221,254.669491195256,-11.6396092825189));
#4628=CARTESIAN_POINT('Ctrl Pts',(-8.8894109185316,254.74853584937,-8.42138910979479));
#4629=CARTESIAN_POINT('Ctrl Pts',(-11.8280806177602,254.827580503484,-3.16826923048593));
#4630=CARTESIAN_POINT('Ctrl Pts',(-11.9086757802658,254.906625157599,2.85041438699517));
#4631=CARTESIAN_POINT('Ctrl Pts',(-9.11172181932683,254.985669811713,8.18033902135373));
#4632=CARTESIAN_POINT('Ctrl Pts',(-4.11305982484441,255.064714465827,11.5336100113681));
#4633=CARTESIAN_POINT('Ctrl Pts',(1.87946008566834,255.143759119941,12.0999607769388));
#4634=CARTESIAN_POINT('Ctrl Pts',(7.41783725001395,255.222803774055,9.74254132910836));
#4635=CARTESIAN_POINT('Ctrl Pts',(11.1638076455059,255.30184842817,5.03098597406343));
#4636=CARTESIAN_POINT('Ctrl Pts',(12.2122148948197,255.380893082284,-0.896230093125365));
#4637=CARTESIAN_POINT('Ctrl Pts',(10.3097274422944,255.459937736398,-6.60688588388516));
#4638=CARTESIAN_POINT('Ctrl Pts',(5.9160522446389,255.538982390512,-10.7210888838673));
#4639=CARTESIAN_POINT('Ctrl Pts',(0.092853625158138,255.618027044626,-12.2447049462767));
#4640=CARTESIAN_POINT('Ctrl Pts',(-5.75278165080839,255.69707169874,-10.8095755834908));
#4641=CARTESIAN_POINT('Ctrl Pts',(-10.2083453434941,255.776116352855,-6.76247782732343));
#4642=CARTESIAN_POINT('Ctrl Pts',(-12.1972187225793,255.855161006969,-1.08133087010426));
#4643=CARTESIAN_POINT('Ctrl Pts',(-11.2388209951841,255.934205661083,4.86110313152153));
#4644=CARTESIAN_POINT('Ctrl Pts',(-7.5647342944746,256.013250315197,9.62892600818383));
#4645=CARTESIAN_POINT('Ctrl Pts',(-2.06274540381474,256.092294969311,12.0700663799384));
#4646=CARTESIAN_POINT('Ctrl Pts',(3.93767432316636,256.171339623426,11.5946600615005));
#4647=CARTESIAN_POINT('Ctrl Pts',(8.98661535460566,256.25038427754,8.31758170897317));
#4648=CARTESIAN_POINT('Ctrl Pts',(11.8640784137223,256.329428931654,3.03068711848114));
#4649=CARTESIAN_POINT('Ctrl Pts',(11.8747686200203,256.408473585768,-2.98852659985811));
#4650=CARTESIAN_POINT('Ctrl Pts',(9.01610284886609,256.487518239882,-8.28560863399593));
#4651=CARTESIAN_POINT('Ctrl Pts',(3.97883390399592,256.566562893996,-11.5806002340764));
#4652=CARTESIAN_POINT('Ctrl Pts',(-2.01985931877323,256.645607548111,-12.0773171420413));
#4653=CARTESIAN_POINT('Ctrl Pts',(-7.53048447088007,256.724652202225,-9.65573532419531));
#4654=CARTESIAN_POINT('Ctrl Pts',(-11.2214833783793,256.803696856339,-4.90099294080651));
#4655=CARTESIAN_POINT('Ctrl Pts',(-12.2009826821432,256.882741510453,1.03799932905551));
#4656=CARTESIAN_POINT('Ctrl Pts',(-10.2323013762424,256.961786164567,6.72617495779193));
#4657=CARTESIAN_POINT('Ctrl Pts',(-5.79114114830894,257.040830818682,10.7890734179281));
#4658=CARTESIAN_POINT('Ctrl Pts',(0.0493596480086967,257.119875472796,12.2449575190046));
#4659=CARTESIAN_POINT('Ctrl Pts',(5.87793344131761,257.19892012691,10.7420351645542));
#4660=CARTESIAN_POINT('Ctrl Pts',(10.2861946378425,257.277964781024,6.64346452459108));
#4661=CARTESIAN_POINT('Ctrl Pts',(12.208954431033,257.357009435138,0.939602425517807));
#4662=CARTESIAN_POINT('Ctrl Pts',(11.1816073635252,257.436054089252,-4.99130020986898));
#4663=CARTESIAN_POINT('Ctrl Pts',(7.45239612057879,257.515098743367,-9.71613159025036));
#4664=CARTESIAN_POINT('Ctrl Pts',(1.92242748696851,257.594143397481,-12.0932085723528));
#4665=CARTESIAN_POINT('Ctrl Pts',(-4.07206630729639,257.673188051595,-11.5481469078835));
#4666=CARTESIAN_POINT('Ctrl Pts',(-9.08260764123935,257.752232705709,-8.21265240055729));
#4667=CARTESIAN_POINT('Ctrl Pts',(-11.8984759368963,257.831277359824,-2.89269621567486));
#4668=CARTESIAN_POINT('Ctrl Pts',(-11.8392597450504,257.910322013938,3.12623570869329));
#4669=CARTESIAN_POINT('Ctrl Pts',(-8.91926775157775,257.989366668052,8.38976065169586));
#4670=CARTESIAN_POINT('Ctrl Pts',(-3.84407130263984,258.068411322166,11.6260284206302));
#4671=CARTESIAN_POINT('Ctrl Pts',(2.15998610544015,258.14745597628,12.0530444718911));
#4672=CARTESIAN_POINT('Ctrl Pts',(7.64211595087193,258.226500630394,9.56762691635224));
#4673=CARTESIAN_POINT('Ctrl Pts',(11.2776455141687,258.305545284509,4.77033884266414));
#4674=CARTESIAN_POINT('Ctrl Pts',(12.1881047537278,258.384589938623,-1.17962855562101));
#4675=CARTESIAN_POINT('Ctrl Pts',(10.153495137801,258.463634592737,-6.84455677920269));
#4676=CARTESIAN_POINT('Ctrl Pts',(5.66544892046016,258.542679246851,-10.8556026800328));
#4677=CARTESIAN_POINT('Ctrl Pts',(-0.191566263355242,258.621723900965,-12.2435584444974));
#4678=CARTESIAN_POINT('Ctrl Pts',(-6.00229239342776,258.700768555079,-10.6730458183631));
#4679=CARTESIAN_POINT('Ctrl Pts',(-10.3626564904699,258.779813209194,-6.5235551256659));
#4680=CARTESIAN_POINT('Ctrl Pts',(-12.2190433484874,258.858857863308,-0.797747243721671));
#4681=CARTESIAN_POINT('Ctrl Pts',(-11.1228855134133,258.937902517422,5.1208240423372));
#4682=CARTESIAN_POINT('Ctrl Pts',(-7.33905273866748,259.016947171536,9.80202662290489));
#4683=CARTESIAN_POINT('Ctrl Pts',(-1.78185026566664,259.095991825651,12.114719586017));
#4684=CARTESIAN_POINT('Ctrl Pts',(4.20590903537173,259.175036479764,11.500076095542));
#4685=CARTESIAN_POINT('Ctrl Pts',(9.17737483062186,259.254081133879,8.10661533781808));
#4686=CARTESIAN_POINT('Ctrl Pts',(11.9312685476112,259.333125787993,2.75431513481361));
#4687=CARTESIAN_POINT('Ctrl Pts',(11.8021539449303,259.412170442107,-3.26352313876344));
#4688=CARTESIAN_POINT('Ctrl Pts',(8.82122958895425,259.491215096221,-8.49278102602661));
#4689=CARTESIAN_POINT('Ctrl Pts',(3.70879019807713,259.570259750336,-11.6698884434995));
#4690=CARTESIAN_POINT('Ctrl Pts',(-2.29982154482617,259.64930440445,-12.0271460404802));
#4691=CARTESIAN_POINT('Ctrl Pts',(-7.7527166327036,259.728349058564,-9.47822798998152));
#4692=CARTESIAN_POINT('Ctrl Pts',(-11.332286477508,259.807393712678,-4.63904130276749));
#4693=CARTESIAN_POINT('Ctrl Pts',(-12.1735828465977,259.886438366792,1.32109866932595));
#4694=CARTESIAN_POINT('Ctrl Pts',(-10.0733193566616,259.965483020906,6.96201538031524));
#4695=CARTESIAN_POINT('Ctrl Pts',(-5.53899251494413,260.044527675021,10.9206676964664));
#4696=CARTESIAN_POINT('Ctrl Pts',(0.333747039498565,260.123572329135,12.2405079114487));
#4697=CARTESIAN_POINT('Ctrl Pts',(6.12584173313192,260.202616983249,10.6026168505072));
#4698=CARTESIAN_POINT('Ctrl Pts',(10.4377205878856,260.281661637363,6.40276580430807));
#4699=CARTESIAN_POINT('Ctrl Pts',(12.2274841141528,260.360706291478,0.655784458866695));
#4700=CARTESIAN_POINT('Ctrl Pts',(11.0626633653893,260.439750945591,-5.24965715861854));
#4701=CARTESIAN_POINT('Ctrl Pts',(7.22471943712236,260.518795599706,-9.88659951952065));
#4702=CARTESIAN_POINT('Ctrl Pts',(1.64103270111409,260.59784025382,-12.1345965210642));
#4703=CARTESIAN_POINT('Ctrl Pts',(-4.33918445333891,260.676884907934,-11.4504541050474));
#4704=CARTESIAN_POINT('Ctrl Pts',(-9.2709041419275,260.755929562048,-7.99948483059604));
#4705=CARTESIAN_POINT('Ctrl Pts',(-11.9624518190204,260.834974216163,-2.61556252625708));
#4706=CARTESIAN_POINT('Ctrl Pts',(-11.7634562323033,260.914018870277,3.40037034067922));
#4707=CARTESIAN_POINT('Ctrl Pts',(-8.72200156865873,260.993063524391,8.59465592740631));
#4708=CARTESIAN_POINT('Ctrl Pts',(-3.57300887136014,261.072108178505,11.7121742476608));
#4709=CARTESIAN_POINT('Ctrl Pts',(2.43934684638647,261.151152832619,11.9996256329855));
#4710=CARTESIAN_POINT('Ctrl Pts',(7.86227144904396,261.230197486733,9.38754999064396));
#4711=CARTESIAN_POINT('Ctrl Pts',(11.3853992112534,261.309242140848,4.50711931800245));
#4712=CARTESIAN_POINT('Ctrl Pts',(12.1574182622259,261.388286794962,-1.46239329047209));
#4713=CARTESIAN_POINT('Ctrl Pts',(9.99178622751476,261.467331449076,-7.07852924376907));
#4714=CARTESIAN_POINT('Ctrl Pts',(5.4117860913726,261.54637610319,-10.984271606737));
#4715=CARTESIAN_POINT('Ctrl Pts',(-0.47587670674003,261.625420757304,-12.2357813244099));
#4716=CARTESIAN_POINT('Ctrl Pts',(-6.2485775142557,261.704465411418,-10.5308103891241));
#4717=CARTESIAN_POINT('Ctrl Pts',(-10.5113494633799,261.783510065533,-6.28100336412567));
#4718=CARTESIAN_POINT('Ctrl Pts',(-12.2343271742222,261.862554719647,-0.513973060939469));
#4719=CARTESIAN_POINT('Ctrl Pts',(-11.0007926581633,261.941599373761,5.37821540672203));
#4720=CARTESIAN_POINT('Ctrl Pts',(-8.40642539378048,261.994295809837,8.43804067051698));
#4721=CARTESIAN_POINT('Ctrl Pts',(-6.82251652019371,262.020644027875,9.56751330485766));
#4722=CARTESIAN_POINT('Ctrl Pts',(-5.11478528828858,249.8,-10.7912156615789));
#4723=CARTESIAN_POINT('Ctrl Pts',(-6.90127898822261,249.826348218038,-9.9444591903339));
#4724=CARTESIAN_POINT('Ctrl Pts',(-10.0437661679966,249.879044654114,-7.34721220103309));
#4725=CARTESIAN_POINT('Ctrl Pts',(-12.331247604056,249.958089308228,-1.67314005170834));
#4726=CARTESIAN_POINT('Ctrl Pts',(-11.6386249336189,250.037133962343,4.40430498961434));
#4727=CARTESIAN_POINT('Ctrl Pts',(-8.13390592749158,250.116178616457,9.41798228105088));
#4728=CARTESIAN_POINT('Ctrl Pts',(-2.66365671150564,250.195223270571,12.1557312348736));
#4729=CARTESIAN_POINT('Ctrl Pts',(3.45017861595112,250.274267924685,11.9563377515247));
#4730=CARTESIAN_POINT('Ctrl Pts',(8.73035292274221,250.353312578799,8.86782895149367));
#4731=CARTESIAN_POINT('Ctrl Pts',(11.9009607678752,250.432357232913,3.63656863018588));
#4732=CARTESIAN_POINT('Ctrl Pts',(12.1958886484922,250.511401887028,-2.47342401554319));
#4733=CARTESIAN_POINT('Ctrl Pts',(9.54386445997399,250.590446541142,-7.98574628995187));
#4734=CARTESIAN_POINT('Ctrl Pts',(4.58571270838516,250.669491195256,-11.5684378155682));
#4735=CARTESIAN_POINT('Ctrl Pts',(-1.48050682402897,250.74853584937,-12.3557923005466));
#4736=CARTESIAN_POINT('Ctrl Pts',(-7.18898430171951,250.827580503485,-10.1575593790347));
#4737=CARTESIAN_POINT('Ctrl Pts',(-11.1603539418084,250.906625157598,-5.5049075198618));
#4738=CARTESIAN_POINT('Ctrl Pts',(-12.4349949126367,250.985669811713,0.477920804213826));
#4739=CARTESIAN_POINT('Ctrl Pts',(-10.7049098296232,251.064714465827,6.34526694748833));
#4740=CARTESIAN_POINT('Ctrl Pts',(-6.38814721663205,251.143759119941,10.6793764796656));
#4741=CARTESIAN_POINT('Ctrl Pts',(-0.527786668099732,251.222803774055,12.4329782520549));
#4742=CARTESIAN_POINT('Ctrl Pts',(5.4601054488051,251.30184842817,11.1823412315461));
#4743=CARTESIAN_POINT('Ctrl Pts',(10.1286467029556,251.380893082284,7.22966271083426));
#4744=CARTESIAN_POINT('Ctrl Pts',(12.3497556000969,251.459937736398,1.53004691528238));
#4745=CARTESIAN_POINT('Ctrl Pts',(11.5867351900552,251.538982390512,-4.53928128427516));
#4746=CARTESIAN_POINT('Ctrl Pts',(8.02395766989384,251.618027044626,-9.5117616799687));
#4747=CARTESIAN_POINT('Ctrl Pts',(2.52231366394838,251.69707169874,-12.185870536156));
#4748=CARTESIAN_POINT('Ctrl Pts',(-3.58880881015408,251.776116352855,-11.9154504013955));
#4749=CARTESIAN_POINT('Ctrl Pts',(-8.8327505971489,251.855161006969,-8.76584415970888));
#4750=CARTESIAN_POINT('Ctrl Pts',(-11.9423934740464,251.934205661083,-3.49810592390003));
#4751=CARTESIAN_POINT('Ctrl Pts',(-12.1663398631803,252.013250315197,2.61489603567372));
#4752=CARTESIAN_POINT('Ctrl Pts',(-9.45047654930257,252.092294969311,8.09604841480386));
#4753=CARTESIAN_POINT('Ctrl Pts',(-4.45105030934089,252.171339623426,11.6209146837716));
#4754=CARTESIAN_POINT('Ctrl Pts',(1.62390407097719,252.25038427754,12.3377648912612));
#4755=CARTESIAN_POINT('Ctrl Pts',(7.30646690229161,252.329428931654,10.0733831630438));
#4756=CARTESIAN_POINT('Ctrl Pts',(11.2235339036662,252.408473585768,5.37492266521412));
#4757=CARTESIAN_POINT('Ctrl Pts',(12.4286058232731,252.487518239882,-0.622305578858051));
#4758=CARTESIAN_POINT('Ctrl Pts',(10.6304954871617,252.566562893996,-6.46916321027784));
#4759=CARTESIAN_POINT('Ctrl Pts',(6.26368872037273,252.645607548111,-10.7528466258034));
#4760=CARTESIAN_POINT('Ctrl Pts',(0.383357501376742,252.724652202225,-12.4382693317806));
#4761=CARTESIAN_POINT('Ctrl Pts',(-5.58960618678768,252.803696856339,-11.1181747432032));
#4762=CARTESIAN_POINT('Ctrl Pts',(-10.2119271435541,252.882741510453,-7.11154350043078));
#4763=CARTESIAN_POINT('Ctrl Pts',(-12.36669229959,252.961786164567,-1.38651668256729));
#4764=CARTESIAN_POINT('Ctrl Pts',(-11.533235654713,253.040830818682,4.67354065742817));
#4765=CARTESIAN_POINT('Ctrl Pts',(-7.91294924294486,253.119875472796,9.60430847184507));
#4766=CARTESIAN_POINT('Ctrl Pts',(-2.38061983176699,253.19892012691,12.2143422319982));
#4767=CARTESIAN_POINT('Ctrl Pts',(3.726949903067,253.277964781024,11.8729672518628));
#4768=CARTESIAN_POINT('Ctrl Pts',(8.93395927127615,253.357009435138,8.66267156730274));
#4769=CARTESIAN_POINT('Ctrl Pts',(11.9822142032824,253.436054089252,3.35917396549113));
#4770=CARTESIAN_POINT('Ctrl Pts',(12.1351505781476,253.515098743367,-2.75601658004099));
#4771=CARTESIAN_POINT('Ctrl Pts',(9.35581366307378,253.594143397481,-8.20525792681855));
#4772=CARTESIAN_POINT('Ctrl Pts',(4.3157876586302,253.673188051595,-11.6718243573741));
#4773=CARTESIAN_POINT('Ctrl Pts',(-1.76708233814409,253.752232705709,-12.3180731834973));
#4774=CARTESIAN_POINT('Ctrl Pts',(-7.422963950399,253.831277359823,-9.98784827351986));
#4775=CARTESIAN_POINT('Ctrl Pts',(-11.2852000051665,253.910322013938,-5.24421279003501));
#4776=CARTESIAN_POINT('Ctrl Pts',(-12.4205403091422,253.989366668052,0.766606400149549));
#4777=CARTESIAN_POINT('Ctrl Pts',(-10.5546472653676,254.068411322166,6.59218689415321));
#4778=CARTESIAN_POINT('Ctrl Pts',(-6.13838535211252,254.14745597628,10.824866383136));
#4779=CARTESIAN_POINT('Ctrl Pts',(-0.238876626595845,254.226500630394,12.4418826911783));
#4780=CARTESIAN_POINT('Ctrl Pts',(5.71835297739258,254.305545284509,11.0525085917054));
#4781=CARTESIAN_POINT('Ctrl Pts',(10.2938301597633,254.384589938623,6.9924650578837));
#4782=CARTESIAN_POINT('Ctrl Pts',(12.3819609318639,254.463634592737,1.2427994309512));
#4783=CARTESIAN_POINT('Ctrl Pts',(11.4781804718985,254.542679246851,-4.80716964525962));
#4784=CARTESIAN_POINT('Ctrl Pts',(7.80087348681057,254.621723900965,-9.69555979748218));
#4785=CARTESIAN_POINT('Ctrl Pts',(2.23860489236623,254.700768555079,-12.2411664100955));
#4786=CARTESIAN_POINT('Ctrl Pts',(-3.86458829055687,254.779813209194,-11.8288826305897));
#4787=CARTESIAN_POINT('Ctrl Pts',(-9.03396289842105,254.858857863308,-8.55833052024333));
#4788=CARTESIAN_POINT('Ctrl Pts',(-12.0204187251173,254.937902517422,-3.21978890870611));
#4789=CARTESIAN_POINT('Ctrl Pts',(-12.1023244570652,255.016947171536,2.89676538223227));
#4790=CARTESIAN_POINT('Ctrl Pts',(-9.2598888285085,255.09599182565,8.31336068190477));
#4791=CARTESIAN_POINT('Ctrl Pts',(-4.17994287778616,255.175036479764,11.7211596901596));
#4792=CARTESIAN_POINT('Ctrl Pts',(1.91002225441004,255.254081133879,12.2967199663746));
#4793=CARTESIAN_POINT('Ctrl Pts',(7.53845976041584,255.333125787993,9.90096618438664));
#4794=CARTESIAN_POINT('Ctrl Pts',(11.3453439152377,255.412170442107,5.11279555514951));
#4795=CARTESIAN_POINT('Ctrl Pts',(12.4107994644903,255.491215096221,-0.910803818604474));
#4796=CARTESIAN_POINT('Ctrl Pts',(10.4773753919237,255.570259750336,-6.71432139836097));
#4797=CARTESIAN_POINT('Ctrl Pts',(6.012254014692,255.64930440445,-10.8954260406189));
#4798=CARTESIAN_POINT('Ctrl Pts',(0.0943635312114914,255.728349058564,-12.443817841312));
#4799=CARTESIAN_POINT('Ctrl Pts',(-5.84632845442869,255.807393712678,-10.9853516350963));
#4800=CARTESIAN_POINT('Ctrl Pts',(-10.3743447043428,255.886438366792,-6.8724434446019));
#4801=CARTESIAN_POINT('Ctrl Pts',(-12.3955594373524,255.965483020907,-1.09891454574057));
#4802=CARTESIAN_POINT('Ctrl Pts',(-11.421577067703,256.044527675021,4.94015022345463));
#4803=CARTESIAN_POINT('Ctrl Pts',(-7.6877455186857,256.123572329135,9.78550334851022));
#4804=CARTESIAN_POINT('Ctrl Pts',(-2.0962880012784,256.202616983249,12.2663394523172));
#4805=CARTESIAN_POINT('Ctrl Pts',(4.00170540742942,256.281661637363,11.783202483872));
#4806=CARTESIAN_POINT('Ctrl Pts',(9.13274798970583,256.360706291477,8.45283509245869));
#4807=CARTESIAN_POINT('Ctrl Pts',(12.0570018863781,256.439750945592,3.07996955433848));
#4808=CARTESIAN_POINT('Ctrl Pts',(12.0678659276467,256.518795599706,-3.03712345750378));
#4809=CARTESIAN_POINT('Ctrl Pts',(9.16271498431971,256.59784025382,-8.42034209874513));
#4810=CARTESIAN_POINT('Ctrl Pts',(4.04353429007832,256.676884907934,-11.7689140275872));
#4811=CARTESIAN_POINT('Ctrl Pts',(-2.05270453948612,256.755929562048,-12.2737081200976));
#4812=CARTESIAN_POINT('Ctrl Pts',(-7.65293875382059,256.834974216163,-9.81274861463634));
#4813=CARTESIAN_POINT('Ctrl Pts',(-11.4039575214364,256.914018870277,-4.98068868662259));
#4814=CARTESIAN_POINT('Ctrl Pts',(-12.3993846032002,256.993063524391,1.05487838431731));
#4815=CARTESIAN_POINT('Ctrl Pts',(-10.3986902895592,257.072108178505,6.83555024892677));
#4816=CARTESIAN_POINT('Ctrl Pts',(-5.88531172119385,257.151152832619,10.9645160808927));
#4817=CARTESIAN_POINT('Ctrl Pts',(0.0501622922909332,257.230197486733,12.444074521161));
#4818=CARTESIAN_POINT('Ctrl Pts',(5.97351535606851,257.309242140847,10.9167129317661));
#4819=CARTESIAN_POINT('Ctrl Pts',(10.4534599171793,257.388286794962,6.75149484956493));
#4820=CARTESIAN_POINT('Ctrl Pts',(12.4074859818365,257.467331449076,0.954881434685275));
#4821=CARTESIAN_POINT('Ctrl Pts',(11.3634330770125,257.54637610319,-5.07246445507841));
#4822=CARTESIAN_POINT('Ctrl Pts',(7.57358059770815,257.625420757304,-9.87412699299514));
#4823=CARTESIAN_POINT('Ctrl Pts',(1.95368835475628,257.704465411418,-12.2898579632259));
#4824=CARTESIAN_POINT('Ctrl Pts',(-4.13828275879754,257.783510065533,-11.7359329732244));
#4825=CARTESIAN_POINT('Ctrl Pts',(-9.23030122061515,257.862554719647,-8.34619951358024));
#4826=CARTESIAN_POINT('Ctrl Pts',(-12.0919587525866,257.941599373761,-2.93973476176378));
#4827=CARTESIAN_POINT('Ctrl Pts',(-12.0317796377921,258.020644027875,3.17707187381538));
#4828=CARTESIAN_POINT('Ctrl Pts',(-9.06430523769136,258.09968868199,8.52618774727237));
#4829=CARTESIAN_POINT('Ctrl Pts',(-3.90658029482453,258.178733336104,11.8150809283672));
#4830=CARTESIAN_POINT('Ctrl Pts',(2.19510994783381,258.257777990218,12.2490407485932));
#4831=CARTESIAN_POINT('Ctrl Pts',(7.76638548924375,258.336822644332,9.72320746339607));
#4832=CARTESIAN_POINT('Ctrl Pts',(11.4610329177329,258.415867298446,4.84791000353975));
#4833=CARTESIAN_POINT('Ctrl Pts',(12.3862972649524,258.49491195256,-1.19881066395324));
#4834=CARTESIAN_POINT('Ctrl Pts',(10.3186025716252,258.573956606675,-6.95585709403423));
#4835=CARTESIAN_POINT('Ctrl Pts',(5.75757559408575,258.653001260789,-11.0321271848254));
#4836=CARTESIAN_POINT('Ctrl Pts',(-0.194681349709302,258.732045914903,-12.4426526961035));
#4837=CARTESIAN_POINT('Ctrl Pts',(-6.09989652685089,258.811090569017,-10.8466017399686));
#4838=CARTESIAN_POINT('Ctrl Pts',(-10.5311651269071,258.890135223131,-6.62963558678704));
#4839=CARTESIAN_POINT('Ctrl Pts',(-12.4177389566178,258.969179877246,-0.810719525528448));
#4840=CARTESIAN_POINT('Ctrl Pts',(-11.3037563425136,259.04822453136,5.20409449307563));
#4841=CARTESIAN_POINT('Ctrl Pts',(-7.45839412288407,259.127269185474,9.96141877703698));
#4842=CARTESIAN_POINT('Ctrl Pts',(-1.81082518719174,259.206313839588,12.3117187705539));
#4843=CARTESIAN_POINT('Ctrl Pts',(4.27430192257986,259.285358493702,11.6870804745414));
#4844=CARTESIAN_POINT('Ctrl Pts',(9.32660943279202,259.364403147816,8.23843816702727));
#4845=CARTESIAN_POINT('Ctrl Pts',(12.1252846086254,259.443447801931,2.79910344639305));
#4846=CARTESIAN_POINT('Ctrl Pts',(11.9940704549595,259.522492456045,-3.31659175438338));
#4847=CARTESIAN_POINT('Ctrl Pts',(8.96467286251073,259.601537110159,-8.63088335061603));
#4848=CARTESIAN_POINT('Ctrl Pts',(3.76909936490946,259.680581764273,-11.8596541653294));
#4849=CARTESIAN_POINT('Ctrl Pts',(-2.33721927126088,259.759626418387,-12.2227211790922));
#4850=CARTESIAN_POINT('Ctrl Pts',(-7.87878466455067,259.838671072502,-9.63235480832214));
#4851=CARTESIAN_POINT('Ctrl Pts',(-11.5165624055769,259.917715726616,-4.71447741560442));
#4852=CARTESIAN_POINT('Ctrl Pts',(-12.3715392150175,259.99676038073,1.34258124337168));
#4853=CARTESIAN_POINT('Ctrl Pts',(-10.2371230406638,260.075805034844,7.07522570622642));
#4854=CARTESIAN_POINT('Ctrl Pts',(-5.62906286290825,260.154849688958,11.0982502327791));
#4855=CARTESIAN_POINT('Ctrl Pts',(0.339174147749467,260.233894343073,12.4395525579015));
#4856=CARTESIAN_POINT('Ctrl Pts',(6.22545492000437,260.312938997187,10.7750275166128));
#4857=CARTESIAN_POINT('Ctrl Pts',(10.6074498523261,260.391983651301,6.50688209303221));
#4858=CARTESIAN_POINT('Ctrl Pts',(12.4263169787787,260.471028305415,0.66644826356408));
#4859=CARTESIAN_POINT('Ctrl Pts',(11.242554913544,260.550072959529,-5.33502258305146));
#4860=CARTESIAN_POINT('Ctrl Pts',(7.34220163120171,260.629117613643,-10.0473669255972));
#4861=CARTESIAN_POINT('Ctrl Pts',(1.66771776812061,260.708162267758,-12.3319189272793));
#4862=CARTESIAN_POINT('Ctrl Pts',(-4.40974455114338,260.787206921872,-11.6366515737759));
#4863=CARTESIAN_POINT('Ctrl Pts',(-9.42165963757988,260.866251575986,-8.12956559533467));
#4864=CARTESIAN_POINT('Ctrl Pts',(-12.1569749556623,260.9452962301,-2.65809456186216));
#4865=CARTESIAN_POINT('Ctrl Pts',(-11.9547434733035,261.024340884214,3.45566424818413));
#4866=CARTESIAN_POINT('Ctrl Pts',(-8.86383128121262,261.103385538328,8.73441485430947));
#4867=CARTESIAN_POINT('Ctrl Pts',(-3.63111007865624,261.182430192443,11.9026275849883));
#4868=CARTESIAN_POINT('Ctrl Pts',(2.47901341366677,261.261474846557,12.1947532583227));
#4869=CARTESIAN_POINT('Ctrl Pts',(7.99012096739826,261.340519500671,9.54020228109327));
#4870=CARTESIAN_POINT('Ctrl Pts',(11.5705388130674,261.419564154785,4.58041022861355));
#4871=CARTESIAN_POINT('Ctrl Pts',(12.3551117760318,261.498608808899,-1.48617347652176));
#4872=CARTESIAN_POINT('Ctrl Pts',(10.1542640896652,261.577653463014,-7.19363421824596));
#4873=CARTESIAN_POINT('Ctrl Pts',(5.4997879175246,261.656698117128,-11.162888415314));
#4874=CARTESIAN_POINT('Ctrl Pts',(-0.483615005798641,261.735742771242,-12.4347491111561));
#4875=CARTESIAN_POINT('Ctrl Pts',(-6.35018652518524,261.814787425356,-10.702053400111));
#4876=CARTESIAN_POINT('Ctrl Pts',(-10.6822760174751,261.89383207947,-6.3831396564287));
#4877=CARTESIAN_POINT('Ctrl Pts',(-12.4332713148247,261.972876733584,-0.522330850251901));
#4878=CARTESIAN_POINT('Ctrl Pts',(-11.1796781179159,262.051921387699,5.46567133517876));
#4879=CARTESIAN_POINT('Ctrl Pts',(-8.54312347710689,262.104617823775,8.57525285437139));
#4880=CARTESIAN_POINT('Ctrl Pts',(-6.93345843522733,262.130966041813,9.72309200444874));
#4881=CARTESIAN_POINT('',(-6.60101602071541,249.8,9.25642959209091));
#4882=CARTESIAN_POINT('Ctrl Pts',(-6.60101602071571,249.8,9.2564295920907));
#4883=CARTESIAN_POINT('Ctrl Pts',(-6.82943650230947,249.8,9.10209359020868));
#4884=CARTESIAN_POINT('Ctrl Pts',(-7.0519393167153,249.8,8.93963254149067));
#4885=CARTESIAN_POINT('Ctrl Pts',(-7.26804318900373,249.8,8.76931068708225));
#4886=CARTESIAN_POINT('Ctrl Pts',(-7.32864738428156,249.8,8.72154560626559));
#4887=CARTESIAN_POINT('Ctrl Pts',(-7.38874819376374,249.8,8.67316201285778));
#4888=CARTESIAN_POINT('Ctrl Pts',(-7.44833466937885,249.8,8.62416507811037));
#4889=CARTESIAN_POINT('Ctrl Pts',(-7.65988361512289,249.8,8.45021201605218));
#4890=CARTESIAN_POINT('Ctrl Pts',(-7.86495207907254,249.8,8.26853135402272));
#4891=CARTESIAN_POINT('Ctrl Pts',(-8.06326226617059,249.8,8.07959467915818));
#4892=CARTESIAN_POINT('Ctrl Pts',(-8.21014090076287,249.8,7.93965854559593));
#4893=CARTESIAN_POINT('Ctrl Pts',(-8.35331161565897,249.8,7.79574104486804));
#4894=CARTESIAN_POINT('Ctrl Pts',(-8.49264934670266,249.8,7.64802000787041));
#4895=CARTESIAN_POINT('Ctrl Pts',(-8.55965118977654,249.8,7.57698697420834));
#4896=CARTESIAN_POINT('Ctrl Pts',(-8.62576658485264,249.8,7.50507430449544));
#4897=CARTESIAN_POINT('Ctrl Pts',(-8.69098067076965,249.8,7.43230093380095));
#4898=CARTESIAN_POINT('Ctrl Pts',(-8.73128749767662,249.8,7.38732194475627));
#4899=CARTESIAN_POINT('Ctrl Pts',(-8.77125000318158,249.8,7.34201414931408));
#4900=CARTESIAN_POINT('Ctrl Pts',(-8.81086455206936,249.8,7.2963819239776));
#4901=CARTESIAN_POINT('Ctrl Pts',(-8.83413575853295,249.8,7.2695756882129));
#4902=CARTESIAN_POINT('Ctrl Pts',(-8.85728411470283,249.8,7.24266064483589));
#4903=CARTESIAN_POINT('Ctrl Pts',(-8.8803029020852,249.8,7.21564498509813));
#4904=CARTESIAN_POINT('Ctrl Pts',(-9.0589976804061,249.8,7.00592249851182));
#4905=CARTESIAN_POINT('Ctrl Pts',(-9.22999775486253,249.8,6.79001229010814));
#4906=CARTESIAN_POINT('Ctrl Pts',(-9.39303464943125,249.8,6.56839723766552));
#4907=CARTESIAN_POINT('Ctrl Pts',(-9.55700637725217,249.8,6.34551147210758));
#4908=CARTESIAN_POINT('Ctrl Pts',(-9.71292376232838,249.8,6.11685477884077));
#4909=CARTESIAN_POINT('Ctrl Pts',(-9.86047658151763,249.8,5.88288136461817));
#4910=CARTESIAN_POINT('Ctrl Pts',(-10.0074785015348,249.8,5.64978150713874));
#4911=CARTESIAN_POINT('Ctrl Pts',(-10.146178563216,249.8,5.41140403516698));
#4912=CARTESIAN_POINT('Ctrl Pts',(-10.2762275030584,249.8,5.16816898251978));
#4913=CARTESIAN_POINT('Ctrl Pts',(-10.3234117338746,249.8,5.07991867551532));
#4914=CARTESIAN_POINT('Ctrl Pts',(-10.3694567182935,249.8,4.99102868821999));
#4915=CARTESIAN_POINT('Ctrl Pts',(-10.414344239044,249.8,4.90151833339836));
#4916=CARTESIAN_POINT('Ctrl Pts',(-10.4306834420626,249.8,4.86893627417012));
#4917=CARTESIAN_POINT('Ctrl Pts',(-10.4468692748316,249.8,4.83627201391561));
#4918=CARTESIAN_POINT('Ctrl Pts',(-10.4629008301637,249.8,4.8035264730452));
#4919=CARTESIAN_POINT('Ctrl Pts',(-10.4766521784394,249.8,4.77543840999342));
#4920=CARTESIAN_POINT('Ctrl Pts',(-10.4902887696414,249.8,4.74729302029794));
#4921=CARTESIAN_POINT('Ctrl Pts',(-10.5038055943914,249.8,4.71910047531332));
#4922=CARTESIAN_POINT('Ctrl Pts',(-10.6044042812934,249.8,4.50927804598362));
#4923=CARTESIAN_POINT('Ctrl Pts',(-10.6984444797027,249.8,4.29669463897425));
#4924=CARTESIAN_POINT('Ctrl Pts',(-10.7857679673885,249.8,4.08162836722359));
#4925=CARTESIAN_POINT('Ctrl Pts',(-10.8890916191119,249.8,3.82715579462343));
#4926=CARTESIAN_POINT('Ctrl Pts',(-10.9830132218476,249.8,3.56920757723434));
#4927=CARTESIAN_POINT('Ctrl Pts',(-11.067557031082,249.8,3.30833846941128));
#4928=CARTESIAN_POINT('Ctrl Pts',(-11.1529289244971,249.8,3.04491421788952));
#4929=CARTESIAN_POINT('Ctrl Pts',(-11.2287385872912,249.8,2.77851100655127));
#4930=CARTESIAN_POINT('Ctrl Pts',(-11.2949630950197,249.8,2.50967609701339));
#4931=CARTESIAN_POINT('Ctrl Pts',(-11.3614234626237,249.8,2.23988372670384));
#4932=CARTESIAN_POINT('Ctrl Pts',(-11.4182304120165,249.8,1.96764169166534));
#4933=CARTESIAN_POINT('Ctrl Pts',(-11.4653105573509,249.8,1.69348809719842));
#4934=CARTESIAN_POINT('Ctrl Pts',(-11.5114494934198,249.8,1.42481528239856));
#4935=CARTESIAN_POINT('Ctrl Pts',(-11.548246591327,249.8,1.15430596944111));
#4936=CARTESIAN_POINT('Ctrl Pts',(-11.5755843715829,249.8,0.88246132326607));
#4937=CARTESIAN_POINT('Ctrl Pts',(-11.5858360391788,249.8,0.780519580950428));
#4938=CARTESIAN_POINT('Ctrl Pts',(-11.5947569993523,249.8,0.678390048922725));
#4939=CARTESIAN_POINT('Ctrl Pts',(-11.6023392709591,249.8,0.576099219921804));
#4940=CARTESIAN_POINT('Ctrl Pts',(-11.6051381228593,249.8,0.538340498528349));
#4941=CARTESIAN_POINT('Ctrl Pts',(-11.607754558407,249.8,0.500559800155282));
#4942=CARTESIAN_POINT('Ctrl Pts',(-11.6101881420481,249.8,0.46275846140978));
#4943=CARTESIAN_POINT('Ctrl Pts',(-11.6120880721835,249.8,0.433246468713845));
#4944=CARTESIAN_POINT('Ctrl Pts',(-11.6138759835509,249.8,0.403730583088052));
#4945=CARTESIAN_POINT('Ctrl Pts',(-11.6155516928266,249.8,0.374214826209657));
#4946=CARTESIAN_POINT('Ctrl Pts',(-11.6314189508063,249.8,0.094730708265111));
#4947=CARTESIAN_POINT('Ctrl Pts',(-11.6372363710106,249.8,-0.184837959276581));
#4948=CARTESIAN_POINT('Ctrl Pts',(-11.6330052333657,249.8,-0.463938703034721));
#4949=CARTESIAN_POINT('Ctrl Pts',(-11.6287591752641,249.8,-0.744023652674553));
#4950=CARTESIAN_POINT('Ctrl Pts',(-11.6143936798108,249.8,-1.02363800013045));
#4951=CARTESIAN_POINT('Ctrl Pts',(-11.5898591759517,249.8,-1.30223525953483));
#4952=CARTESIAN_POINT('Ctrl Pts',(-11.5820160600942,249.8,-1.39129638730878));
#4953=CARTESIAN_POINT('Ctrl Pts',(-11.5731333440823,249.8,-1.4802536268507));
#4954=CARTESIAN_POINT('Ctrl Pts',(-11.563208287213,249.8,-1.56908921749083));
#4955=CARTESIAN_POINT('Ctrl Pts',(-11.532257483978,249.8,-1.84611865141604));
#4956=CARTESIAN_POINT('Ctrl Pts',(-11.4911741474398,249.8,-2.12196545801894));
#4957=CARTESIAN_POINT('Ctrl Pts',(-11.4401934716092,249.8,-2.39613443633086));
#4958=CARTESIAN_POINT('Ctrl Pts',(-11.389064835877,249.8,-2.67109912820207));
#4959=CARTESIAN_POINT('Ctrl Pts',(-11.3279811529314,249.8,-2.9443768402831));
#4960=CARTESIAN_POINT('Ctrl Pts',(-11.2571281295152,249.8,-3.21545817296549));
#4961=CARTESIAN_POINT('Ctrl Pts',(-11.2133422065132,249.8,-3.3829816714392));
#4962=CARTESIAN_POINT('Ctrl Pts',(-11.1658243471778,249.8,-3.54966613856729));
#4963=CARTESIAN_POINT('Ctrl Pts',(-11.1146090243652,249.8,-3.7153879353971));
#4964=CARTESIAN_POINT('Ctrl Pts',(-11.0911081960942,249.8,-3.79143157378855));
#4965=CARTESIAN_POINT('Ctrl Pts',(-11.0668287499786,249.8,-3.86727247336929));
#4966=CARTESIAN_POINT('Ctrl Pts',(-11.0417735316495,249.8,-3.94289844510276));
#4967=CARTESIAN_POINT('Ctrl Pts',(-11.0322241743681,249.8,-3.97172195860604));
#4968=CARTESIAN_POINT('Ctrl Pts',(-11.022561363754,249.8,-4.00051648139884));
#4969=CARTESIAN_POINT('Ctrl Pts',(-11.0127877042596,249.8,-4.0292741119473));
#4970=CARTESIAN_POINT('Ctrl Pts',(-10.9222090193543,249.8,-4.29578926500496));
#4971=CARTESIAN_POINT('Ctrl Pts',(-10.822287260074,249.8,-4.5586315232841));
#4972=CARTESIAN_POINT('Ctrl Pts',(-10.7133120900222,249.8,-4.81731467759168));
#4973=CARTESIAN_POINT('Ctrl Pts',(-10.6037737117199,249.8,-5.07733476476856));
#4974=CARTESIAN_POINT('Ctrl Pts',(-10.4850879176011,249.8,-5.33315324917867));
#4975=CARTESIAN_POINT('Ctrl Pts',(-10.3574964119802,249.8,-5.58426867398965));
#4976=CARTESIAN_POINT('Ctrl Pts',(-10.2302432414536,249.8,-5.83471821465306));
#4977=CARTESIAN_POINT('Ctrl Pts',(-10.0941312890069,249.8,-6.08049019361868));
#4978=CARTESIAN_POINT('Ctrl Pts',(-9.94935154334993,249.8,-6.32107060590828));
#4979=CARTESIAN_POINT('Ctrl Pts',(-9.81645992606379,249.8,-6.54189652276183));
#4980=CARTESIAN_POINT('Ctrl Pts',(-9.67626487237474,249.8,-6.7583486140099));
#4981=CARTESIAN_POINT('Ctrl Pts',(-9.52888023720946,249.8,-6.97001066541557));
#4982=CARTESIAN_POINT('Ctrl Pts',(-9.38862850773383,249.8,-7.17142900689135));
#4983=CARTESIAN_POINT('Ctrl Pts',(-9.24186578323215,249.8,-7.36850978241137));
#4984=CARTESIAN_POINT('Ctrl Pts',(-9.0888550599129,249.8,-7.56101908066493));
#4985=CARTESIAN_POINT('Ctrl Pts',(-9.02191286846073,249.8,-7.64524189865086));
#4986=CARTESIAN_POINT('Ctrl Pts',(-8.95377448374109,249.8,-7.72858944459447));
#4987=CARTESIAN_POINT('Ctrl Pts',(-8.88446066376632,249.8,-7.81104083189003));
#4988=CARTESIAN_POINT('Ctrl Pts',(-8.84223088047498,249.8,-7.86127474222464));
#4989=CARTESIAN_POINT('Ctrl Pts',(-8.79956477125337,249.8,-7.9111759900782));
#4990=CARTESIAN_POINT('Ctrl Pts',(-8.7564669029477,249.8,-7.96073969581114));
#4991=CARTESIAN_POINT('Ctrl Pts',(-8.73754827976474,249.8,-7.98249662043818));
#4992=CARTESIAN_POINT('Ctrl Pts',(-8.71854958407253,249.8,-8.00418487718139));
#4993=CARTESIAN_POINT('Ctrl Pts',(-8.69947652043663,249.8,-8.02579825825583));
#4994=CARTESIAN_POINT('Ctrl Pts',(-8.51392753005543,249.8,-8.2360602860896));
#4995=CARTESIAN_POINT('Ctrl Pts',(-8.32119622366072,249.8,-8.43940847362781));
#4996=CARTESIAN_POINT('Ctrl Pts',(-8.12176845856993,249.8,-8.63557258538205));
#4997=CARTESIAN_POINT('Ctrl Pts',(-7.92016586049213,249.8,-8.83387593878561));
#4998=CARTESIAN_POINT('Ctrl Pts',(-7.71171956922656,249.8,-9.02483811905567));
#4999=CARTESIAN_POINT('Ctrl Pts',(-7.49688625992238,249.8,-9.20815206805519));
#5000=CARTESIAN_POINT('Ctrl Pts',(-7.28101444658133,249.8,-9.39235215653032));
#5001=CARTESIAN_POINT('Ctrl Pts',(-7.05869327696733,249.8,-9.5688303353747));
#5002=CARTESIAN_POINT('Ctrl Pts',(-6.83034692629664,249.8,-9.73724037932247));
#5003=CARTESIAN_POINT('Ctrl Pts',(-6.60291230788382,249.8,-9.90497800232214));
#5004=CARTESIAN_POINT('Ctrl Pts',(-6.36950004354662,249.8,-10.0647121849763));
#5005=CARTESIAN_POINT('Ctrl Pts',(-6.1304974920855,249.8,-10.2160602989522));
#5006=CARTESIAN_POINT('Ctrl Pts',(-5.89483283356605,249.8,-10.3652946957385));
#5007=CARTESIAN_POINT('Ctrl Pts',(-5.6537324533749,249.8,-10.5063759330681));
#5008=CARTESIAN_POINT('Ctrl Pts',(-5.40754405581291,249.8,-10.6388926204225));
#5009=CARTESIAN_POINT('Ctrl Pts',(-5.31073794890602,249.8,-10.6910007812052));
#5010=CARTESIAN_POINT('Ctrl Pts',(-5.21314490345398,249.8,-10.7417841617453));
#5011=CARTESIAN_POINT('Ctrl Pts',(-5.11478528828916,249.8,-10.7912156615787));
#5012=CARTESIAN_POINT('Ctrl Pts',(-6.60101602071541,249.8,9.25642959209091));
#5013=CARTESIAN_POINT('Ctrl Pts',(-5.35450560224095,249.821419076253,10.14341480288));
#5014=CARTESIAN_POINT('Ctrl Pts',(-2.17284244133894,249.869186370543,11.5603844243409));
#5015=CARTESIAN_POINT('Ctrl Pts',(3.28456021940167,249.943301882872,11.3823994986305));
#5016=CARTESIAN_POINT('Ctrl Pts',(8.31127112631266,250.022346536986,8.44214791427678));
#5017=CARTESIAN_POINT('Ctrl Pts',(11.3296807678597,250.101391191101,3.46200298228314));
#5018=CARTESIAN_POINT('Ctrl Pts',(11.6104512705197,250.180435845215,-2.35469262072576));
#5019=CARTESIAN_POINT('Ctrl Pts',(9.08573179361322,250.259480499329,-7.60240773186155));
#5020=CARTESIAN_POINT('Ctrl Pts',(4.36558544242617,250.338525153443,-11.0131198639877));
#5021=CARTESIAN_POINT('Ctrl Pts',(-1.40943828133309,250.417569807557,-11.7626790920147));
#5022=CARTESIAN_POINT('Ctrl Pts',(-6.84389258752085,250.496614461672,-9.66996760931173));
#5023=CARTESIAN_POINT('Ctrl Pts',(-10.5271488926306,250.573621156454,-5.35485447484272));
#5024=CARTESIAN_POINT('Ctrl Pts',(-11.368463575765,250.624279633198,-1.73599736673671));
#5025=CARTESIAN_POINT('Ctrl Pts',(-11.3695655123691,250.648589891905,0.000144008151902689));
#5026=CARTESIAN_POINT('Origin',(1.39500409268299E-15,249.8,0.));
#5027=CARTESIAN_POINT('',(6.60063269012354,249.8,9.25635590567759));
#5028=CARTESIAN_POINT('Ctrl Pts',(5.11516804166842,249.8,-10.7913626877501));
#5029=CARTESIAN_POINT('Ctrl Pts',(5.36924179871379,249.8,-10.6639948618937));
#5030=CARTESIAN_POINT('Ctrl Pts',(5.61843169919612,249.8,-10.5277024935234));
#5031=CARTESIAN_POINT('Ctrl Pts',(5.86222259122803,249.8,-10.3826510364069));
#5032=CARTESIAN_POINT('Ctrl Pts',(5.93576757442642,249.8,-10.338893015393));
#5033=CARTESIAN_POINT('Ctrl Pts',(6.00882106208916,249.8,-10.2943375378131));
#5034=CARTESIAN_POINT('Ctrl Pts',(6.08136847898676,249.8,-10.2489883179602));
#5035=CARTESIAN_POINT('Ctrl Pts',(6.322098099437,249.8,-10.09850879781));
#5036=CARTESIAN_POINT('Ctrl Pts',(6.55725794012153,249.8,-9.93929279885018));
#5037=CARTESIAN_POINT('Ctrl Pts',(6.7864797161595,249.8,-9.77175794968389));
#5038=CARTESIAN_POINT('Ctrl Pts',(6.9557078635248,249.8,-9.64807156772846));
#5039=CARTESIAN_POINT('Ctrl Pts',(7.12169892420945,249.8,-9.51985006084946));
#5040=CARTESIAN_POINT('Ctrl Pts',(7.28429249910488,249.8,-9.3872479624091));
#5041=CARTESIAN_POINT('Ctrl Pts',(7.36624404287784,249.8,-9.32041293106354));
#5042=CARTESIAN_POINT('Ctrl Pts',(7.44733230362025,249.8,-9.25246487120289));
#5043=CARTESIAN_POINT('Ctrl Pts',(7.52753561281722,249.8,-9.18342260525));
#5044=CARTESIAN_POINT('Ctrl Pts',(7.57341256971743,249.8,-9.14392985749275));
#5045=CARTESIAN_POINT('Ctrl Pts',(7.61899996184538,249.8,-9.10407908131786));
#5046=CARTESIAN_POINT('Ctrl Pts',(7.66429361425117,249.8,-9.06387371282275));
#5047=CARTESIAN_POINT('Ctrl Pts',(7.69065377319902,249.8,-9.04047485122084));
#5048=CARTESIAN_POINT('Ctrl Pts',(7.71691255114162,249.8,-9.0169575197379));
#5049=CARTESIAN_POINT('Ctrl Pts',(7.74306116338076,249.8,-8.99332978645589));
#5050=CARTESIAN_POINT('Ctrl Pts',(7.95305258835424,249.8,-8.8035827614357));
#5051=CARTESIAN_POINT('Ctrl Pts',(8.15609102782733,249.8,-8.60658708579599));
#5052=CARTESIAN_POINT('Ctrl Pts',(8.35182391034618,249.8,-8.40276609228551));
#5053=CARTESIAN_POINT('Ctrl Pts',(8.54760222621111,249.8,-8.19889778802367));
#5054=CARTESIAN_POINT('Ctrl Pts',(8.736072015402,249.8,-7.98820052605569));
#5055=CARTESIAN_POINT('Ctrl Pts',(8.91684346055042,249.8,-7.7710616877437));
#5056=CARTESIAN_POINT('Ctrl Pts',(9.09642687576396,249.8,-7.55534988587392));
#5057=CARTESIAN_POINT('Ctrl Pts',(9.26841317190514,249.8,-7.33328041348563));
#5058=CARTESIAN_POINT('Ctrl Pts',(9.43237780908568,249.8,-7.10520447930819));
#5059=CARTESIAN_POINT('Ctrl Pts',(9.49378193895667,249.8,-7.01979091377663));
#5060=CARTESIAN_POINT('Ctrl Pts',(9.55406059595196,249.8,-6.93353470592171));
#5061=CARTESIAN_POINT('Ctrl Pts',(9.61318977498053,249.8,-6.84645347015827));
#5062=CARTESIAN_POINT('Ctrl Pts',(9.6382651885509,249.8,-6.8095241902856));
#5063=CARTESIAN_POINT('Ctrl Pts',(9.66313386505036,249.8,-6.77244653028608));
#5064=CARTESIAN_POINT('Ctrl Pts',(9.68779391978356,249.8,-6.73522181248032));
#5065=CARTESIAN_POINT('Ctrl Pts',(9.70354492766655,249.8,-6.71144543282731));
#5066=CARTESIAN_POINT('Ctrl Pts',(9.71921035353486,249.8,-6.68760972093488));
#5067=CARTESIAN_POINT('Ctrl Pts',(9.73478408135822,249.8,-6.66372380743694));
#5068=CARTESIAN_POINT('Ctrl Pts',(9.86731361967602,249.8,-6.46045910908821));
#5069=CARTESIAN_POINT('Ctrl Pts',(9.99331568269349,249.8,-6.25339326011802));
#5070=CARTESIAN_POINT('Ctrl Pts',(10.1125701146833,249.8,-6.0427845789355));
#5071=CARTESIAN_POINT('Ctrl Pts',(10.2502917159902,249.8,-5.79956204759957));
#5072=CARTESIAN_POINT('Ctrl Pts',(10.3790153866639,249.8,-5.55161480829656));
#5073=CARTESIAN_POINT('Ctrl Pts',(10.4986640859808,249.8,-5.29949134325527));
#5074=CARTESIAN_POINT('Ctrl Pts',(10.6191245405162,249.8,-5.04565734947761));
#5075=CARTESIAN_POINT('Ctrl Pts',(10.7303866671072,249.8,-4.78758967770923));
#5076=CARTESIAN_POINT('Ctrl Pts',(10.8323243391867,249.8,-4.52582440471115));
#5077=CARTESIAN_POINT('Ctrl Pts',(10.9342542303557,249.8,-4.26407911227704));
#5078=CARTESIAN_POINT('Ctrl Pts',(11.0268612463673,249.8,-3.9986361649778));
#5079=CARTESIAN_POINT('Ctrl Pts',(11.1099693613823,249.8,-3.73001710016127));
#5080=CARTESIAN_POINT('Ctrl Pts',(11.191039444039,249.8,-3.46798529034466));
#5081=CARTESIAN_POINT('Ctrl Pts',(11.2630707422501,249.8,-3.20293064203386));
#5082=CARTESIAN_POINT('Ctrl Pts',(11.3258518833226,249.8,-2.93533245527517));
#5083=CARTESIAN_POINT('Ctrl Pts',(11.3493948112247,249.8,-2.83498313524066));
#5084=CARTESIAN_POINT('Ctrl Pts',(11.3716364469448,249.8,-2.73427612486542));
#5085=CARTESIAN_POINT('Ctrl Pts',(11.3925638584897,249.8,-2.63323677060463));
#5086=CARTESIAN_POINT('Ctrl Pts',(11.3998252470256,249.8,-2.59817815826093));
#5087=CARTESIAN_POINT('Ctrl Pts',(11.4069284008374,249.8,-2.56307953427852));
#5088=CARTESIAN_POINT('Ctrl Pts',(11.4138727516534,249.8,-2.52794196081414));
#5089=CARTESIAN_POINT('Ctrl Pts',(11.4188945076062,249.8,-2.50253248433612));
#5090=CARTESIAN_POINT('Ctrl Pts',(11.4238329362259,249.8,-2.47710396376966));
#5091=CARTESIAN_POINT('Ctrl Pts',(11.4286860940768,249.8,-2.45166632043001));
#5092=CARTESIAN_POINT('Ctrl Pts',(11.481148384805,249.8,-2.17668720758546));
#5093=CARTESIAN_POINT('Ctrl Pts',(11.5237111503612,249.8,-1.90033876276282));
#5094=CARTESIAN_POINT('Ctrl Pts',(11.5562776351127,249.8,-1.62314871005484));
#5095=CARTESIAN_POINT('Ctrl Pts',(11.5888150897366,249.8,-1.34620574764962));
#5096=CARTESIAN_POINT('Ctrl Pts',(11.6113742034702,249.8,-1.06842206097787));
#5097=CARTESIAN_POINT('Ctrl Pts',(11.6238079823141,249.8,-0.79031251043562));
#5098=CARTESIAN_POINT('Ctrl Pts',(11.6283032744282,249.8,-0.689765147875655));
#5099=CARTESIAN_POINT('Ctrl Pts',(11.6314745939048,249.8,-0.589175128243749));
#5100=CARTESIAN_POINT('Ctrl Pts',(11.6333133170694,249.8,-0.48856665200893));
#5101=CARTESIAN_POINT('Ctrl Pts',(11.6384096117542,249.8,-0.209715298783769));
#5102=CARTESIAN_POINT('Ctrl Pts',(11.6332726405074,249.8,0.0692782382100774));
#5103=CARTESIAN_POINT('Ctrl Pts',(11.6180405740061,249.8,0.34787899934504));
#5104=CARTESIAN_POINT('Ctrl Pts',(11.6028206162821,249.8,0.626258285963117));
#5105=CARTESIAN_POINT('Ctrl Pts',(11.5775214478018,249.8,0.904246042714338));
#5106=CARTESIAN_POINT('Ctrl Pts',(11.5422300415826,249.8,1.18129824495192));
#5107=CARTESIAN_POINT('Ctrl Pts',(11.520757451223,249.8,1.34986700103689));
#5108=CARTESIAN_POINT('Ctrl Pts',(11.4955848034951,249.8,1.51808917843414));
#5109=CARTESIAN_POINT('Ctrl Pts',(11.4667228330759,249.8,1.6858388719673));
#5110=CARTESIAN_POINT('Ctrl Pts',(11.4533833309028,249.8,1.76336987102734));
#5111=CARTESIAN_POINT('Ctrl Pts',(11.4392556499568,249.8,1.84079989884835));
#5112=CARTESIAN_POINT('Ctrl Pts',(11.424340379657,249.8,1.91811628255709));
#5113=CARTESIAN_POINT('Ctrl Pts',(11.4192019495895,249.8,1.94475239593484));
#5114=CARTESIAN_POINT('Ctrl Pts',(11.4139698420304,249.8,1.97137601443979));
#5115=CARTESIAN_POINT('Ctrl Pts',(11.4086446905833,249.8,1.99798353302255));
#5116=CARTESIAN_POINT('Ctrl Pts',(11.3540971579205,249.8,2.27053437094551));
#5117=CARTESIAN_POINT('Ctrl Pts',(11.2899390978306,249.8,2.5406610978922));
#5118=CARTESIAN_POINT('Ctrl Pts',(11.2163608937723,249.8,2.80785010848435));
#5119=CARTESIAN_POINT('Ctrl Pts',(11.1426313918333,249.8,3.07558853627874));
#5120=CARTESIAN_POINT('Ctrl Pts',(11.0594428030082,249.8,3.34037777430515));
#5121=CARTESIAN_POINT('Ctrl Pts',(10.9669348389123,249.8,3.60169298955971));
#5122=CARTESIAN_POINT('Ctrl Pts',(10.8751309056637,249.8,3.86101946823129));
#5123=CARTESIAN_POINT('Ctrl Pts',(10.7741486827146,249.8,4.11692517849999));
#5124=CARTESIAN_POINT('Ctrl Pts',(10.664076716015,249.8,4.36888034373625));
#5125=CARTESIAN_POINT('Ctrl Pts',(10.5628696589423,249.8,4.60054369592684));
#5126=CARTESIAN_POINT('Ctrl Pts',(10.4539774194187,249.8,4.82886737802561));
#5127=CARTESIAN_POINT('Ctrl Pts',(10.3374348641719,249.8,5.05342058592133));
#5128=CARTESIAN_POINT('Ctrl Pts',(10.2284951031535,249.8,5.26332479432195));
#5129=CARTESIAN_POINT('Ctrl Pts',(10.1128700183181,249.8,5.46993438904172));
#5130=CARTESIAN_POINT('Ctrl Pts',(9.99076458988706,249.8,5.67298144195394));
#5131=CARTESIAN_POINT('Ctrl Pts',(9.93734346494848,249.8,5.76181452760303));
#5132=CARTESIAN_POINT('Ctrl Pts',(9.88268170151714,249.8,5.84996547699197));
#5133=CARTESIAN_POINT('Ctrl Pts',(9.82679531399212,249.8,5.93741064491382));
#5134=CARTESIAN_POINT('Ctrl Pts',(9.79326444493052,249.8,5.9898762381559));
#5135=CARTESIAN_POINT('Ctrl Pts',(9.75929272363627,249.8,6.04208774991253));
#5136=CARTESIAN_POINT('Ctrl Pts',(9.72488349797939,249.8,6.09403993456416));
#5137=CARTESIAN_POINT('Ctrl Pts',(9.70898977852798,249.8,6.1180367968003));
#5138=CARTESIAN_POINT('Ctrl Pts',(9.6930029755096,249.8,6.14197787363458));
#5139=CARTESIAN_POINT('Ctrl Pts',(9.67693104941634,249.8,6.16585150033083));
#5140=CARTESIAN_POINT('Ctrl Pts',(9.52399904543086,249.8,6.39302038798455));
#5141=CARTESIAN_POINT('Ctrl Pts',(9.36318933262467,249.8,6.61434825389513));
#5142=CARTESIAN_POINT('Ctrl Pts',(9.1949196839664,249.8,6.82949242319465));
#5143=CARTESIAN_POINT('Ctrl Pts',(9.02528482560983,249.8,7.0463821057748));
#5144=CARTESIAN_POINT('Ctrl Pts',(8.84806810487763,249.8,7.2569878327763));
#5145=CARTESIAN_POINT('Ctrl Pts',(8.6636526708478,249.8,7.46093066949659));
#5146=CARTESIAN_POINT('Ctrl Pts',(8.47932856620069,249.8,7.66477250613795));
#5147=CARTESIAN_POINT('Ctrl Pts',(8.28781243515526,249.8,7.86195850377915));
#5148=CARTESIAN_POINT('Ctrl Pts',(8.08944853596589,249.8,8.05207556233177));
#5149=CARTESIAN_POINT('Ctrl Pts',(7.89245589363018,249.8,8.24087837307719));
#5150=CARTESIAN_POINT('Ctrl Pts',(7.68870937678842,249.8,8.42271004323451));
#5151=CARTESIAN_POINT('Ctrl Pts',(7.47851508553674,249.8,8.59712539315438));
#5152=CARTESIAN_POINT('Ctrl Pts',(7.27186814364447,249.8,8.76859721793793));
#5153=CARTESIAN_POINT('Ctrl Pts',(7.05898877136755,249.8,8.93290123529994));
#5154=CARTESIAN_POINT('Ctrl Pts',(6.84014444842438,249.8,9.08956997290411));
#5155=CARTESIAN_POINT('Ctrl Pts',(6.76108191640354,249.8,9.14617014839375));
#5156=CARTESIAN_POINT('Ctrl Pts',(6.68124065869104,249.8,9.20177333344582));
#5157=CARTESIAN_POINT('Ctrl Pts',(6.60063269012433,249.8,9.25635590567703));
#5158=CARTESIAN_POINT('Origin',(0.,249.8,0.));
#5159=CARTESIAN_POINT('Origin',(0.,246.951410108095,0.));
#5160=CARTESIAN_POINT('Ctrl Pts',(6.60063269012354,249.8,9.2563559056776));
#5161=CARTESIAN_POINT('Ctrl Pts',(8.13302922712506,249.826348218038,8.16361630281075));
#5162=CARTESIAN_POINT('Ctrl Pts',(10.6430219193043,249.879044654114,5.20330383501294));
#5163=CARTESIAN_POINT('Ctrl Pts',(11.8364388464273,249.958089308229,-0.497257536955641));
#5164=CARTESIAN_POINT('Ctrl Pts',(10.1694963659344,250.037133962342,-6.07673072471097));
#5165=CARTESIAN_POINT('Ctrl Pts',(6.04535947579027,250.116178616457,-10.1883243769741));
#5166=CARTESIAN_POINT('Ctrl Pts',(0.460400112263576,250.195223270571,-11.8378457237167));
#5167=CARTESIAN_POINT('Ctrl Pts',(-5.23578243433351,250.274267924685,-10.6270379826869));
#5168=CARTESIAN_POINT('Ctrl Pts',(-9.66683049028108,250.353312578799,-6.84831928288097));
#5169=CARTESIAN_POINT('Ctrl Pts',(-11.2319729452725,250.412359973269,-2.78943362754947));
#5170=CARTESIAN_POINT('Ctrl Pts',(-11.3691550756606,250.445059149701,-0.453949669024497));
#5171=CARTESIAN_POINT('Ctrl Pts',(-11.3686992408677,250.451410108095,-0.00028981216004649));
#5172=CARTESIAN_POINT('Ctrl Pts',(6.93345843522418,249.469033958187,9.72309200445098));
#5173=CARTESIAN_POINT('Ctrl Pts',(8.54312347710409,249.495382176225,8.57525285437417));
#5174=CARTESIAN_POINT('Ctrl Pts',(11.1796783076707,249.548078612301,5.46567163476415));
#5175=CARTESIAN_POINT('Ctrl Pts',(12.4332712658854,249.627123266415,-0.522330907648054));
#5176=CARTESIAN_POINT('Ctrl Pts',(10.682276028762,249.70616792053,-6.38313959885634));
#5177=CARTESIAN_POINT('Ctrl Pts',(6.35018650774164,249.785212574644,-10.7020534104299));
#5178=CARTESIAN_POINT('Ctrl Pts',(0.48361500962305,249.864257228758,-12.4347490825838));
#5179=CARTESIAN_POINT('Ctrl Pts',(-5.49978791255067,249.943301882872,-11.1628884080701));
#5180=CARTESIAN_POINT('Ctrl Pts',(-10.1542640760802,250.022346536986,-7.19363420570995));
#5181=CARTESIAN_POINT('Ctrl Pts',(-12.3551117609081,250.101391191101,-1.48617347647794));
#5182=CARTESIAN_POINT('Ctrl Pts',(-11.5705387983998,250.180435845215,4.58041022379824));
#5183=CARTESIAN_POINT('Ctrl Pts',(-7.99012095745018,250.259480499329,9.54020226865171));
#5184=CARTESIAN_POINT('Ctrl Pts',(-2.47901341053314,250.338525153443,12.1947532432719));
#5185=CARTESIAN_POINT('Ctrl Pts',(3.63111007408719,250.417569807557,11.9026275699414));
#5186=CARTESIAN_POINT('Ctrl Pts',(8.86383127009975,250.496614461671,8.73441484342126));
#5187=CARTESIAN_POINT('Ctrl Pts',(11.9547434583095,250.575659115786,3.45566424382342));
#5188=CARTESIAN_POINT('Ctrl Pts',(12.1569749404193,250.6547037699,-2.65809455850966));
#5189=CARTESIAN_POINT('Ctrl Pts',(9.42165962576764,250.733748424014,-8.12956558514523));
#5190=CARTESIAN_POINT('Ctrl Pts',(4.40974454561743,250.812793078128,-11.6366515591785));
#5191=CARTESIAN_POINT('Ctrl Pts',(-1.66771776602542,250.891837732242,-12.3319189118178));
#5192=CARTESIAN_POINT('Ctrl Pts',(-7.3422016219916,250.970882386357,-10.0473669129994));
#5193=CARTESIAN_POINT('Ctrl Pts',(-11.2425548994444,251.049927040471,-5.33502257636545));
#5194=CARTESIAN_POINT('Ctrl Pts',(-12.4263169631966,251.128971694585,0.66644826272475));
#5195=CARTESIAN_POINT('Ctrl Pts',(-10.6074498390266,251.208016348699,6.50688208486926));
#5196=CARTESIAN_POINT('Ctrl Pts',(-6.22545491220128,251.287061002813,10.7750275030992));
#5197=CARTESIAN_POINT('Ctrl Pts',(-0.339174147328196,251.366105656927,12.4395525423024));
#5198=CARTESIAN_POINT('Ctrl Pts',(5.629062855846,251.445150311042,11.098250218864));
#5199=CARTESIAN_POINT('Ctrl Pts',(10.2371230278245,251.524194965156,7.07522569735748));
#5200=CARTESIAN_POINT('Ctrl Pts',(12.3715391995035,251.60323961927,1.34258124169203));
#5201=CARTESIAN_POINT('Ctrl Pts',(11.5165623911369,251.682284273384,-4.71447740968891));
#5202=CARTESIAN_POINT('Ctrl Pts',(7.87878465467392,251.761328927498,-9.63235479624091));
#5203=CARTESIAN_POINT('Ctrl Pts',(2.33721926833388,251.840373581613,-12.2227211637645));
#5204=CARTESIAN_POINT('Ctrl Pts',(-3.7690993601794,251.919418235727,-11.8596541504588));
#5205=CARTESIAN_POINT('Ctrl Pts',(-8.96467285126656,251.998462889841,-8.6308833397959));
#5206=CARTESIAN_POINT('Ctrl Pts',(-11.9940704399182,252.077507543955,-3.3165917502282));
#5207=CARTESIAN_POINT('Ctrl Pts',(-12.1252845934214,252.156552198069,2.79910344287927));
#5208=CARTESIAN_POINT('Ctrl Pts',(-9.32660942109924,252.235596852183,8.23843815669356));
#5209=CARTESIAN_POINT('Ctrl Pts',(-4.27430191722366,252.314641506298,11.6870804598847));
#5210=CARTESIAN_POINT('Ctrl Pts',(1.81082518491711,252.393686160412,12.3117187551158));
#5211=CARTESIAN_POINT('Ctrl Pts',(7.45839411352827,252.472730814526,9.96141876454797));
#5212=CARTESIAN_POINT('Ctrl Pts',(11.3037563283373,252.55177546864,5.2040944865534));
#5213=CARTESIAN_POINT('Ctrl Pts',(12.4177389410465,252.630820122755,-0.810719524507896));
#5214=CARTESIAN_POINT('Ctrl Pts',(10.5311651137034,252.709864776869,-6.62963557847027));
#5215=CARTESIAN_POINT('Ctrl Pts',(6.09989651920525,252.788909430983,-10.8466017263652));
#5216=CARTESIAN_POINT('Ctrl Pts',(0.194681349469173,252.867954085097,-12.4426526805007));
#5217=CARTESIAN_POINT('Ctrl Pts',(-5.75757558686234,252.946998739211,-11.0321271709933));
#5218=CARTESIAN_POINT('Ctrl Pts',(-10.3186025586837,253.026043393325,-6.95585708531502));
#5219=CARTESIAN_POINT('Ctrl Pts',(-12.38629724942,253.10508804744,-1.19881066245385));
#5220=CARTESIAN_POINT('Ctrl Pts',(-11.4610329033625,253.184132701553,4.84790999745696));
#5221=CARTESIAN_POINT('Ctrl Pts',(-7.76638547950797,253.263177355668,9.72320745120094));
#5222=CARTESIAN_POINT('Ctrl Pts',(-2.19510994508507,253.342222009782,12.2490407332326));
#5223=CARTESIAN_POINT('Ctrl Pts',(3.90658028992202,253.421266663896,11.8150809135526));
#5224=CARTESIAN_POINT('Ctrl Pts',(9.06430522632225,253.50031131801,8.52618773658361));
#5225=CARTESIAN_POINT('Ctrl Pts',(12.0317796227035,253.579355972125,3.17707186983522));
#5226=CARTESIAN_POINT('Ctrl Pts',(12.0919587374244,253.658400626239,-2.93973475807359));
#5227=CARTESIAN_POINT('Ctrl Pts',(9.23030120904324,253.737445280353,-8.34619950311137));
#5228=CARTESIAN_POINT('Ctrl Pts',(4.138282753612,253.816489934467,-11.7359329585065));
#5229=CARTESIAN_POINT('Ctrl Pts',(-1.95368835230246,253.895534588582,-12.2898579478153));
#5230=CARTESIAN_POINT('Ctrl Pts',(-7.57358058820787,253.974579242696,-9.87412698061567));
#5231=CARTESIAN_POINT('Ctrl Pts',(-11.3634330627614,254.05362389681,-5.07246444872134));
#5232=CARTESIAN_POINT('Ctrl Pts',(-12.4074859662782,254.132668550924,0.954881433483866));
#5233=CARTESIAN_POINT('Ctrl Pts',(-10.4534599040731,254.211713205038,6.75149484109534));
#5234=CARTESIAN_POINT('Ctrl Pts',(-5.97351534858139,254.290757859152,10.9167129180749));
#5235=CARTESIAN_POINT('Ctrl Pts',(-0.0501622922319887,254.369802513267,
12.4440745055564));
#5236=CARTESIAN_POINT('Ctrl Pts',(5.88531171381034,254.448847167381,10.9645160671453));
#5237=CARTESIAN_POINT('Ctrl Pts',(10.3986902765174,254.527891821495,6.83555024035845));
#5238=CARTESIAN_POINT('Ctrl Pts',(12.3993845876513,254.606936475609,1.05487838299847));
#5239=CARTESIAN_POINT('Ctrl Pts',(11.4039575071377,254.685981129723,-4.98068868037329));
#5240=CARTESIAN_POINT('Ctrl Pts',(7.65293874422712,254.765025783838,-9.81274860232896));
#5241=CARTESIAN_POINT('Ctrl Pts',(2.05270453691599,254.844070437952,-12.273708104706));
#5242=CARTESIAN_POINT('Ctrl Pts',(-4.04353428500404,254.923115092066,-11.7689140128305));
#5243=CARTESIAN_POINT('Ctrl Pts',(-9.16271497282717,255.00215974618,-8.42034208818919));
#5244=CARTESIAN_POINT('Ctrl Pts',(-12.0678659125129,255.081204400294,-3.03712345369919));
#5245=CARTESIAN_POINT('Ctrl Pts',(-12.0570018712599,255.160249054408,3.07996955047244));
#5246=CARTESIAN_POINT('Ctrl Pts',(-9.13274797825626,255.239293708523,8.45283508185611));
#5247=CARTESIAN_POINT('Ctrl Pts',(-4.00170540241515,255.318338362637,11.7832024690949));
#5248=CARTESIAN_POINT('Ctrl Pts',(2.09628799864581,255.397383016751,12.2663394369361));
#5249=CARTESIAN_POINT('Ctrl Pts',(7.68774550904232,255.476427670865,9.78550333624188));
#5250=CARTESIAN_POINT('Ctrl Pts',(11.421577053379,255.555472324979,4.94015021726347));
#5251=CARTESIAN_POINT('Ctrl Pts',(12.395559421809,255.634516979093,-1.09891454435854));
#5252=CARTESIAN_POINT('Ctrl Pts',(10.3743446913358,255.713561633208,-6.8724434359807));
#5253=CARTESIAN_POINT('Ctrl Pts',(5.84632844710105,255.792606287322,-10.9853516213191));
#5254=CARTESIAN_POINT('Ctrl Pts',(-0.0943635310891967,255.871650941436,
-12.4438178257077));
#5255=CARTESIAN_POINT('Ctrl Pts',(-6.01225400714928,255.95069559555,-10.8954260269582));
#5256=CARTESIAN_POINT('Ctrl Pts',(-10.4773753787832,256.029740249664,-6.71432138994476));
#5257=CARTESIAN_POINT('Ctrl Pts',(-12.4107994489271,256.108784903779,-0.910803817466365));
#5258=CARTESIAN_POINT('Ctrl Pts',(-11.3453439010125,256.187829557893,5.11279554873452));
#5259=CARTESIAN_POINT('Ctrl Pts',(-7.53845975096599,256.266874212007,9.90096617196864));
#5260=CARTESIAN_POINT('Ctrl Pts',(-1.91002225201889,256.345918866121,12.2967199509542));
#5261=CARTESIAN_POINT('Ctrl Pts',(4.17994287254082,256.424963520235,11.7211596754629));
#5262=CARTESIAN_POINT('Ctrl Pts',(9.25988881689414,256.504008174349,8.31336067148302));
#5263=CARTESIAN_POINT('Ctrl Pts',(12.1023244418882,256.583052828464,2.89676537860371));
#5264=CARTESIAN_POINT('Ctrl Pts',(12.020418710045,256.662097482578,-3.21978890466469));
#5265=CARTESIAN_POINT('Ctrl Pts',(9.03396288709544,256.741142136692,-8.5583305095085));
#5266=CARTESIAN_POINT('Ctrl Pts',(3.86458828571451,256.820186790806,-11.8288826157554));
#5267=CARTESIAN_POINT('Ctrl Pts',(-2.23860488955521,256.89923144492,-12.2411663947461));
#5268=CARTESIAN_POINT('Ctrl Pts',(-7.80087347702533,256.978276099035,-9.69555978532667));
#5269=CARTESIAN_POINT('Ctrl Pts',(-11.4781804575035,257.057320753149,-4.80716963923529));
#5270=CARTESIAN_POINT('Ctrl Pts',(-12.3819609163376,257.136365407263,1.24279942938873));
#5271=CARTESIAN_POINT('Ctrl Pts',(-10.2938301468573,257.215410061377,6.99246504911195));
#5272=CARTESIAN_POINT('Ctrl Pts',(-5.71835297022551,257.294454715491,11.052508577844));
#5273=CARTESIAN_POINT('Ctrl Pts',(0.23887662629228,257.373499369606,12.4418826755766));
#5274=CARTESIAN_POINT('Ctrl Pts',(6.13838534441165,257.45254402372,10.8248663695638));
#5275=CARTESIAN_POINT('Ctrl Pts',(10.5546472521302,257.531588677834,6.59218688589016));
#5276=CARTESIAN_POINT('Ctrl Pts',(12.4205402935669,257.610633331948,0.766606399192234));
#5277=CARTESIAN_POINT('Ctrl Pts',(11.2851999910168,257.689677986063,-5.24421278345528));
#5278=CARTESIAN_POINT('Ctrl Pts',(7.42296394109402,257.768722640176,-9.9878482609929));
#5279=CARTESIAN_POINT('Ctrl Pts',(1.76708233593229,257.847767294291,-12.3180731680502));
#5280=CARTESIAN_POINT('Ctrl Pts',(-4.31578765321446,257.926811948405,-11.6718243427394));
#5281=CARTESIAN_POINT('Ctrl Pts',(-9.35581365133912,258.005856602519,-8.20525791653243));
#5282=CARTESIAN_POINT('Ctrl Pts',(-12.1351505629295,258.084901256633,-2.75601657658897));
#5283=CARTESIAN_POINT('Ctrl Pts',(-11.9822141882581,258.163945910748,3.35917396127493));
#5284=CARTESIAN_POINT('Ctrl Pts',(-8.93395926007597,258.242990564861,8.6626715564371));
#5285=CARTESIAN_POINT('Ctrl Pts',(-3.72694989839731,258.322035218976,11.8729672369732));
#5286=CARTESIAN_POINT('Ctrl Pts',(2.38061982877783,258.40107987309,12.2143422166825));
#5287=CARTESIAN_POINT('Ctrl Pts',(7.91294923301913,258.480124527204,9.60430845980405));
#5288=CARTESIAN_POINT('Ctrl Pts',(11.533235640249,258.559169181318,4.67354065157141));
#5289=CARTESIAN_POINT('Ctrl Pts',(12.366692284083,258.638213835433,-1.38651668082454));
#5290=CARTESIAN_POINT('Ctrl Pts',(10.211927130751,258.717258489547,-7.11154349150971));
#5291=CARTESIAN_POINT('Ctrl Pts',(5.5896061797821,258.796303143661,-11.1181747292594));
#5292=CARTESIAN_POINT('Ctrl Pts',(-0.383357500891966,258.875347797775,-12.4382693161835));
#5293=CARTESIAN_POINT('Ctrl Pts',(-6.26368871251473,258.954392451889,-10.7528466123217));
#5294=CARTESIAN_POINT('Ctrl Pts',(-10.6304954738292,259.033437106004,-6.46916320216912));
#5295=CARTESIAN_POINT('Ctrl Pts',(-12.4286058076878,259.112481760118,-0.622305578081732));
#5296=CARTESIAN_POINT('Ctrl Pts',(-11.2235338895939,259.191526414232,5.37492265847047));
#5297=CARTESIAN_POINT('Ctrl Pts',(-7.30646689313275,259.270571068346,10.0733831504097));
#5298=CARTESIAN_POINT('Ctrl Pts',(-1.62390406894486,259.34961572246,12.3377648757894));
#5299=CARTESIAN_POINT('Ctrl Pts',(4.45105030375562,259.428660376574,11.6209146692007));
#5300=CARTESIAN_POINT('Ctrl Pts',(9.4504765374493,259.507705030689,8.09604840465465));
#5301=CARTESIAN_POINT('Ctrl Pts',(12.1663398479231,259.586749684802,2.61489603239867));
#5302=CARTESIAN_POINT('Ctrl Pts',(11.9423934590721,259.665794338917,-3.49810591950952));
#5303=CARTESIAN_POINT('Ctrl Pts',(8.83275058607575,259.744838993031,-8.76584414871382));
#5304=CARTESIAN_POINT('Ctrl Pts',(3.58880880565772,259.823883647145,-11.9154503864526));
#5305=CARTESIAN_POINT('Ctrl Pts',(-2.52231366078144,259.90292830126,-12.185870520876));
#5306=CARTESIAN_POINT('Ctrl Pts',(-8.02395765982888,259.981972955374,-9.51176166804389));
#5307=CARTESIAN_POINT('Ctrl Pts',(-11.5867351755243,260.061017609488,-4.5392812785867));
#5308=CARTESIAN_POINT('Ctrl Pts',(-12.3497555846112,260.140062263602,1.53004691335948));
#5309=CARTESIAN_POINT('Ctrl Pts',(-10.1286466902568,260.219106917716,7.22966270176563));
#5310=CARTESIAN_POINT('Ctrl Pts',(-5.46010544196206,260.298151571831,11.1823412175209));
#5311=CARTESIAN_POINT('Ctrl Pts',(0.527786667434121,260.377196225944,12.4329782364663));
#5312=CARTESIAN_POINT('Ctrl Pts',(6.38814720861732,260.456240880059,10.6793764662723));
#5313=CARTESIAN_POINT('Ctrl Pts',(10.7049098161985,260.535285534173,6.3452669395428));
#5314=CARTESIAN_POINT('Ctrl Pts',(12.4349948970414,260.614330188287,0.477920803603129));
#5315=CARTESIAN_POINT('Ctrl Pts',(11.160353927819,260.693374842401,-5.50490751292427));
#5316=CARTESIAN_POINT('Ctrl Pts',(7.18898429270188,260.772419496516,-10.1575593663567));
#5317=CARTESIAN_POINT('Ctrl Pts',(1.4805068221862,260.85146415063,-12.3557922849296));
#5318=CARTESIAN_POINT('Ctrl Pts',(-4.58571270264515,260.930508804744,-11.5684378013063));
#5319=CARTESIAN_POINT('Ctrl Pts',(-9.54386444798718,261.009553458858,-7.98574627946059));
#5320=CARTESIAN_POINT('Ctrl Pts',(-12.1958886332047,261.088598112972,-2.47342401339122));
#5321=CARTESIAN_POINT('Ctrl Pts',(-11.9009607529974,261.167642767086,3.63656862747437));
#5322=CARTESIAN_POINT('Ctrl Pts',(-8.73035291158028,261.246687421201,8.86782893675754));
#5323=CARTESIAN_POINT('Ctrl Pts',(-3.45017861233687,261.325732075315,11.9563377435166));
#5324=CARTESIAN_POINT('Ctrl Pts',(2.66365671023607,261.404776729429,12.1557312060758));
#5325=CARTESIAN_POINT('Ctrl Pts',(8.13390591212946,261.483821383543,9.41798229428279));
#5326=CARTESIAN_POINT('Ctrl Pts',(11.6386249345985,261.562866037657,4.40430493096161));
#5327=CARTESIAN_POINT('Ctrl Pts',(12.3312475659785,261.641910691772,-1.67313998658974));
#5328=CARTESIAN_POINT('Ctrl Pts',(10.0437663020921,261.720955345886,-7.34721252932205));
#5329=CARTESIAN_POINT('Ctrl Pts',(6.90127898822592,261.773651781962,-9.94445919033161));
#5330=CARTESIAN_POINT('Ctrl Pts',(5.11478528829215,261.8,-10.7912156615773));
#5331=CARTESIAN_POINT('Ctrl Pts',(6.82251652019064,249.579355972125,9.56751330485985));
#5332=CARTESIAN_POINT('Ctrl Pts',(8.40642539377775,249.605704190163,8.4380406705197));
#5333=CARTESIAN_POINT('Ctrl Pts',(11.0007928448819,249.658400626239,5.37821570151375));
#5334=CARTESIAN_POINT('Ctrl Pts',(12.234327126066,249.737445280353,-0.51397311741725));
#5335=CARTESIAN_POINT('Ctrl Pts',(10.5113494744862,249.816489934467,-6.28100330747454));
#5336=CARTESIAN_POINT('Ctrl Pts',(6.24857749709118,249.895534588582,-10.530810399278));
#5337=CARTESIAN_POINT('Ctrl Pts',(0.475876710503224,249.974579242695,-12.2357812962947));
#5338=CARTESIAN_POINT('Ctrl Pts',(-5.41178608647828,250.05362389681,-10.9842715996091));
#5339=CARTESIAN_POINT('Ctrl Pts',(-9.99178621414714,250.132668550924,-7.07852923143362));
#5340=CARTESIAN_POINT('Ctrl Pts',(-12.1574182473442,250.211713205038,-1.46239329042895));
#5341=CARTESIAN_POINT('Ctrl Pts',(-11.3853991968205,250.290757859152,4.50711931326422));
#5342=CARTESIAN_POINT('Ctrl Pts',(-7.86227143925505,250.369802513267,9.38754997840149));
#5343=CARTESIAN_POINT('Ctrl Pts',(-2.43934684330296,250.448847167381,11.9996256181754));
#5344=CARTESIAN_POINT('Ctrl Pts',(3.57300886686422,250.527891821495,11.7121742328547));
#5345=CARTESIAN_POINT('Ctrl Pts',(8.7220015577237,250.606936475609,8.5946559166923));
#5346=CARTESIAN_POINT('Ctrl Pts',(11.7634562175493,250.685981129723,3.40037033638826));
#5347=CARTESIAN_POINT('Ctrl Pts',(11.9624518040213,250.765025783837,-2.61556252295823));
#5348=CARTESIAN_POINT('Ctrl Pts',(9.27090413030424,250.844070437952,-7.99948482056967));
#5349=CARTESIAN_POINT('Ctrl Pts',(4.33918444790137,250.923115092066,-11.4504540906836));
#5350=CARTESIAN_POINT('Ctrl Pts',(-1.64103269905245,251.00215974618,-12.1345965058501));
#5351=CARTESIAN_POINT('Ctrl Pts',(-7.22471942805965,251.081204400294,-9.88659950712441));
#5352=CARTESIAN_POINT('Ctrl Pts',(-11.0626633515154,251.160249054408,-5.24965715203949));
#5353=CARTESIAN_POINT('Ctrl Pts',(-12.2274840988201,251.239293708522,0.655784458040821));
#5354=CARTESIAN_POINT('Ctrl Pts',(-10.4377205747989,251.318338362637,6.40276579627575));
#5355=CARTESIAN_POINT('Ctrl Pts',(-6.12584172545367,251.397383016751,10.6026168372099));
#5356=CARTESIAN_POINT('Ctrl Pts',(-0.333747039084004,251.476427670865,12.2405078960993));
#5357=CARTESIAN_POINT('Ctrl Pts',(5.5389925079949,251.555472324979,10.9206676827739));
#5358=CARTESIAN_POINT('Ctrl Pts',(10.0733193440278,251.634516979094,6.96201537158819));
#5359=CARTESIAN_POINT('Ctrl Pts',(12.1735828313319,251.713561633208,1.32109866767315));
#5360=CARTESIAN_POINT('Ctrl Pts',(11.3322864632991,251.792606287322,-4.63904129694666));
#5361=CARTESIAN_POINT('Ctrl Pts',(7.75271662298486,251.871650941436,-9.47822797809362));
#5362=CARTESIAN_POINT('Ctrl Pts',(2.29982154194598,251.95069559555,-12.0271460253977));
#5363=CARTESIAN_POINT('Ctrl Pts',(-3.70879019342279,252.029740249665,-11.6698884288669));
#5364=CARTESIAN_POINT('Ctrl Pts',(-8.82122957789,252.108784903779,-8.49278101537961));
#5365=CARTESIAN_POINT('Ctrl Pts',(-11.8021539301297,252.187829557893,-3.26352313467472));
#5366=CARTESIAN_POINT('Ctrl Pts',(-11.9312685326505,252.266874212007,2.75431513135607));
#5367=CARTESIAN_POINT('Ctrl Pts',(-9.17737481911617,252.345918866121,8.10661532764973));
#5368=CARTESIAN_POINT('Ctrl Pts',(-4.20590903010121,252.424963520235,11.5000760811199));
#5369=CARTESIAN_POINT('Ctrl Pts',(1.78185026342843,252.504008174349,12.1147195708259));
#5370=CARTESIAN_POINT('Ctrl Pts',(7.3390527294614,252.583052828464,9.80202661061571));
#5371=CARTESIAN_POINT('Ctrl Pts',(11.1228854994639,252.662097482578,5.1208240359193));
#5372=CARTESIAN_POINT('Ctrl Pts',(12.2190433331652,252.741142136692,-0.79774724271747));
#5373=CARTESIAN_POINT('Ctrl Pts',(10.3626564774774,252.820186790806,-6.52355511748223));
#5374=CARTESIAN_POINT('Ctrl Pts',(6.00229238590443,252.89923144492,-10.6730458049774));
#5375=CARTESIAN_POINT('Ctrl Pts',(0.19156626311894,252.978276099035,-12.2435584291442));
#5376=CARTESIAN_POINT('Ctrl Pts',(-5.66544891335237,253.057320753149,-10.855602666422));
#5377=CARTESIAN_POINT('Ctrl Pts',(-10.1534951250667,253.136365407263,-6.84455677062297));
#5378=CARTESIAN_POINT('Ctrl Pts',(-12.1881047384439,253.215410061377,-1.17962855414558));
#5379=CARTESIAN_POINT('Ctrl Pts',(-11.2776455000283,253.294454715491,4.77033883667869));
#5380=CARTESIAN_POINT('Ctrl Pts',(-7.64211594129192,253.373499369606,9.56762690435226));
#5381=CARTESIAN_POINT('Ctrl Pts',(-2.15998610273536,253.45254402372,12.0530444567762));
#5382=CARTESIAN_POINT('Ctrl Pts',(3.8440712978158,253.531588677834,11.6260284060526));
#5383=CARTESIAN_POINT('Ctrl Pts',(8.91926774039056,253.610633331948,8.38976064117813));
#5384=CARTESIAN_POINT('Ctrl Pts',(11.8392597302032,253.689677986062,3.12623570477678));
#5385=CARTESIAN_POINT('Ctrl Pts',(11.8984759219768,253.768722640176,-2.89269621204374));
#5386=CARTESIAN_POINT('Ctrl Pts',(9.08260762985258,253.847767294291,-8.21265239025595));
#5387=CARTESIAN_POINT('Ctrl Pts',(4.07206630219379,253.926811948405,-11.5481468934012));
#5388=CARTESIAN_POINT('Ctrl Pts',(-1.92242748455397,254.005856602519,-12.0932085571888));
#5389=CARTESIAN_POINT('Ctrl Pts',(-7.45239611123055,254.084901256633,-9.71613157806897));
#5390=CARTESIAN_POINT('Ctrl Pts',(-11.1816073495021,254.163945910747,-4.9913002036136));
#5391=CARTESIAN_POINT('Ctrl Pts',(-12.2089544157236,254.242990564862,0.939602424335639));
#5392=CARTESIAN_POINT('Ctrl Pts',(-10.2861946249459,254.322035218976,6.64346451625703));
#5393=CARTESIAN_POINT('Ctrl Pts',(-5.87793343395027,254.40107987309,10.7420351510821));
#5394=CARTESIAN_POINT('Ctrl Pts',(-0.049359647950668,254.480124527204,12.2449575036497));
#5395=CARTESIAN_POINT('Ctrl Pts',(5.79114114104359,254.559169181318,10.7890734044006));
#5396=CARTESIAN_POINT('Ctrl Pts',(10.2323013634092,254.638213835433,6.72617494936069));
#5397=CARTESIAN_POINT('Ctrl Pts',(12.2009826668432,254.717258489547,1.03799932775774));
#5398=CARTESIAN_POINT('Ctrl Pts',(11.2214833643094,254.796303143661,-4.90099293465723));
#5399=CARTESIAN_POINT('Ctrl Pts',(7.53048446144008,254.875347797775,-9.65573531208487));
#5400=CARTESIAN_POINT('Ctrl Pts',(2.0198593162442,254.954392451889,-12.077317126896));
#5401=CARTESIAN_POINT('Ctrl Pts',(-3.97883389900286,255.033437106004,-11.5806002195559));
#5402=CARTESIAN_POINT('Ctrl Pts',(-9.01610283755745,255.112481760118,-8.28560862360887));
#5403=CARTESIAN_POINT('Ctrl Pts',(-11.8747686051287,255.191526414232,-2.98852659611437));
#5404=CARTESIAN_POINT('Ctrl Pts',(-11.864078398846,255.270571068346,3.03068711467698));
#5405=CARTESIAN_POINT('Ctrl Pts',(-8.98661534333928,255.34961572246,8.31758169854027));
#5406=CARTESIAN_POINT('Ctrl Pts',(-3.93767431823229,255.428660376574,11.5946600469599));
#5407=CARTESIAN_POINT('Ctrl Pts',(2.06274540122429,255.507705030688,12.0700663648035));
#5408=CARTESIAN_POINT('Ctrl Pts',(7.56473428498554,255.586749684803,9.62892599611178));
#5409=CARTESIAN_POINT('Ctrl Pts',(11.2388209810893,255.665794338917,4.86110312542942));
#5410=CARTESIAN_POINT('Ctrl Pts',(12.1972187072846,255.744838993031,-1.08133086874438));
#5411=CARTESIAN_POINT('Ctrl Pts',(10.2083453306953,255.823883647145,-6.76247781884019));
#5412=CARTESIAN_POINT('Ctrl Pts',(5.75278164359798,255.90292830126,-10.8095755699341));
#5413=CARTESIAN_POINT('Ctrl Pts',(-0.0928536250378261,255.981972955374,
-12.2447049309222));
#5414=CARTESIAN_POINT('Ctrl Pts',(-5.91605223721688,256.061017609488,-10.7210888704252));
#5415=CARTESIAN_POINT('Ctrl Pts',(-10.3097274293641,256.140062263602,-6.6068858756036));
#5416=CARTESIAN_POINT('Ctrl Pts',(-12.2122148795056,256.219106917716,-0.896230092005441));
#5417=CARTESIAN_POINT('Ctrl Pts',(-11.1638076315084,256.29815157183,5.03098596775111));
#5418=CARTESIAN_POINT('Ctrl Pts',(-7.4178372407153,256.377196225945,9.74254131688906));
#5419=CARTESIAN_POINT('Ctrl Pts',(-1.87946008331543,256.456240880059,12.0999607617652));
#5420=CARTESIAN_POINT('Ctrl Pts',(4.11305981968302,256.535285534173,11.5336099969065));
#5421=CARTESIAN_POINT('Ctrl Pts',(9.11172180789833,256.614330188287,8.18033901109872));
#5422=CARTESIAN_POINT('Ctrl Pts',(11.9086757653317,256.693374842402,2.85041438342464));
#5423=CARTESIAN_POINT('Ctrl Pts',(11.8280806029291,256.772419496515,-3.16826922650919));
#5424=CARTESIAN_POINT('Ctrl Pts',(8.88941090738719,256.85146415063,-8.42138909923174));
#5425=CARTESIAN_POINT('Ctrl Pts',(3.80275120552732,256.930508804744,-11.6396092679219));
#5426=CARTESIAN_POINT('Ctrl Pts',(-2.20278508681593,257.009553458858,-12.0452961151785));
#5427=CARTESIAN_POINT('Ctrl Pts',(-7.67605209811883,257.088598112972,-9.54042162737047));
#5428=CARTESIAN_POINT('Ctrl Pts',(-11.2945186770295,257.167642767087,-4.73025036285244));
#5429=CARTESIAN_POINT('Ctrl Pts',(-12.1838377908062,257.246687421201,1.2229134590628));
#5430=CARTESIAN_POINT('Ctrl Pts',(-10.1291190953393,257.325732075315,6.88057897225707));
#5431=CARTESIAN_POINT('Ctrl Pts',(-5.62685389580519,257.404776729429,10.8756579514205));
#5432=CARTESIAN_POINT('Ctrl Pts',(0.235054373570187,257.483821383543,12.2428007450297));
#5433=CARTESIAN_POINT('Ctrl Pts',(6.04016535338045,257.562866037657,10.6516582345124));
#5434=CARTESIAN_POINT('Ctrl Pts',(10.3857628794041,257.641910691772,6.48670563952337));
#5435=CARTESIAN_POINT('Ctrl Pts',(12.2217998613867,257.720955345886,0.754339969271576));
#5436=CARTESIAN_POINT('Ctrl Pts',(11.1046260811511,257.8,-5.16030040199724));
#5437=CARTESIAN_POINT('Ctrl Pts',(7.30418947341042,257.879044654114,-9.82803321003511));
#5438=CARTESIAN_POINT('Ctrl Pts',(1.73880734154069,257.958089308229,-12.1209723071228));
#5439=CARTESIAN_POINT('Ctrl Pts',(-4.24673095494491,258.037133962342,-11.4850640763274));
#5440=CARTESIAN_POINT('Ctrl Pts',(-9.2061117539565,258.116178616457,-8.07396600282024));
#5441=CARTESIAN_POINT('Ctrl Pts',(-11.9409766372834,258.195223270571,-2.71191769581718));
#5442=CARTESIAN_POINT('Ctrl Pts',(-11.7904873897481,258.274267924685,3.30542398993288));
#5443=CARTESIAN_POINT('Ctrl Pts',(-8.79100743330661,258.353312578799,8.52406059038653));
#5444=CARTESIAN_POINT('Ctrl Pts',(-3.66731516303035,258.432357232914,11.6829884933625));
#5445=CARTESIAN_POINT('Ctrl Pts',(2.34252765223435,258.511401887027,12.0189011494209));
#5446=CARTESIAN_POINT('Ctrl Pts',(7.78633453565331,258.590446541142,9.45063040965659));
#5447=CARTESIAN_POINT('Ctrl Pts',(11.3486929246019,258.669491195256,4.59875956580929));
#5448=CARTESIAN_POINT('Ctrl Pts',(12.168813471158,258.748535849371,-1.36433109808345));
#5449=CARTESIAN_POINT('Ctrl Pts',(10.0485266052191,258.827580503484,-6.99775204656727));
#5450=CARTESIAN_POINT('Ctrl Pts',(5.50016717619363,258.906625157599,-10.940273382094));
#5451=CARTESIAN_POINT('Ctrl Pts',(-0.377223417059391,258.985669811713,-12.239245202816));
#5452=CARTESIAN_POINT('Ctrl Pts',(-6.16346374867705,259.064714465827,-10.5807908617351));
#5453=CARTESIAN_POINT('Ctrl Pts',(-10.4603974575736,259.143759119941,-6.3656504514952));
#5454=CARTESIAN_POINT('Ctrl Pts',(-12.2297363196272,259.222803774055,-0.612348098244857));
#5455=CARTESIAN_POINT('Ctrl Pts',(-11.043946695874,259.301848428169,5.28891879496441));
#5456=CARTESIAN_POINT('Ctrl Pts',(-7.18955648877589,259.380893082284,9.91219946004589));
#5457=CARTESIAN_POINT('Ctrl Pts',(-1.59792006270573,259.459937736398,12.1403489288502));
#5458=CARTESIAN_POINT('Ctrl Pts',(4.37982927470891,259.538982390512,11.4349690058802));
#5459=CARTESIAN_POINT('Ctrl Pts',(9.29925994405086,259.618027044627,7.96650394677578));
#5460=CARTESIAN_POINT('Ctrl Pts',(11.9716668641174,259.69707169874,2.57305521426176));
#5461=CARTESIAN_POINT('Ctrl Pts',(11.7513038300202,259.776116352855,-3.44213290498492));
#5462=CARTESIAN_POINT('Ctrl Pts',(8.69141819414061,259.855161006969,-8.6255823232728));
#5463=CARTESIAN_POINT('Ctrl Pts',(3.53138445887483,259.934205661083,-11.7247918721325));
#5464=CARTESIAN_POINT('Ctrl Pts',(-2.481954248454,260.013250315197,-11.9908850277679));
#5465=CARTESIAN_POINT('Ctrl Pts',(-7.89556672228362,260.092294969312,-9.35956445439441));
#5466=CARTESIAN_POINT('Ctrl Pts',(-11.40133641654,260.171339623425,-4.4666484702087));
#5467=CARTESIAN_POINT('Ctrl Pts',(-12.1521477749512,260.25038427754,1.50556471068313));
#5468=CARTESIAN_POINT('Ctrl Pts',(-9.96657873080864,260.329428931654,7.11398123736026));
#5469=CARTESIAN_POINT('Ctrl Pts',(-5.37273857307898,260.408473585768,11.0034131456473));
#5470=CARTESIAN_POINT('Ctrl Pts',(0.519341579869054,260.487518239882,12.2340387853957));
#5471=CARTESIAN_POINT('Ctrl Pts',(6.28593079072697,260.566562893997,10.508496307748));
#5472=CARTESIAN_POINT('Ctrl Pts',(10.5336210998435,260.645607548111,6.24373664665234));
#5473=CARTESIAN_POINT('Ctrl Pts',(12.2360231774877,260.724652202225,0.470273617183605));
#5474=CARTESIAN_POINT('Ctrl Pts',(10.9817776734472,260.803696856339,-5.41682376838725));
#5475=CARTESIAN_POINT('Ctrl Pts',(7.0739537214466,260.882741510453,-9.99502877665195));
#5476=CARTESIAN_POINT('Ctrl Pts',(1.4568173079837,260.961786164567,-12.1580878823355));
#5477=CARTESIAN_POINT('Ctrl Pts',(-4.51233694741736,261.040830818682,-11.3833318176743));
#5478=CARTESIAN_POINT('Ctrl Pts',(-9.39115355939206,261.119875472796,-7.857966760265));
#5479=CARTESIAN_POINT('Ctrl Pts',(-12.0007428407918,261.19892012691,-2.43384688181983));
#5480=CARTESIAN_POINT('Ctrl Pts',(-11.7105340865636,261.277964781024,3.57838007821687));
#5481=CARTESIAN_POINT('Ctrl Pts',(-8.59065897961568,261.357009435138,8.72593525792105));
#5482=CARTESIAN_POINT('Ctrl Pts',(-3.39497248021153,261.436054089252,11.76502499268));
#5483=CARTESIAN_POINT('Ctrl Pts',(2.62103567497837,261.515098743367,11.9612279706076));
#5484=CARTESIAN_POINT('Ctrl Pts',(8.00375569820303,261.594143397481,9.26728563961306));
#5485=CARTESIAN_POINT('Ctrl Pts',(11.4523958902241,261.673188051595,4.33383187224241));
#5486=CARTESIAN_POINT('Ctrl Pts',(12.1339359021813,261.752232705709,-1.64636815894188));
#5487=CARTESIAN_POINT('Ctrl Pts',(9.88305650940875,261.831277359824,-7.22965015611729));
#5488=CARTESIAN_POINT('Ctrl Pts',(6.79085197488363,261.8839737959,-9.78533840568199));
#5489=CARTESIAN_POINT('Ctrl Pts',(5.03294386958747,261.910322013938,-10.6185459697892));
#5490=CARTESIAN_POINT('Ctrl Pts',(6.71157460515709,249.689677986062,9.41193460526872));
#5491=CARTESIAN_POINT('Ctrl Pts',(8.2697273104514,249.7160262041,8.30082848666522));
#5492=CARTESIAN_POINT('Ctrl Pts',(10.8219073820931,249.768722640176,5.29075976826335));
#5493=CARTESIAN_POINT('Ctrl Pts',(12.0353829862466,249.847767294291,-0.505615327186451));
#5494=CARTESIAN_POINT('Ctrl Pts',(10.3404229202103,249.926811948405,-6.17886701609275));
#5495=CARTESIAN_POINT('Ctrl Pts',(6.14696848644072,250.005856602519,-10.3595673881261));
#5496=CARTESIAN_POINT('Ctrl Pts',(0.468138411383399,250.084901256633,-12.0368135100057));
#5497=CARTESIAN_POINT('Ctrl Pts',(-5.3237842604059,250.163945910748,-10.805654791148));
#5498=CARTESIAN_POINT('Ctrl Pts',(-9.82930835221411,250.242990564862,-6.96342425715729));
#5499=CARTESIAN_POINT('Ctrl Pts',(-11.9597247337803,250.322035218976,-1.43861310437995));
#5500=CARTESIAN_POINT('Ctrl Pts',(-11.2002595952411,250.40107987309,4.4338284027302));
#5501=CARTESIAN_POINT('Ctrl Pts',(-7.73442192105992,250.480124527204,9.23489768815127));
#5502=CARTESIAN_POINT('Ctrl Pts',(-2.39968027607277,250.559169181318,11.804497993079));
#5503=CARTESIAN_POINT('Ctrl Pts',(3.51490765964125,250.638213835433,11.5217208957679));
#5504=CARTESIAN_POINT('Ctrl Pts',(8.58017184534766,250.717258489547,8.45489698996334));
#5505=CARTESIAN_POINT('Ctrl Pts',(11.5721689767891,250.796303143661,3.34507642895309));
#5506=CARTESIAN_POINT('Ctrl Pts',(11.7679286676233,250.875347797775,-2.57303048740681));
#5507=CARTESIAN_POINT('Ctrl Pts',(9.12014863484085,250.95439245189,-7.8694040559941));
#5508=CARTESIAN_POINT('Ctrl Pts',(4.26862435018531,251.033437106003,-11.2642566221887));
#5509=CARTESIAN_POINT('Ctrl Pts',(-1.61434763207947,251.112481760118,-11.9372740998824));
#5510=CARTESIAN_POINT('Ctrl Pts',(-7.1072372341277,251.191526414232,-9.72583210124943));
#5511=CARTESIAN_POINT('Ctrl Pts',(-10.8827718035863,251.270571068346,-5.16429172771352));
#5512=CARTESIAN_POINT('Ctrl Pts',(-12.0286512344436,251.34961572246,0.645120653356885));
#5513=CARTESIAN_POINT('Ctrl Pts',(-10.2679913105712,251.428660376575,6.29864950768225));
#5514=CARTESIAN_POINT('Ctrl Pts',(-6.02622853870607,251.507705030689,10.4302061713205));
#5515=CARTESIAN_POINT('Ctrl Pts',(-0.328319930839813,251.586749684803,12.0414632498961));
#5516=CARTESIAN_POINT('Ctrl Pts',(5.44892216014381,251.665794338917,10.7430851466838));
#5517=CARTESIAN_POINT('Ctrl Pts',(9.90951566023108,251.744838993031,6.84880504581891));
#5518=CARTESIAN_POINT('Ctrl Pts',(11.9756264631603,251.823883647145,1.29961609365427));
#5519=CARTESIAN_POINT('Ctrl Pts',(11.1480105354612,251.90292830126,-4.56360518420441));
#5520=CARTESIAN_POINT('Ctrl Pts',(7.6266485912958,251.981972955374,-9.32410115994633));
#5521=CARTESIAN_POINT('Ctrl Pts',(2.26242381555808,252.061017609488,-11.8315708870309));
#5522=CARTESIAN_POINT('Ctrl Pts',(-3.64848102666618,252.140062263602,-11.480122707275));
#5523=CARTESIAN_POINT('Ctrl Pts',(-8.67778630451345,252.219106917716,-8.3546786909633));
#5524=CARTESIAN_POINT('Ctrl Pts',(-11.6102374203412,252.29815157183,-3.21045451912125));
#5525=CARTESIAN_POINT('Ctrl Pts',(-11.7372524718796,252.377196225945,2.70952681983287));
#5526=CARTESIAN_POINT('Ctrl Pts',(-9.02814021713311,252.456240880059,7.9747924986059));
#5527=CARTESIAN_POINT('Ctrl Pts',(-4.13751614297876,252.535285534173,11.3130717023551));
#5528=CARTESIAN_POINT('Ctrl Pts',(1.75287534193976,252.614330188287,11.917720386536));
#5529=CARTESIAN_POINT('Ctrl Pts',(7.21971134539453,252.693374842401,9.64263445668344));
#5530=CARTESIAN_POINT('Ctrl Pts',(10.9420146705905,252.772419496516,5.03755358528521));
#5531=CARTESIAN_POINT('Ctrl Pts',(12.020347725284,252.85146415063,-0.784774960927048));
#5532=CARTESIAN_POINT('Ctrl Pts',(10.1941478412515,252.930508804744,-6.41747465649418));
#5533=CARTESIAN_POINT('Ctrl Pts',(5.90468825260363,253.009553458858,-10.4994898835897));
#5534=CARTESIAN_POINT('Ctrl Pts',(0.188451176768697,253.088598112972,-12.0444641777877));
#5535=CARTESIAN_POINT('Ctrl Pts',(-5.57332223984239,253.167642767087,-10.6790781618507));
#5536=CARTESIAN_POINT('Ctrl Pts',(-9.98838769144959,253.246687421201,-6.73325645593093));
#5537=CARTESIAN_POINT('Ctrl Pts',(-11.9899122274677,253.325732075315,-1.16044644583731));
#5538=CARTESIAN_POINT('Ctrl Pts',(-11.094258096694,253.404776729429,4.69276767590044));
#5539=CARTESIAN_POINT('Ctrl Pts',(-7.51784640307587,253.483821383544,9.41204635750358));
#5540=CARTESIAN_POINT('Ctrl Pts',(-2.12486226038567,253.562866037657,11.8570481803198));
#5541=CARTESIAN_POINT('Ctrl Pts',(3.78156230570959,253.641910691772,11.4369758985526));
#5542=CARTESIAN_POINT('Ctrl Pts',(8.77423025445886,253.720955345886,8.25333354577265));
#5543=CARTESIAN_POINT('Ctrl Pts',(11.646739837703,253.8,3.07539953971834));
#5544=CARTESIAN_POINT('Ctrl Pts',(11.7049931065291,253.879044654114,-2.84565766601389));
#5545=CARTESIAN_POINT('Ctrl Pts',(8.93491405066193,253.958089308229,-8.07910527740053));
#5546=CARTESIAN_POINT('Ctrl Pts',(4.0058498507756,254.037133962342,-11.3603608282958));
#5547=CARTESIAN_POINT('Ctrl Pts',(-1.8911666168055,254.116178616457,-11.8965591665623));
#5548=CARTESIAN_POINT('Ctrl Pts',(-7.33121163425321,254.195223270571,-9.55813617552226));
#5549=CARTESIAN_POINT('Ctrl Pts',(-10.9997816362428,254.274267924685,-4.91013595850586));
#5550=CARTESIAN_POINT('Ctrl Pts',(-12.010422865169,254.353312578799,0.924323415187423));
#5551=CARTESIAN_POINT('Ctrl Pts',(-10.1189293458188,254.432357232913,6.5354341914187));
#5552=CARTESIAN_POINT('Ctrl Pts',(-5.78235151931914,254.511401887028,10.5673573840892));
#5553=CARTESIAN_POINT('Ctrl Pts',(-0.0485570036693593,254.590446541142,
12.045840501743));
#5554=CARTESIAN_POINT('Ctrl Pts',(5.69697056827684,254.669491195256,10.613630741656));
#5555=CARTESIAN_POINT('Ctrl Pts',(10.065912450301,254.74853584937,6.61679965836293));
#5556=CARTESIAN_POINT('Ctrl Pts',(12.0025807460351,254.827580503484,1.02112027251701));
#5557=CARTESIAN_POINT('Ctrl Pts',(11.0390092214811,254.906625157599,-4.82129718894116));
#5558=CARTESIAN_POINT('Ctrl Pts',(7.40803017865304,254.985669811713,-9.49872202184078));
#5559=CARTESIAN_POINT('Ctrl Pts',(1.98701409557241,255.064714465827,-11.8809261490859));
#5560=CARTESIAN_POINT('Ctrl Pts',(-3.91413351300169,255.143759119941,-11.3922864262813));
#5561=CARTESIAN_POINT('Ctrl Pts',(-8.86949070228773,255.222803774055,-8.15087515902853));
#5562=CARTESIAN_POINT('Ctrl Pts',(-11.6816712977445,255.30184842817,-2.93992973852956));
#5563=CARTESIAN_POINT('Ctrl Pts',(-11.6711549264321,255.380893082284,2.98140467888153));
#5564=CARTESIAN_POINT('Ctrl Pts',(-8.8404827084223,255.459937736398,8.18232831522442));
#5565=CARTESIAN_POINT('Ctrl Pts',(-3.87364323404944,255.538982390512,11.4061176248248));
#5566=CARTESIAN_POINT('Ctrl Pts',(2.02920280380277,255.618027044626,11.8737932926709));
#5567=CARTESIAN_POINT('Ctrl Pts',(7.44172306092877,255.69707169874,9.47234865598168));
#5568=CARTESIAN_POINT('Ctrl Pts',(11.0560649087997,255.776116352855,4.78205603359536));
#5569=CARTESIAN_POINT('Ctrl Pts',(11.9988779927602,255.855161006969,-1.06374719313021));
#5570=CARTESIAN_POINT('Ctrl Pts',(10.0423459700547,255.934205661083,-6.6525122016997));
#5571=CARTESIAN_POINT('Ctrl Pts',(5.6592348400949,256.013250315197,-10.633799518549));
#5572=CARTESIAN_POINT('Ctrl Pts',(-0.0913437189864541,256.092294969311,
-12.0455920361367));
#5573=CARTESIAN_POINT('Ctrl Pts',(-5.81985046728449,256.171339623426,-10.5467517138921));
#5574=CARTESIAN_POINT('Ctrl Pts',(-10.142079479945,256.250384277539,-6.49945036126246));
#5575=CARTESIAN_POINT('Ctrl Pts',(-12.013630310084,256.329428931654,-0.881656366544519));
#5576=CARTESIAN_POINT('Ctrl Pts',(-10.9822713620042,256.408473585768,4.9491763867677));
#5577=CARTESIAN_POINT('Ctrl Pts',(-7.2972147304646,256.487518239883,9.58411646180948));
#5578=CARTESIAN_POINT('Ctrl Pts',(-1.84889791461197,256.566562893996,11.9032015725762));
#5579=CARTESIAN_POINT('Ctrl Pts',(4.04617676682522,256.645607548111,11.3460603183502));
#5580=CARTESIAN_POINT('Ctrl Pts',(8.96355479890249,256.724652202225,8.04731735071442));
#5581=CARTESIAN_POINT('Ctrl Pts',(11.7150270887753,256.803696856339,2.80406338824558));
#5582=CARTESIAN_POINT('Ctrl Pts',(11.6357424958132,256.882741510453,-3.1167495483537));
#5583=CARTESIAN_POINT('Ctrl Pts',(8.74485892767894,256.961786164568,-8.28444768895497));
#5584=CARTESIAN_POINT('Ctrl Pts',(3.74091412534013,257.040830818681,-11.4503359200884));
#5585=CARTESIAN_POINT('Ctrl Pts',(-2.16696528407667,257.119875472796,-11.8494258356109));
#5586=CARTESIAN_POINT('Ctrl Pts',(-7.55123071921233,257.19892012691,-9.38528346941426));
#5587=CARTESIAN_POINT('Ctrl Pts',(-11.1108568965554,257.277964781024,-4.65333108646959));
#5588=CARTESIAN_POINT('Ctrl Pts',(-11.9857146652747,257.357009435138,1.20302748873687));
#5589=CARTESIAN_POINT('Ctrl Pts',(-9.96440804382121,257.436054089253,6.76869289540219));
#5590=CARTESIAN_POINT('Ctrl Pts',(-5.53535482138488,257.515098743367,10.698807324997));
#5591=CARTESIAN_POINT('Ctrl Pts',(0.231232120848101,257.594143397481,12.0437188144827));
#5592=CARTESIAN_POINT('Ctrl Pts',(5.94194536234925,257.673188051595,10.478450099461));
#5593=CARTESIAN_POINT('Ctrl Pts',(10.2168785066781,257.752232705709,6.38122439315657));
#5594=CARTESIAN_POINT('Ctrl Pts',(12.0230594292066,257.831277359823,0.742073539350922));
#5595=CARTESIAN_POINT('Ctrl Pts',(10.9240521712853,257.910322013938,-5.07638802053922));
#5596=CARTESIAN_POINT('Ctrl Pts',(7.18541500572683,257.989366668052,-9.66821815907731));
#5597=CARTESIAN_POINT('Ctrl Pts',(1.71053234714908,258.068411322166,-11.9238714461954));
#5598=CARTESIAN_POINT('Ctrl Pts',(-4.17767425667537,258.14745597628,-11.2983038099154));
#5599=CARTESIAN_POINT('Ctrl Pts',(-9.05640985657387,258.226500630395,-7.94267408910807));
#5600=CARTESIAN_POINT('Ctrl Pts',(-11.7468027116372,258.305545284509,-2.66781881504539));
#5601=CARTESIAN_POINT('Ctrl Pts',(-11.5987605912381,258.384589938623,3.25167401859082));
#5602=CARTESIAN_POINT('Ctrl Pts',(-8.64805560653726,258.463634592737,8.38544962433599));
#5603=CARTESIAN_POINT('Ctrl Pts',(-3.60768042766339,258.542679246851,11.4930097497519));
#5604=CARTESIAN_POINT('Ctrl Pts',(2.30443547569088,258.621723900965,11.8234600821593));
#5605=CARTESIAN_POINT('Ctrl Pts',(7.65971983828749,258.70076855508,9.29695235950913));
#5606=CARTESIAN_POINT('Ctrl Pts',(11.1641502089548,258.779813209194,4.52397848004717));
#5607=CARTESIAN_POINT('Ctrl Pts',(11.970934658233,258.858857863308,-1.34214551534237));
#5608=CARTESIAN_POINT('Ctrl Pts',(9.88512607968731,258.937902517422,-6.88396060162484));
#5609=CARTESIAN_POINT('Ctrl Pts',(5.41072817260516,259.016947171536,-10.7623720349286));
#5610=CARTESIAN_POINT('Ctrl Pts',(-0.371089333226813,259.095991825651,-12.0402210894486));
#5611=CARTESIAN_POINT('Ctrl Pts',(-6.06323878483937,259.175036479765,-10.4087351111486));
#5612=CARTESIAN_POINT('Ctrl Pts',(-10.290299441318,259.254081133879,-6.26213770082127));
#5613=CARTESIAN_POINT('Ctrl Pts',(-12.0308668315667,259.333125787993,-0.602390618407989));
#5614=CARTESIAN_POINT('Ctrl Pts',(-10.864359502154,259.412170442107,5.20291493145836));
#5615=CARTESIAN_POINT('Ctrl Pts',(-7.07264608441904,259.491215096221,9.75101576968212));
#5616=CARTESIAN_POINT('Ctrl Pts',(-1.5719360564666,259.570259750336,11.9429329819109));
#5617=CARTESIAN_POINT('Ctrl Pts',(4.3086082456622,259.64930440445,11.2490233425598));
#5618=CARTESIAN_POINT('Ctrl Pts',(9.14804335065242,259.728349058564,7.8369594888969));
#5619=CARTESIAN_POINT('Ctrl Pts',(11.7769938803118,259.807393712678,2.53121439612485));
#5620=CARTESIAN_POINT('Ctrl Pts',(11.5602142009683,259.886438366793,-3.38615989046032));
#5621=CARTESIAN_POINT('Ctrl Pts',(8.55008580220547,259.965483020907,-8.48532049783178));
#5622=CARTESIAN_POINT('Ctrl Pts',(3.47396011209194,260.044527675021,-11.5341333578123));
#5623=CARTESIAN_POINT('Ctrl Pts',(-2.44159483612658,260.123572329135,-11.7958995346597));
#5624=CARTESIAN_POINT('Ctrl Pts',(-7.76717578473835,260.202616983249,-9.20736724074492));
#5625=CARTESIAN_POINT('Ctrl Pts',(-11.2159376575558,260.281661637363,-4.3940156618307));
#5626=CARTESIAN_POINT('Ctrl Pts',(-11.9545399652912,260.360706291478,1.48108250800678));
#5627=CARTESIAN_POINT('Ctrl Pts',(-9.80451077136047,260.439750945591,6.99829977295489));
#5628=CARTESIAN_POINT('Ctrl Pts',(-5.2853717041959,260.518795599706,10.8244850737737));
#5629=CARTESIAN_POINT('Ctrl Pts',(0.510896492303985,260.59784025382,12.0350993343252));
#5630=CARTESIAN_POINT('Ctrl Pts',(6.18371437283663,260.676884907934,10.3376161492237));
#5631=CARTESIAN_POINT('Ctrl Pts',(10.3623323834884,260.755929562048,6.14220635376189));
#5632=CARTESIAN_POINT('Ctrl Pts',(12.0370514579341,260.834974216162,0.46262643076408));
#5633=CARTESIAN_POINT('Ctrl Pts',(10.8032014190755,260.914018870277,-5.32874002385023));
#5634=CARTESIAN_POINT('Ctrl Pts',(6.95892315019132,260.993063524391,-9.83249818694716));
#5635=CARTESIAN_POINT('Ctrl Pts',(1.4331277937812,261.072108178505,-11.9603834797414));
#5636=CARTESIAN_POINT('Ctrl Pts',(-4.43896119218956,261.15115283262,-11.1982258340424));
#5637=CARTESIAN_POINT('Ctrl Pts',(-9.23844267079696,261.230197486733,-7.73018724106941));
#5638=CARTESIAN_POINT('Ctrl Pts',(-11.8055970483789,261.309242140848,-2.39426975024842));
#5639=CARTESIAN_POINT('Ctrl Pts',(-11.5201074201299,261.388286794962,3.52019152895937));
#5640=CARTESIAN_POINT('Ctrl Pts',(-8.45096504765107,261.467331449076,8.58404157908457));
#5641=CARTESIAN_POINT('Ctrl Pts',(-3.33976634808619,261.54637610319,11.5737122418434));
#5642=CARTESIAN_POINT('Ctrl Pts',(2.57841463972067,261.625420757304,11.7667247351395));
#5643=CARTESIAN_POINT('Ctrl Pts',(7.87360548427661,261.704465411419,9.11658898494332));
#5644=CARTESIAN_POINT('Ctrl Pts',(11.2661668458497,261.783510065533,4.26335881352321));
#5645=CARTESIAN_POINT('Ctrl Pts',(11.9366242383841,261.862554719647,-1.61959633129402));
#5646=CARTESIAN_POINT('Ctrl Pts',(9.72234671672538,261.941599373761,-7.11208778291254));
#5647=CARTESIAN_POINT('Ctrl Pts',(6.68042496154134,261.994295809837,-9.62621762103237));
#5648=CARTESIAN_POINT('Ctrl Pts',(4.95110245088279,262.020644027875,-10.4458762780011));
#5649=CARTESIAN_POINT('Ctrl Pts',(6.60063269012354,249.8,9.2563559056776));
#5650=CARTESIAN_POINT('Ctrl Pts',(8.13302922712506,249.826348218038,8.16361630281075));
#5651=CARTESIAN_POINT('Ctrl Pts',(10.6430219193043,249.879044654114,5.20330383501294));
#5652=CARTESIAN_POINT('Ctrl Pts',(11.8364388464273,249.958089308229,-0.497257536955641));
#5653=CARTESIAN_POINT('Ctrl Pts',(10.1694963659344,250.037133962342,-6.07673072471097));
#5654=CARTESIAN_POINT('Ctrl Pts',(6.04535947579027,250.116178616457,-10.1883243769741));
#5655=CARTESIAN_POINT('Ctrl Pts',(0.460400112263576,250.195223270571,-11.8378457237167));
#5656=CARTESIAN_POINT('Ctrl Pts',(-5.23578243433351,250.274267924685,-10.6270379826869));
#5657=CARTESIAN_POINT('Ctrl Pts',(-9.66683049028108,250.353312578799,-6.84831928288097));
#5658=CARTESIAN_POINT('Ctrl Pts',(-11.7620312202164,250.432357232914,-1.41483291833095));
#5659=CARTESIAN_POINT('Ctrl Pts',(-11.0151199936617,250.511401887028,4.36053749219617));
#5660=CARTESIAN_POINT('Ctrl Pts',(-7.6065724028648,250.590446541142,9.08224539790106));
#5661=CARTESIAN_POINT('Ctrl Pts',(-2.36001370884259,250.669491195256,11.6093703679825));
#5662=CARTESIAN_POINT('Ctrl Pts',(3.45680645241828,250.74853584937,11.3312675586812));
#5663=CARTESIAN_POINT('Ctrl Pts',(8.4383421329716,250.827580503484,8.31513806323439));
#5664=CARTESIAN_POINT('Ctrl Pts',(11.3808817360288,250.906625157599,3.28978252151793));
#5665=CARTESIAN_POINT('Ctrl Pts',(11.5734055312252,250.985669811713,-2.53049845185539));
#5666=CARTESIAN_POINT('Ctrl Pts',(8.96939313937744,251.064714465827,-7.73932329141854));
#5667=CARTESIAN_POINT('Ctrl Pts',(4.19806425246925,251.143759119941,-11.0780591536938));
#5668=CARTESIAN_POINT('Ctrl Pts',(-1.58766256510651,251.222803774056,-11.7399516939147));
#5669=CARTESIAN_POINT('Ctrl Pts',(-6.98975504019573,251.301848428169,-9.56506469537444));
#5670=CARTESIAN_POINT('Ctrl Pts',(-10.7028802556573,251.380893082284,-5.07892630338757));
#5671=CARTESIAN_POINT('Ctrl Pts',(-11.8298183700671,251.459937736398,0.634456848672958));
#5672=CARTESIAN_POINT('Ctrl Pts',(-10.0982620463435,251.538982390512,6.19453321908874));
#5673=CARTESIAN_POINT('Ctrl Pts',(-5.92661535195846,251.618027044626,10.2577955054312));
#5674=CARTESIAN_POINT('Ctrl Pts',(-0.322892822595627,251.69707169874,11.8424186036929));
#5675=CARTESIAN_POINT('Ctrl Pts',(5.35885181229271,251.776116352855,10.5655026105937));
#5676=CARTESIAN_POINT('Ctrl Pts',(9.74571197643439,251.855161006969,6.73559472004961));
#5677=CARTESIAN_POINT('Ctrl Pts',(11.7776700949887,251.934205661083,1.27813351963539));
#5678=CARTESIAN_POINT('Ctrl Pts',(10.9637346076233,252.013250315197,-4.48816907146217));
#5679=CARTESIAN_POINT('Ctrl Pts',(7.50058055960674,252.092294969311,-9.16997434179903));
#5680=CARTESIAN_POINT('Ctrl Pts',(2.22502608917018,252.171339623426,-11.6359957486642));
#5681=CARTESIAN_POINT('Ctrl Pts',(-3.58817185990956,252.25038427754,-11.2903569856832));
#5682=CARTESIAN_POINT('Ctrl Pts',(-8.53434303113691,252.329428931654,-8.21657636654701));
#5683=CARTESIAN_POINT('Ctrl Pts',(-11.4183209105527,252.408473585768,-3.15738590356778));
#5684=CARTESIAN_POINT('Ctrl Pts',(-11.5432364111087,252.487518239882,2.66473850830967));
#5685=CARTESIAN_POINT('Ctrl Pts',(-8.87890561515003,252.566562893996,7.84296966956206));
#5686=CARTESIAN_POINT('Ctrl Pts',(-4.06912325585631,252.645607548111,11.1260673235903));
#5687=CARTESIAN_POINT('Ctrl Pts',(1.72390042045108,252.724652202225,11.7207212022461));
#5688=CARTESIAN_POINT('Ctrl Pts',(7.10036996132766,252.803696856339,9.48324230275118));
#5689=CARTESIAN_POINT('Ctrl Pts',(10.7611438417171,252.882741510453,4.95428313465111));
#5690=CARTESIAN_POINT('Ctrl Pts',(11.8216521174027,252.961786164568,-0.771802679136625));
#5691=CARTESIAN_POINT('Ctrl Pts',(10.0256392050255,253.040830818682,-6.31139419550614));
#5692=CARTESIAN_POINT('Ctrl Pts',(5.80708411930282,253.119875472796,-10.3259339622019));
#5693=CARTESIAN_POINT('Ctrl Pts',(0.185336090418459,253.19892012691,-11.8453699264312));
#5694=CARTESIAN_POINT('Ctrl Pts',(-5.48119556633241,253.277964781024,-10.5025536572793));
#5695=CARTESIAN_POINT('Ctrl Pts',(-9.82328025783252,253.357009435138,-6.62195614123888));
#5696=CARTESIAN_POINT('Ctrl Pts',(-11.7917197164916,253.436054089253,-1.14126433752904));
#5697=CARTESIAN_POINT('Ctrl Pts',(-10.9108706933598,253.515098743367,4.61519651512219));
#5698=CARTESIAN_POINT('Ctrl Pts',(-7.39357686485981,253.594143397481,9.25646581065491));
#5699=CARTESIAN_POINT('Ctrl Pts',(-2.08973841803596,253.673188051595,11.6610519038635));
#5700=CARTESIAN_POINT('Ctrl Pts',(3.71905331360337,253.752232705709,11.2479233910526));
#5701=CARTESIAN_POINT('Ctrl Pts',(8.62919276852717,253.831277359823,8.11690645036716));
#5702=CARTESIAN_POINT('Ctrl Pts',(11.4542199452027,253.910322013938,3.02456337465991));
#5703=CARTESIAN_POINT('Ctrl Pts',(11.5115102910814,253.989366668052,-2.79861911998405));
#5704=CARTESIAN_POINT('Ctrl Pts',(8.78722047147128,254.068411322166,-7.94555816454511));
#5705=CARTESIAN_POINT('Ctrl Pts',(3.93963339935739,254.14745597628,-11.1725747631905));
#5706=CARTESIAN_POINT('Ctrl Pts',(-1.85990574905702,254.226500630395,-11.6999097759358));
#5707=CARTESIAN_POINT('Ctrl Pts',(-7.21002715727588,254.305545284509,-9.40014077297557));
#5708=CARTESIAN_POINT('Ctrl Pts',(-10.8179559229835,254.384589938623,-4.82897171339812));
#5709=CARTESIAN_POINT('Ctrl Pts',(-11.8118913146144,254.463634592737,0.909044406039198));
#5710=CARTESIAN_POINT('Ctrl Pts',(-9.95166406669159,254.542679246851,6.42740386658039));
#5711=CARTESIAN_POINT('Ctrl Pts',(-5.68676960468802,254.621723900965,10.3926796170964));
#5712=CARTESIAN_POINT('Ctrl Pts',(-0.0477543593880413,254.70076855508,11.8467234998363));
#5713=CARTESIAN_POINT('Ctrl Pts',(5.6027999955101,254.779813209194,10.4381880789113));
#5714=CARTESIAN_POINT('Ctrl Pts',(9.89952353719286,254.858857863308,6.50742436736517));
#5715=CARTESIAN_POINT('Ctrl Pts',(11.804178825227,254.937902517422,1.00424121727628));
#5716=CARTESIAN_POINT('Ctrl Pts',(10.8565350786528,255.016947171536,-4.7416014432251));
#5717=CARTESIAN_POINT('Ctrl Pts',(7.285575895866,255.09599182565,-9.34170873159669));
#5718=CARTESIAN_POINT('Ctrl Pts',(1.95416887490062,255.175036479765,-11.6845351712759));
#5719=CARTESIAN_POINT('Ctrl Pts',(-3.84943312700051,255.254081133879,-11.2039726330068));
#5720=CARTESIAN_POINT('Ctrl Pts',(-8.72287856701801,255.333125787993,-8.01614169444821));
#5721=CARTESIAN_POINT('Ctrl Pts',(-11.4885739903602,255.412170442107,-2.89133288094475));
#5722=CARTESIAN_POINT('Ctrl Pts',(-11.4782314540182,255.491215096221,2.93212224308608));
#5723=CARTESIAN_POINT('Ctrl Pts',(-8.69435007350532,255.570259750336,8.04707493190856));
#5724=CARTESIAN_POINT('Ctrl Pts',(-3.80961214986659,255.64930440445,11.2175752026899));
#5725=CARTESIAN_POINT('Ctrl Pts',(1.99566020638125,255.728349058564,11.6775202205383));
#5726=CARTESIAN_POINT('Ctrl Pts',(7.31871183687199,255.807393712678,9.31577131585158));
#5727=CARTESIAN_POINT('Ctrl Pts',(10.87330883651,255.886438366792,4.70300894176131));
#5728=CARTESIAN_POINT('Ctrl Pts',(11.8005372782358,255.965483020906,-1.04616351751605));
#5729=CARTESIAN_POINT('Ctrl Pts',(9.87634660941415,256.044527675021,-6.5425465845592));
#5730=CARTESIAN_POINT('Ctrl Pts',(5.56568803659183,256.123572329135,-10.458023467164));
#5731=CARTESIAN_POINT('Ctrl Pts',(-0.0898338129350822,256.202616983249,
-11.8464791413511));
#5732=CARTESIAN_POINT('Ctrl Pts',(-5.7236486973521,256.281661637363,-10.372414557359));
#5733=CARTESIAN_POINT('Ctrl Pts',(-9.97443153052599,256.360706291477,-6.3920148469213));
#5734=CARTESIAN_POINT('Ctrl Pts',(-11.8150457406624,256.439750945592,-0.867082641083594));
#5735=CARTESIAN_POINT('Ctrl Pts',(-10.8007350925001,256.518795599706,4.86736680578429));
#5736=CARTESIAN_POINT('Ctrl Pts',(-7.17659222021389,256.59784025382,9.42569160672992));
#5737=CARTESIAN_POINT('Ctrl Pts',(-1.8183357459085,256.676884907934,11.7064423833872));
#5738=CARTESIAN_POINT('Ctrl Pts',(3.97929371396741,256.755929562048,11.1585106397939));
#5739=CARTESIAN_POINT('Ctrl Pts',(8.81538778990668,256.834974216162,7.91429569033012));
#5740=CARTESIAN_POINT('Ctrl Pts',(11.5213784122188,256.914018870277,2.75771239306652));
#5741=CARTESIAN_POINT('Ctrl Pts',(11.4434043886974,256.993063524391,-3.06522987019821));
#5742=CARTESIAN_POINT('Ctrl Pts',(8.60030694797068,257.072108178505,-8.1475062786782));
#5743=CARTESIAN_POINT('Ctrl Pts',(3.67907704515295,257.151152832619,-11.261062572255));
#5744=CARTESIAN_POINT('Ctrl Pts',(-2.1311454813374,257.230197486734,-11.6535555560433));
#5745=CARTESIAN_POINT('Ctrl Pts',(-7.42640934030582,257.309242140848,-9.23014531145807));
#5746=CARTESIAN_POINT('Ctrl Pts',(-10.9271951160814,257.388286794962,-4.57641181008674));
#5747=CARTESIAN_POINT('Ctrl Pts',(-11.7875915397432,257.467331449076,1.18314151841095));
#5748=CARTESIAN_POINT('Ctrl Pts',(-9.79969699230314,257.54637610319,6.6568068185473));
#5749=CARTESIAN_POINT('Ctrl Pts',(-5.44385574696457,257.625420757305,10.5219566985734));
#5750=CARTESIAN_POINT('Ctrl Pts',(0.227409868126009,257.704465411418,11.8446368839358));
#5751=CARTESIAN_POINT('Ctrl Pts',(5.84372537131806,257.783510065533,10.3052419644095));
#5752=CARTESIAN_POINT('Ctrl Pts',(10.047994133952,257.862554719647,6.27574314678977));
#5753=CARTESIAN_POINT('Ctrl Pts',(11.8243189970264,257.941599373761,0.729807109430268));
#5754=CARTESIAN_POINT('Ctrl Pts',(10.7434782614195,258.020644027875,-4.99247563908119));
#5755=CARTESIAN_POINT('Ctrl Pts',(7.06664053804323,258.099688681989,-9.50840310811952));
#5756=CARTESIAN_POINT('Ctrl Pts',(1.68225735275748,258.178733336104,-11.726770585268));
#5757=CARTESIAN_POINT('Ctrl Pts',(-4.10861755840582,258.257777990218,-11.1115435435034));
#5758=CARTESIAN_POINT('Ctrl Pts',(-8.90670795919125,258.336822644332,-7.81138217539589));
#5759=CARTESIAN_POINT('Ctrl Pts',(-11.552628785991,258.415867298446,-2.6237199342736));
#5760=CARTESIAN_POINT('Ctrl Pts',(-11.4070337927281,258.494911952561,3.19792404724877));
#5761=CARTESIAN_POINT('Ctrl Pts',(-8.5051037797679,258.573956606675,8.24683865828543));
#5762=CARTESIAN_POINT('Ctrl Pts',(-3.54804569229643,258.653001260789,11.3030310061412));
#5763=CARTESIAN_POINT('Ctrl Pts',(2.26634329914741,258.732045914903,11.6280190148977));
#5764=CARTESIAN_POINT('Ctrl Pts',(7.53310514092167,258.811090569017,9.14327430936167));
#5765=CARTESIAN_POINT('Ctrl Pts',(10.9796074933078,258.890135223131,4.44919739428505));
#5766=CARTESIAN_POINT('Ctrl Pts',(11.773055845308,258.969179877246,-1.31995993260128));
#5767=CARTESIAN_POINT('Ctrl Pts',(9.72172555415548,259.04822453136,-6.77016915668241));
#5768=CARTESIAN_POINT('Ctrl Pts',(5.3212891690167,259.127269185474,-10.5844706877632));
#5769=CARTESIAN_POINT('Ctrl Pts',(-0.364955249394241,259.206313839588,-11.8411969760811));
#5770=CARTESIAN_POINT('Ctrl Pts',(-5.96301382100169,259.285358493702,-10.236679360562));
#5771=CARTESIAN_POINT('Ctrl Pts',(-10.1202014250624,259.364403147816,-6.15862495014736));
#5772=CARTESIAN_POINT('Ctrl Pts',(-11.8319973435061,259.443447801931,-0.592433138571113));
#5773=CARTESIAN_POINT('Ctrl Pts',(-10.6847723084341,259.522492456045,5.11691106795231));
#5774=CARTESIAN_POINT('Ctrl Pts',(-6.95573568006219,259.601537110159,9.58983207931837));
#5775=CARTESIAN_POINT('Ctrl Pts',(-1.54595205022747,259.680581764273,11.7455170349716));
#5776=CARTESIAN_POINT('Ctrl Pts',(4.23738721661548,259.759626418387,11.0630776792393));
#5777=CARTESIAN_POINT('Ctrl Pts',(8.99682675725398,259.838671072502,7.70741503101802));
#5778=CARTESIAN_POINT('Ctrl Pts',(11.5823208965061,259.917715726615,2.48937357798794));
#5779=CARTESIAN_POINT('Ctrl Pts',(11.3691245719164,259.99676038073,-3.33018687593572));
#5780=CARTESIAN_POINT('Ctrl Pts',(8.40875341027033,260.075805034844,-8.34505867239076));
#5781=CARTESIAN_POINT('Ctrl Pts',(3.41653576530906,260.154849688958,-11.3434748434921));
#5782=CARTESIAN_POINT('Ctrl Pts',(-2.40123542379915,260.233894343073,-11.6009140415516));
#5783=CARTESIAN_POINT('Ctrl Pts',(-7.63878484719309,260.312938997187,-9.05517002709544));
#5784=CARTESIAN_POINT('Ctrl Pts',(-11.0305388985716,260.391983651301,-4.3213828534527));
#5785=CARTESIAN_POINT('Ctrl Pts',(-11.7569321556312,260.471028305415,1.45660030533043));
#5786=CARTESIAN_POINT('Ctrl Pts',(-9.64244281191231,260.550072959529,6.88261830854952));
#5787=CARTESIAN_POINT('Ctrl Pts',(-5.19800483531282,260.629117613644,10.6455570019001));
#5788=CARTESIAN_POINT('Ctrl Pts',(0.502451404738915,260.708162267757,11.8361598832546));
#5789=CARTESIAN_POINT('Ctrl Pts',(6.08149795494628,260.787206921872,10.1667359906994));
#5790=CARTESIAN_POINT('Ctrl Pts',(10.1910436671334,260.866251575986,6.04067606087144));
#5791=CARTESIAN_POINT('Ctrl Pts',(11.8380797383804,260.9452962301,0.454979244344555));
#5792=CARTESIAN_POINT('Ctrl Pts',(10.6246251647037,261.024340884214,-5.2406562793132));
#5793=CARTESIAN_POINT('Ctrl Pts',(6.84389257893604,261.103385538329,-9.66996759724237));
#5794=CARTESIAN_POINT('Ctrl Pts',(1.4094382795787,261.182430192443,-11.7626790771473));
#5795=CARTESIAN_POINT('Ctrl Pts',(-4.36558543696177,261.261474846557,-11.0131198504104));
#5796=CARTESIAN_POINT('Ctrl Pts',(-9.08573178220185,261.340519500671,-7.60240772187383));
#5797=CARTESIAN_POINT('Ctrl Pts',(-11.610451255966,261.419564154786,-2.35469261867702));
#5798=CARTESIAN_POINT('Ctrl Pts',(-11.3296807536961,261.498608808899,3.46200297970187));
#5799=CARTESIAN_POINT('Ctrl Pts',(-8.31127111568648,261.577653463014,8.44214790024808));
#5800=CARTESIAN_POINT('Ctrl Pts',(-3.28456021596085,261.656698117128,11.3823994910069));
#5801=CARTESIAN_POINT('Ctrl Pts',(2.53579360446297,261.735742771242,11.5722214996713));
#5802=CARTESIAN_POINT('Ctrl Pts',(7.74345527035018,261.814787425356,8.96589233027359));
#5803=CARTESIAN_POINT('Ctrl Pts',(11.0799378014753,261.893832079471,4.192885754804));
#5804=CARTESIAN_POINT('Ctrl Pts',(11.7393125745869,261.972876733584,-1.59282450364617));
#5805=CARTESIAN_POINT('Ctrl Pts',(9.561636924042,262.051921387699,-6.99452540970779));
#5806=CARTESIAN_POINT('Ctrl Pts',(6.56999794819905,262.104617823775,-9.46709683638275));
#5807=CARTESIAN_POINT('Ctrl Pts',(4.86926103217811,262.130966041813,-10.2732065862131));
#5808=CARTESIAN_POINT('Origin',(0.,1.37867965644036,0.));
#5809=CARTESIAN_POINT('',(-6.65,2.75735931288072,8.1439012143299E-16));
#5810=CARTESIAN_POINT('Origin',(0.,2.75735931288072,0.));
#5811=CARTESIAN_POINT('',(-9.40735931288072,0.,1.15206924709484E-15));
#5812=CARTESIAN_POINT('',(-8.02867965644036,1.37867965644036,9.83229684263916E-16));
#5813=CARTESIAN_POINT('Origin',(0.,0.,0.));
#5814=CARTESIAN_POINT('Origin',(0.,0.,0.));
#5815=CARTESIAN_POINT('',(-15.93088,0.,1.95097011996006E-15));
#5816=CARTESIAN_POINT('Origin',(0.,0.,0.));
#5817=CARTESIAN_POINT('Origin',(0.,0.,0.));
#5818=CARTESIAN_POINT('',(-15.93088,3.,1.95097011996006E-15));
#5819=CARTESIAN_POINT('Origin',(0.,3.,0.));
#5820=CARTESIAN_POINT('',(-15.93088,0.,1.95097011996006E-15));
#5821=CARTESIAN_POINT('Origin',(0.,3.,0.));
#5822=CARTESIAN_POINT('Origin',(0.,3.,0.));
#5823=CARTESIAN_POINT('',(-15.16888,25.,1.85765203386503E-15));
#5824=CARTESIAN_POINT('',(-15.16888,3.,1.85765203386503E-15));
#5825=CARTESIAN_POINT('Origin',(0.,25.,0.));
#5826=CARTESIAN_POINT('Origin',(0.,25.,0.));
#5827=CARTESIAN_POINT('',(-13.,25.,1.59204083889156E-15));
#5828=CARTESIAN_POINT('Origin',(0.,25.,0.));
#5829=CARTESIAN_POINT('Origin',(0.,25.,0.));
#5830=CARTESIAN_POINT('',(-13.,25.,1.59204083889156E-15));
#5831=CARTESIAN_POINT('Ctrl Pts',(-12.8657356834062,210.004027251253,1.23631319847682));
#5832=CARTESIAN_POINT('Ctrl Pts',(-12.6598453852439,210.043784723786,3.37891764466208));
#5833=CARTESIAN_POINT('Ctrl Pts',(-11.156584827014,210.123299668852,7.55707054846232));
#5834=CARTESIAN_POINT('Ctrl Pts',(-6.17189257017636,210.242572086451,11.9787146233588));
#5835=CARTESIAN_POINT('Ctrl Pts',(0.320931263461097,210.361844504051,13.4712411814868));
#5836=CARTESIAN_POINT('Ctrl Pts',(6.73566268808985,210.48111692165,11.6709929909533));
#5837=CARTESIAN_POINT('Ctrl Pts',(11.5036457350278,210.600389339249,7.0174935712867));
#5838=CARTESIAN_POINT('Ctrl Pts',(13.4595436530989,210.719661756849,0.648594114260727));
#5839=CARTESIAN_POINT('Ctrl Pts',(12.1251084269278,210.838934174448,-5.87889936339122));
#5840=CARTESIAN_POINT('Ctrl Pts',(7.82660654636488,210.958206592048,-10.9692283072656));
#5841=CARTESIAN_POINT('Ctrl Pts',(1.61481770247344,211.077479009647,-13.3780470169847));
#5842=CARTESIAN_POINT('Ctrl Pts',(-4.99172301752542,211.196751427247,-12.5164867913018));
#5843=CARTESIAN_POINT('Ctrl Pts',(-10.3779973097607,211.316023844846,-8.59516927752586));
#5844=CARTESIAN_POINT('Ctrl Pts',(-13.2272830695198,211.435296262446,-2.57269027290588));
#5845=CARTESIAN_POINT('Ctrl Pts',(-12.843049923493,211.554568680045,4.07870382277935));
#5846=CARTESIAN_POINT('Ctrl Pts',(-9.31922628680506,211.673841097644,9.73302506861191));
#5847=CARTESIAN_POINT('Ctrl Pts',(-3.51724040689282,211.793113515244,13.0080273381503));
#5848=CARTESIAN_POINT('Ctrl Pts',(3.14456416695142,211.912385932843,13.1031092442604));
#5849=CARTESIAN_POINT('Ctrl Pts',(9.03765387289241,212.031658350442,9.99502715872823));
#5850=CARTESIAN_POINT('Ctrl Pts',(12.7214139756725,212.150930768042,4.44357761340039));
#5851=CARTESIAN_POINT('Ctrl Pts',(13.2953186848299,212.270203185641,-2.19414142013832));
#5852=CARTESIAN_POINT('Ctrl Pts',(10.6190722299797,212.389475603241,-8.29548434316586));
#5853=CARTESIAN_POINT('Ctrl Pts',(5.34690529962319,212.50874802084,-12.3689271657317));
#5854=CARTESIAN_POINT('Ctrl Pts',(-1.23235707538758,212.628020438439,-13.4186829290302));
#5855=CARTESIAN_POINT('Ctrl Pts',(-7.51035951991507,212.747292856039,-11.1881301116467));
#5856=CARTESIAN_POINT('Ctrl Pts',(-11.9523921520178,212.866565273638,-6.2225458902781));
#5857=CARTESIAN_POINT('Ctrl Pts',(-13.4725631718132,212.985837691238,0.264191397025962));
#5858=CARTESIAN_POINT('Ctrl Pts',(-11.6992541374645,213.105110108837,6.68634490133646));
#5859=CARTESIAN_POINT('Ctrl Pts',(-7.06596518256688,213.224382526437,11.4739658162019));
#5860=CARTESIAN_POINT('Ctrl Pts',(-0.705342305000364,213.343654944036,13.4566804132899));
#5861=CARTESIAN_POINT('Ctrl Pts',(5.82770736197453,213.462927361635,12.1497976285948));
#5862=CARTESIAN_POINT('Ctrl Pts',(10.9361255231891,213.582199779235,7.87279582192287));
#5863=CARTESIAN_POINT('Ctrl Pts',(13.3711168968888,213.701472196834,1.67122363625009));
#5864=CARTESIAN_POINT('Ctrl Pts',(12.5374276016143,213.820744614434,-4.9388930588654));
#5865=CARTESIAN_POINT('Ctrl Pts',(8.6388599153954,213.940017032033,-10.3416562926257));
#5866=CARTESIAN_POINT('Ctrl Pts',(2.62845111484133,214.059289449632,-13.2163156836358));
#5867=CARTESIAN_POINT('Ctrl Pts',(-4.0245044089731,214.178561867232,-12.8601368489914));
#5868=CARTESIAN_POINT('Ctrl Pts',(-9.69363637748869,214.297834284831,-9.36019066545425));
#5869=CARTESIAN_POINT('Ctrl Pts',(-12.993078357987,214.41710670243,-3.57206806987749));
#5870=CARTESIAN_POINT('Ctrl Pts',(-13.1162543326811,214.53637912003,3.08927625716031));
#5871=CARTESIAN_POINT('Ctrl Pts',(-10.0330529106923,214.655651537629,8.99542132442266));
#5872=CARTESIAN_POINT('Ctrl Pts',(-4.49718830784318,214.774923955229,12.7025608770999));
#5873=CARTESIAN_POINT('Ctrl Pts',(2.13805135843134,214.894196372828,13.3044538370178));
#5874=CARTESIAN_POINT('Ctrl Pts',(8.25062659820562,215.013468790428,10.6539624670641));
#5875=CARTESIAN_POINT('Ctrl Pts',(12.3462675851086,215.132741208027,5.39902141406442));
#5876=CARTESIAN_POINT('Ctrl Pts',(13.4237608360643,215.252013625626,-1.17575530140253));
#5877=CARTESIAN_POINT('Ctrl Pts',(11.2197041695265,215.371286043226,-7.4631088603168));
#5878=CARTESIAN_POINT('Ctrl Pts',(6.27289755821204,215.490558460825,-11.9260434233993));
#5879=CARTESIAN_POINT('Ctrl Pts',(-0.207371002848427,215.609830878425,-13.4735575398559));
#5880=CARTESIAN_POINT('Ctrl Pts',(-6.63694599855134,215.729103296024,-11.7273485206564));
#5881=CARTESIAN_POINT('Ctrl Pts',(-11.4440643772202,215.848375713624,-7.1142916754002));
#5882=CARTESIAN_POINT('Ctrl Pts',(-13.4535860934125,215.967648131223,-0.76208709460681));
#5883=CARTESIAN_POINT('Ctrl Pts',(-12.1742668600388,216.086920548822,5.77641601109106));
#5884=CARTESIAN_POINT('Ctrl Pts',(-7.91884689766731,216.206192966421,10.9028262080955));
#5885=CARTESIAN_POINT('Ctrl Pts',(-1.72759898804352,216.325465384021,13.3639499119512));
#5886=CARTESIAN_POINT('Ctrl Pts',(4.88597485437292,216.44473780162,12.5581449758738));
#5887=CARTESIAN_POINT('Ctrl Pts',(10.3051315303893,216.56401021922,8.68239711450727));
#5888=CARTESIAN_POINT('Ctrl Pts',(13.205113145386,216.683282636819,2.68416510859226));
#5889=CARTESIAN_POINT('Ctrl Pts',(12.8769950883209,216.802555054418,-3.97023336946178));
#5890=CARTESIAN_POINT('Ctrl Pts',(9.40098854563,216.921827472018,-9.65407529893812));
#5891=CARTESIAN_POINT('Ctrl Pts',(3.62683220996958,217.041099889617,-12.9778982748882));
#5892=CARTESIAN_POINT('Ctrl Pts',(-3.03393340640759,217.160372307217,-13.1291661425289));
#5893=CARTESIAN_POINT('Ctrl Pts',(-8.95302878289897,217.279644724816,-10.070900214241));
#5894=CARTESIAN_POINT('Ctrl Pts',(-12.6834818539526,217.398917142416,-4.55071901715151));
#5895=CARTESIAN_POINT('Ctrl Pts',(-13.3133523580522,217.518189560015,2.08192327022503));
#5896=CARTESIAN_POINT('Ctrl Pts',(-10.6886632148299,217.637461977614,8.20562210878472));
#5897=CARTESIAN_POINT('Ctrl Pts',(-5.45104150236645,217.756734395214,12.3233884160564));
#5898=CARTESIAN_POINT('Ctrl Pts',(1.11913261562827,217.876006812813,13.4285999903095));
#5899=CARTESIAN_POINT('Ctrl Pts',(7.41572546310441,217.995279230413,11.2510786758505));
#5900=CARTESIAN_POINT('Ctrl Pts',(11.8994825804048,218.114551648012,6.32313765719825));
#5901=CARTESIAN_POINT('Ctrl Pts',(13.4743122691915,218.233824065611,-0.15054691982526));
#5902=CARTESIAN_POINT('Ctrl Pts',(11.7552343240296,218.353096483211,-6.58742905342485));
#5903=CARTESIAN_POINT('Ctrl Pts',(7.16249163305221,218.47236890081,-11.4139593934962));
#5904=CARTESIAN_POINT('Ctrl Pts',(0.818818333324464,218.591641318409,-13.4502524959239));
#5905=CARTESIAN_POINT('Ctrl Pts',(-5.7250219292333,218.710913736009,-12.1985195503283));
#5906=CARTESIAN_POINT('Ctrl Pts',(-10.8693329615894,218.830186153608,-7.96475715518128));
#5907=CARTESIAN_POINT('Ctrl Pts',(-13.3565452713781,218.949458571208,-1.78394355990196));
#5908=CARTESIAN_POINT('Ctrl Pts',(-12.5786389224485,219.068730988807,4.83296963575935));
#5909=CARTESIAN_POINT('Ctrl Pts',(-8.7257800403291,219.188003406407,10.268423723168));
#5910=CARTESIAN_POINT('Ctrl Pts',(-2.7398310426565,219.307275824006,13.1936752324067));
#5911=CARTESIAN_POINT('Ctrl Pts',(3.91589103665586,219.426548241605,12.893625385822));
#5912=CARTESIAN_POINT('Ctrl Pts',(9.61434395958861,219.545820659205,9.44161691212058));
#5913=CARTESIAN_POINT('Ctrl Pts',(12.9624842998444,219.665093076804,3.68153675330332));
#5914=CARTESIAN_POINT('Ctrl Pts',(13.1418509820781,219.784365494403,-2.97854703497889));
#5915=CARTESIAN_POINT('Ctrl Pts',(10.108554598206,219.903637912003,-8.91045482313684));
#5916=CARTESIAN_POINT('Ctrl Pts',(4.60419883593396,220.022910329602,-12.6642245053454));
#5917=CARTESIAN_POINT('Ctrl Pts',(-2.02581752923243,220.142182747202,-13.3219142462301));
#5918=CARTESIAN_POINT('Ctrl Pts',(-8.16031599565714,220.261455164801,-10.723390544818));
#5919=CARTESIAN_POINT('Ctrl Pts',(-12.3004437718117,220.380727582401,-5.5025251742536));
#5920=CARTESIAN_POINT('Ctrl Pts',(-13.0544783221378,220.460242527467,-1.12666115781312));
#5921=CARTESIAN_POINT('Ctrl Pts',(-12.8847598643911,220.5,1.01911149388844));
#5922=CARTESIAN_POINT('Ctrl Pts',(-12.5806986688651,210.169351500835,1.20892300239297));
#5923=CARTESIAN_POINT('Ctrl Pts',(-12.3793698164962,210.209108973368,3.30405860655384));
#5924=CARTESIAN_POINT('Ctrl Pts',(-10.9094136033997,210.288623918435,7.38964562377743));
#5925=CARTESIAN_POINT('Ctrl Pts',(-6.03515590190015,210.407896336034,11.7133293287825));
#5926=CARTESIAN_POINT('Ctrl Pts',(0.313821115121287,210.527168753633,13.1727893507465));
#5927=CARTESIAN_POINT('Ctrl Pts',(6.58643584006398,210.646441171233,11.4124251887901));
#5928=CARTESIAN_POINT('Ctrl Pts',(11.2487854676216,210.765713588832,6.86202283363579));
#5929=CARTESIAN_POINT('Ctrl Pts',(13.1613509780455,210.884986006432,0.63422468102137));
#5930=CARTESIAN_POINT('Ctrl Pts',(11.85647981586,211.004258424031,-5.7486538831044));
#5931=CARTESIAN_POINT('Ctrl Pts',(7.6532101220282,211.12353084163,-10.7262079184234));
#5932=CARTESIAN_POINT('Ctrl Pts',(1.57904183793932,211.24280325923,-13.0816598786239));
#5933=CARTESIAN_POINT('Ctrl Pts',(-4.88113269752013,211.362075676829,-12.2391872947688));
#5934=CARTESIAN_POINT('Ctrl Pts',(-10.1480754892849,211.481348094429,-8.40474554656883));
#5935=CARTESIAN_POINT('Ctrl Pts',(-12.9342360670473,211.600620512028,-2.51569299169531));
#5936=CARTESIAN_POINT('Ctrl Pts',(-12.558515506039,211.719892929627,3.98834120462439));
#5937=CARTESIAN_POINT('Ctrl Pts',(-9.11276126187456,211.839165347227,9.51739243972239));
#5938=CARTESIAN_POINT('Ctrl Pts',(-3.43931686410645,211.958437764826,12.7198378891538));
#5939=CARTESIAN_POINT('Ctrl Pts',(3.07489716894705,212.077710182425,12.812813280462));
#5940=CARTESIAN_POINT('Ctrl Pts',(8.83742701126744,212.196982600025,9.77358994194665));
#5941=CARTESIAN_POINT('Ctrl Pts',(12.4395743708807,212.316255017624,4.34513131169075));
#5942=CARTESIAN_POINT('Ctrl Pts',(13.0007643710658,212.435527435224,-2.14553078991344));
#5943=CARTESIAN_POINT('Ctrl Pts',(10.3838094575963,212.554799852823,-8.1117000536753));
#5944=CARTESIAN_POINT('Ctrl Pts',(5.22844600890388,212.674072270423,-12.0948968141721));
#5945=CARTESIAN_POINT('Ctrl Pts',(-1.20505452617774,212.793344688022,-13.1213955126489));
#5946=CARTESIAN_POINT('Ctrl Pts',(-7.34396946587038,212.912617105621,-10.9402600104885));
#5947=CARTESIAN_POINT('Ctrl Pts',(-11.6875900249207,213.031889523221,-6.08468701092172));
#5948=CARTESIAN_POINT('Ctrl Pts',(-13.1740820527223,213.15116194082,0.258338305611005));
#5949=CARTESIAN_POINT('Ctrl Pts',(-11.44006021698,213.27043435842,6.53821067599815));
#5950=CARTESIAN_POINT('Ctrl Pts',(-6.90942056902506,213.389706776019,11.2197630996472));
#5951=CARTESIAN_POINT('Ctrl Pts',(-0.689715630413368,213.508979193618,13.1585511725668));
#5952=CARTESIAN_POINT('Ctrl Pts',(5.69859602711176,213.628251611218,11.880622034711));
#5953=CARTESIAN_POINT('Ctrl Pts',(10.6938385178842,213.747524028817,7.69837608624722));
#5954=CARTESIAN_POINT('Ctrl Pts',(13.0748832935292,213.866796446417,1.63419811298199));
#5955=CARTESIAN_POINT('Ctrl Pts',(12.2596641668969,213.986068864016,-4.82947317279918));
#5956=CARTESIAN_POINT('Ctrl Pts',(8.44746822976496,214.105341281615,-10.112539597895));
#5957=CARTESIAN_POINT('Ctrl Pts',(2.57021846673804,214.224613699215,-12.9235116607338));
#5958=CARTESIAN_POINT('Ctrl Pts',(-3.93534256467837,214.343886116814,-12.5752238751648));
#5959=CARTESIAN_POINT('Ctrl Pts',(-9.47887639476577,214.463158534414,-9.15281808541148));
#5960=CARTESIAN_POINT('Ctrl Pts',(-12.7052200997426,214.582430952013,-3.4929298345344));
#5961=CARTESIAN_POINT('Ctrl Pts',(-12.8256671428812,214.701703369612,3.02083414836048));
#5962=CARTESIAN_POINT('Ctrl Pts',(-9.8107732433053,214.820975787212,8.79613011388121));
#5963=CARTESIAN_POINT('Ctrl Pts',(-4.39755427519707,214.940248204811,12.421138957784));
#5964=CARTESIAN_POINT('Ctrl Pts',(2.09068338887724,215.059520622411,13.0096971363424));
#5965=CARTESIAN_POINT('Ctrl Pts',(8.06783612034132,215.17879304001,10.4179267105888));
#5966=CARTESIAN_POINT('Ctrl Pts',(12.0727392506408,215.298065457609,5.27940750443831));
#5967=CARTESIAN_POINT('Ctrl Pts',(13.1263609199786,215.417337875209,-1.14970674971537));
#5968=CARTESIAN_POINT('Ctrl Pts',(10.9711345533606,215.536610292808,-7.29776563229733));
#5969=CARTESIAN_POINT('Ctrl Pts',(6.1339231508005,215.655882710408,-11.6618250455045));
#5970=CARTESIAN_POINT('Ctrl Pts',(-0.20277675242943,215.775155128007,-13.1750543908007));
#5971=CARTESIAN_POINT('Ctrl Pts',(-6.48990619300509,215.894427545606,-11.4675321764483));
#5972=CARTESIAN_POINT('Ctrl Pts',(-11.1905241192382,216.013699963206,-6.95667640102876));
#5973=CARTESIAN_POINT('Ctrl Pts',(-13.1555254065383,216.132972380805,-0.745203254023385));
#5974=CARTESIAN_POINT('Ctrl Pts',(-11.9045491567218,216.252244798405,5.64844102271381));
#5975=CARTESIAN_POINT('Ctrl Pts',(-7.74340691243349,216.371517216004,10.6612769404214));
#5976=CARTESIAN_POINT('Ctrl Pts',(-1.68932448357727,216.490789633603,13.0678750912713));
#5977=CARTESIAN_POINT('Ctrl Pts',(4.77772735730912,216.610062051203,12.2799225531395));
#5978=CARTESIAN_POINT('Ctrl Pts',(10.0768240322286,216.729334468802,8.49004087359901));
#5979=CARTESIAN_POINT('Ctrl Pts',(12.9125573117936,216.848606886402,2.62469813150557));
#5980=CARTESIAN_POINT('Ctrl Pts',(12.591708624604,216.967879304001,-3.88227388587608));
#5981=CARTESIAN_POINT('Ctrl Pts',(9.19271209920515,217.0871517216,-9.44019178158021));
#5982=CARTESIAN_POINT('Ctrl Pts',(3.54648068940285,217.2064241392,-12.690376327421));
#5983=CARTESIAN_POINT('Ctrl Pts',(-2.96671740401496,217.325696556799,-12.8382928949534));
#5984=CARTESIAN_POINT('Ctrl Pts',(-8.75467676804536,217.444968974399,-9.84778204972664));
#5985=CARTESIAN_POINT('Ctrl Pts',(-12.4024826254126,217.564241391998,-4.44989902561871));
#5986=CARTESIAN_POINT('Ctrl Pts',(-13.0183985129669,217.683513809598,2.03579880380888));
#5987=CARTESIAN_POINT('Ctrl Pts',(-10.4518586723489,217.802786227197,8.02382869363187));
#5988=CARTESIAN_POINT('Ctrl Pts',(-5.33027510126759,217.922058644796,12.0503669636048));
#5989=CARTESIAN_POINT('Ctrl Pts',(1.09433852475902,218.041331062396,13.1310928640252));
#5990=CARTESIAN_POINT('Ctrl Pts',(7.25143200187734,218.160603479995,11.0018139656896));
#5991=CARTESIAN_POINT('Ctrl Pts',(11.6358526510509,218.279875897594,6.18305019351246));
#5992=CARTESIAN_POINT('Ctrl Pts',(13.175792399305,218.399148315194,-0.147211592127629));
#5993=CARTESIAN_POINT('Ctrl Pts',(11.4948001771293,218.518420732793,-6.44148628286792));
#5994=CARTESIAN_POINT('Ctrl Pts',(7.00380850120504,218.637693150393,-11.1610861035675));
#5995=CARTESIAN_POINT('Ctrl Pts',(0.800677626961015,218.756965567992,-13.1522656640316));
#5996=CARTESIAN_POINT('Ctrl Pts',(-5.59818556331949,218.876237985591,-11.9282645349909));
#5997=CARTESIAN_POINT('Ctrl Pts',(-10.6285257280459,218.995510403191,-7.78830004018041));
#5998=CARTESIAN_POINT('Ctrl Pts',(-13.0606344985766,219.11478282079,-1.74442075615898));
#5999=CARTESIAN_POINT('Ctrl Pts',(-12.2999624616792,219.23405523839,4.72589645547312));
#6000=CARTESIAN_POINT('Ctrl Pts',(-8.53246266202749,219.353327655989,10.0409294768911));
#6001=CARTESIAN_POINT('Ctrl Pts',(-2.67913080133621,219.472600073588,12.9013728027897));
#6002=CARTESIAN_POINT('Ctrl Pts',(3.82913549326349,219.591872491188,12.6079704822065));
#6003=CARTESIAN_POINT('Ctrl Pts',(9.40134067967927,219.711144908787,9.23244035484507));
#6004=CARTESIAN_POINT('Ctrl Pts',(12.6753038449694,219.830417326387,3.5999732678636));
#6005=CARTESIAN_POINT('Ctrl Pts',(12.8506967051947,219.949689743986,-2.91255810318267));
#6006=CARTESIAN_POINT('Ctrl Pts',(9.88460221064728,220.068962161585,-8.71304602324475));
#6007=CARTESIAN_POINT('Ctrl Pts',(4.50219401298079,220.188234579185,-12.3836519183353));
#6008=CARTESIAN_POINT('Ctrl Pts',(-1.98093607085753,220.307506996784,-13.0267707147478));
#6009=CARTESIAN_POINT('Ctrl Pts',(-7.97952632561022,220.426779414384,-10.4858166274092));
#6010=CARTESIAN_POINT('Ctrl Pts',(-12.0279306519619,220.546051831983,-5.38061816584759));
#6011=CARTESIAN_POINT('Ctrl Pts',(-12.7652597637204,220.625566777049,-1.10170027405762));
#6012=CARTESIAN_POINT('Ctrl Pts',(-12.599301374088,220.665324249582,0.99653334485363));
#6013=CARTESIAN_POINT('Ctrl Pts',(-12.2956616543241,210.334675750418,1.18153280630912));
#6014=CARTESIAN_POINT('Ctrl Pts',(-12.0988942477484,210.374433222951,3.22919956844561));
#6015=CARTESIAN_POINT('Ctrl Pts',(-10.6622423797853,210.453948168017,7.22222069909255));
#6016=CARTESIAN_POINT('Ctrl Pts',(-5.89841923362393,210.573220585616,11.4479440342062));
#6017=CARTESIAN_POINT('Ctrl Pts',(0.30671096678148,210.692493003216,12.8743375200062));
#6018=CARTESIAN_POINT('Ctrl Pts',(6.4372089920381,210.811765420815,11.1538573866269));
#6019=CARTESIAN_POINT('Ctrl Pts',(10.9939252002154,210.931037838415,6.70655209598488));
#6020=CARTESIAN_POINT('Ctrl Pts',(12.8631583029921,211.050310256014,0.619855247782022));
#6021=CARTESIAN_POINT('Ctrl Pts',(11.5878512047923,211.169582673613,-5.6184084028176));
#6022=CARTESIAN_POINT('Ctrl Pts',(7.47981369769152,211.288855091213,-10.4831875295812));
#6023=CARTESIAN_POINT('Ctrl Pts',(1.54326597340523,211.408127508812,-12.7852727402631));
#6024=CARTESIAN_POINT('Ctrl Pts',(-4.77054237751485,211.527399926411,-11.9618877982358));
#6025=CARTESIAN_POINT('Ctrl Pts',(-9.91815366880909,211.646672344011,-8.2143218156118));
#6026=CARTESIAN_POINT('Ctrl Pts',(-12.6411890645748,211.76594476161,-2.45869571048473));
#6027=CARTESIAN_POINT('Ctrl Pts',(-12.2739810885851,211.88521717921,3.89797858646943));
#6028=CARTESIAN_POINT('Ctrl Pts',(-8.90629623694406,212.004489596809,9.30175981083288));
#6029=CARTESIAN_POINT('Ctrl Pts',(-3.36139332132008,212.123762014409,12.4316484401574));
#6030=CARTESIAN_POINT('Ctrl Pts',(3.00523017094268,212.243034432008,12.5225173166636));
#6031=CARTESIAN_POINT('Ctrl Pts',(8.63720014964249,212.362306849608,9.55215272516508));
#6032=CARTESIAN_POINT('Ctrl Pts',(12.1577347660889,212.481579267207,4.24668500998109));
#6033=CARTESIAN_POINT('Ctrl Pts',(12.7062100573017,212.600851684806,-2.09692015968857));
#6034=CARTESIAN_POINT('Ctrl Pts',(10.148546685213,212.720124102405,-7.92791576418475));
#6035=CARTESIAN_POINT('Ctrl Pts',(5.10998671818456,212.839396520005,-11.8208664626125));
#6036=CARTESIAN_POINT('Ctrl Pts',(-1.17775197696791,212.958668937604,-12.8241080962677));
#6037=CARTESIAN_POINT('Ctrl Pts',(-7.17757941182569,213.077941355204,-10.6923899093303));
#6038=CARTESIAN_POINT('Ctrl Pts',(-11.4227878978236,213.197213772803,-5.94682813156535));
#6039=CARTESIAN_POINT('Ctrl Pts',(-12.8756009336315,213.316486190403,0.252485214196052));
#6040=CARTESIAN_POINT('Ctrl Pts',(-11.1808662964954,213.435758608002,6.39007645065984));
#6041=CARTESIAN_POINT('Ctrl Pts',(-6.75287595548323,213.555031025601,10.9655603830925));
#6042=CARTESIAN_POINT('Ctrl Pts',(-0.674088955826376,213.674303443201,12.8604219318438));
#6043=CARTESIAN_POINT('Ctrl Pts',(5.56948469224899,213.7935758608,11.6114464408272));
#6044=CARTESIAN_POINT('Ctrl Pts',(10.4515515125794,213.9128482784,7.52395635057159));
#6045=CARTESIAN_POINT('Ctrl Pts',(12.7786496901694,214.032120695999,1.59717258971387));
#6046=CARTESIAN_POINT('Ctrl Pts',(11.9819007321795,214.151393113598,-4.72005328673294));
#6047=CARTESIAN_POINT('Ctrl Pts',(8.2560765441345,214.270665531198,-9.8834229031644));
#6048=CARTESIAN_POINT('Ctrl Pts',(2.51198581863477,214.389937948797,-12.6307076378317));
#6049=CARTESIAN_POINT('Ctrl Pts',(-3.84618072038364,214.509210366397,-12.2903109013382));
#6050=CARTESIAN_POINT('Ctrl Pts',(-9.26411641204284,214.628482783996,-8.9454455053687));
#6051=CARTESIAN_POINT('Ctrl Pts',(-12.4173618414981,214.747755201595,-3.4137915991913));
#6052=CARTESIAN_POINT('Ctrl Pts',(-12.5350799530813,214.867027619195,2.95239203956065));
#6053=CARTESIAN_POINT('Ctrl Pts',(-9.58849357591831,214.986300036794,8.59683890333974));
#6054=CARTESIAN_POINT('Ctrl Pts',(-4.29792024255096,215.105572454394,12.1397170384681));
#6055=CARTESIAN_POINT('Ctrl Pts',(2.04331541932314,215.224844871993,12.714940435667));
#6056=CARTESIAN_POINT('Ctrl Pts',(7.88504564247701,215.344117289592,10.1818909541134));
#6057=CARTESIAN_POINT('Ctrl Pts',(11.7992109161731,215.463389707192,5.15979359481221));
#6058=CARTESIAN_POINT('Ctrl Pts',(12.828961003893,215.582662124791,-1.12365819802821));
#6059=CARTESIAN_POINT('Ctrl Pts',(10.7225649371947,215.701934542391,-7.13242240427786));
#6060=CARTESIAN_POINT('Ctrl Pts',(5.99494874338897,215.82120695999,-11.3976066676097));
#6061=CARTESIAN_POINT('Ctrl Pts',(-0.198182502010423,215.940479377589,-12.8765512417456));
#6062=CARTESIAN_POINT('Ctrl Pts',(-6.34286638745887,216.059751795189,-11.2077158322402));
#6063=CARTESIAN_POINT('Ctrl Pts',(-10.9369838612563,216.179024212788,-6.79906112665731));
#6064=CARTESIAN_POINT('Ctrl Pts',(-12.8574647196642,216.298296630388,-0.728319413439968));
#6065=CARTESIAN_POINT('Ctrl Pts',(-11.6348314534048,216.417569047987,5.52046603433658));
#6066=CARTESIAN_POINT('Ctrl Pts',(-7.56796692719968,216.536841465586,10.4197276727472));
#6067=CARTESIAN_POINT('Ctrl Pts',(-1.65104997911101,216.656113883186,12.7718002705915));
#6068=CARTESIAN_POINT('Ctrl Pts',(4.66947986024531,216.775386300785,12.0017001304051));
#6069=CARTESIAN_POINT('Ctrl Pts',(9.84851653406796,216.894658718384,8.29768463269076));
#6070=CARTESIAN_POINT('Ctrl Pts',(12.6200014782012,217.013931135984,2.56523115441888));
#6071=CARTESIAN_POINT('Ctrl Pts',(12.3064221608871,217.133203553583,-3.79431440229036));
#6072=CARTESIAN_POINT('Ctrl Pts',(8.9844356527803,217.252475971183,-9.22630826422231));
#6073=CARTESIAN_POINT('Ctrl Pts',(3.46612916883613,217.371748388782,-12.4028543799537));
#6074=CARTESIAN_POINT('Ctrl Pts',(-2.89950140162233,217.491020806382,-12.5474196473779));
#6075=CARTESIAN_POINT('Ctrl Pts',(-8.55632475319173,217.610293223981,-9.6246638852123));
#6076=CARTESIAN_POINT('Ctrl Pts',(-12.1214833968726,217.72956564158,-4.34907903408592));
#6077=CARTESIAN_POINT('Ctrl Pts',(-12.7234446678815,217.84883805918,1.98967433739271));
#6078=CARTESIAN_POINT('Ctrl Pts',(-10.2150541298679,217.968110476779,7.84203527847904));
#6079=CARTESIAN_POINT('Ctrl Pts',(-5.20950870016874,218.087382894379,11.7773455111531));
#6080=CARTESIAN_POINT('Ctrl Pts',(1.06954443388976,218.206655311978,12.8335857377409));
#6081=CARTESIAN_POINT('Ctrl Pts',(7.08713854065027,218.325927729578,10.7525492555287));
#6082=CARTESIAN_POINT('Ctrl Pts',(11.372222721697,218.445200147177,6.04296272982668));
#6083=CARTESIAN_POINT('Ctrl Pts',(12.8772725294185,218.564472564776,-0.143876264429999));
#6084=CARTESIAN_POINT('Ctrl Pts',(11.2343660302291,218.683744982376,-6.29554351231101));
#6085=CARTESIAN_POINT('Ctrl Pts',(6.84512536935788,218.803017399975,-10.9082128136389));
#6086=CARTESIAN_POINT('Ctrl Pts',(0.782536920597576,218.922289817574,-12.8542788321393));
#6087=CARTESIAN_POINT('Ctrl Pts',(-5.4713491974057,219.041562235174,-11.6580095196534));
#6088=CARTESIAN_POINT('Ctrl Pts',(-10.3877184945022,219.160834652773,-7.61184292517954));
#6089=CARTESIAN_POINT('Ctrl Pts',(-12.7647237257751,219.280107070373,-1.704897952416));
#6090=CARTESIAN_POINT('Ctrl Pts',(-12.0212860009099,219.399379487972,4.61882327518687));
#6091=CARTESIAN_POINT('Ctrl Pts',(-8.33914528372589,219.518651905571,9.81343523061418));
#6092=CARTESIAN_POINT('Ctrl Pts',(-2.61843056001591,219.637924323171,12.6090703731727));
#6093=CARTESIAN_POINT('Ctrl Pts',(3.74237994987112,219.75719674077,12.322315578591));
#6094=CARTESIAN_POINT('Ctrl Pts',(9.18833739976994,219.87646915837,9.02326379756958));
#6095=CARTESIAN_POINT('Ctrl Pts',(12.3881233900943,219.995741575969,3.51840978242387));
#6096=CARTESIAN_POINT('Ctrl Pts',(12.5595424283112,220.115013993568,-2.84656917138645));
#6097=CARTESIAN_POINT('Ctrl Pts',(9.66064982308858,220.234286411168,-8.51563722335267));
#6098=CARTESIAN_POINT('Ctrl Pts',(4.40018919002761,220.353558828767,-12.1030793313252));
#6099=CARTESIAN_POINT('Ctrl Pts',(-1.93605461248262,220.472831246367,-12.7316271832656));
#6100=CARTESIAN_POINT('Ctrl Pts',(-7.79873665556332,220.592103663966,-10.2482427100004));
#6101=CARTESIAN_POINT('Ctrl Pts',(-11.7554175321122,220.711376081566,-5.25871115744159));
#6102=CARTESIAN_POINT('Ctrl Pts',(-12.4760412053031,220.790891026632,-1.07673939030212));
#6103=CARTESIAN_POINT('Ctrl Pts',(-12.3138428837848,220.830648499165,0.973955195818823));
#6104=CARTESIAN_POINT('Ctrl Pts',(-12.010624639783,210.5,1.15414261022527));
#6105=CARTESIAN_POINT('Ctrl Pts',(-11.8184186790007,210.539757472533,3.15434053033738));
#6106=CARTESIAN_POINT('Ctrl Pts',(-10.415071156171,210.6192724176,7.05479577440767));
#6107=CARTESIAN_POINT('Ctrl Pts',(-5.76168256534772,210.738544835199,11.1825587396299));
#6108=CARTESIAN_POINT('Ctrl Pts',(0.299600818441672,210.857817252798,12.5758856892659));
#6109=CARTESIAN_POINT('Ctrl Pts',(6.28798214401222,210.977089670398,10.8952895844637));
#6110=CARTESIAN_POINT('Ctrl Pts',(10.7390649328092,211.096362087997,6.55108135833397));
#6111=CARTESIAN_POINT('Ctrl Pts',(12.5649656279388,211.215634505596,0.605485814542669));
#6112=CARTESIAN_POINT('Ctrl Pts',(11.3192225937245,211.334906923196,-5.48816292253079));
#6113=CARTESIAN_POINT('Ctrl Pts',(7.30641727335483,211.454179340795,-10.240167140739));
#6114=CARTESIAN_POINT('Ctrl Pts',(1.50749010887111,211.573451758395,-12.4888856019023));
#6115=CARTESIAN_POINT('Ctrl Pts',(-4.65995205750955,211.692724175994,-11.6845883017028));
#6116=CARTESIAN_POINT('Ctrl Pts',(-9.68823184833328,211.811996593593,-8.02389808465478));
#6117=CARTESIAN_POINT('Ctrl Pts',(-12.3481420621023,211.931269011193,-2.40169842927416));
#6118=CARTESIAN_POINT('Ctrl Pts',(-11.9894466711311,212.050541428792,3.80761596831448));
#6119=CARTESIAN_POINT('Ctrl Pts',(-8.69983121201356,212.169813846392,9.08612718194336));
#6120=CARTESIAN_POINT('Ctrl Pts',(-3.28346977853371,212.289086263991,12.1434589911609));
#6121=CARTESIAN_POINT('Ctrl Pts',(2.93556317293831,212.408358681591,12.2322213528652));
#6122=CARTESIAN_POINT('Ctrl Pts',(8.43697328801752,212.52763109919,9.3307155083835));
#6123=CARTESIAN_POINT('Ctrl Pts',(11.8758951612972,212.646903516789,4.14823870827144));
#6124=CARTESIAN_POINT('Ctrl Pts',(12.4116557435376,212.766175934389,-2.04830952946369));
#6125=CARTESIAN_POINT('Ctrl Pts',(9.91328391282965,212.885448351988,-7.74413147469418));
#6126=CARTESIAN_POINT('Ctrl Pts',(4.99152742746524,213.004720769588,-11.546836111053));
#6127=CARTESIAN_POINT('Ctrl Pts',(-1.15044942775807,213.123993187187,-12.5268206798864));
#6128=CARTESIAN_POINT('Ctrl Pts',(-7.011189357781,213.243265604786,-10.4445198081721));
#6129=CARTESIAN_POINT('Ctrl Pts',(-11.1579857707265,213.362538022386,-5.80896925220897));
#6130=CARTESIAN_POINT('Ctrl Pts',(-12.5771198145407,213.481810439985,0.246632122781091));
#6131=CARTESIAN_POINT('Ctrl Pts',(-10.9216723760108,213.601082857585,6.24194222532154));
#6132=CARTESIAN_POINT('Ctrl Pts',(-6.5963313419414,213.720355275184,10.7113576665378));
#6133=CARTESIAN_POINT('Ctrl Pts',(-0.658462281239379,213.839627692783,12.5622926911207));
#6134=CARTESIAN_POINT('Ctrl Pts',(5.44037335738621,213.958900110383,11.3422708469434));
#6135=CARTESIAN_POINT('Ctrl Pts',(10.2092645072745,214.078172527982,7.34953661489595));
#6136=CARTESIAN_POINT('Ctrl Pts',(12.4824160868098,214.197444945581,1.56014706644577));
#6137=CARTESIAN_POINT('Ctrl Pts',(11.7041372974621,214.316717363181,-4.61063340066671));
#6138=CARTESIAN_POINT('Ctrl Pts',(8.06468485850406,214.43598978078,-9.65430620843378));
#6139=CARTESIAN_POINT('Ctrl Pts',(2.45375317053149,214.55526219838,-12.3379036149296));
#6140=CARTESIAN_POINT('Ctrl Pts',(-3.75701887608891,214.674534615979,-12.0053979275116));
#6141=CARTESIAN_POINT('Ctrl Pts',(-9.04935642931991,214.793807033579,-8.73807292532592));
#6142=CARTESIAN_POINT('Ctrl Pts',(-12.1295035832536,214.913079451178,-3.33465336384821));
#6143=CARTESIAN_POINT('Ctrl Pts',(-12.2444927632815,215.032351868777,2.88394993076083));
#6144=CARTESIAN_POINT('Ctrl Pts',(-9.36621390853132,215.151624286377,8.39754769279828));
#6145=CARTESIAN_POINT('Ctrl Pts',(-4.19828620990485,215.270896703976,11.8582951191523));
#6146=CARTESIAN_POINT('Ctrl Pts',(1.99594744976904,215.390169121576,12.4201837349915));
#6147=CARTESIAN_POINT('Ctrl Pts',(7.70225516461271,215.509441539175,9.94585519763806));
#6148=CARTESIAN_POINT('Ctrl Pts',(11.5256825817053,215.628713956774,5.0401796851861));
#6149=CARTESIAN_POINT('Ctrl Pts',(12.5315610878073,215.747986374374,-1.09760964634105));
#6150=CARTESIAN_POINT('Ctrl Pts',(10.4739953210289,215.867258791973,-6.96707917625838));
#6151=CARTESIAN_POINT('Ctrl Pts',(5.85597433597744,215.986531209572,-11.1333882897149));
#6152=CARTESIAN_POINT('Ctrl Pts',(-0.193588251591429,216.105803627172,-12.5780480926904));
#6153=CARTESIAN_POINT('Ctrl Pts',(-6.19582658191262,216.225076044771,-10.9478994880321));
#6154=CARTESIAN_POINT('Ctrl Pts',(-10.6834436032743,216.344348462371,-6.64144585228587));
#6155=CARTESIAN_POINT('Ctrl Pts',(-12.55940403279,216.46362087997,-0.711435572856546));
#6156=CARTESIAN_POINT('Ctrl Pts',(-11.3651137500879,216.58289329757,5.39249104595933));
#6157=CARTESIAN_POINT('Ctrl Pts',(-7.39252694196586,216.702165715169,10.1781784050731));
#6158=CARTESIAN_POINT('Ctrl Pts',(-1.61277547464476,216.821438132768,12.4757254499116));
#6159=CARTESIAN_POINT('Ctrl Pts',(4.56123236318151,216.940710550368,11.7234777076707));
#6160=CARTESIAN_POINT('Ctrl Pts',(9.62020903590727,217.059982967967,8.10532839178251));
#6161=CARTESIAN_POINT('Ctrl Pts',(12.3274456446089,217.179255385566,2.50576417733219));
#6162=CARTESIAN_POINT('Ctrl Pts',(12.0211356971702,217.298527803166,-3.70635491870465));
#6163=CARTESIAN_POINT('Ctrl Pts',(8.77615920635545,217.417800220765,-9.01242474686442));
#6164=CARTESIAN_POINT('Ctrl Pts',(3.38577764826941,217.537072638365,-12.1153324324865));
#6165=CARTESIAN_POINT('Ctrl Pts',(-2.8322853992297,217.656345055964,-12.2565463998025));
#6166=CARTESIAN_POINT('Ctrl Pts',(-8.35797273833811,217.775617473564,-9.40154572069795));
#6167=CARTESIAN_POINT('Ctrl Pts',(-11.8404841683327,217.894889891163,-4.24825904255312));
#6168=CARTESIAN_POINT('Ctrl Pts',(-12.4284908227961,218.014162308762,1.94354987097656));
#6169=CARTESIAN_POINT('Ctrl Pts',(-9.97824958738697,218.133434726362,7.6602418633262));
#6170=CARTESIAN_POINT('Ctrl Pts',(-5.08874229906988,218.252707143961,11.5043240587014));
#6171=CARTESIAN_POINT('Ctrl Pts',(1.04475034302051,218.37197956156,12.5360786114565));
#6172=CARTESIAN_POINT('Ctrl Pts',(6.9228450794232,218.49125197916,10.5032845453678));
#6173=CARTESIAN_POINT('Ctrl Pts',(11.1085927923432,218.610524396759,5.90287526614089));
#6174=CARTESIAN_POINT('Ctrl Pts',(12.578752659532,218.729796814359,-0.140540936732366));
#6175=CARTESIAN_POINT('Ctrl Pts',(10.9739318833288,218.849069231958,-6.14960074175409));
#6176=CARTESIAN_POINT('Ctrl Pts',(6.68644223751072,218.968341649558,-10.6553395237103));
#6177=CARTESIAN_POINT('Ctrl Pts',(0.764396214234129,219.087614067157,-12.5562920002471));
#6178=CARTESIAN_POINT('Ctrl Pts',(-5.34451283149189,219.206886484756,-11.387754504316));
#6179=CARTESIAN_POINT('Ctrl Pts',(-10.1469112609586,219.326158902356,-7.43538581017868));
#6180=CARTESIAN_POINT('Ctrl Pts',(-12.4688129529736,219.445431319955,-1.66537514867302));
#6181=CARTESIAN_POINT('Ctrl Pts',(-11.7426095401406,219.564703737555,4.51175009490064));
#6182=CARTESIAN_POINT('Ctrl Pts',(-8.14582790542428,219.683976155154,9.58594098433726));
#6183=CARTESIAN_POINT('Ctrl Pts',(-2.55773031869562,219.803248572753,12.3167679435557));
#6184=CARTESIAN_POINT('Ctrl Pts',(3.65562440647876,219.922520990353,12.0366606749756));
#6185=CARTESIAN_POINT('Ctrl Pts',(8.9753341198606,220.041793407952,8.81408724029408));
#6186=CARTESIAN_POINT('Ctrl Pts',(12.1009429352192,220.161065825552,3.43684629698414));
#6187=CARTESIAN_POINT('Ctrl Pts',(12.2683881514278,220.280338243151,-2.78058023959023));
#6188=CARTESIAN_POINT('Ctrl Pts',(9.43669743552986,220.39961066075,-8.31822842346059));
#6189=CARTESIAN_POINT('Ctrl Pts',(4.29818436707444,220.51888307835,-11.8225067443151));
#6190=CARTESIAN_POINT('Ctrl Pts',(-1.89117315410772,220.638155495949,-12.4364836517834));
#6191=CARTESIAN_POINT('Ctrl Pts',(-7.6179469855164,220.757427913548,-10.0106687925916));
#6192=CARTESIAN_POINT('Ctrl Pts',(-11.4829044122624,220.876700331148,-5.13680414903559));
#6193=CARTESIAN_POINT('Ctrl Pts',(-12.1868226468858,220.956215276214,-1.05177850654662));
#6194=CARTESIAN_POINT('Ctrl Pts',(-12.0283843934816,220.995972748747,0.951377046784015));
#6195=CARTESIAN_POINT('',(0.409211241779813,220.5,-12.2217601689761));
#6196=CARTESIAN_POINT('Ctrl Pts',(5.00575133572668,220.5,-10.9791352465814));
#6197=CARTESIAN_POINT('Ctrl Pts',(4.7477976288351,220.5,-11.1079158761792));
#6198=CARTESIAN_POINT('Ctrl Pts',(4.48553234172477,220.5,-11.2272458550894));
#6199=CARTESIAN_POINT('Ctrl Pts',(4.21942841554882,220.5,-11.3368278833695));
#6200=CARTESIAN_POINT('Ctrl Pts',(4.191068958994,220.5,-11.3485063535629));
#6201=CARTESIAN_POINT('Ctrl Pts',(4.1626658743216,220.5,-11.3600740700612));
#6202=CARTESIAN_POINT('Ctrl Pts',(4.13421971342747,220.5,-11.3715306447944));
#6203=CARTESIAN_POINT('Ctrl Pts',(3.86998008078102,220.5,-11.4779520740399));
#6204=CARTESIAN_POINT('Ctrl Pts',(3.60202551510301,220.5,-11.5747871784259));
#6205=CARTESIAN_POINT('Ctrl Pts',(3.33090573428085,220.5,-11.6620332378374));
#6206=CARTESIAN_POINT('Ctrl Pts',(3.09457943634937,220.5,-11.7380827911651));
#6207=CARTESIAN_POINT('Ctrl Pts',(2.85584753344357,220.5,-11.8068458907262));
#6208=CARTESIAN_POINT('Ctrl Pts',(2.61506199139574,220.5,-11.8682913836692));
#6209=CARTESIAN_POINT('Ctrl Pts',(2.42191757447995,220.5,-11.9175794505758));
#6210=CARTESIAN_POINT('Ctrl Pts',(2.22745150636825,220.5,-11.9621586144325));
#6211=CARTESIAN_POINT('Ctrl Pts',(2.03184222343986,220.5,-12.0019997168602));
#6212=CARTESIAN_POINT('Ctrl Pts',(1.99525223282414,220.5,-12.0094522546034));
#6213=CARTESIAN_POINT('Ctrl Pts',(1.95863114593944,220.5,-12.0167371488831));
#6214=CARTESIAN_POINT('Ctrl Pts',(1.92198332976461,220.5,-12.0238538236113));
#6215=CARTESIAN_POINT('Ctrl Pts',(1.63784007994589,220.5,-12.0790318750274));
#6216=CARTESIAN_POINT('Ctrl Pts',(1.35203045306411,220.5,-12.1241139999393));
#6217=CARTESIAN_POINT('Ctrl Pts',(1.06512067190693,220.5,-12.1591012431474));
#6218=CARTESIAN_POINT('Ctrl Pts',(0.84699554394338,220.5,-12.1857005346427));
#6219=CARTESIAN_POINT('Ctrl Pts',(0.628233967561389,220.5,-12.2064641117142));
#6220=CARTESIAN_POINT('Ctrl Pts',(0.409078536040964,220.5,-12.2213732871011));
#6221=CARTESIAN_POINT('Ctrl Pts',(7.32501367615555,210.5,10.6495703496794));
#6222=CARTESIAN_POINT('Ctrl Pts',(7.07190733027848,210.5,10.81234681659));
#6223=CARTESIAN_POINT('Ctrl Pts',(6.81340773944907,210.5,10.9660356025851));
#6224=CARTESIAN_POINT('Ctrl Pts',(6.54991310940834,210.5,11.1102607965544));
#6225=CARTESIAN_POINT('Ctrl Pts',(6.51498116409491,210.5,11.1293809835114));
#6226=CARTESIAN_POINT('Ctrl Pts',(6.47996138937002,210.5,11.1483347819477));
#6227=CARTESIAN_POINT('Ctrl Pts',(6.44485467750875,210.5,11.16712125679));
#6228=CARTESIAN_POINT('Ctrl Pts',(6.17962520951961,210.5,11.3090521430411));
#6229=CARTESIAN_POINT('Ctrl Pts',(5.90943530584424,210.5,11.4414366305162));
#6230=CARTESIAN_POINT('Ctrl Pts',(5.63484150263845,210.5,11.564163268798));
#6231=CARTESIAN_POINT('Ctrl Pts',(5.36002115818247,210.5,11.6869911571652));
#6232=CARTESIAN_POINT('Ctrl Pts',(5.08078903242609,210.5,11.8001453949627));
#6233=CARTESIAN_POINT('Ctrl Pts',(4.79768770052848,210.5,11.9034643876749));
#6234=CARTESIAN_POINT('Ctrl Pts',(4.70036546100152,210.5,11.938982538328));
#6235=CARTESIAN_POINT('Ctrl Pts',(4.6025858714699,210.5,11.9733379268589));
#6236=CARTESIAN_POINT('Ctrl Pts',(4.50437075776294,210.5,12.0065225812886));
#6237=CARTESIAN_POINT('Ctrl Pts',(4.44517537712735,210.5,12.0265233548568));
#6238=CARTESIAN_POINT('Ctrl Pts',(4.38582178601068,210.5,12.0460988321422));
#6239=CARTESIAN_POINT('Ctrl Pts',(4.32631475474532,210.5,12.06524713881));
#6240=CARTESIAN_POINT('Ctrl Pts',(4.29089541457723,210.5,12.0766444539355));
#6241=CARTESIAN_POINT('Ctrl Pts',(4.25542256658418,210.5,12.0878901157681));
#6242=CARTESIAN_POINT('Ctrl Pts',(4.21990982661763,210.5,12.0989799184779));
#6243=CARTESIAN_POINT('Ctrl Pts',(3.93398806032526,210.5,12.1882666359099));
#6244=CARTESIAN_POINT('Ctrl Pts',(3.64526692381819,210.5,12.2675239027828));
#6245=CARTESIAN_POINT('Ctrl Pts',(3.35429544528811,210.5,12.3366486168699));
#6246=CARTESIAN_POINT('Ctrl Pts',(3.06362564113255,210.5,12.4057016636067));
#6247=CARTESIAN_POINT('Ctrl Pts',(2.77070954869734,210.5,12.4646432689967));
#6248=CARTESIAN_POINT('Ctrl Pts',(2.47608329675046,210.5,12.5133202085358));
#6249=CARTESIAN_POINT('Ctrl Pts',(2.18349832189177,210.5,12.5616598966563));
#6250=CARTESIAN_POINT('Ctrl Pts',(1.88922621315413,210.5,12.5998767277056));
#6251=CARTESIAN_POINT('Ctrl Pts',(1.59378994085026,210.5,12.6277696118291));
#6252=CARTESIAN_POINT('Ctrl Pts',(1.48649605035636,210.5,12.637899498831));
#6253=CARTESIAN_POINT('Ctrl Pts',(1.37904863787064,210.5,12.6466672330346));
#6254=CARTESIAN_POINT('Ctrl Pts',(1.27147291598485,210.5,12.6540614711657));
#6255=CARTESIAN_POINT('Ctrl Pts',(1.19486262721798,210.5,12.659327294239));
#6256=CARTESIAN_POINT('Ctrl Pts',(1.11818726723973,210.5,12.6638965148775));
#6257=CARTESIAN_POINT('Ctrl Pts',(1.04145599346547,210.5,12.6677647485855));
#6258=CARTESIAN_POINT('Ctrl Pts',(1.00887155311472,210.5,12.6694074194851));
#6259=CARTESIAN_POINT('Ctrl Pts',(0.976281972575619,210.5,12.6709234069007));
#6260=CARTESIAN_POINT('Ctrl Pts',(0.94369569580452,210.5,12.6723122080205));
#6261=CARTESIAN_POINT('Ctrl Pts',(0.729762528601418,210.5,12.6814298689379));
#6262=CARTESIAN_POINT('Ctrl Pts',(0.515870234042348,210.5,12.685072009578));
#6263=CARTESIAN_POINT('Ctrl Pts',(0.302215134175026,210.5,12.6832003475435));
#6264=CARTESIAN_POINT('Ctrl Pts',(0.00725664589197283,210.5,12.6806164513265));
#6265=CARTESIAN_POINT('Ctrl Pts',(-0.287249976704428,210.5,12.6675261620582));
#6266=CARTESIAN_POINT('Ctrl Pts',(-0.580784171857042,210.5,12.6441409162907));
#6267=CARTESIAN_POINT('Ctrl Pts',(-0.876298918863849,210.5,12.6205978841642));
#6268=CARTESIAN_POINT('Ctrl Pts',(-1.17082867515591,210.5,12.5866203714138));
#6269=CARTESIAN_POINT('Ctrl Pts',(-1.46383852117346,210.5,12.5423711468435));
#6270=CARTESIAN_POINT('Ctrl Pts',(-1.75687870154798,210.5,12.4981173412949));
#6271=CARTESIAN_POINT('Ctrl Pts',(-2.04839925916993,210.5,12.4435895184807));
#6272=CARTESIAN_POINT('Ctrl Pts',(-2.33785231115827,210.5,12.3789000952916));
#6273=CARTESIAN_POINT('Ctrl Pts',(-2.63250968495223,210.5,12.3130475661224));
#6274=CARTESIAN_POINT('Ctrl Pts',(-2.92502524912135,210.5,12.2366647128848));
#6275=CARTESIAN_POINT('Ctrl Pts',(-3.21479773895126,210.5,12.1498192726912));
#6276=CARTESIAN_POINT('Ctrl Pts',(-3.32346242263747,210.5,12.1172522326186));
#6277=CARTESIAN_POINT('Ctrl Pts',(-3.43174107445795,210.5,12.0832133885925));
#6278=CARTESIAN_POINT('Ctrl Pts',(-3.53960084432161,210.5,12.0477045323507));
#6279=CARTESIAN_POINT('Ctrl Pts',(-3.6197799727065,210.5,12.0213085077068));
#6280=CARTESIAN_POINT('Ctrl Pts',(-3.69972761755982,210.5,11.994100147871));
#6281=CARTESIAN_POINT('Ctrl Pts',(-3.77943002380463,210.5,11.9660798510967));
#6282=CARTESIAN_POINT('Ctrl Pts',(-3.80767037725551,210.5,11.9561516303317));
#6283=CARTESIAN_POINT('Ctrl Pts',(-3.8358792835366,210.5,11.9461216704704));
#6284=CARTESIAN_POINT('Ctrl Pts',(-3.86404372875352,210.5,11.9359945529211));
#6285=CARTESIAN_POINT('Ctrl Pts',(-4.14123318019249,210.5,11.836325266466));
#6286=CARTESIAN_POINT('Ctrl Pts',(-4.41443292747837,210.5,11.7271389876496));
#6287=CARTESIAN_POINT('Ctrl Pts',(-4.68313221841341,210.5,11.6086114453463));
#6288=CARTESIAN_POINT('Ctrl Pts',(-4.95136924481404,210.5,11.490287815301));
#6289=CARTESIAN_POINT('Ctrl Pts',(-5.21512186525799,210.5,11.3626548266159));
#6290=CARTESIAN_POINT('Ctrl Pts',(-5.4738649470709,210.5,11.2258384683596));
#6291=CARTESIAN_POINT('Ctrl Pts',(-5.55517525500943,210.5,11.1828437720651));
#6292=CARTESIAN_POINT('Ctrl Pts',(-5.63599069091253,210.5,11.1389418330483));
#6293=CARTESIAN_POINT('Ctrl Pts',(-5.71629447032179,210.5,11.0941356123027));
#6294=CARTESIAN_POINT('Ctrl Pts',(-5.97257717968966,210.5,10.9511403543749));
#6295=CARTESIAN_POINT('Ctrl Pts',(-6.22365097268252,210.5,10.7989380232832));
#6296=CARTESIAN_POINT('Ctrl Pts',(-6.46911568850105,210.5,10.6379220677923));
#6297=CARTESIAN_POINT('Ctrl Pts',(-6.7143363886901,210.5,10.4770661777087));
#6298=CARTESIAN_POINT('Ctrl Pts',(-6.9539596021379,210.5,10.3074137259117));
#6299=CARTESIAN_POINT('Ctrl Pts',(-7.18755124846662,210.5,10.1293187849032));
#6300=CARTESIAN_POINT('Ctrl Pts',(-7.33423724287124,210.5,10.017482450296));
#6301=CARTESIAN_POINT('Ctrl Pts',(-7.47854407218659,210.5,9.90231623083927));
#6302=CARTESIAN_POINT('Ctrl Pts',(-7.62035595911988,210.5,9.78390129391572));
#6303=CARTESIAN_POINT('Ctrl Pts',(-7.68257553520176,210.5,9.73194706541997));
#6304=CARTESIAN_POINT('Ctrl Pts',(-7.74431474861663,210.5,9.67936740183574));
#6305=CARTESIAN_POINT('Ctrl Pts',(-7.80556339134575,210.5,9.62616889262113));
#6306=CARTESIAN_POINT('Ctrl Pts',(-7.84212434072528,210.5,9.59441328276926));
#6307=CARTESIAN_POINT('Ctrl Pts',(-7.87851048409654,210.5,9.56243716195948));
#6308=CARTESIAN_POINT('Ctrl Pts',(-7.91471960336612,210.5,9.53024190644873));
#6309=CARTESIAN_POINT('Ctrl Pts',(-7.94276169087826,210.5,9.50530834852962));
#6310=CARTESIAN_POINT('Ctrl Pts',(-7.97069978549896,210.5,9.48024132141713));
#6311=CARTESIAN_POINT('Ctrl Pts',(-7.9985147114383,210.5,9.45505806192482));
#6312=CARTESIAN_POINT('Ctrl Pts',(-8.21479370405507,210.5,9.25924197362458));
#6313=CARTESIAN_POINT('Ctrl Pts',(-8.42385443835855,210.5,9.05620326143949));
#6314=CARTESIAN_POINT('Ctrl Pts',(-8.62534038715192,210.5,8.84636164492295));
#6315=CARTESIAN_POINT('Ctrl Pts',(-8.82703365892636,210.5,8.63630410769457));
#6316=CARTESIAN_POINT('Ctrl Pts',(-9.02113698522609,210.5,8.4194292030288));
#6317=CARTESIAN_POINT('Ctrl Pts',(-9.20725807711923,210.5,8.19611880843783));
#6318=CARTESIAN_POINT('Ctrl Pts',(-9.39177667943204,210.5,7.97473110072169));
#6319=CARTESIAN_POINT('Ctrl Pts',(-9.56845027100465,210.5,7.74701776180343));
#6320=CARTESIAN_POINT('Ctrl Pts',(-9.73685669663699,210.5,7.51331952436128));
#6321=CARTESIAN_POINT('Ctrl Pts',(-9.88485932955349,210.5,7.30793570768379));
#6322=CARTESIAN_POINT('Ctrl Pts',(-10.0264763058329,210.5,7.09792873786404));
#6323=CARTESIAN_POINT('Ctrl Pts',(-10.1613918778155,210.5,6.88351393240642));
#6324=CARTESIAN_POINT('Ctrl Pts',(-10.2962345367705,210.5,6.66921500410351));
#6325=CARTESIAN_POINT('Ctrl Pts',(-10.424382987616,210.5,6.45051260980266));
#6326=CARTESIAN_POINT('Ctrl Pts',(-10.5456963603662,210.5,6.22774380079607));
#6327=CARTESIAN_POINT('Ctrl Pts',(-10.5987709609444,210.5,6.13028244685569));
#6328=CARTESIAN_POINT('Ctrl Pts',(-10.6505369114614,210.5,6.03204265532671));
#6329=CARTESIAN_POINT('Ctrl Pts',(-10.7009806409565,210.5,5.93305228310611));
#6330=CARTESIAN_POINT('Ctrl Pts',(-10.7314524661743,210.5,5.87325461646392));
#6331=CARTESIAN_POINT('Ctrl Pts',(-10.7614417821439,210.5,5.813183053987));
#6332=CARTESIAN_POINT('Ctrl Pts',(-10.7909454011867,210.5,5.75284371298411));
#6333=CARTESIAN_POINT('Ctrl Pts',(-10.8089818687324,210.5,5.71595642250824));
#6334=CARTESIAN_POINT('Ctrl Pts',(-10.8268388959539,210.5,5.67896457122557));
#6335=CARTESIAN_POINT('Ctrl Pts',(-10.8445028435301,210.5,5.64189695226052));
#6336=CARTESIAN_POINT('Ctrl Pts',(-10.9678910010839,210.5,5.38296812622689));
#6337=CARTESIAN_POINT('Ctrl Pts',(-11.0819742166852,210.5,5.12011972674607));
#6338=CARTESIAN_POINT('Ctrl Pts',(-11.186662764988,210.5,4.85388903575462));
#6339=CARTESIAN_POINT('Ctrl Pts',(-11.2921180869539,210.5,4.58570838284812));
#6340=CARTESIAN_POINT('Ctrl Pts',(-11.3880408291744,210.5,4.31409512981925));
#6341=CARTESIAN_POINT('Ctrl Pts',(-11.4742919347439,210.5,4.03957518161021));
#6342=CARTESIAN_POINT('Ctrl Pts',(-11.5604178715231,210.5,3.76545362052433));
#6343=CARTESIAN_POINT('Ctrl Pts',(-11.6369003723639,210.5,3.48843318986486));
#6344=CARTESIAN_POINT('Ctrl Pts',(-11.7035513429725,210.5,3.20902334981284));
#6345=CARTESIAN_POINT('Ctrl Pts',(-11.7697226614644,210.5,2.93162427599589));
#6346=CARTESIAN_POINT('Ctrl Pts',(-11.8262035500029,210.5,2.65186947457154));
#6347=CARTESIAN_POINT('Ctrl Pts',(-11.872759156819,210.5,2.37025240072374));
#6348=CARTESIAN_POINT('Ctrl Pts',(-11.9185113374719,210.5,2.09349528984501));
#6349=CARTESIAN_POINT('Ctrl Pts',(-11.9546778657819,210.5,1.81493909930694));
#6350=CARTESIAN_POINT('Ctrl Pts',(-11.9809858461388,210.5,1.53505545576948));
#6351=CARTESIAN_POINT('Ctrl Pts',(-11.9928964498792,210.5,1.40834169339113));
#6352=CARTESIAN_POINT('Ctrl Pts',(-12.0027856488667,210.5,1.28135593432174));
#6353=CARTESIAN_POINT('Ctrl Pts',(-12.0106246397829,210.5,1.15414261022604));
#6354=CARTESIAN_POINT('',(-12.8847598643912,220.5,1.01911149388789));
#6355=CARTESIAN_POINT('Ctrl Pts',(-12.8847598643911,220.5,1.01911149388844));
#6356=CARTESIAN_POINT('Ctrl Pts',(-12.9115726925775,220.493718949051,0.680113401394329));
#6357=CARTESIAN_POINT('Ctrl Pts',(-12.9247395462369,220.487437898101,0.34006305372372));
#6358=CARTESIAN_POINT('Ctrl Pts',(-12.9244387456462,220.481156847152,9.24797299295399E-6));
#6359=CARTESIAN_POINT('Ctrl Pts',(0.409078536040964,220.5,-12.2213732871011));
#6360=CARTESIAN_POINT('Ctrl Pts',(0.120413385974006,220.5,-12.2410112185936));
#6361=CARTESIAN_POINT('Ctrl Pts',(-0.168935244314905,220.5,-12.2504939973649));
#6362=CARTESIAN_POINT('Ctrl Pts',(-0.458419785476474,220.5,-12.2497339329048));
#6363=CARTESIAN_POINT('Ctrl Pts',(-0.576757135434642,220.5,-12.2494232288733));
#6364=CARTESIAN_POINT('Ctrl Pts',(-0.695117242098946,220.5,-12.2474002800846));
#6365=CARTESIAN_POINT('Ctrl Pts',(-0.8134627365442,220.5,-12.2436565767585));
#6366=CARTESIAN_POINT('Ctrl Pts',(-0.911232805761801,220.5,-12.2405637498196));
#6367=CARTESIAN_POINT('Ctrl Pts',(-1.00899290344037,220.5,-12.2362964662183));
#6368=CARTESIAN_POINT('Ctrl Pts',(-1.10672189361878,220.5,-12.2308491607885));
#6369=CARTESIAN_POINT('Ctrl Pts',(-1.14197239854432,220.5,-12.2288843367733));
#6370=CARTESIAN_POINT('Ctrl Pts',(-1.17722006243765,220.5,-12.2267658647938));
#6371=CARTESIAN_POINT('Ctrl Pts',(-1.21244641088305,220.5,-12.2244947094899));
#6372=CARTESIAN_POINT('Ctrl Pts',(-1.42568956931267,220.5,-12.2107462413211));
#6373=CARTESIAN_POINT('Ctrl Pts',(-1.63829786561545,220.5,-12.1913962713487));
#6374=CARTESIAN_POINT('Ctrl Pts',(-1.85005268801588,220.5,-12.1664449226176));
#6375=CARTESIAN_POINT('Ctrl Pts',(-2.13580644549461,220.5,-12.1327741822147));
#6376=CARTESIAN_POINT('Ctrl Pts',(-2.42000612568786,220.5,-12.0889054338172));
#6377=CARTESIAN_POINT('Ctrl Pts',(-2.70217532254105,220.5,-12.0351426837116));
#6378=CARTESIAN_POINT('Ctrl Pts',(-2.98736869260145,220.5,-11.9808037265989));
#6379=CARTESIAN_POINT('Ctrl Pts',(-3.27048838488467,220.5,-11.9163574427301));
#6380=CARTESIAN_POINT('Ctrl Pts',(-3.55104267805124,220.5,-11.8420639400718));
#6381=CARTESIAN_POINT('Ctrl Pts',(-3.83300165470765,220.5,-11.7673984635777));
#6382=CARTESIAN_POINT('Ctrl Pts',(-4.11237007091984,220.5,-11.6827867568413));
#6383=CARTESIAN_POINT('Ctrl Pts',(-4.388640221802,220.5,-11.5884409206436));
#6384=CARTESIAN_POINT('Ctrl Pts',(-4.67169783868459,220.5,-11.4917771751336));
#6385=CARTESIAN_POINT('Ctrl Pts',(-4.95150380909976,220.5,-11.3848951257201));
#6386=CARTESIAN_POINT('Ctrl Pts',(-5.22749299710202,220.5,-11.2679694724202));
#6387=CARTESIAN_POINT('Ctrl Pts',(-5.33098894260287,220.5,-11.2241223524328));
#6388=CARTESIAN_POINT('Ctrl Pts',(-5.43394790723806,220.5,-11.1788623227496));
#6389=CARTESIAN_POINT('Ctrl Pts',(-5.5363390910606,220.5,-11.1321967307884));
#6390=CARTESIAN_POINT('Ctrl Pts',(-5.6041292581427,220.5,-11.1013008259073));
#6391=CARTESIAN_POINT('Ctrl Pts',(-5.67167053373007,220.5,-11.0697887902735));
#6392=CARTESIAN_POINT('Ctrl Pts',(-5.73895382220549,220.5,-11.0376625187659));
#6393=CARTESIAN_POINT('Ctrl Pts',(-5.76921084754387,220.5,-11.0232154631439));
#6394=CARTESIAN_POINT('Ctrl Pts',(-5.79941712096424,220.5,-11.0086434548557));
#6395=CARTESIAN_POINT('Ctrl Pts',(-5.82955471664059,220.5,-10.9939551105859));
#6396=CARTESIAN_POINT('Ctrl Pts',(-6.09433380932855,220.5,-10.8649081052907));
#6397=CARTESIAN_POINT('Ctrl Pts',(-6.35410747443461,220.5,-10.7267461897461));
#6398=CARTESIAN_POINT('Ctrl Pts',(-6.60838679205307,220.5,-10.5797493759237));
#6399=CARTESIAN_POINT('Ctrl Pts',(-6.86382596813754,220.5,-10.4320820573171));
#6400=CARTESIAN_POINT('Ctrl Pts',(-7.11372115895682,220.5,-10.2754988731674));
#6401=CARTESIAN_POINT('Ctrl Pts',(-7.35756400789554,220.5,-10.1102329139965));
#6402=CARTESIAN_POINT('Ctrl Pts',(-7.43149965667818,220.5,-10.0601225828297));
#6403=CARTESIAN_POINT('Ctrl Pts',(-7.50487875211385,220.5,-10.0092136468685));
#6404=CARTESIAN_POINT('Ctrl Pts',(-7.57768676374744,220.5,-9.95751172715039));
#6405=CARTESIAN_POINT('Ctrl Pts',(-7.8167289807614,220.5,-9.7877647276652));
#6406=CARTESIAN_POINT('Ctrl Pts',(-8.04961746368206,220.5,-9.60947332238883));
#6407=CARTESIAN_POINT('Ctrl Pts',(-8.27603816526342,220.5,-9.42309635661136));
#6408=CARTESIAN_POINT('Ctrl Pts',(-8.50336657192171,220.5,-9.23597221834975));
#6409=CARTESIAN_POINT('Ctrl Pts',(-8.72417567524352,220.5,-9.04069713774974));
#6410=CARTESIAN_POINT('Ctrl Pts',(-8.93811551809712,220.5,-8.83769373283013));
#6411=CARTESIAN_POINT('Ctrl Pts',(-9.07539731428942,220.5,-8.7074296750053));
#6412=CARTESIAN_POINT('Ctrl Pts',(-9.2098499679467,220.5,-8.57398258853893));
#6413=CARTESIAN_POINT('Ctrl Pts',(-9.34137279968975,220.5,-8.43745637190421));
#6414=CARTESIAN_POINT('Ctrl Pts',(-9.39891403857733,220.5,-8.37772615212651));
#6415=CARTESIAN_POINT('Ctrl Pts',(-9.45589440267543,220.5,-8.31740649529683));
#6416=CARTESIAN_POINT('Ctrl Pts',(-9.51230503186722,220.5,-8.2565057808376));
#6417=CARTESIAN_POINT('Ctrl Pts',(-9.5449813847969,220.5,-8.22122850653928));
#6418=CARTESIAN_POINT('Ctrl Pts',(-9.57746656345317,220.5,-8.18575626024464));
#6419=CARTESIAN_POINT('Ctrl Pts',(-9.60975880340202,220.5,-8.15009064291336));
#6420=CARTESIAN_POINT('Ctrl Pts',(-9.6359987135808,220.5,-8.12110960608451));
#6421=CARTESIAN_POINT('Ctrl Pts',(-9.66211362628012,220.5,-8.09199812153276));
#6422=CARTESIAN_POINT('Ctrl Pts',(-9.68808509442943,220.5,-8.06277692637017));
#6423=CARTESIAN_POINT('Ctrl Pts',(-9.88542551443508,220.5,-7.84074392872442));
#6424=CARTESIAN_POINT('Ctrl Pts',(-10.0746835882813,220.5,-7.61216576902071));
#6425=CARTESIAN_POINT('Ctrl Pts',(-10.25557284014,220.5,-7.37754293339404));
#6426=CARTESIAN_POINT('Ctrl Pts',(-10.4374317223675,220.5,-7.14166243638453));
#6427=CARTESIAN_POINT('Ctrl Pts',(-10.6108322578335,220.5,-6.8996718486374));
#6428=CARTESIAN_POINT('Ctrl Pts',(-10.7754517959934,220.5,-6.65203709119719));
#6429=CARTESIAN_POINT('Ctrl Pts',(-10.9397645935455,220.5,-6.40486375915547));
#6430=CARTESIAN_POINT('Ctrl Pts',(-11.095329489551,220.5,-6.15206679190414));
#6431=CARTESIAN_POINT('Ctrl Pts',(-11.2417880631477,220.5,-5.89407408960654));
#6432=CARTESIAN_POINT('Ctrl Pts',(-11.371923266265,220.5,-5.66483566476209));
#6433=CARTESIAN_POINT('Ctrl Pts',(-11.4948685749339,220.5,-5.43149442814126));
#6434=CARTESIAN_POINT('Ctrl Pts',(-11.6103436741143,220.5,-5.19433159006144));
#6435=CARTESIAN_POINT('Ctrl Pts',(-11.7270732020655,220.5,-4.9545924053097));
#6436=CARTESIAN_POINT('Ctrl Pts',(-11.8361694792027,220.5,-4.71094782681205));
#6437=CARTESIAN_POINT('Ctrl Pts',(-11.9375549098867,220.5,-4.46377783834687));
#6438=CARTESIAN_POINT('Ctrl Pts',(-11.9819110358109,220.5,-4.35564096839336));
#6439=CARTESIAN_POINT('Ctrl Pts',(-12.0247908468697,220.5,-4.24682916246047));
#6440=CARTESIAN_POINT('Ctrl Pts',(-12.0661858974752,220.5,-4.13737365204835));
#6441=CARTESIAN_POINT('Ctrl Pts',(-12.0895674398142,220.5,-4.07554890214455));
#6442=CARTESIAN_POINT('Ctrl Pts',(-12.1124752576978,220.5,-4.01351877726095));
#6443=CARTESIAN_POINT('Ctrl Pts',(-12.1349076579186,220.5,-3.9512888697051));
#6444=CARTESIAN_POINT('Ctrl Pts',(-12.1488028905967,220.5,-3.9127419894553));
#6445=CARTESIAN_POINT('Ctrl Pts',(-12.1625171403607,220.5,-3.87411420705947));
#6446=CARTESIAN_POINT('Ctrl Pts',(-12.1760405897438,220.5,-3.83543415833784));
#6447=CARTESIAN_POINT('Ctrl Pts',(-12.2738885496816,220.5,-3.5555674061133));
#6448=CARTESIAN_POINT('Ctrl Pts',(-12.3618443240291,220.5,-3.27271575838261));
#6449=CARTESIAN_POINT('Ctrl Pts',(-12.4399161149301,220.5,-2.98744666759694));
#6450=CARTESIAN_POINT('Ctrl Pts',(-12.5188666967317,220.5,-2.69896653376584));
#6451=CARTESIAN_POINT('Ctrl Pts',(-12.5877097373073,220.5,-2.40801369576098));
#6452=CARTESIAN_POINT('Ctrl Pts',(-12.6464079837441,220.5,-2.11514771319605));
#6453=CARTESIAN_POINT('Ctrl Pts',(-12.7054637068869,220.5,-1.82049815491812));
#6454=CARTESIAN_POINT('Ctrl Pts',(-12.7542508790813,220.5,-1.5239114972321));
#6455=CARTESIAN_POINT('Ctrl Pts',(-12.7926826258001,220.5,-1.22593860072773));
#6456=CARTESIAN_POINT('Ctrl Pts',(-12.8309954398768,220.5,-0.928887824784918));
#6457=CARTESIAN_POINT('Ctrl Pts',(-12.8590169409879,220.5,-0.630458771888518));
#6458=CARTESIAN_POINT('Ctrl Pts',(-12.8766104091789,220.5,-0.331187331815602));
#6459=CARTESIAN_POINT('Ctrl Pts',(-12.8939732703658,220.5,-0.0358386026845305));
#6460=CARTESIAN_POINT('Ctrl Pts',(-12.9011797159186,220.5,0.260331151724701));
#6461=CARTESIAN_POINT('Ctrl Pts',(-12.8980478985024,220.5,0.556807697981279));
#6462=CARTESIAN_POINT('Ctrl Pts',(-12.8964206744037,220.5,0.710850452282049));
#6463=CARTESIAN_POINT('Ctrl Pts',(-12.8920016808472,220.5,0.864975990139872));
#6464=CARTESIAN_POINT('Ctrl Pts',(-12.8847598643911,220.5,1.01911149388844));
#6465=CARTESIAN_POINT('Origin',(0.,206.727129595899,0.));
#6466=CARTESIAN_POINT('',(-5.00579549984566,210.5,-10.9785773584843));
#6467=CARTESIAN_POINT('Ctrl Pts',(-5.00575134479707,210.5,-10.9791352794147));
#6468=CARTESIAN_POINT('Ctrl Pts',(-6.54373453331536,210.533463113083,-10.2760573071329));
#6469=CARTESIAN_POINT('Ctrl Pts',(-9.58613421140717,210.606683698699,-8.02599032948163));
#6470=CARTESIAN_POINT('Ctrl Pts',(-11.7455733594562,210.697640500067,-3.80299578478937));
#6471=CARTESIAN_POINT('Ctrl Pts',(-12.0652360885274,210.75513418835,-0.89671649274633));
#6472=CARTESIAN_POINT('Ctrl Pts',(-12.0649765320839,210.772870404101,-0.000102393079593754));
#6473=CARTESIAN_POINT('Origin',(0.,210.5,0.));
#6474=CARTESIAN_POINT('Origin',(2.3725498440743E-15,210.5,-5.20589894906585E-16));
#6475=CARTESIAN_POINT('Ctrl Pts',(-5.00575134479709,210.5,-10.9791352794147));
#6476=CARTESIAN_POINT('Ctrl Pts',(-4.74779763685844,210.5,-11.1079159098821));
#6477=CARTESIAN_POINT('Ctrl Pts',(-4.48553234921339,210.5,-11.2272458897262));
#6478=CARTESIAN_POINT('Ctrl Pts',(-4.21942842316802,210.5,-11.3368279190479));
#6479=CARTESIAN_POINT('Ctrl Pts',(-4.19106896764492,210.5,-11.3485063889332));
#6480=CARTESIAN_POINT('Ctrl Pts',(-4.1626658840149,210.5,-11.3600741051325));
#6481=CARTESIAN_POINT('Ctrl Pts',(-4.13421972417398,210.5,-11.3715306795761));
#6482=CARTESIAN_POINT('Ctrl Pts',(-3.86901150563264,210.5,-11.4783422040756));
#6483=CARTESIAN_POINT('Ctrl Pts',(-3.60006108419149,210.5,-11.5754970253887));
#6484=CARTESIAN_POINT('Ctrl Pts',(-3.32792420268806,210.5,-11.662992306567));
#6485=CARTESIAN_POINT('Ctrl Pts',(-3.05421753437778,210.5,-11.7509922930882));
#6486=CARTESIAN_POINT('Ctrl Pts',(-2.77728695001718,210.5,-11.8292211312655));
#6487=CARTESIAN_POINT('Ctrl Pts',(-2.4976780333344,210.5,-11.897626832276));
#6488=CARTESIAN_POINT('Ctrl Pts',(-2.40760763147813,210.5,-11.9196623562227));
#6489=CARTESIAN_POINT('Ctrl Pts',(-2.31725918937876,210.5,-11.9406781674665));
#6490=CARTESIAN_POINT('Ctrl Pts',(-2.22665066626355,210.5,-11.9606714108925));
#6491=CARTESIAN_POINT('Ctrl Pts',(-2.16581704735117,210.5,-11.974094666339));
#6492=CARTESIAN_POINT('Ctrl Pts',(-2.10486619094221,210.5,-11.9870569737328));
#6493=CARTESIAN_POINT('Ctrl Pts',(-2.04380351037289,210.5,-11.9995573289341));
#6494=CARTESIAN_POINT('Ctrl Pts',(-2.00808621976549,210.5,-12.0068691405883));
#6495=CARTESIAN_POINT('Ctrl Pts',(-1.97233454731883,210.5,-12.0140220742613));
#6496=CARTESIAN_POINT('Ctrl Pts',(-1.93655904669105,210.5,-12.0210142548706));
#6497=CARTESIAN_POINT('Ctrl Pts',(-1.65335348406005,210.5,-12.0763656659964));
#6498=CARTESIAN_POINT('Ctrl Pts',(-1.36848203296206,210.5,-12.1216831716712));
#6499=CARTESIAN_POINT('Ctrl Pts',(-1.08250604408546,210.5,-12.1569687069642));
#6500=CARTESIAN_POINT('Ctrl Pts',(-0.794685545109397,210.5,-12.1924818296377));
#6501=CARTESIAN_POINT('Ctrl Pts',(-0.505745610141817,210.5,-12.2178333044242));
#6502=CARTESIAN_POINT('Ctrl Pts',(-0.216242785245194,210.5,-12.2329750179246));
#6503=CARTESIAN_POINT('Ctrl Pts',(0.0723747667508549,210.5,-12.2480704294636));
#6504=CARTESIAN_POINT('Ctrl Pts',(0.361552395591631,210.5,-12.2530185055921));
#6505=CARTESIAN_POINT('Ctrl Pts',(0.650744987797187,210.5,-12.2477203464609));
#6506=CARTESIAN_POINT('Ctrl Pts',(0.750936901455773,210.5,-12.2458847783428));
#6507=CARTESIAN_POINT('Ctrl Pts',(0.851130623840332,210.5,-12.2428188934955));
#6508=CARTESIAN_POINT('Ctrl Pts',(0.951303454213572,210.5,-12.238517110036));
#6509=CARTESIAN_POINT('Ctrl Pts',(1.01359292867974,210.5,-12.2358421748269));
#6510=CARTESIAN_POINT('Ctrl Pts',(1.07587432401338,210.5,-12.2326893517743));
#6511=CARTESIAN_POINT('Ctrl Pts',(1.13814216574115,210.5,-12.2290571489143));
#6512=CARTESIAN_POINT('Ctrl Pts',(1.17350865793143,210.5,-12.2269941534656));
#6513=CARTESIAN_POINT('Ctrl Pts',(1.20886327951258,210.5,-12.2247769274264));
#6514=CARTESIAN_POINT('Ctrl Pts',(1.24419795029181,210.5,-12.2224059151926));
#6515=CARTESIAN_POINT('Ctrl Pts',(1.44679528586814,210.5,-12.2088113138964));
#6516=CARTESIAN_POINT('Ctrl Pts',(1.64880936779026,210.5,-12.190157734615));
#6517=CARTESIAN_POINT('Ctrl Pts',(1.85005263546677,210.5,-12.1664449761954));
#6518=CARTESIAN_POINT('Ctrl Pts',(2.13580639094742,210.5,-12.1327742360536));
#6519=CARTESIAN_POINT('Ctrl Pts',(2.42000607025826,210.5,-12.0889054878577));
#6520=CARTESIAN_POINT('Ctrl Pts',(2.70217526672815,210.5,-12.0351427379913));
#6521=CARTESIAN_POINT('Ctrl Pts',(2.987368638739,210.5,-11.9808037806749));
#6522=CARTESIAN_POINT('Ctrl Pts',(3.27048833344899,210.5,-11.9163574964752));
#6523=CARTESIAN_POINT('Ctrl Pts',(3.5510426288792,210.5,-11.8420639934659));
#6524=CARTESIAN_POINT('Ctrl Pts',(3.83300160752796,210.5,-11.7673985166939));
#6525=CARTESIAN_POINT('Ctrl Pts',(4.11237002557366,210.5,-11.682786809679));
#6526=CARTESIAN_POINT('Ctrl Pts',(4.38864017748534,210.5,-11.5884409733101));
#6527=CARTESIAN_POINT('Ctrl Pts',(4.67169779829186,210.5,-11.4917772266449));
#6528=CARTESIAN_POINT('Ctrl Pts',(4.95150377172148,210.5,-11.3848951759818));
#6529=CARTESIAN_POINT('Ctrl Pts',(5.2274929611113,210.5,-11.2679695214601));
#6530=CARTESIAN_POINT('Ctrl Pts',(5.33098890713248,210.5,-11.2241224010145));
#6531=CARTESIAN_POINT('Ctrl Pts',(5.4339478720591,210.5,-11.1788623708771));
#6532=CARTESIAN_POINT('Ctrl Pts',(5.53633905590569,210.5,-11.1321967784721));
#6533=CARTESIAN_POINT('Ctrl Pts',(5.60412922668493,210.5,-11.1013008716195));
#6534=CARTESIAN_POINT('Ctrl Pts',(5.67167050582535,210.5,-11.0697888339517));
#6535=CARTESIAN_POINT('Ctrl Pts',(5.73895379769673,210.5,-11.03766256035));
#6536=CARTESIAN_POINT('Ctrl Pts',(5.76921082275042,210.5,-11.0232155046515));
#6537=CARTESIAN_POINT('Ctrl Pts',(5.79941709586035,210.5,-11.0086434962894));
#6538=CARTESIAN_POINT('Ctrl Pts',(5.8295546911999,210.5,-10.9939551519489));
#6539=CARTESIAN_POINT('Ctrl Pts',(6.09433378020719,210.5,-10.8649081463832));
#6540=CARTESIAN_POINT('Ctrl Pts',(6.3541074396258,210.5,-10.7267462308422));
#6541=CARTESIAN_POINT('Ctrl Pts',(6.60838674891025,210.5,-10.5797494174044));
#6542=CARTESIAN_POINT('Ctrl Pts',(6.86382591486341,210.5,-10.4320821002011));
#6543=CARTESIAN_POINT('Ctrl Pts',(7.11372109295748,210.5,-10.2754989179617));
#6544=CARTESIAN_POINT('Ctrl Pts',(7.35756392593608,210.5,-10.1102329613125));
#6545=CARTESIAN_POINT('Ctrl Pts',(7.43149957354041,210.5,-10.0601226284291));
#6546=CARTESIAN_POINT('Ctrl Pts',(7.50487866744508,210.5,-10.0092136907285));
#6547=CARTESIAN_POINT('Ctrl Pts',(7.57768667717514,210.5,-9.95751176925186));
#6548=CARTESIAN_POINT('Ctrl Pts',(7.81672887166393,210.5,-9.78776477555037));
#6549=CARTESIAN_POINT('Ctrl Pts',(8.04961732888163,210.5,-9.60947337701529));
#6550=CARTESIAN_POINT('Ctrl Pts',(8.27603800302923,210.5,-9.42309641871635));
#6551=CARTESIAN_POINT('Ctrl Pts',(8.50336639106342,210.5,-9.23597228062111));
#6552=CARTESIAN_POINT('Ctrl Pts',(8.72417547350388,210.5,-9.0406972002914));
#6553=CARTESIAN_POINT('Ctrl Pts',(8.93811529463463,210.5,-8.83769379557824));
#6554=CARTESIAN_POINT('Ctrl Pts',(9.07539707591152,210.5,-8.70742973881217));
#6555=CARTESIAN_POINT('Ctrl Pts',(9.20984971434688,210.5,-8.57398265342359));
#6556=CARTESIAN_POINT('Ctrl Pts',(9.34137253093885,210.5,-8.43745643783843));
#6557=CARTESIAN_POINT('Ctrl Pts',(9.39891376319784,210.5,-8.37772621851992));
#6558=CARTESIAN_POINT('Ctrl Pts',(9.45589412068098,210.5,-8.31740656214397));
#6559=CARTESIAN_POINT('Ctrl Pts',(9.51230474330309,210.5,-8.25650584812917));
#6560=CARTESIAN_POINT('Ctrl Pts',(9.544981095692,210.5,-8.22122857056365));
#6561=CARTESIAN_POINT('Ctrl Pts',(9.57746627378453,210.5,-8.1857563209597));
#6562=CARTESIAN_POINT('Ctrl Pts',(9.60975851315232,210.5,-8.1500907002767));
#6563=CARTESIAN_POINT('Ctrl Pts',(9.63599842060639,210.5,-8.1211096632122));
#6564=CARTESIAN_POINT('Ctrl Pts',(9.66211333059094,210.5,-8.09199817841896));
#6565=CARTESIAN_POINT('Ctrl Pts',(9.68808479604023,210.5,-8.0627769830092));
#6566=CARTESIAN_POINT('Ctrl Pts',(9.88542518623297,210.5,-7.84074399394594));
#6567=CARTESIAN_POINT('Ctrl Pts',(10.0746832318806,210.5,-7.61216584308933));
#6568=CARTESIAN_POINT('Ctrl Pts',(10.2555724586129,210.5,-7.37754301634706));
#6569=CARTESIAN_POINT('Ctrl Pts',(10.4374313214001,210.5,-7.14166252071979));
#6570=CARTESIAN_POINT('Ctrl Pts',(10.6108318399885,210.5,-6.89967193400182));
#6571=CARTESIAN_POINT('Ctrl Pts',(10.7754513652741,210.5,-6.65203717705802));
#6572=CARTESIAN_POINT('Ctrl Pts',(10.9397641635825,210.5,-6.40486382504382));
#6573=CARTESIAN_POINT('Ctrl Pts',(11.0953290628835,210.5,-6.15206683635812));
#6574=CARTESIAN_POINT('Ctrl Pts',(11.2417876436627,210.5,-5.8940741110893));
#6575=CARTESIAN_POINT('Ctrl Pts',(11.3719228328878,210.5,-5.66483570154775));
#6576=CARTESIAN_POINT('Ctrl Pts',(11.4948681329721,210.5,-5.43149448029454));
#6577=CARTESIAN_POINT('Ctrl Pts',(11.6103432299603,210.5,-5.19433165745519));
#6578=CARTESIAN_POINT('Ctrl Pts',(11.7270727639287,210.5,-4.95459247120016));
#6579=CARTESIAN_POINT('Ctrl Pts',(11.8361690525394,210.5,-4.71094789051875));
#6580=CARTESIAN_POINT('Ctrl Pts',(11.9375544987133,210.5,-4.46377789938051));
#6581=CARTESIAN_POINT('Ctrl Pts',(11.9819106314143,210.5,-4.35564102825753));
#6582=CARTESIAN_POINT('Ctrl Pts',(12.0247904500189,210.5,-4.2468292210614));
#6583=CARTESIAN_POINT('Ctrl Pts',(12.0661855088187,210.5,-4.13737370930839));
#6584=CARTESIAN_POINT('Ctrl Pts',(12.0895670553938,210.5,-4.07554895968445));
#6585=CARTESIAN_POINT('Ctrl Pts',(12.1124748777363,210.5,-4.01351883506296));
#6586=CARTESIAN_POINT('Ctrl Pts',(12.1349072826173,210.5,-3.95128892775376));
#6587=CARTESIAN_POINT('Ctrl Pts',(12.1488025184825,210.5,-3.91274204682336));
#6588=CARTESIAN_POINT('Ctrl Pts',(12.1625167715034,210.5,-3.87411426373718));
#6589=CARTESIAN_POINT('Ctrl Pts',(12.1760402242056,210.5,-3.83543421431682));
#6590=CARTESIAN_POINT('Ctrl Pts',(12.2738882246103,210.5,-3.55556740998152));
#6591=CARTESIAN_POINT('Ctrl Pts',(12.3618440393655,210.5,-3.27271570871558));
#6592=CARTESIAN_POINT('Ctrl Pts',(12.4399158686182,210.5,-2.98744656352694));
#6593=CARTESIAN_POINT('Ctrl Pts',(12.5188664845631,210.5,-2.69896639163555));
#6594=CARTESIAN_POINT('Ctrl Pts',(12.5877095583691,210.5,-2.40801351497268));
#6595=CARTESIAN_POINT('Ctrl Pts',(12.646407835076,210.5,-2.11514749360614));
#6596=CARTESIAN_POINT('Ctrl Pts',(12.7054635804836,210.5,-1.82049793715164));
#6597=CARTESIAN_POINT('Ctrl Pts',(12.7542507747952,210.5,-1.52391128168048));
#6598=CARTESIAN_POINT('Ctrl Pts',(12.7926825414324,210.5,-1.22593838800876));
#6599=CARTESIAN_POINT('Ctrl Pts',(12.830995371805,210.5,-0.928887642497936));
#6600=CARTESIAN_POINT('Ctrl Pts',(12.8590168889408,210.5,-0.630458620903371));
#6601=CARTESIAN_POINT('Ctrl Pts',(12.8766103708894,210.5,-0.33118721308241));
#6602=CARTESIAN_POINT('Ctrl Pts',(12.8939732433881,210.5,-0.0358385543179235));
#6603=CARTESIAN_POINT('Ctrl Pts',(12.9011797006955,210.5,0.260331128585011));
#6604=CARTESIAN_POINT('Ctrl Pts',(12.8980478936239,210.5,0.556807602314092));
#6605=CARTESIAN_POINT('Ctrl Pts',(12.8964206741627,210.5,0.710850388732145));
#6606=CARTESIAN_POINT('Ctrl Pts',(12.8920016823334,210.5,0.864975958506556));
#6607=CARTESIAN_POINT('Ctrl Pts',(12.8847598643911,210.5,1.01911149388851));
#6608=CARTESIAN_POINT('Ctrl Pts',(12.0283843934816,210.004027251253,0.951377046784333));
#6609=CARTESIAN_POINT('Ctrl Pts',(12.1868226468858,210.043784723786,-1.05177850654627));
#6610=CARTESIAN_POINT('Ctrl Pts',(11.4829036647894,210.123299668852,-5.13680425355595));
#6611=CARTESIAN_POINT('Ctrl Pts',(7.61794707345982,210.242572086452,-10.0106688103895));
#6612=CARTESIAN_POINT('Ctrl Pts',(1.89117304888426,210.361844504051,-12.4364837196776));
#6613=CARTESIAN_POINT('Ctrl Pts',(-4.29818434328809,210.48111692165,-11.8225067701559));
#6614=CARTESIAN_POINT('Ctrl Pts',(-9.43669748975725,210.600389339249,-8.31822846032891));
#6615=CARTESIAN_POINT('Ctrl Pts',(-12.2683881822165,210.719661756849,-2.78058024397856));
#6616=CARTESIAN_POINT('Ctrl Pts',(-12.1009429812428,210.838934174448,3.43684630578173));
#6617=CARTESIAN_POINT('Ctrl Pts',(-8.97533414746257,210.958206592048,8.81408727144245));
#6618=CARTESIAN_POINT('Ctrl Pts',(-3.65562442006143,211.077479009647,12.0366607146808));
#6619=CARTESIAN_POINT('Ctrl Pts',(2.55773032793048,211.196751427247,12.3167679854137));
#6620=CARTESIAN_POINT('Ctrl Pts',(8.14582793252312,211.316023844846,9.58594101637489));
#6621=CARTESIAN_POINT('Ctrl Pts',(11.7426095798015,211.435296262445,4.51175011019256));
#6622=CARTESIAN_POINT('Ctrl Pts',(12.468812994853,211.554568680045,-1.66537515433281));
#6623=CARTESIAN_POINT('Ctrl Pts',(10.1469112951357,211.673841097644,-7.43538583516711));
#6624=CARTESIAN_POINT('Ctrl Pts',(5.34451284945708,211.793113515244,-11.3877545426462));
#6625=CARTESIAN_POINT('Ctrl Pts',(-0.764396216797149,211.912385932843,-12.5562920424874));
#6626=CARTESIAN_POINT('Ctrl Pts',(-6.68644226001216,212.031658350442,-10.6553395595656));
#6627=CARTESIAN_POINT('Ctrl Pts',(-10.9739319202501,212.150930768042,-6.14960076244386));
#6628=CARTESIAN_POINT('Ctrl Pts',(-12.5787527018561,212.270203185641,-0.140540937206526));
#6629=CARTESIAN_POINT('Ctrl Pts',(-11.1085928297194,212.389475603241,5.90287528600214));
#6630=CARTESIAN_POINT('Ctrl Pts',(-6.92284510271672,212.50874802084,10.5032845807072));
#6631=CARTESIAN_POINT('Ctrl Pts',(-1.04475034653602,212.62802043844,12.5360786536362));
#6632=CARTESIAN_POINT('Ctrl Pts',(5.08874231619132,212.747292856039,11.5043240974096));
#6633=CARTESIAN_POINT('Ctrl Pts',(9.97824962096011,212.866565273638,7.66024188910061));
#6634=CARTESIAN_POINT('Ctrl Pts',(12.4284908646136,212.985837691238,1.94354987751629));
#6635=CARTESIAN_POINT('Ctrl Pts',(11.8404842081719,213.105110108837,-4.24825905684666));
#6636=CARTESIAN_POINT('Ctrl Pts',(8.35797276646011,213.224382526436,-9.40154575233063));
#6637=CARTESIAN_POINT('Ctrl Pts',(2.83228540875975,213.343654944036,-12.2565464410414));
#6638=CARTESIAN_POINT('Ctrl Pts',(-3.38577765966105,213.462927361635,-12.1153324732505));
#6639=CARTESIAN_POINT('Ctrl Pts',(-8.77615923588393,213.582199779235,-9.01242477718835));
#6640=CARTESIAN_POINT('Ctrl Pts',(-12.0211357376171,213.701472196834,-3.70635493117562));
#6641=CARTESIAN_POINT('Ctrl Pts',(-12.3274456860866,213.820744614434,2.50576418576282));
#6642=CARTESIAN_POINT('Ctrl Pts',(-9.62020906827621,213.940017032033,8.10532841905382));
#6643=CARTESIAN_POINT('Ctrl Pts',(-4.56123237852887,214.059289449632,11.723477747116));
#6644=CARTESIAN_POINT('Ctrl Pts',(1.61277548007075,214.178561867232,12.4757254918882));
#6645=CARTESIAN_POINT('Ctrl Pts',(7.39252696683879,214.297834284831,10.1781784393194));
#6646=CARTESIAN_POINT('Ctrl Pts',(11.3651137883273,214.417106702431,5.39249106410361));
#6647=CARTESIAN_POINT('Ctrl Pts',(12.5594040750481,214.53637912003,-0.711435575249882));
#6648=CARTESIAN_POINT('Ctrl Pts',(10.6834436392206,214.655651537629,-6.64144587463171));
#6649=CARTESIAN_POINT('Ctrl Pts',(6.19582660275979,214.774923955229,-10.9478995248677));
#6650=CARTESIAN_POINT('Ctrl Pts',(0.193588252243217,214.894196372828,-12.5780481350112));
#6651=CARTESIAN_POINT('Ctrl Pts',(-5.85597435568042,215.013468790428,-11.1333883271751));
#6652=CARTESIAN_POINT('Ctrl Pts',(-10.47399535627,215.132741208027,-6.9670791997005));
#6653=CARTESIAN_POINT('Ctrl Pts',(-12.5315611299717,215.252013625626,-1.09760965003452));
#6654=CARTESIAN_POINT('Ctrl Pts',(-11.5256826204854,215.371286043226,5.04017970214417));
#6655=CARTESIAN_POINT('Ctrl Pts',(-7.70225519052848,215.490558460825,9.94585523110219));
#6656=CARTESIAN_POINT('Ctrl Pts',(-1.99594745648513,215.609830878424,12.4201837767811));
#6657=CARTESIAN_POINT('Ctrl Pts',(4.19828622403019,215.729103296024,11.8582951590515));
#6658=CARTESIAN_POINT('Ctrl Pts',(9.36621394004508,215.848375713623,8.39754772105349));
#6659=CARTESIAN_POINT('Ctrl Pts',(12.2444928044798,215.967648131223,2.8839499404648));
#6660=CARTESIAN_POINT('Ctrl Pts',(12.1295036240654,216.086920548822,-3.33465337506772));
#6661=CARTESIAN_POINT('Ctrl Pts',(9.04935645976817,216.206192966421,-8.73807295472622));
#6662=CARTESIAN_POINT('Ctrl Pts',(3.75701888873038,216.325465384021,-12.0053979679055));
#6663=CARTESIAN_POINT('Ctrl Pts',(-2.45375317878707,216.44473780162,-12.3379036564425));
#6664=CARTESIAN_POINT('Ctrl Pts',(-8.06468488563857,216.56401021922,-9.65430624091749));
#6665=CARTESIAN_POINT('Ctrl Pts',(-11.7041373368424,216.683282636819,-4.61063341618032));
#6666=CARTESIAN_POINT('Ctrl Pts',(-12.4824161288088,216.802555054419,1.5601470716947));
#6667=CARTESIAN_POINT('Ctrl Pts',(-10.2092645416254,216.921827472018,7.34953663962423));
#6668=CARTESIAN_POINT('Ctrl Pts',(-5.4403733756916,217.041099889617,11.342270885106));
#6669=CARTESIAN_POINT('Ctrl Pts',(0.658462283454439,217.160372307217,12.5622927333885));
#6670=CARTESIAN_POINT('Ctrl Pts',(6.59633136413539,217.279644724816,10.7113577025781));
#6671=CARTESIAN_POINT('Ctrl Pts',(10.9216724127583,217.398917142416,6.24194224632391));
#6672=CARTESIAN_POINT('Ctrl Pts',(12.5771198568584,217.518189560015,0.246632123611407));
#6673=CARTESIAN_POINT('Ctrl Pts',(11.1579858082695,217.637461977614,-5.80896927175372));
#6674=CARTESIAN_POINT('Ctrl Pts',(7.01118938137158,217.756734395214,-10.4445198433139));
#6675=CARTESIAN_POINT('Ctrl Pts',(1.15044943162955,217.876006812813,-12.5268207220349));
#6676=CARTESIAN_POINT('Ctrl Pts',(-4.99152744425984,217.995279230413,-11.5468361499041));
#6677=CARTESIAN_POINT('Ctrl Pts',(-9.91328394618358,218.114551648012,-7.74413150075124));
#6678=CARTESIAN_POINT('Ctrl Pts',(-12.4116557852995,218.233824065611,-2.04830953635532));
#6679=CARTESIAN_POINT('Ctrl Pts',(-11.8758952012533,218.353096483211,4.14823872222693));
#6680=CARTESIAN_POINT('Ctrl Pts',(-8.4369733164101,218.47236890081,9.33071553978069));
#6681=CARTESIAN_POINT('Ctrl Pts',(-2.93556318280623,218.591641318409,12.2322213940166));
#6682=CARTESIAN_POINT('Ctrl Pts',(3.28346978956115,218.710913736009,12.1434590320308));
#6683=CARTESIAN_POINT('Ctrl Pts',(8.6998312413257,218.830186153608,9.08612721249328));
#6684=CARTESIAN_POINT('Ctrl Pts',(11.9894467113887,218.949458571208,3.80761598116921));
#6685=CARTESIAN_POINT('Ctrl Pts',(12.3481421038178,219.068730988807,-2.40169843743774));
#6686=CARTESIAN_POINT('Ctrl Pts',(9.6882318805895,219.188003406407,-8.02389811149302));
#6687=CARTESIAN_POINT('Ctrl Pts',(4.65995207388127,219.307275824006,-11.6845883413177));
#6688=CARTESIAN_POINT('Ctrl Pts',(-1.50749011534364,219.426548241605,-12.4888856433643));
#6689=CARTESIAN_POINT('Ctrl Pts',(-7.30641729512091,219.545820659205,-10.240167176212));
#6690=CARTESIAN_POINT('Ctrl Pts',(-11.3192226375176,219.665093076804,-5.48816293919604));
#6691=CARTESIAN_POINT('Ctrl Pts',(-12.5649656590215,219.784365494403,0.605485813510962));
#6692=CARTESIAN_POINT('Ctrl Pts',(-10.7390649926206,219.903637912003,6.5510813852132));
#6693=CARTESIAN_POINT('Ctrl Pts',(-6.28798212508098,220.022910329602,10.8952896140457));
#6694=CARTESIAN_POINT('Ctrl Pts',(-0.299600933866607,220.142182747202,12.575885737834));
#6695=CARTESIAN_POINT('Ctrl Pts',(5.7616826488573,220.261455164801,11.1825587724455));
#6696=CARTESIAN_POINT('Ctrl Pts',(10.4150704019088,220.380727582401,7.05479574739538));
#6697=CARTESIAN_POINT('Ctrl Pts',(11.8184186790005,220.460242527467,3.15434053033785));
#6698=CARTESIAN_POINT('Ctrl Pts',(12.010624639783,220.5,1.15414261022574));
#6699=CARTESIAN_POINT('Ctrl Pts',(12.3138428837848,210.169351500835,0.973955195819159));
#6700=CARTESIAN_POINT('Ctrl Pts',(12.4760412053031,210.209108973368,-1.07673939030176));
#6701=CARTESIAN_POINT('Ctrl Pts',(11.7554167669001,210.288623918434,-5.25871126444242));
#6702=CARTESIAN_POINT('Ctrl Pts',(7.79873674559383,210.407896336034,-10.2482427282207));
#6703=CARTESIAN_POINT('Ctrl Pts',(1.936054504762,210.527168753633,-12.7316272527711));
#6704=CARTESIAN_POINT('Ctrl Pts',(-4.40018916567675,210.646441171233,-12.1030793577793));
#6705=CARTESIAN_POINT('Ctrl Pts',(-9.66064987860288,210.765713588832,-8.51563726109596));
#6706=CARTESIAN_POINT('Ctrl Pts',(-12.5595424598305,210.884986006432,-2.84656917587894));
#6707=CARTESIAN_POINT('Ctrl Pts',(-12.3881234372101,211.004258424031,3.51840979143023));
#6708=CARTESIAN_POINT('Ctrl Pts',(-9.18833742802696,211.12353084163,9.02326382945716));
#6709=CARTESIAN_POINT('Ctrl Pts',(-3.74237996377615,211.24280325923,12.3223156192386));
#6710=CARTESIAN_POINT('Ctrl Pts',(2.61843056946992,211.362075676829,12.6090704160241));
#6711=CARTESIAN_POINT('Ctrl Pts',(8.33914531146783,211.481348094429,9.81343526341212));
#6712=CARTESIAN_POINT('Ctrl Pts',(12.021286041512,211.600620512028,4.61882329084173));
#6713=CARTESIAN_POINT('Ctrl Pts',(12.7647237686484,211.719892929627,-1.7048979582101));
#6714=CARTESIAN_POINT('Ctrl Pts',(10.3877185294905,211.839165347227,-7.61184295076099));
#6715=CARTESIAN_POINT('Ctrl Pts',(5.47134921579724,211.958437764826,-11.6580095588933));
#6716=CARTESIAN_POINT('Ctrl Pts',(-0.782536923221404,212.077710182425,-12.8542788753821));
#6717=CARTESIAN_POINT('Ctrl Pts',(-6.84512539239332,212.196982600025,-10.9082128503452));
#6718=CARTESIAN_POINT('Ctrl Pts',(-11.2343660680266,212.316255017624,-6.2955435334918));
#6719=CARTESIAN_POINT('Ctrl Pts',(-12.877272572747,212.435527435224,-0.143876264915423));
#6720=CARTESIAN_POINT('Ctrl Pts',(-11.3722227599603,212.554799852823,6.04296275015927));
#6721=CARTESIAN_POINT('Ctrl Pts',(-7.08713856449661,212.674072270423,10.7525492917068));
#6722=CARTESIAN_POINT('Ctrl Pts',(-1.06954443748871,212.793344688022,12.8335857809215));
#6723=CARTESIAN_POINT('Ctrl Pts',(5.20950871769648,212.912617105621,11.7773455507799));
#6724=CARTESIAN_POINT('Ctrl Pts',(10.2150541642378,213.031889523221,7.84203530486515));
#6725=CARTESIAN_POINT('Ctrl Pts',(12.7234447106914,213.15116194082,1.98967434408766));
#6726=CARTESIAN_POINT('Ctrl Pts',(12.1214834376574,213.270434358419,-4.34907904871865));
#6727=CARTESIAN_POINT('Ctrl Pts',(8.55632478198113,213.389706776019,-9.62466391759568));
#6728=CARTESIAN_POINT('Ctrl Pts',(2.89950141137856,213.508979193618,-12.5474196895956));
#6729=CARTESIAN_POINT('Ctrl Pts',(-3.4661291804981,213.628251611218,-12.4028544216851));
#6730=CARTESIAN_POINT('Ctrl Pts',(-8.98443568300955,213.747524028817,-9.22630829526591));
#6731=CARTESIAN_POINT('Ctrl Pts',(-12.3064222022938,213.866796446417,-3.79431441505731));
#6732=CARTESIAN_POINT('Ctrl Pts',(-12.6200015206633,213.986068864016,2.56523116304957));
#6733=CARTESIAN_POINT('Ctrl Pts',(-9.8485165672051,214.105341281615,8.29768466060927));
#6734=CARTESIAN_POINT('Ctrl Pts',(-4.66947987595691,214.224613699215,12.0017001707865));
#6735=CARTESIAN_POINT('Ctrl Pts',(1.65104998466576,214.343886116814,12.7718003135642));
#6736=CARTESIAN_POINT('Ctrl Pts',(7.56796695266288,214.463158534413,10.4197277078063));
#6737=CARTESIAN_POINT('Ctrl Pts',(11.6348314925518,214.582430952013,5.52046605291146));
#6738=CARTESIAN_POINT('Ctrl Pts',(12.8574647629251,214.701703369612,-0.728319415890094));
#6739=CARTESIAN_POINT('Ctrl Pts',(10.9369838980557,214.820975787212,-6.79906114953345));
#6740=CARTESIAN_POINT('Ctrl Pts',(6.34286640880078,214.940248204811,-11.2077158699501));
#6741=CARTESIAN_POINT('Ctrl Pts',(0.198182502677699,215.059520622411,-12.8765512850707));
#6742=CARTESIAN_POINT('Ctrl Pts',(-5.99494876355954,215.17879304001,-11.3976067059589));
#6743=CARTESIAN_POINT('Ctrl Pts',(-10.7225649732722,215.298065457609,-7.13242242827631));
#6744=CARTESIAN_POINT('Ctrl Pts',(-12.8289610470579,215.417337875209,-1.12365820180935));
#6745=CARTESIAN_POINT('Ctrl Pts',(-11.7992109558735,215.536610292808,5.15979361217271));
#6746=CARTESIAN_POINT('Ctrl Pts',(-7.88504566900783,215.655882710408,10.1818909883717));
#6747=CARTESIAN_POINT('Ctrl Pts',(-2.04331542619863,215.775155128007,12.7149404784483));
#6748=CARTESIAN_POINT('Ctrl Pts',(4.29792025701152,215.894427545606,12.1397170793142));
#6749=CARTESIAN_POINT('Ctrl Pts',(9.58849360817994,216.013699963206,8.59683893226551));
#6750=CARTESIAN_POINT('Ctrl Pts',(12.5350799952574,216.132972380805,2.95239204949493));
#6751=CARTESIAN_POINT('Ctrl Pts',(12.4173618832784,216.252244798405,-3.41379161067707));
#6752=CARTESIAN_POINT('Ctrl Pts',(9.2641164432137,216.371517216004,-8.94544553546672));
#6753=CARTESIAN_POINT('Ctrl Pts',(3.84618073332514,216.490789633603,-12.2903109426907));
#6754=CARTESIAN_POINT('Ctrl Pts',(-2.51198582708626,216.610062051203,-12.6307076803298));
#6755=CARTESIAN_POINT('Ctrl Pts',(-8.25607657191297,216.729334468802,-9.88342293641902));
#6756=CARTESIAN_POINT('Ctrl Pts',(-11.9819007724943,216.848606886402,-4.72005330261473));
#6757=CARTESIAN_POINT('Ctrl Pts',(-12.7786497331652,216.967879304001,1.59717259508736));
#6758=CARTESIAN_POINT('Ctrl Pts',(-10.4515515477455,217.0871517216,7.52395637588671));
#6759=CARTESIAN_POINT('Ctrl Pts',(-5.5694847109888,217.2064241392,11.6114464798955));
#6760=CARTESIAN_POINT('Ctrl Pts',(0.674088958093993,217.325696556799,12.8604219751147));
#6761=CARTESIAN_POINT('Ctrl Pts',(6.75287597820392,217.444968974399,10.9655604199881));
#6762=CARTESIAN_POINT('Ctrl Pts',(11.1808663341149,217.564241391998,6.39007647216066));
#6763=CARTESIAN_POINT('Ctrl Pts',(12.8756009769535,217.683513809597,0.25248521504608));
#6764=CARTESIAN_POINT('Ctrl Pts',(11.4227879362576,217.802786227197,-5.94682815157393));
#6765=CARTESIAN_POINT('Ctrl Pts',(7.17757943597614,217.922058644796,-10.6923899453061));
#6766=CARTESIAN_POINT('Ctrl Pts',(1.17775198093127,218.041331062396,-12.8241081394164));
#6767=CARTESIAN_POINT('Ctrl Pts',(-5.10998673537772,218.160603479995,-11.8208665023857));
#6768=CARTESIAN_POINT('Ctrl Pts',(-10.1485467193585,218.279875897594,-7.9279157908602));
#6769=CARTESIAN_POINT('Ctrl Pts',(-12.7062101000547,218.399148315194,-2.09692016674376));
#6770=CARTESIAN_POINT('Ctrl Pts',(-12.1577348069933,218.518420732793,4.24668502426776));
#6771=CARTESIAN_POINT('Ctrl Pts',(-8.63720017870889,218.637693150393,9.55215275730738));
#6772=CARTESIAN_POINT('Ctrl Pts',(-3.00523018104479,218.756965567992,12.5225173587916));
#6773=CARTESIAN_POINT('Ctrl Pts',(3.36139333260922,218.876237985591,12.4316484819972));
#6774=CARTESIAN_POINT('Ctrl Pts',(8.90629626695183,218.995510403191,9.30175984210782));
#6775=CARTESIAN_POINT('Ctrl Pts',(12.2739811297981,219.11478282079,3.89797859962925));
#6776=CARTESIAN_POINT('Ctrl Pts',(12.6411891072802,219.23405523839,-2.45869571884204));
#6777=CARTESIAN_POINT('Ctrl Pts',(9.91815370183084,219.353327655989,-8.21432184308696));
#6778=CARTESIAN_POINT('Ctrl Pts',(4.7705423942751,219.472600073588,-11.9618878387909));
#6779=CARTESIAN_POINT('Ctrl Pts',(-1.54326598003135,219.591872491188,-12.7852727827091));
#6780=CARTESIAN_POINT('Ctrl Pts',(-7.47981371997413,219.711144908787,-10.4831875658961));
#6781=CARTESIAN_POINT('Ctrl Pts',(-11.5878512496247,219.830417326387,-5.61840841987836));
#6782=CARTESIAN_POINT('Ctrl Pts',(-12.8631583348125,219.949689743986,0.619855246725817));
#6783=CARTESIAN_POINT('Ctrl Pts',(-10.9939252614463,220.068962161585,6.706552123502));
#6784=CARTESIAN_POINT('Ctrl Pts',(-6.43720897265759,220.188234579185,11.1538574169109));
#6785=CARTESIAN_POINT('Ctrl Pts',(-0.306711084945699,220.307506996784,12.874337569727));
#6786=CARTESIAN_POINT('Ctrl Pts',(5.89841931911536,220.426779414384,11.4479440678006));
#6787=CARTESIAN_POINT('Ctrl Pts',(10.662241607623,220.546051831983,7.22222067143922));
#6788=CARTESIAN_POINT('Ctrl Pts',(12.0988942477483,220.625566777049,3.2291995684461));
#6789=CARTESIAN_POINT('Ctrl Pts',(12.295661654324,220.665324249582,1.18153280630961));
#6790=CARTESIAN_POINT('Ctrl Pts',(12.5993013740879,210.334675750418,0.996533344853985));
#6791=CARTESIAN_POINT('Ctrl Pts',(12.7652597637205,210.374433222951,-1.10170027405724));
#6792=CARTESIAN_POINT('Ctrl Pts',(12.0279298690108,210.453948168017,-5.3806182753289));
#6793=CARTESIAN_POINT('Ctrl Pts',(7.97952641772783,210.573220585616,-10.4858166460519));
#6794=CARTESIAN_POINT('Ctrl Pts',(1.98093596063975,210.692493003216,-13.0267707858646));
#6795=CARTESIAN_POINT('Ctrl Pts',(-4.5021939880654,210.811765420815,-12.3836519454026));
#6796=CARTESIAN_POINT('Ctrl Pts',(-9.88460226744851,210.931037838414,-8.71304606186303));
#6797=CARTESIAN_POINT('Ctrl Pts',(-12.8506967374446,211.050310256014,-2.91255810777931));
#6798=CARTESIAN_POINT('Ctrl Pts',(-12.6753038931775,211.169582673613,3.59997327707874));
#6799=CARTESIAN_POINT('Ctrl Pts',(-9.40134070859136,211.288855091213,9.23244038747186));
#6800=CARTESIAN_POINT('Ctrl Pts',(-3.82913550749088,211.408127508812,12.6079705237964));
#6801=CARTESIAN_POINT('Ctrl Pts',(2.67913081100936,211.527399926411,12.9013728466345));
#6802=CARTESIAN_POINT('Ctrl Pts',(8.53246269041254,211.646672344011,10.0409295104494));
#6803=CARTESIAN_POINT('Ctrl Pts',(12.2999625032225,211.76594476161,4.72589647149088));
#6804=CARTESIAN_POINT('Ctrl Pts',(13.0606345424438,211.88521717921,-1.74442076208738));
#6805=CARTESIAN_POINT('Ctrl Pts',(10.6285257638452,212.004489596809,-7.78830006635487));
#6806=CARTESIAN_POINT('Ctrl Pts',(5.59818558213741,212.123762014409,-11.9282645751404));
#6807=CARTESIAN_POINT('Ctrl Pts',(-0.800677629645668,212.243034432008,-13.1522657082769));
#6808=CARTESIAN_POINT('Ctrl Pts',(-7.00380852477448,212.362306849607,-11.1610861411247));
#6809=CARTESIAN_POINT('Ctrl Pts',(-11.494800215803,212.481579267207,-6.44148630453973));
#6810=CARTESIAN_POINT('Ctrl Pts',(-13.175792443638,212.600851684806,-0.147211592624315));
#6811=CARTESIAN_POINT('Ctrl Pts',(-11.6358526902012,212.720124102405,6.18305021431638));
#6812=CARTESIAN_POINT('Ctrl Pts',(-7.25143202627649,212.839396520005,11.0018140027064));
#6813=CARTESIAN_POINT('Ctrl Pts',(-1.09433852844142,212.958668937604,13.1310929082069));
#6814=CARTESIAN_POINT('Ctrl Pts',(5.33027511920166,213.077941355204,12.0503670041502));
#6815=CARTESIAN_POINT('Ctrl Pts',(10.4518587075156,213.197213772803,8.02382872062967));
#6816=CARTESIAN_POINT('Ctrl Pts',(13.0183985567692,213.316486190403,2.03579881065904));
#6817=CARTESIAN_POINT('Ctrl Pts',(12.4024826671428,213.435758608002,-4.44989904059066));
#6818=CARTESIAN_POINT('Ctrl Pts',(8.75467679750216,213.555031025601,-9.84778208286073));
#6819=CARTESIAN_POINT('Ctrl Pts',(2.96671741399737,213.674303443201,-12.8382929381497));
#6820=CARTESIAN_POINT('Ctrl Pts',(-3.54648070133516,213.7935758608,-12.6903763701198));
#6821=CARTESIAN_POINT('Ctrl Pts',(-9.19271213013516,213.912848278399,-9.44019181334347));
#6822=CARTESIAN_POINT('Ctrl Pts',(-12.5917086669706,214.032120695999,-3.88227389893899));
#6823=CARTESIAN_POINT('Ctrl Pts',(-12.91255735524,214.151393113598,2.62469814033632));
#6824=CARTESIAN_POINT('Ctrl Pts',(-10.076824066134,214.270665531198,8.49004090216472));
#6825=CARTESIAN_POINT('Ctrl Pts',(-4.77772737338495,214.389937948797,12.279922594457));
#6826=CARTESIAN_POINT('Ctrl Pts',(1.68932448926078,214.509210366397,13.0678751352403));
#6827=CARTESIAN_POINT('Ctrl Pts',(7.74340693848697,214.628482783996,10.6612769762932));
#6828=CARTESIAN_POINT('Ctrl Pts',(11.9045491967763,214.747755201596,5.64844104171932));
#6829=CARTESIAN_POINT('Ctrl Pts',(13.1555254508022,214.867027619195,-0.745203256530303));
#6830=CARTESIAN_POINT('Ctrl Pts',(11.1905241568907,214.986300036794,-6.9566764244352));
#6831=CARTESIAN_POINT('Ctrl Pts',(6.48990621484178,215.105572454393,-11.4675322150324));
#6832=CARTESIAN_POINT('Ctrl Pts',(0.202776753112174,215.224844871993,-13.1750544351302));
#6833=CARTESIAN_POINT('Ctrl Pts',(-6.13392317143865,215.344117289592,-11.6618250847428));
#6834=CARTESIAN_POINT('Ctrl Pts',(-10.9711345902745,215.463389707192,-7.29776565685212));
#6835=CARTESIAN_POINT('Ctrl Pts',(-13.1263609641442,215.582662124791,-1.14970675358418));
#6836=CARTESIAN_POINT('Ctrl Pts',(-12.0727392912616,215.701934542391,5.27940752220126));
#6837=CARTESIAN_POINT('Ctrl Pts',(-8.06783614748718,215.82120695999,10.4179267456412));
#6838=CARTESIAN_POINT('Ctrl Pts',(-2.09068339591213,215.940479377589,13.0096971801155));
#6839=CARTESIAN_POINT('Ctrl Pts',(4.39755428999284,216.059751795189,12.421138999577));
#6840=CARTESIAN_POINT('Ctrl Pts',(9.81077327631481,216.179024212788,8.79613014347754));
#6841=CARTESIAN_POINT('Ctrl Pts',(12.825667186035,216.298296630387,3.02083415852506));
#6842=CARTESIAN_POINT('Ctrl Pts',(12.7052201424914,216.417569047987,-3.49292984628641));
#6843=CARTESIAN_POINT('Ctrl Pts',(9.47887642665924,216.536841465586,-9.15281811620721));
#6844=CARTESIAN_POINT('Ctrl Pts',(3.93534257791988,216.656113883186,-12.5752239174759));
#6845=CARTESIAN_POINT('Ctrl Pts',(-2.57021847538545,216.775386300785,-12.923511704217));
#6846=CARTESIAN_POINT('Ctrl Pts',(-8.44746825818736,216.894658718385,-10.1125396319206));
#6847=CARTESIAN_POINT('Ctrl Pts',(-12.2596642081463,217.013931135984,-4.82947318904914));
#6848=CARTESIAN_POINT('Ctrl Pts',(-13.0748833375217,217.133203553583,1.63419811848003));
#6849=CARTESIAN_POINT('Ctrl Pts',(-10.6938385538656,217.252475971183,7.6983761121492));
#6850=CARTESIAN_POINT('Ctrl Pts',(-5.69859604628601,217.371748388782,11.880622074685));
#6851=CARTESIAN_POINT('Ctrl Pts',(0.689715632733545,217.491020806382,13.1585512168409));
#6852=CARTESIAN_POINT('Ctrl Pts',(6.90942059227243,217.610293223981,11.2197631373981));
#6853=CARTESIAN_POINT('Ctrl Pts',(11.4400602554716,217.72956564158,6.5382106979974));
#6854=CARTESIAN_POINT('Ctrl Pts',(13.1740820970485,217.84883805918,0.258338306480756));
#6855=CARTESIAN_POINT('Ctrl Pts',(11.6875900642457,217.968110476779,-6.08468703139414));
#6856=CARTESIAN_POINT('Ctrl Pts',(7.34396949058069,218.087382894379,-10.9402600472984));
#6857=CARTESIAN_POINT('Ctrl Pts',(1.205054530233,218.206655311978,-13.1213955567979));
#6858=CARTESIAN_POINT('Ctrl Pts',(-5.22844602649559,218.325927729577,-12.0948968548673));
#6859=CARTESIAN_POINT('Ctrl Pts',(-10.3838094925334,218.445200147177,-8.11170008096916));
#6860=CARTESIAN_POINT('Ctrl Pts',(-13.0007644148099,218.564472564776,-2.14553079713221));
#6861=CARTESIAN_POINT('Ctrl Pts',(-12.4395744127334,218.683744982376,4.3451313263086));
#6862=CARTESIAN_POINT('Ctrl Pts',(-8.83742704100767,218.803017399975,9.77358997483407));
#6863=CARTESIAN_POINT('Ctrl Pts',(-3.07489717928336,218.922289817574,12.8128133235666));
#6864=CARTESIAN_POINT('Ctrl Pts',(3.43931687565728,219.041562235174,12.7198379319636));
#6865=CARTESIAN_POINT('Ctrl Pts',(9.11276129257795,219.160834652773,9.51739247172235));
#6866=CARTESIAN_POINT('Ctrl Pts',(12.5585155482074,219.280107070373,3.98834121808929));
#6867=CARTESIAN_POINT('Ctrl Pts',(12.9342361107427,219.399379487972,-2.51569300024634));
#6868=CARTESIAN_POINT('Ctrl Pts',(10.1480755230722,219.518651905572,-8.40474557468091));
#6869=CARTESIAN_POINT('Ctrl Pts',(4.88113271466893,219.637924323171,-12.239187336264));
#6870=CARTESIAN_POINT('Ctrl Pts',(-1.57904184471905,219.75719674077,-13.0816599220539));
#6871=CARTESIAN_POINT('Ctrl Pts',(-7.65321014482736,219.87646915837,-10.7262079555801));
#6872=CARTESIAN_POINT('Ctrl Pts',(-11.8564798617317,219.995741575969,-5.74865390056068));
#6873=CARTESIAN_POINT('Ctrl Pts',(-13.1613510106035,220.115013993569,0.634224679940672));
#6874=CARTESIAN_POINT('Ctrl Pts',(-11.2487855302719,220.234286411168,6.8620228617908));
#6875=CARTESIAN_POINT('Ctrl Pts',(-6.58643582023421,220.353558828767,11.4124252197762));
#6876=CARTESIAN_POINT('Ctrl Pts',(-0.313821236024792,220.472831246367,13.1727894016199));
#6877=CARTESIAN_POINT('Ctrl Pts',(6.03515598937342,220.592103663966,11.7133293631557));
#6878=CARTESIAN_POINT('Ctrl Pts',(10.9094128133371,220.711376081565,7.38964559548305));
#6879=CARTESIAN_POINT('Ctrl Pts',(12.379369816496,220.790891026632,3.30405860655436));
#6880=CARTESIAN_POINT('Ctrl Pts',(12.5806986688651,220.830648499165,1.20892300239348));
#6881=CARTESIAN_POINT('Ctrl Pts',(12.8847598643911,210.5,1.01911149388881));
#6882=CARTESIAN_POINT('Ctrl Pts',(13.0544783221378,210.539757472533,-1.12666115781272));
#6883=CARTESIAN_POINT('Ctrl Pts',(12.3004429711215,210.619272417599,-5.50252528621538));
#6884=CARTESIAN_POINT('Ctrl Pts',(8.16031608986183,210.738544835199,-10.7233905638831));
#6885=CARTESIAN_POINT('Ctrl Pts',(2.0258174165175,210.857817252798,-13.3219143189581));
#6886=CARTESIAN_POINT('Ctrl Pts',(-4.60419881045407,210.977089670398,-12.664224533026));
#6887=CARTESIAN_POINT('Ctrl Pts',(-10.1085546562941,211.096362087997,-8.91045486263008));
#6888=CARTESIAN_POINT('Ctrl Pts',(-13.1418510150587,211.215634505596,-2.97854703967969));
#6889=CARTESIAN_POINT('Ctrl Pts',(-12.9624843491448,211.334906923196,3.68153676272724));
#6890=CARTESIAN_POINT('Ctrl Pts',(-9.61434398915575,211.454179340795,9.44161694548655));
#6891=CARTESIAN_POINT('Ctrl Pts',(-3.9158910512056,211.573451758395,12.8936254283542));
#6892=CARTESIAN_POINT('Ctrl Pts',(2.73983105254881,211.692724175994,13.1936752772448));
#6893=CARTESIAN_POINT('Ctrl Pts',(8.72578006935726,211.811996593593,10.2684237574866));
#6894=CARTESIAN_POINT('Ctrl Pts',(12.578638964933,211.931269011193,4.83296965214004));
#6895=CARTESIAN_POINT('Ctrl Pts',(13.3565453162391,212.050541428792,-1.78394356596467));
#6896=CARTESIAN_POINT('Ctrl Pts',(10.8693329981999,212.169813846391,-7.96475718194876));
#6897=CARTESIAN_POINT('Ctrl Pts',(5.72502194847757,212.289086263991,-12.1985195913875));
#6898=CARTESIAN_POINT('Ctrl Pts',(-0.818818336069927,212.40835868159,-13.4502525411716));
#6899=CARTESIAN_POINT('Ctrl Pts',(-7.16249165715563,212.52763109919,-11.4139594319043));
#6900=CARTESIAN_POINT('Ctrl Pts',(-11.7552343635795,212.646903516789,-6.58742907558767));
#6901=CARTESIAN_POINT('Ctrl Pts',(-13.4743123145289,212.766175934389,-0.150546920333219));
#6902=CARTESIAN_POINT('Ctrl Pts',(-11.8994826204421,212.885448351988,6.32313767847352));
#6903=CARTESIAN_POINT('Ctrl Pts',(-7.41572548805638,213.004720769587,11.251078713706));
#6904=CARTESIAN_POINT('Ctrl Pts',(-1.1191326193941,213.123993187187,13.4286000354922));
#6905=CARTESIAN_POINT('Ctrl Pts',(5.45104152070682,213.243265604786,12.3233884575205));
#6906=CARTESIAN_POINT('Ctrl Pts',(10.6886632507933,213.362538022386,8.2056221363942));
#6907=CARTESIAN_POINT('Ctrl Pts',(13.313352402847,213.481810439985,2.08192327723041));
#6908=CARTESIAN_POINT('Ctrl Pts',(12.6834818966283,213.601082857584,-4.55071903246266));
#6909=CARTESIAN_POINT('Ctrl Pts',(8.95302881302318,213.720355275184,-10.0709002481258));
#6910=CARTESIAN_POINT('Ctrl Pts',(3.03393341661618,213.839627692783,-13.1291661867039));
#6911=CARTESIAN_POINT('Ctrl Pts',(-3.62683222217222,213.958900110383,-12.9778983185545));
#6912=CARTESIAN_POINT('Ctrl Pts',(-9.40098857726077,214.078172527982,-9.65407533142103));
#6913=CARTESIAN_POINT('Ctrl Pts',(-12.8769951316474,214.197444945581,-3.97023338282067));
#6914=CARTESIAN_POINT('Ctrl Pts',(-13.2051131898167,214.316717363181,2.68416511762308));
#6915=CARTESIAN_POINT('Ctrl Pts',(-10.3051315650629,214.43598978078,8.68239714372018));
#6916=CARTESIAN_POINT('Ctrl Pts',(-4.88597487081298,214.55526219838,12.5581450181274));
#6917=CARTESIAN_POINT('Ctrl Pts',(1.72759899385579,214.674534615979,13.3639499569163));
#6918=CARTESIAN_POINT('Ctrl Pts',(7.91884692431106,214.793807033578,10.90282624478));
#6919=CARTESIAN_POINT('Ctrl Pts',(12.1742669010008,214.913079451178,5.77641603052717));
#6920=CARTESIAN_POINT('Ctrl Pts',(13.4535861386792,215.032351868777,-0.762087097170514));
#6921=CARTESIAN_POINT('Ctrl Pts',(11.4440644157258,215.151624286377,-7.11429169933695));
#6922=CARTESIAN_POINT('Ctrl Pts',(6.63694602088277,215.270896703976,-11.7273485601147));
#6923=CARTESIAN_POINT('Ctrl Pts',(0.207371003546659,215.390169121576,-13.4735575851897));
#6924=CARTESIAN_POINT('Ctrl Pts',(-6.27289757931777,215.509441539175,-11.9260434635266));
#6925=CARTESIAN_POINT('Ctrl Pts',(-11.2197042072767,215.628713956774,-7.46310888542793));
#6926=CARTESIAN_POINT('Ctrl Pts',(-13.4237608812305,215.747986374374,-1.175755305359));
#6927=CARTESIAN_POINT('Ctrl Pts',(-12.3462676266497,215.867258791973,5.3990214322298));
#6928=CARTESIAN_POINT('Ctrl Pts',(-8.25062662596653,215.986531209572,10.6539625029107));
#6929=CARTESIAN_POINT('Ctrl Pts',(-2.13805136562562,216.105803627172,13.3044538817826));
#6930=CARTESIAN_POINT('Ctrl Pts',(4.49718832297416,216.225076044771,12.7025609198398));
#6931=CARTESIAN_POINT('Ctrl Pts',(10.0330529444497,216.344348462371,8.99542135468957));
#6932=CARTESIAN_POINT('Ctrl Pts',(13.1162543768126,216.46362087997,3.0892762675552));
#6933=CARTESIAN_POINT('Ctrl Pts',(12.9930784017044,216.58289329757,-3.57206808189576));
#6934=CARTESIAN_POINT('Ctrl Pts',(9.69363641010478,216.702165715169,-9.36019069694771));
#6935=CARTESIAN_POINT('Ctrl Pts',(4.02450442251463,216.821438132768,-12.8601368922611));
#6936=CARTESIAN_POINT('Ctrl Pts',(-2.62845112368464,216.940710550368,-13.2163157281043));
#6937=CARTESIAN_POINT('Ctrl Pts',(-8.63885994446176,217.059982967967,-10.3416563274221));
#6938=CARTESIAN_POINT('Ctrl Pts',(-12.5374276437982,217.179255385567,-4.93889307548355));
#6939=CARTESIAN_POINT('Ctrl Pts',(-13.3711169418781,217.298527803166,1.67122364187269));
#6940=CARTESIAN_POINT('Ctrl Pts',(-10.9361255599856,217.417800220765,7.87279584841169));
#6941=CARTESIAN_POINT('Ctrl Pts',(-5.82770738158322,217.537072638365,12.1497976694744));
#6942=CARTESIAN_POINT('Ctrl Pts',(0.705342307373096,217.656345055964,13.456680458567));
#6943=CARTESIAN_POINT('Ctrl Pts',(7.06596520634096,217.775617473563,11.4739658548081));
#6944=CARTESIAN_POINT('Ctrl Pts',(11.6992541768282,217.894889891163,6.68634492383415));
#6945=CARTESIAN_POINT('Ctrl Pts',(13.4725632171437,218.014162308762,0.264191397915428));
#6946=CARTESIAN_POINT('Ctrl Pts',(11.9523921922338,218.133434726362,-6.22254591121434));
#6947=CARTESIAN_POINT('Ctrl Pts',(7.51035954518525,218.252707143961,-11.1881301492906));
#6948=CARTESIAN_POINT('Ctrl Pts',(1.23235707953473,218.371979561561,-13.4186829741795));
#6949=CARTESIAN_POINT('Ctrl Pts',(-5.34690531761347,218.49125197916,-12.3689272073488));
#6950=CARTESIAN_POINT('Ctrl Pts',(-10.6190722657083,218.610524396759,-8.29548437107812));
#6951=CARTESIAN_POINT('Ctrl Pts',(-13.2953187295651,218.729796814359,-2.19414142752065));
#6952=CARTESIAN_POINT('Ctrl Pts',(-12.7214140184734,218.849069231958,4.44357762834944));
#6953=CARTESIAN_POINT('Ctrl Pts',(-9.03765390330646,218.968341649558,9.99502719236075));
#6954=CARTESIAN_POINT('Ctrl Pts',(-3.14456417752193,219.087614067157,13.1031092883416));
#6955=CARTESIAN_POINT('Ctrl Pts',(3.51724041870534,219.206886484756,13.00802738193));
#6956=CARTESIAN_POINT('Ctrl Pts',(9.31922631820408,219.326158902356,9.73302510133689));
#6957=CARTESIAN_POINT('Ctrl Pts',(12.8430499666167,219.445431319955,4.07870383654932));
#6958=CARTESIAN_POINT('Ctrl Pts',(13.2272831142052,219.564703737554,-2.57269028165064));
#6959=CARTESIAN_POINT('Ctrl Pts',(10.3779973443135,219.683976155154,-8.59516930627486));
#6960=CARTESIAN_POINT('Ctrl Pts',(4.99172303506277,219.803248572753,-12.5164868337372));
#6961=CARTESIAN_POINT('Ctrl Pts',(-1.61481770940675,219.922520990353,-13.3780470613987));
#6962=CARTESIAN_POINT('Ctrl Pts',(-7.82660656968059,220.041793407952,-10.9692283452642));
#6963=CARTESIAN_POINT('Ctrl Pts',(-12.1251084738388,220.161065825552,-5.878899381243));
#6964=CARTESIAN_POINT('Ctrl Pts',(-13.4595436863946,220.280338243151,0.648594113155531));
#6965=CARTESIAN_POINT('Ctrl Pts',(-11.5036457990976,220.39961066075,7.01749360007959));
#6966=CARTESIAN_POINT('Ctrl Pts',(-6.73566266781081,220.51888307835,11.6709930226414));
#6967=CARTESIAN_POINT('Ctrl Pts',(-0.320931387103886,220.638155495949,13.4712412335129));
#6968=CARTESIAN_POINT('Ctrl Pts',(6.17189265963148,220.757427913548,11.9787146585108));
#6969=CARTESIAN_POINT('Ctrl Pts',(11.1565840190513,220.876700331148,7.55707051952689));
#6970=CARTESIAN_POINT('Ctrl Pts',(12.6598453852438,220.956215276214,3.37891764466262));
#6971=CARTESIAN_POINT('Ctrl Pts',(12.8657356834062,220.995972748747,1.23631319847736));
#6972=CARTESIAN_POINT('',(-7.32495637519208,220.5,10.6489736172804));
#6973=CARTESIAN_POINT('',(10.7891531996232,220.5,5.75675212793258));
#6974=CARTESIAN_POINT('Ctrl Pts',(-7.32501369184074,220.5,10.6495703826239));
#6975=CARTESIAN_POINT('Ctrl Pts',(-7.07190734412756,220.5,10.8123468510603));
#6976=CARTESIAN_POINT('Ctrl Pts',(-6.81340775195445,220.5,10.9660356384901));
#6977=CARTESIAN_POINT('Ctrl Pts',(-6.54991312122382,220.5,11.1102608338154));
#6978=CARTESIAN_POINT('Ctrl Pts',(-6.51498117785712,220.5,11.1293810198365));
#6979=CARTESIAN_POINT('Ctrl Pts',(-6.4799614051006,220.5,11.148334817355));
#6980=CARTESIAN_POINT('Ctrl Pts',(-6.44485469522976,220.5,11.1671212912977));
#6981=CARTESIAN_POINT('Ctrl Pts',(-6.17962522819572,220.5,11.3090521782881));
#6982=CARTESIAN_POINT('Ctrl Pts',(-5.90943532620196,220.5,11.4414366665285));
#6983=CARTESIAN_POINT('Ctrl Pts',(-5.63484152513962,220.5,11.5641633055761));
#6984=CARTESIAN_POINT('Ctrl Pts',(-5.36002118397152,220.5,11.6869911941992));
#6985=CARTESIAN_POINT('Ctrl Pts',(-5.08078906200283,220.5,11.8001454323334));
#6986=CARTESIAN_POINT('Ctrl Pts',(-4.79768773412094,220.5,11.9034644254399));
#6987=CARTESIAN_POINT('Ctrl Pts',(-4.70036549537704,220.5,11.9389825764466));
#6988=CARTESIAN_POINT('Ctrl Pts',(-4.60258590664961,220.5,11.9733379653237));
#6989=CARTESIAN_POINT('Ctrl Pts',(-4.50437079375772,220.5,12.0065226200909));
#6990=CARTESIAN_POINT('Ctrl Pts',(-4.44517541324112,220.5,12.0265233939883));
#6991=CARTESIAN_POINT('Ctrl Pts',(-4.38582182224525,220.5,12.0460988715945));
#6992=CARTESIAN_POINT('Ctrl Pts',(-4.32631479110038,220.5,12.0652471785743));
#6993=CARTESIAN_POINT('Ctrl Pts',(-4.29089545034933,220.5,12.0766444940961));
#6994=CARTESIAN_POINT('Ctrl Pts',(-4.25542260177174,220.5,12.0878901563162));
#6995=CARTESIAN_POINT('Ctrl Pts',(-4.21990986121872,220.5,12.0989799594045));
#6996=CARTESIAN_POINT('Ctrl Pts',(-3.93398809809296,220.5,12.1882666774202));
#6997=CARTESIAN_POINT('Ctrl Pts',(-3.64526696477049,220.5,12.2675239448497));
#6998=CARTESIAN_POINT('Ctrl Pts',(-3.35429548917971,220.5,12.3366486594417));
#6999=CARTESIAN_POINT('Ctrl Pts',(-3.06362568910331,220.5,12.4057017064113));
#7000=CARTESIAN_POINT('Ctrl Pts',(-2.77070960052037,220.5,12.4646433120618));
#7001=CARTESIAN_POINT('Ctrl Pts',(-2.4760833519297,220.5,12.5133202518658));
#7002=CARTESIAN_POINT('Ctrl Pts',(-2.18349837977644,220.5,12.5616599403531));
#7003=CARTESIAN_POINT('Ctrl Pts',(-1.88922627324831,220.5,12.5998767717301));
#7004=CARTESIAN_POINT('Ctrl Pts',(-1.59379000239286,220.5,12.6277696561183));
#7005=CARTESIAN_POINT('Ctrl Pts',(-1.4864961124859,220.5,12.6378995432106));
#7006=CARTESIAN_POINT('Ctrl Pts',(-1.37904870048695,220.5,12.6466672774978));
#7007=CARTESIAN_POINT('Ctrl Pts',(-1.27147297897475,220.5,12.6540615157047));
#7008=CARTESIAN_POINT('Ctrl Pts',(-1.19486267963039,220.5,12.6593273395773));
#7009=CARTESIAN_POINT('Ctrl Pts',(-1.11818730899861,220.5,12.6638965608139));
#7010=CARTESIAN_POINT('Ctrl Pts',(-1.0414560244944,220.5,12.6677647949164));
#7011=CARTESIAN_POINT('Ctrl Pts',(-1.00887157826736,220.5,12.6694074660501));
#7012=CARTESIAN_POINT('Ctrl Pts',(-0.976281991851365,220.5,12.6709234536522));
#7013=CARTESIAN_POINT('Ctrl Pts',(-0.943695709188776,220.5,12.6723122549114));
#7014=CARTESIAN_POINT('Ctrl Pts',(-0.729762559045943,220.5,12.6814299143694));
#7015=CARTESIAN_POINT('Ctrl Pts',(-0.51587028105696,220.5,12.6850720543711));
#7016=CARTESIAN_POINT('Ctrl Pts',(-0.302215197126874,220.5,12.6832003925191));
#7017=CARTESIAN_POINT('Ctrl Pts',(-0.00725670766943937,220.5,12.6806164963512));
#7018=CARTESIAN_POINT('Ctrl Pts',(0.287249917236243,220.5,12.6675262070453));
#7019=CARTESIAN_POINT('Ctrl Pts',(0.580784115179861,220.5,12.644140961149));
#7020=CARTESIAN_POINT('Ctrl Pts',(0.876298863956605,220.5,12.6205979289758));
#7021=CARTESIAN_POINT('Ctrl Pts',(1.17082862251445,220.5,12.5866204161595));
#7022=CARTESIAN_POINT('Ctrl Pts',(1.46383847063733,220.5,12.5423711914975));
#7023=CARTESIAN_POINT('Ctrl Pts',(1.75687864897086,220.5,12.4981173864834));
#7024=CARTESIAN_POINT('Ctrl Pts',(2.04839920443469,220.5,12.4435895644685));
#7025=CARTESIAN_POINT('Ctrl Pts',(2.33785225351121,220.5,12.3789001423325));
#7026=CARTESIAN_POINT('Ctrl Pts',(2.63250963186541,220.5,12.3130476125539));
#7027=CARTESIAN_POINT('Ctrl Pts',(2.92502519970516,220.5,12.2366647584323));
#7028=CARTESIAN_POINT('Ctrl Pts',(3.21479769158604,220.5,12.1498193170766));
#7029=CARTESIAN_POINT('Ctrl Pts',(3.32346237604137,220.5,12.1172522765681));
#7030=CARTESIAN_POINT('Ctrl Pts',(3.43174102840301,220.5,12.083213432067));
#7031=CARTESIAN_POINT('Ctrl Pts',(3.53960079854071,220.5,12.0477045753109));
#7032=CARTESIAN_POINT('Ctrl Pts',(3.61977993834654,220.5,12.0213085465918));
#7033=CARTESIAN_POINT('Ctrl Pts',(3.69972759440841,220.5,11.9941001824316));
#7034=CARTESIAN_POINT('Ctrl Pts',(3.77943001162723,220.5,11.9660798810839));
#7035=CARTESIAN_POINT('Ctrl Pts',(3.80767036273063,220.5,11.9561516608907));
#7036=CARTESIAN_POINT('Ctrl Pts',(3.8358792666437,220.5,11.9461217016167));
#7037=CARTESIAN_POINT('Ctrl Pts',(3.8640437094787,220.5,11.9359945846676));
#7038=CARTESIAN_POINT('Ctrl Pts',(4.14123315572516,220.5,11.8363252975578));
#7039=CARTESIAN_POINT('Ctrl Pts',(4.41443289585579,220.5,11.7271390181186));
#7040=CARTESIAN_POINT('Ctrl Pts',(4.68313217704061,220.5,11.6086114752151));
#7041=CARTESIAN_POINT('Ctrl Pts',(4.95136918774383,220.5,11.4902878472015));
#7042=CARTESIAN_POINT('Ctrl Pts',(5.21512179010379,220.5,11.3626548609844));
#7043=CARTESIAN_POINT('Ctrl Pts',(5.47386485084485,220.5,11.2258385056162));
#7044=CARTESIAN_POINT('Ctrl Pts',(5.55517516048591,220.5,11.1828438058275));
#7045=CARTESIAN_POINT('Ctrl Pts',(5.6359905976954,220.5,11.1389418631722));
#7046=CARTESIAN_POINT('Ctrl Pts',(5.71629437799014,220.5,11.0941356386445));
#7047=CARTESIAN_POINT('Ctrl Pts',(5.97257707274286,220.5,10.9511403783778));
#7048=CARTESIAN_POINT('Ctrl Pts',(6.22365084754686,220.5,10.7989380447369));
#7049=CARTESIAN_POINT('Ctrl Pts',(6.46911554304772,220.5,10.6379220865591));
#7050=CARTESIAN_POINT('Ctrl Pts',(6.71433623841644,220.5,10.4770661836388));
#7051=CARTESIAN_POINT('Ctrl Pts',(6.95395944421201,220.5,10.3074137177573));
#7052=CARTESIAN_POINT('Ctrl Pts',(7.18755108141554,220.5,10.1293187615554));
#7053=CARTESIAN_POINT('Ctrl Pts',(7.33423704867699,220.5,10.017482433733));
#7054=CARTESIAN_POINT('Ctrl Pts',(7.4785438509627,220.5,9.90231622159571));
#7055=CARTESIAN_POINT('Ctrl Pts',(7.62035571136961,220.5,9.78390129252359));
#7056=CARTESIAN_POINT('Ctrl Pts',(7.68257809871229,220.5,9.7319447103115));
#7057=CARTESIAN_POINT('Ctrl Pts',(7.74432007989796,220.5,9.67936263636129));
#7058=CARTESIAN_POINT('Ctrl Pts',(7.80557144554546,220.5,9.62616166102451));
#7059=CARTESIAN_POINT('Ctrl Pts',(7.84213253543646,220.5,9.59440586879008));
#7060=CARTESIAN_POINT('Ctrl Pts',(7.87851881753557,220.5,9.56242956364184));
#7061=CARTESIAN_POINT('Ctrl Pts',(7.914728073722,220.5,9.53023412185498));
#7062=CARTESIAN_POINT('Ctrl Pts',(7.94276993198104,220.5,9.50530071779591));
#7063=CARTESIAN_POINT('Ctrl Pts',(7.97070779868134,220.5,9.4802338466294));
#7064=CARTESIAN_POINT('Ctrl Pts',(7.99852249838615,220.5,9.45505074488742));
#7065=CARTESIAN_POINT('Ctrl Pts',(8.21480131183809,220.5,9.25923445272532));
#7066=CARTESIAN_POINT('Ctrl Pts',(8.42386186233158,220.5,9.05619554064378));
#7067=CARTESIAN_POINT('Ctrl Pts',(8.62534762354385,220.5,8.84635372790422));
#7068=CARTESIAN_POINT('Ctrl Pts',(8.82704070572376,220.5,8.63629599614681));
#7069=CARTESIAN_POINT('Ctrl Pts',(9.02114383878603,220.5,8.41942090075592));
#7070=CARTESIAN_POINT('Ctrl Pts',(9.20726473460235,220.5,8.19611031901863));
#7071=CARTESIAN_POINT('Ctrl Pts',(9.39178315086811,220.5,7.97472241575915));
#7072=CARTESIAN_POINT('Ctrl Pts',(9.56845655289263,220.5,7.74700888424361));
#7073=CARTESIAN_POINT('Ctrl Pts',(9.7368627861353,220.5,7.51331045705448));
#7074=CARTESIAN_POINT('Ctrl Pts',(9.88486305251657,220.5,7.30792952304216));
#7075=CARTESIAN_POINT('Ctrl Pts',(10.0264778496115,220.5,7.09792557534104));
#7076=CARTESIAN_POINT('Ctrl Pts',(10.1613914444525,220.5,6.88351392194257));
#7077=CARTESIAN_POINT('Ctrl Pts',(10.3160534734836,220.5,6.63771703689491));
#7078=CARTESIAN_POINT('Ctrl Pts',(10.4619098450183,220.5,6.38612734148304));
#7079=CARTESIAN_POINT('Ctrl Pts',(10.5987447547411,220.5,6.12925265027958));
#7080=CARTESIAN_POINT('Ctrl Pts',(10.664220281447,220.5,6.00633806848152));
#7081=CARTESIAN_POINT('Ctrl Pts',(10.7276294946378,220.5,5.88221322576751));
#7082=CARTESIAN_POINT('Ctrl Pts',(10.7889445906615,220.5,5.75693298787509));
#7083=CARTESIAN_POINT('Ctrl Pts',(-12.9258696981201,220.268843152848,0.000206968254614485));
#7084=CARTESIAN_POINT('Ctrl Pts',(-12.926025991611,220.272674849616,0.207612030924051));
#7085=CARTESIAN_POINT('Ctrl Pts',(-12.9211372639154,220.276506546383,0.415009662878341));
#7086=CARTESIAN_POINT('Ctrl Pts',(-12.9111548364191,220.280338243151,0.622161778576453));
#7087=CARTESIAN_POINT('Ctrl Pts',(-12.8075777239623,220.320095715684,2.77156060879686));
#7088=CARTESIAN_POINT('Ctrl Pts',(-12.1556117615299,220.359853188217,4.89452710443822));
#7089=CARTESIAN_POINT('Ctrl Pts',(-11.0349649250993,220.39961066075,6.73159358935252));
#7090=CARTESIAN_POINT('Ctrl Pts',(-10.0917376668128,220.433073773834,8.27781772306338));
#7091=CARTESIAN_POINT('Ctrl Pts',(-8.81648419088772,220.466536886917,9.6215025502846));
#7092=CARTESIAN_POINT('Ctrl Pts',(-7.3250136918402,220.5,10.6495703826242));
#7093=CARTESIAN_POINT('Ctrl Pts',(10.7889445906615,220.5,5.75693298787509));
#7094=CARTESIAN_POINT('Ctrl Pts',(10.8078332291481,220.5,5.71833934166834));
#7095=CARTESIAN_POINT('Ctrl Pts',(10.8265255736033,220.5,5.67963075997359));
#7096=CARTESIAN_POINT('Ctrl Pts',(10.8450066555765,220.5,5.64083882710099));
#7097=CARTESIAN_POINT('Ctrl Pts',(10.9683712405471,220.5,5.38189561663431));
#7098=CARTESIAN_POINT('Ctrl Pts',(11.0824305292432,220.5,5.11903347147591));
#7099=CARTESIAN_POINT('Ctrl Pts',(11.187094728808,220.5,4.85278965932081));
#7100=CARTESIAN_POINT('Ctrl Pts',(11.2925246100869,220.5,4.58459811318128));
#7101=CARTESIAN_POINT('Ctrl Pts',(11.3884216487599,220.5,4.31297466003084));
#7102=CARTESIAN_POINT('Ctrl Pts',(11.4746467168913,220.5,4.03844518791396));
#7103=CARTESIAN_POINT('Ctrl Pts',(11.5607455660365,220.5,3.76431758073524));
#7104=CARTESIAN_POINT('Ctrl Pts',(11.6372008899508,220.5,3.48729185145959));
#7105=CARTESIAN_POINT('Ctrl Pts',(11.7038245266222,220.5,3.20787743624565));
#7106=CARTESIAN_POINT('Ctrl Pts',(11.7699683155835,220.5,2.93047546547354));
#7107=CARTESIAN_POINT('Ctrl Pts',(11.8264216347363,220.5,2.65071850814798));
#7108=CARTESIAN_POINT('Ctrl Pts',(11.8729495683691,220.5,2.36909999918084));
#7109=CARTESIAN_POINT('Ctrl Pts',(11.9186745526992,220.5,2.09234148221784));
#7110=CARTESIAN_POINT('Ctrl Pts',(11.9548137847375,220.5,1.81378458183491));
#7111=CARTESIAN_POINT('Ctrl Pts',(11.9810943073891,220.5,1.53390091626565));
#7112=CARTESIAN_POINT('Ctrl Pts',(11.9929564975724,220.5,1.40757035145135));
#7113=CARTESIAN_POINT('Ctrl Pts',(12.0028094567634,220.5,1.28096957315458));
#7114=CARTESIAN_POINT('Ctrl Pts',(12.010624639783,220.5,1.15414261022574));
#7115=CARTESIAN_POINT('Origin',(-2.3725498440743E-15,220.5,-5.20589894906585E-16));
#7116=CARTESIAN_POINT('Origin',(0.,220.5,0.));
#7117=CARTESIAN_POINT('Origin',(0.,28.5,0.));
#7118=CARTESIAN_POINT('Origin',(0.,220.5,0.));
#7119=CARTESIAN_POINT('Origin',(0.,220.5,0.));
#7120=CARTESIAN_POINT('',(-12.229,220.5,1.4976205706773E-15));
#7121=CARTESIAN_POINT('Origin',(0.,220.5,0.));
#7122=CARTESIAN_POINT('Origin',(0.,220.5,0.));
#7123=CARTESIAN_POINT('',(-12.229,220.5,1.4976205706773E-15));
#7124=CARTESIAN_POINT('Origin',(0.,220.5,0.));
#7125=CARTESIAN_POINT('Origin',(0.,195.5,0.));
#7126=CARTESIAN_POINT('',(-12.98702,209.5,1.59045124734627E-15));
#7127=CARTESIAN_POINT('',(-12.98702,195.5,1.59045124734627E-15));
#7128=CARTESIAN_POINT('Origin',(0.,209.5,0.));
#7129=CARTESIAN_POINT('Origin',(0.,209.5,0.));
#7130=CARTESIAN_POINT('Origin',(0.,0.,0.));
#7131=CARTESIAN_POINT('',(-6.65,0.,8.1439012143299E-16));
#7132=UNCERTAINTY_MEASURE_WITH_UNIT(LENGTH_MEASURE(0.01),#7136,
'DISTANCE_ACCURACY_VALUE',
'Maximum model space distance between geometric entities at asserted c
onnectivities');
#7133=UNCERTAINTY_MEASURE_WITH_UNIT(LENGTH_MEASURE(0.01),#7136,
'DISTANCE_ACCURACY_VALUE',
'Maximum model space distance between geometric entities at asserted c
onnectivities');
#7134=(
GEOMETRIC_REPRESENTATION_CONTEXT(3)
GLOBAL_UNCERTAINTY_ASSIGNED_CONTEXT((#7132))
GLOBAL_UNIT_ASSIGNED_CONTEXT((#7136,#7138,#7139))
REPRESENTATION_CONTEXT('','3D')
);
#7135=(
GEOMETRIC_REPRESENTATION_CONTEXT(3)
GLOBAL_UNCERTAINTY_ASSIGNED_CONTEXT((#7133))
GLOBAL_UNIT_ASSIGNED_CONTEXT((#7136,#7138,#7139))
REPRESENTATION_CONTEXT('','3D')
);
#7136=(
LENGTH_UNIT()
NAMED_UNIT(*)
SI_UNIT(.MILLI.,.METRE.)
);
#7137=(
LENGTH_UNIT()
NAMED_UNIT(*)
SI_UNIT($,.METRE.)
);
#7138=(
NAMED_UNIT(*)
PLANE_ANGLE_UNIT()
SI_UNIT($,.RADIAN.)
);
#7139=(
NAMED_UNIT(*)
SI_UNIT($,.STERADIAN.)
SOLID_ANGLE_UNIT()
);
#7140=SHAPE_DEFINITION_REPRESENTATION(#7141,#7142);
#7141=PRODUCT_DEFINITION_SHAPE('',$,#7144);
#7142=SHAPE_REPRESENTATION('',(#1232),#7134);
#7143=PRODUCT_DEFINITION_CONTEXT('part definition',#7148,'design');
#7144=PRODUCT_DEFINITION('2026-08-08-15-09-23-529','Modified Stem',#7145,
#7143);
#7145=PRODUCT_DEFINITION_FORMATION('',$,#7150);
#7146=PRODUCT_RELATED_PRODUCT_CATEGORY('Modified Stem','Modified Stem',
(#7150));
#7147=APPLICATION_PROTOCOL_DEFINITION('international standard',
'automotive_design',2009,#7148);
#7148=APPLICATION_CONTEXT(
'Core Data for Automotive Mechanical Design Process');
#7149=PRODUCT_CONTEXT('part definition',#7148,'mechanical');
#7150=PRODUCT('2026-08-08-15-09-23-529','Modified Stem',$,(#7149));
#7151=PRESENTATION_STYLE_ASSIGNMENT((#7153));
#7152=PRESENTATION_STYLE_ASSIGNMENT((#7154));
#7153=SURFACE_STYLE_USAGE(.BOTH.,#7155);
#7154=SURFACE_STYLE_USAGE(.BOTH.,#7156);
#7155=SURFACE_SIDE_STYLE('',(#7157));
#7156=SURFACE_SIDE_STYLE('',(#7158));
#7157=SURFACE_STYLE_FILL_AREA(#7159);
#7158=SURFACE_STYLE_FILL_AREA(#7160);
#7159=FILL_AREA_STYLE('Steel - Satin',(#7161));
#7160=FILL_AREA_STYLE('Aluminum - Satin',(#7162));
#7161=FILL_AREA_STYLE_COLOUR('Steel - Satin',#7163);
#7162=FILL_AREA_STYLE_COLOUR('Aluminum - Satin',#7164);
#7163=COLOUR_RGB('Steel - Satin',0.627450980392157,0.627450980392157,0.627450980392157);
#7164=COLOUR_RGB('Aluminum - Satin',0.96078431372549,0.96078431372549,0.964705882352941);
ENDSEC;
END-ISO-10303-21;
